[0.000000] (-) TimerEvent: {}
[0.000080] (sentinel_publisher) JobQueued: {'identifier': 'sentinel_publisher', 'dependencies': OrderedDict()}
[0.000097] (serial) JobQueued: {'identifier': 'serial', 'dependencies': OrderedDict()}
[0.000106] (diffdrive_arduino) JobQueued: {'identifier': 'diffdrive_arduino', 'dependencies': OrderedDict({'serial': '/home/kiki/sentinel_ws/install/serial'})}
[0.000494] (serial) JobStarted: {'identifier': 'serial'}
[0.004619] (sentinel_publisher) JobStarted: {'identifier': 'sentinel_publisher'}
[0.006820] (serial) JobProgress: {'identifier': 'serial', 'progress': 'cmake'}
[0.007108] (serial) Command: {'cmd': ['/usr/bin/cmake', '/home/kiki/sentinel_ws/src/serial', '-DAMENT_CMAKE_SYMLINK_INSTALL=1', '-DCMAKE_INSTALL_PREFIX=/home/kiki/sentinel_ws/install/serial'], 'cwd': '/home/kiki/sentinel_ws/build/serial', 'env': OrderedDict({'XDG_ACTIVATION_TOKEN': 'gnome-shell/Terminator/2300-3-kiki-Legion-5-15IRX10_TIME1949117', 'GJS_DEBUG_TOPICS': 'JS ERROR;JS LOG', 'LANGUAGE': 'en_US', 'USER': 'kiki', 'GZ_SIM_RESOURCE_PATH': '/opt/ros/jazzy/share', 'GZ_CONFIG_PATH': '/opt/ros/jazzy/opt/gz_sim_vendor/share/gz:/opt/ros/jazzy/opt/sdformat_vendor/share/gz:/opt/ros/jazzy/opt/gz_gui_vendor/share/gz:/opt/ros/jazzy/opt/gz_transport_vendor/share/gz:/opt/ros/jazzy/opt/gz_rendering_vendor/share/gz:/opt/ros/jazzy/opt/gz_plugin_vendor/share/gz:/opt/ros/jazzy/opt/gz_fuel_tools_vendor/share/gz:/opt/ros/jazzy/opt/gz_msgs_vendor/share/gz:/opt/ros/jazzy/opt/gz_common_vendor/share/gz', 'XDG_SESSION_TYPE': 'x11', 'CLUTTER_DISABLE_MIPMAPPED_TEXT': '1', 'SHLVL': '1', 'LD_LIBRARY_PATH': '/opt/ros/jazzy/opt/gz_sim_vendor/lib:/opt/ros/jazzy/opt/gz_sensors_vendor/lib:/opt/ros/jazzy/opt/gz_physics_vendor/lib:/opt/ros/jazzy/opt/sdformat_vendor/lib:/opt/ros/jazzy/opt/rviz_ogre_vendor/lib:/opt/ros/jazzy/lib/x86_64-linux-gnu:/opt/ros/jazzy/opt/gz_gui_vendor/lib:/opt/ros/jazzy/opt/gz_transport_vendor/lib:/opt/ros/jazzy/opt/gz_rendering_vendor/lib:/opt/ros/jazzy/opt/gz_plugin_vendor/lib:/opt/ros/jazzy/opt/gz_fuel_tools_vendor/lib:/opt/ros/jazzy/opt/gz_msgs_vendor/lib:/opt/ros/jazzy/opt/gz_common_vendor/lib:/opt/ros/jazzy/opt/gz_math_vendor/lib:/opt/ros/jazzy/opt/gz_utils_vendor/lib:/opt/ros/jazzy/opt/gz_tools_vendor/lib:/opt/ros/jazzy/opt/gz_ogre_next_vendor/lib:/opt/ros/jazzy/opt/gz_dartsim_vendor/lib:/opt/ros/jazzy/opt/gz_cmake_vendor/lib:/opt/ros/jazzy/lib', 'HOME': '/home/kiki', 'OLDPWD': '/home/kiki', 'LESS': '-R', 'DESKTOP_SESSION': 'ubuntu', 'GIO_LAUNCHED_DESKTOP_FILE': '/usr/share/applications/terminator.desktop', 'ZSH': '/home/kiki/.oh-my-zsh', 'LSCOLORS': 'Gxfxcxdxbxegedabagacad', 'GTK_MODULES': 'gail:atk-bridge', 'GNOME_SHELL_SESSION_MODE': 'ubuntu', 'XDG_SEAT_PATH': '/org/freedesktop/DisplayManager/Seat0', 'PAGER': 'less', 'ROS_PYTHON_VERSION': '3', 'MANAGERPID': '2020', 'SYSTEMD_EXEC_PID': '2300', 'DBUS_SESSION_BUS_ADDRESS': 'unix:path=/run/user/1000/bus', 'GSM_SKIP_SSH_AGENT_WORKAROUND': 'true', 'GIO_LAUNCHED_DESKTOP_FILE_PID': '13826', 'COLORTERM': 'truecolor', 'TERMINATOR_DBUS_NAME': 'net.tenshu.Terminator21a9d5db22c73a993ff0b42f64b396873', 'DEBUGINFOD_URLS': 'https://debuginfod.ubuntu.com', 'ROS_DISTRO': 'jazzy', 'LOGNAME': 'kiki', 'JOURNAL_STREAM': '8:7751', '_': '/usr/bin/colcon', 'MEMORY_PRESSURE_WATCH': '/sys/fs/cgroup/user.slice/user-1000.slice/user@1000.service/session.slice/org.gnome.Shell@x11.service/memory.pressure', 'XDG_SESSION_CLASS': 'user', 'ROS_VERSION': '2', 'TERM': 'xterm-256color', 'GNOME_DESKTOP_SESSION_ID': 'this-is-deprecated', 'PATH': '/opt/ros/jazzy/opt/gz_msgs_vendor/bin:/opt/ros/jazzy/opt/gz_tools_vendor/bin:/opt/ros/jazzy/opt/gz_ogre_next_vendor/bin:/opt/ros/jazzy/bin:/home/kiki/.local/bin:/usr/local/sbin:/usr/local/bin:/usr/sbin:/usr/bin:/sbin:/bin:/usr/games:/usr/local/games:/snap/bin', 'INVOCATION_ID': '09df69bc82cd4db7a7e335e5bd2e8d3f', 'SESSION_MANAGER': 'local/kiki-Legion-5-15IRX10:@/tmp/.ICE-unix/2240,unix/kiki-Legion-5-15IRX10:/tmp/.ICE-unix/2240', 'GDM_LANG': 'en_US', 'XDG_MENU_PREFIX': 'gnome-', 'XDG_SESSION_PATH': '/org/freedesktop/DisplayManager/Session0', 'XDG_RUNTIME_DIR': '/run/user/1000', 'DISPLAY': ':0', 'XDG_CURRENT_DESKTOP': 'ubuntu:GNOME', 'LANG': 'en_US.UTF-8', 'TERMINATOR_DBUS_PATH': '/net/tenshu/Terminator2', 'XDG_SESSION_DESKTOP': 'ubuntu', 'XMODIFIERS': '@im=ibus', 'XAUTHORITY': '/home/kiki/.Xauthority', 'LS_COLORS': 'rs=0:di=01;34:ln=01;36:mh=00:pi=40;33:so=01;35:do=01;35:bd=40;33;01:cd=40;33;01:or=40;31;01:mi=00:su=37;41:sg=30;43:ca=00:tw=30;42:ow=34;42:st=37;44:ex=01;32:*.tar=01;31:*.tgz=01;31:*.arc=01;31:*.arj=01;31:*.taz=01;31:*.lha=01;31:*.lz4=01;31:*.lzh=01;31:*.lzma=01;31:*.tlz=01;31:*.txz=01;31:*.tzo=01;31:*.t7z=01;31:*.zip=01;31:*.z=01;31:*.dz=01;31:*.gz=01;31:*.lrz=01;31:*.lz=01;31:*.lzo=01;31:*.xz=01;31:*.zst=01;31:*.tzst=01;31:*.bz2=01;31:*.bz=01;31:*.tbz=01;31:*.tbz2=01;31:*.tz=01;31:*.deb=01;31:*.rpm=01;31:*.jar=01;31:*.war=01;31:*.ear=01;31:*.sar=01;31:*.rar=01;31:*.alz=01;31:*.ace=01;31:*.zoo=01;31:*.cpio=01;31:*.7z=01;31:*.rz=01;31:*.cab=01;31:*.wim=01;31:*.swm=01;31:*.dwm=01;31:*.esd=01;31:*.avif=01;35:*.jpg=01;35:*.jpeg=01;35:*.mjpg=01;35:*.mjpeg=01;35:*.gif=01;35:*.bmp=01;35:*.pbm=01;35:*.pgm=01;35:*.ppm=01;35:*.tga=01;35:*.xbm=01;35:*.xpm=01;35:*.tif=01;35:*.tiff=01;35:*.png=01;35:*.svg=01;35:*.svgz=01;35:*.mng=01;35:*.pcx=01;35:*.mov=01;35:*.mpg=01;35:*.mpeg=01;35:*.m2v=01;35:*.mkv=01;35:*.webm=01;35:*.webp=01;35:*.ogm=01;35:*.mp4=01;35:*.m4v=01;35:*.mp4v=01;35:*.vob=01;35:*.qt=01;35:*.nuv=01;35:*.wmv=01;35:*.asf=01;35:*.rm=01;35:*.rmvb=01;35:*.flc=01;35:*.avi=01;35:*.fli=01;35:*.flv=01;35:*.gl=01;35:*.dl=01;35:*.xcf=01;35:*.xwd=01;35:*.yuv=01;35:*.cgm=01;35:*.emf=01;35:*.ogv=01;35:*.ogx=01;35:*.aac=00;36:*.au=00;36:*.flac=00;36:*.m4a=00;36:*.mid=00;36:*.midi=00;36:*.mka=00;36:*.mp3=00;36:*.mpc=00;36:*.ogg=00;36:*.ra=00;36:*.wav=00;36:*.oga=00;36:*.opus=00;36:*.spx=00;36:*.xspf=00;36:*~=00;90:*#=00;90:*.bak=00;90:*.crdownload=00;90:*.dpkg-dist=00;90:*.dpkg-new=00;90:*.dpkg-old=00;90:*.dpkg-tmp=00;90:*.old=00;90:*.orig=00;90:*.part=00;90:*.rej=00;90:*.rpmnew=00;90:*.rpmorig=00;90:*.rpmsave=00;90:*.swp=00;90:*.tmp=00;90:*.ucf-dist=00;90:*.ucf-new=00;90:*.ucf-old=00;90:', 'SSH_AUTH_SOCK': '/run/user/1000/keyring/ssh', 'XDG_GREETER_DATA_DIR': '/var/lib/lightdm-data/kiki', 'AMENT_PREFIX_PATH': '/opt/ros/jazzy', 'TERMINATOR_UUID': 'urn:uuid:09b29d06-c855-4d49-8392-44192634cf7d', 'SHELL': '/bin/bash', 'QT_ACCESSIBILITY': '1', 'GDMSESSION': 'ubuntu', 'GPG_AGENT_INFO': '/run/user/1000/gnupg/S.gpg-agent:0:1', 'GJS_DEBUG_OUTPUT': 'stderr', 'QT_IM_MODULE': 'ibus', 'ROS_AUTOMATIC_DISCOVERY_RANGE': 'SUBNET', 'LC_ALL': 'en_US.UTF-8', 'PWD': '/home/kiki/sentinel_ws/build/serial', 'XDG_CONFIG_DIRS': '/etc/xdg/xdg-ubuntu:/etc/xdg', 'XDG_DATA_DIRS': '/usr/share/ubuntu:/usr/share/gnome:/usr/local/share:/usr/share:/var/lib/snapd/desktop', 'PYTHONPATH': '/opt/ros/jazzy/lib/python3.12/site-packages', 'COLCON': '1', 'VTE_VERSION': '7600', 'MEMORY_PRESSURE_WRITE': 'c29tZSAyMDAwMDAgMjAwMDAwMAA=', 'CMAKE_PREFIX_PATH': '/opt/ros/jazzy/opt/gz_sim_vendor:/opt/ros/jazzy/opt/gz_sensors_vendor:/opt/ros/jazzy/opt/gz_physics_vendor:/opt/ros/jazzy/opt/sdformat_vendor:/opt/ros/jazzy/opt/gz_gui_vendor:/opt/ros/jazzy/opt/gz_transport_vendor:/opt/ros/jazzy/opt/gz_rendering_vendor:/opt/ros/jazzy/opt/gz_plugin_vendor:/opt/ros/jazzy/opt/gz_fuel_tools_vendor:/opt/ros/jazzy/opt/gz_msgs_vendor:/opt/ros/jazzy/opt/gz_common_vendor:/opt/ros/jazzy/opt/gz_math_vendor:/opt/ros/jazzy/opt/gz_utils_vendor:/opt/ros/jazzy/opt/gz_tools_vendor:/opt/ros/jazzy/opt/gz_ogre_next_vendor:/opt/ros/jazzy/opt/gz_dartsim_vendor:/opt/ros/jazzy/opt/gz_cmake_vendor:/opt/ros/jazzy'}), 'shell': False}
[0.009342] (sentinel_publisher) JobProgress: {'identifier': 'sentinel_publisher', 'progress': 'cmake'}
[0.009696] (sentinel_publisher) Command: {'cmd': ['/usr/bin/cmake', '/home/kiki/sentinel_ws/src/sentinel_publisher', '-DAMENT_CMAKE_SYMLINK_INSTALL=1', '-DCMAKE_INSTALL_PREFIX=/home/kiki/sentinel_ws/install/sentinel_publisher'], 'cwd': '/home/kiki/sentinel_ws/build/sentinel_publisher', 'env': OrderedDict({'XDG_ACTIVATION_TOKEN': 'gnome-shell/Terminator/2300-3-kiki-Legion-5-15IRX10_TIME1949117', 'GJS_DEBUG_TOPICS': 'JS ERROR;JS LOG', 'LANGUAGE': 'en_US', 'USER': 'kiki', 'GZ_SIM_RESOURCE_PATH': '/opt/ros/jazzy/share', 'GZ_CONFIG_PATH': '/opt/ros/jazzy/opt/gz_sim_vendor/share/gz:/opt/ros/jazzy/opt/sdformat_vendor/share/gz:/opt/ros/jazzy/opt/gz_gui_vendor/share/gz:/opt/ros/jazzy/opt/gz_transport_vendor/share/gz:/opt/ros/jazzy/opt/gz_rendering_vendor/share/gz:/opt/ros/jazzy/opt/gz_plugin_vendor/share/gz:/opt/ros/jazzy/opt/gz_fuel_tools_vendor/share/gz:/opt/ros/jazzy/opt/gz_msgs_vendor/share/gz:/opt/ros/jazzy/opt/gz_common_vendor/share/gz', 'XDG_SESSION_TYPE': 'x11', 'CLUTTER_DISABLE_MIPMAPPED_TEXT': '1', 'SHLVL': '1', 'LD_LIBRARY_PATH': '/opt/ros/jazzy/opt/gz_sim_vendor/lib:/opt/ros/jazzy/opt/gz_sensors_vendor/lib:/opt/ros/jazzy/opt/gz_physics_vendor/lib:/opt/ros/jazzy/opt/sdformat_vendor/lib:/opt/ros/jazzy/opt/rviz_ogre_vendor/lib:/opt/ros/jazzy/lib/x86_64-linux-gnu:/opt/ros/jazzy/opt/gz_gui_vendor/lib:/opt/ros/jazzy/opt/gz_transport_vendor/lib:/opt/ros/jazzy/opt/gz_rendering_vendor/lib:/opt/ros/jazzy/opt/gz_plugin_vendor/lib:/opt/ros/jazzy/opt/gz_fuel_tools_vendor/lib:/opt/ros/jazzy/opt/gz_msgs_vendor/lib:/opt/ros/jazzy/opt/gz_common_vendor/lib:/opt/ros/jazzy/opt/gz_math_vendor/lib:/opt/ros/jazzy/opt/gz_utils_vendor/lib:/opt/ros/jazzy/opt/gz_tools_vendor/lib:/opt/ros/jazzy/opt/gz_ogre_next_vendor/lib:/opt/ros/jazzy/opt/gz_dartsim_vendor/lib:/opt/ros/jazzy/opt/gz_cmake_vendor/lib:/opt/ros/jazzy/lib', 'HOME': '/home/kiki', 'OLDPWD': '/home/kiki', 'LESS': '-R', 'DESKTOP_SESSION': 'ubuntu', 'GIO_LAUNCHED_DESKTOP_FILE': '/usr/share/applications/terminator.desktop', 'ZSH': '/home/kiki/.oh-my-zsh', 'LSCOLORS': 'Gxfxcxdxbxegedabagacad', 'GTK_MODULES': 'gail:atk-bridge', 'GNOME_SHELL_SESSION_MODE': 'ubuntu', 'XDG_SEAT_PATH': '/org/freedesktop/DisplayManager/Seat0', 'PAGER': 'less', 'ROS_PYTHON_VERSION': '3', 'MANAGERPID': '2020', 'SYSTEMD_EXEC_PID': '2300', 'DBUS_SESSION_BUS_ADDRESS': 'unix:path=/run/user/1000/bus', 'GSM_SKIP_SSH_AGENT_WORKAROUND': 'true', 'GIO_LAUNCHED_DESKTOP_FILE_PID': '13826', 'COLORTERM': 'truecolor', 'TERMINATOR_DBUS_NAME': 'net.tenshu.Terminator21a9d5db22c73a993ff0b42f64b396873', 'DEBUGINFOD_URLS': 'https://debuginfod.ubuntu.com', 'ROS_DISTRO': 'jazzy', 'LOGNAME': 'kiki', 'JOURNAL_STREAM': '8:7751', '_': '/usr/bin/colcon', 'MEMORY_PRESSURE_WATCH': '/sys/fs/cgroup/user.slice/user-1000.slice/user@1000.service/session.slice/org.gnome.Shell@x11.service/memory.pressure', 'XDG_SESSION_CLASS': 'user', 'ROS_VERSION': '2', 'TERM': 'xterm-256color', 'GNOME_DESKTOP_SESSION_ID': 'this-is-deprecated', 'PATH': '/opt/ros/jazzy/opt/gz_msgs_vendor/bin:/opt/ros/jazzy/opt/gz_tools_vendor/bin:/opt/ros/jazzy/opt/gz_ogre_next_vendor/bin:/opt/ros/jazzy/bin:/home/kiki/.local/bin:/usr/local/sbin:/usr/local/bin:/usr/sbin:/usr/bin:/sbin:/bin:/usr/games:/usr/local/games:/snap/bin', 'INVOCATION_ID': '09df69bc82cd4db7a7e335e5bd2e8d3f', 'SESSION_MANAGER': 'local/kiki-Legion-5-15IRX10:@/tmp/.ICE-unix/2240,unix/kiki-Legion-5-15IRX10:/tmp/.ICE-unix/2240', 'GDM_LANG': 'en_US', 'XDG_MENU_PREFIX': 'gnome-', 'XDG_SESSION_PATH': '/org/freedesktop/DisplayManager/Session0', 'XDG_RUNTIME_DIR': '/run/user/1000', 'DISPLAY': ':0', 'XDG_CURRENT_DESKTOP': 'ubuntu:GNOME', 'LANG': 'en_US.UTF-8', 'TERMINATOR_DBUS_PATH': '/net/tenshu/Terminator2', 'XDG_SESSION_DESKTOP': 'ubuntu', 'XMODIFIERS': '@im=ibus', 'XAUTHORITY': '/home/kiki/.Xauthority', 'LS_COLORS': 'rs=0:di=01;34:ln=01;36:mh=00:pi=40;33:so=01;35:do=01;35:bd=40;33;01:cd=40;33;01:or=40;31;01:mi=00:su=37;41:sg=30;43:ca=00:tw=30;42:ow=34;42:st=37;44:ex=01;32:*.tar=01;31:*.tgz=01;31:*.arc=01;31:*.arj=01;31:*.taz=01;31:*.lha=01;31:*.lz4=01;31:*.lzh=01;31:*.lzma=01;31:*.tlz=01;31:*.txz=01;31:*.tzo=01;31:*.t7z=01;31:*.zip=01;31:*.z=01;31:*.dz=01;31:*.gz=01;31:*.lrz=01;31:*.lz=01;31:*.lzo=01;31:*.xz=01;31:*.zst=01;31:*.tzst=01;31:*.bz2=01;31:*.bz=01;31:*.tbz=01;31:*.tbz2=01;31:*.tz=01;31:*.deb=01;31:*.rpm=01;31:*.jar=01;31:*.war=01;31:*.ear=01;31:*.sar=01;31:*.rar=01;31:*.alz=01;31:*.ace=01;31:*.zoo=01;31:*.cpio=01;31:*.7z=01;31:*.rz=01;31:*.cab=01;31:*.wim=01;31:*.swm=01;31:*.dwm=01;31:*.esd=01;31:*.avif=01;35:*.jpg=01;35:*.jpeg=01;35:*.mjpg=01;35:*.mjpeg=01;35:*.gif=01;35:*.bmp=01;35:*.pbm=01;35:*.pgm=01;35:*.ppm=01;35:*.tga=01;35:*.xbm=01;35:*.xpm=01;35:*.tif=01;35:*.tiff=01;35:*.png=01;35:*.svg=01;35:*.svgz=01;35:*.mng=01;35:*.pcx=01;35:*.mov=01;35:*.mpg=01;35:*.mpeg=01;35:*.m2v=01;35:*.mkv=01;35:*.webm=01;35:*.webp=01;35:*.ogm=01;35:*.mp4=01;35:*.m4v=01;35:*.mp4v=01;35:*.vob=01;35:*.qt=01;35:*.nuv=01;35:*.wmv=01;35:*.asf=01;35:*.rm=01;35:*.rmvb=01;35:*.flc=01;35:*.avi=01;35:*.fli=01;35:*.flv=01;35:*.gl=01;35:*.dl=01;35:*.xcf=01;35:*.xwd=01;35:*.yuv=01;35:*.cgm=01;35:*.emf=01;35:*.ogv=01;35:*.ogx=01;35:*.aac=00;36:*.au=00;36:*.flac=00;36:*.m4a=00;36:*.mid=00;36:*.midi=00;36:*.mka=00;36:*.mp3=00;36:*.mpc=00;36:*.ogg=00;36:*.ra=00;36:*.wav=00;36:*.oga=00;36:*.opus=00;36:*.spx=00;36:*.xspf=00;36:*~=00;90:*#=00;90:*.bak=00;90:*.crdownload=00;90:*.dpkg-dist=00;90:*.dpkg-new=00;90:*.dpkg-old=00;90:*.dpkg-tmp=00;90:*.old=00;90:*.orig=00;90:*.part=00;90:*.rej=00;90:*.rpmnew=00;90:*.rpmorig=00;90:*.rpmsave=00;90:*.swp=00;90:*.tmp=00;90:*.ucf-dist=00;90:*.ucf-new=00;90:*.ucf-old=00;90:', 'SSH_AUTH_SOCK': '/run/user/1000/keyring/ssh', 'XDG_GREETER_DATA_DIR': '/var/lib/lightdm-data/kiki', 'AMENT_PREFIX_PATH': '/opt/ros/jazzy', 'TERMINATOR_UUID': 'urn:uuid:09b29d06-c855-4d49-8392-44192634cf7d', 'SHELL': '/bin/bash', 'QT_ACCESSIBILITY': '1', 'GDMSESSION': 'ubuntu', 'GPG_AGENT_INFO': '/run/user/1000/gnupg/S.gpg-agent:0:1', 'GJS_DEBUG_OUTPUT': 'stderr', 'QT_IM_MODULE': 'ibus', 'ROS_AUTOMATIC_DISCOVERY_RANGE': 'SUBNET', 'LC_ALL': 'en_US.UTF-8', 'PWD': '/home/kiki/sentinel_ws/build/sentinel_publisher', 'XDG_CONFIG_DIRS': '/etc/xdg/xdg-ubuntu:/etc/xdg', 'XDG_DATA_DIRS': '/usr/share/ubuntu:/usr/share/gnome:/usr/local/share:/usr/share:/var/lib/snapd/desktop', 'PYTHONPATH': '/opt/ros/jazzy/lib/python3.12/site-packages', 'COLCON': '1', 'VTE_VERSION': '7600', 'MEMORY_PRESSURE_WRITE': 'c29tZSAyMDAwMDAgMjAwMDAwMAA=', 'CMAKE_PREFIX_PATH': '/opt/ros/jazzy/opt/gz_sim_vendor:/opt/ros/jazzy/opt/gz_sensors_vendor:/opt/ros/jazzy/opt/gz_physics_vendor:/opt/ros/jazzy/opt/sdformat_vendor:/opt/ros/jazzy/opt/gz_gui_vendor:/opt/ros/jazzy/opt/gz_transport_vendor:/opt/ros/jazzy/opt/gz_rendering_vendor:/opt/ros/jazzy/opt/gz_plugin_vendor:/opt/ros/jazzy/opt/gz_fuel_tools_vendor:/opt/ros/jazzy/opt/gz_msgs_vendor:/opt/ros/jazzy/opt/gz_common_vendor:/opt/ros/jazzy/opt/gz_math_vendor:/opt/ros/jazzy/opt/gz_utils_vendor:/opt/ros/jazzy/opt/gz_tools_vendor:/opt/ros/jazzy/opt/gz_ogre_next_vendor:/opt/ros/jazzy/opt/gz_dartsim_vendor:/opt/ros/jazzy/opt/gz_cmake_vendor:/opt/ros/jazzy'}), 'shell': False}
[0.045654] (serial) StdoutLine: {'line': b'-- The C compiler identification is GNU 13.3.0\n'}
[0.049897] (sentinel_publisher) StdoutLine: {'line': b'-- The C compiler identification is GNU 13.3.0\n'}
[0.085451] (serial) StdoutLine: {'line': b'-- The CXX compiler identification is GNU 13.3.0\n'}
[0.092357] (sentinel_publisher) StdoutLine: {'line': b'-- The CXX compiler identification is GNU 13.3.0\n'}
[0.098240] (serial) StdoutLine: {'line': b'-- Detecting C compiler ABI info\n'}
[0.099862] (-) TimerEvent: {}
[0.105683] (sentinel_publisher) StdoutLine: {'line': b'-- Detecting C compiler ABI info\n'}
[0.167529] (serial) StdoutLine: {'line': b'-- Detecting C compiler ABI info - done\n'}
[0.170180] (sentinel_publisher) StdoutLine: {'line': b'-- Detecting C compiler ABI info - done\n'}
[0.177249] (serial) StdoutLine: {'line': b'-- Check for working C compiler: /usr/bin/cc - skipped\n'}
[0.177357] (serial) StdoutLine: {'line': b'-- Detecting C compile features\n'}
[0.177732] (serial) StdoutLine: {'line': b'-- Detecting C compile features - done\n'}
[0.179727] (sentinel_publisher) StdoutLine: {'line': b'-- Check for working C compiler: /usr/bin/cc - skipped\n'}
[0.180079] (sentinel_publisher) StdoutLine: {'line': b'-- Detecting C compile features\n'}
[0.180174] (sentinel_publisher) StdoutLine: {'line': b'-- Detecting C compile features - done\n'}
[0.185626] (serial) StdoutLine: {'line': b'-- Detecting CXX compiler ABI info\n'}
[0.186903] (sentinel_publisher) StdoutLine: {'line': b'-- Detecting CXX compiler ABI info\n'}
[0.199948] (-) TimerEvent: {}
[0.262479] (sentinel_publisher) StdoutLine: {'line': b'-- Detecting CXX compiler ABI info - done\n'}
[0.266793] (serial) StdoutLine: {'line': b'-- Detecting CXX compiler ABI info - done\n'}
[0.267744] (sentinel_publisher) StdoutLine: {'line': b'-- Check for working CXX compiler: /usr/bin/c++ - skipped\n'}
[0.267938] (sentinel_publisher) StdoutLine: {'line': b'-- Detecting CXX compile features\n'}
[0.268157] (sentinel_publisher) StdoutLine: {'line': b'-- Detecting CXX compile features - done\n'}
[0.270448] (sentinel_publisher) StdoutLine: {'line': b'-- Found ament_cmake: 2.5.4 (/opt/ros/jazzy/share/ament_cmake/cmake)\n'}
[0.273235] (serial) StdoutLine: {'line': b'-- Check for working CXX compiler: /usr/bin/c++ - skipped\n'}
[0.273317] (serial) StdoutLine: {'line': b'-- Detecting CXX compile features\n'}
[0.273574] (serial) StdoutLine: {'line': b'-- Detecting CXX compile features - done\n'}
[0.275845] (serial) StdoutLine: {'line': b'-- Found ament_cmake: 2.5.4 (/opt/ros/jazzy/share/ament_cmake/cmake)\n'}
[0.300073] (-) TimerEvent: {}
[0.370530] (sentinel_publisher) StdoutLine: {'line': b'-- Found Python3: /usr/bin/python3 (found version "3.12.3") found components: Interpreter \n'}
[0.376889] (serial) StdoutLine: {'line': b'-- Found Python3: /usr/bin/python3 (found version "3.12.3") found components: Interpreter \n'}
[0.400205] (-) TimerEvent: {}
[0.417653] (sentinel_publisher) StdoutLine: {'line': b'-- Override CMake install command with custom implementation using symlinks instead of copying resources\n'}
[0.420763] (serial) StdoutLine: {'line': b'-- Override CMake install command with custom implementation using symlinks instead of copying resources\n'}
[0.447191] (sentinel_publisher) StdoutLine: {'line': b'-- Found rclcpp: 28.1.13 (/opt/ros/jazzy/share/rclcpp/cmake)\n'}
[0.452472] (serial) StdoutLine: {'line': b'-- Found ament_cmake_gtest: 2.5.4 (/opt/ros/jazzy/share/ament_cmake_gtest/cmake)\n'}
[0.458250] (serial) StdoutLine: {'line': b'-- Found Boost: /usr/lib/x86_64-linux-gnu/cmake/Boost-1.83.0/BoostConfig.cmake (found version "1.83.0")  \n'}
[0.460330] (serial) StdoutLine: {'line': b"-- Found gtest sources under '/opt/ros/jazzy/src/gtest_vendor': C++ tests using 'Google Test' will be built\n"}
[0.461203] (serial) StdoutLine: {'line': b'-- Performing Test CMAKE_HAVE_LIBC_PTHREAD\n'}
[0.481311] (sentinel_publisher) StdoutLine: {'line': b'-- Found rosidl_generator_c: 4.6.6 (/opt/ros/jazzy/share/rosidl_generator_c/cmake)\n'}
[0.490573] (sentinel_publisher) StdoutLine: {'line': b'-- Found rosidl_generator_cpp: 4.6.6 (/opt/ros/jazzy/share/rosidl_generator_cpp/cmake)\n'}
[0.500329] (-) TimerEvent: {}
[0.501210] (sentinel_publisher) StdoutLine: {'line': b'-- Using all available rosidl_typesupport_c: rosidl_typesupport_fastrtps_c;rosidl_typesupport_introspection_c\n'}
[0.513060] (sentinel_publisher) StdoutLine: {'line': b'-- Using all available rosidl_typesupport_cpp: rosidl_typesupport_fastrtps_cpp;rosidl_typesupport_introspection_cpp\n'}
[0.523341] (serial) StdoutLine: {'line': b'-- Performing Test CMAKE_HAVE_LIBC_PTHREAD - Success\n'}
[0.524242] (serial) StdoutLine: {'line': b'-- Found Threads: TRUE  \n'}
[0.562382] (sentinel_publisher) StdoutLine: {'line': b'-- Found rmw_implementation_cmake: 7.3.2 (/opt/ros/jazzy/share/rmw_implementation_cmake/cmake)\n'}
[0.564538] (sentinel_publisher) StdoutLine: {'line': b'-- Found rmw_fastrtps_cpp: 8.4.3 (/opt/ros/jazzy/share/rmw_fastrtps_cpp/cmake)\n'}
[0.582273] (serial) StdoutLine: {'line': b'-- Configuring done (0.6s)\n'}
[0.587829] (serial) StdoutLine: {'line': b'-- Generating done (0.0s)\n'}
[0.589545] (serial) StdoutLine: {'line': b'-- Build files have been written to: /home/kiki/sentinel_ws/build/serial\n'}
[0.593109] (serial) CommandEnded: {'returncode': 0}
[0.593966] (serial) JobProgress: {'identifier': 'serial', 'progress': 'build'}
[0.594095] (serial) Command: {'cmd': ['/usr/bin/cmake', '--build', '/home/kiki/sentinel_ws/build/serial', '--', '-j20', '-l20'], 'cwd': '/home/kiki/sentinel_ws/build/serial', 'env': OrderedDict({'XDG_ACTIVATION_TOKEN': 'gnome-shell/Terminator/2300-3-kiki-Legion-5-15IRX10_TIME1949117', 'GJS_DEBUG_TOPICS': 'JS ERROR;JS LOG', 'LANGUAGE': 'en_US', 'USER': 'kiki', 'GZ_SIM_RESOURCE_PATH': '/opt/ros/jazzy/share', 'GZ_CONFIG_PATH': '/opt/ros/jazzy/opt/gz_sim_vendor/share/gz:/opt/ros/jazzy/opt/sdformat_vendor/share/gz:/opt/ros/jazzy/opt/gz_gui_vendor/share/gz:/opt/ros/jazzy/opt/gz_transport_vendor/share/gz:/opt/ros/jazzy/opt/gz_rendering_vendor/share/gz:/opt/ros/jazzy/opt/gz_plugin_vendor/share/gz:/opt/ros/jazzy/opt/gz_fuel_tools_vendor/share/gz:/opt/ros/jazzy/opt/gz_msgs_vendor/share/gz:/opt/ros/jazzy/opt/gz_common_vendor/share/gz', 'XDG_SESSION_TYPE': 'x11', 'CLUTTER_DISABLE_MIPMAPPED_TEXT': '1', 'SHLVL': '1', 'LD_LIBRARY_PATH': '/opt/ros/jazzy/opt/gz_sim_vendor/lib:/opt/ros/jazzy/opt/gz_sensors_vendor/lib:/opt/ros/jazzy/opt/gz_physics_vendor/lib:/opt/ros/jazzy/opt/sdformat_vendor/lib:/opt/ros/jazzy/opt/rviz_ogre_vendor/lib:/opt/ros/jazzy/lib/x86_64-linux-gnu:/opt/ros/jazzy/opt/gz_gui_vendor/lib:/opt/ros/jazzy/opt/gz_transport_vendor/lib:/opt/ros/jazzy/opt/gz_rendering_vendor/lib:/opt/ros/jazzy/opt/gz_plugin_vendor/lib:/opt/ros/jazzy/opt/gz_fuel_tools_vendor/lib:/opt/ros/jazzy/opt/gz_msgs_vendor/lib:/opt/ros/jazzy/opt/gz_common_vendor/lib:/opt/ros/jazzy/opt/gz_math_vendor/lib:/opt/ros/jazzy/opt/gz_utils_vendor/lib:/opt/ros/jazzy/opt/gz_tools_vendor/lib:/opt/ros/jazzy/opt/gz_ogre_next_vendor/lib:/opt/ros/jazzy/opt/gz_dartsim_vendor/lib:/opt/ros/jazzy/opt/gz_cmake_vendor/lib:/opt/ros/jazzy/lib', 'HOME': '/home/kiki', 'OLDPWD': '/home/kiki', 'LESS': '-R', 'DESKTOP_SESSION': 'ubuntu', 'GIO_LAUNCHED_DESKTOP_FILE': '/usr/share/applications/terminator.desktop', 'ZSH': '/home/kiki/.oh-my-zsh', 'LSCOLORS': 'Gxfxcxdxbxegedabagacad', 'GTK_MODULES': 'gail:atk-bridge', 'GNOME_SHELL_SESSION_MODE': 'ubuntu', 'XDG_SEAT_PATH': '/org/freedesktop/DisplayManager/Seat0', 'PAGER': 'less', 'ROS_PYTHON_VERSION': '3', 'MANAGERPID': '2020', 'SYSTEMD_EXEC_PID': '2300', 'DBUS_SESSION_BUS_ADDRESS': 'unix:path=/run/user/1000/bus', 'GSM_SKIP_SSH_AGENT_WORKAROUND': 'true', 'GIO_LAUNCHED_DESKTOP_FILE_PID': '13826', 'COLORTERM': 'truecolor', 'TERMINATOR_DBUS_NAME': 'net.tenshu.Terminator21a9d5db22c73a993ff0b42f64b396873', 'DEBUGINFOD_URLS': 'https://debuginfod.ubuntu.com', 'ROS_DISTRO': 'jazzy', 'LOGNAME': 'kiki', 'JOURNAL_STREAM': '8:7751', '_': '/usr/bin/colcon', 'MEMORY_PRESSURE_WATCH': '/sys/fs/cgroup/user.slice/user-1000.slice/user@1000.service/session.slice/org.gnome.Shell@x11.service/memory.pressure', 'XDG_SESSION_CLASS': 'user', 'ROS_VERSION': '2', 'TERM': 'xterm-256color', 'GNOME_DESKTOP_SESSION_ID': 'this-is-deprecated', 'PATH': '/opt/ros/jazzy/opt/gz_msgs_vendor/bin:/opt/ros/jazzy/opt/gz_tools_vendor/bin:/opt/ros/jazzy/opt/gz_ogre_next_vendor/bin:/opt/ros/jazzy/bin:/home/kiki/.local/bin:/usr/local/sbin:/usr/local/bin:/usr/sbin:/usr/bin:/sbin:/bin:/usr/games:/usr/local/games:/snap/bin', 'INVOCATION_ID': '09df69bc82cd4db7a7e335e5bd2e8d3f', 'SESSION_MANAGER': 'local/kiki-Legion-5-15IRX10:@/tmp/.ICE-unix/2240,unix/kiki-Legion-5-15IRX10:/tmp/.ICE-unix/2240', 'GDM_LANG': 'en_US', 'XDG_MENU_PREFIX': 'gnome-', 'XDG_SESSION_PATH': '/org/freedesktop/DisplayManager/Session0', 'XDG_RUNTIME_DIR': '/run/user/1000', 'DISPLAY': ':0', 'XDG_CURRENT_DESKTOP': 'ubuntu:GNOME', 'LANG': 'en_US.UTF-8', 'TERMINATOR_DBUS_PATH': '/net/tenshu/Terminator2', 'XDG_SESSION_DESKTOP': 'ubuntu', 'XMODIFIERS': '@im=ibus', 'XAUTHORITY': '/home/kiki/.Xauthority', 'LS_COLORS': 'rs=0:di=01;34:ln=01;36:mh=00:pi=40;33:so=01;35:do=01;35:bd=40;33;01:cd=40;33;01:or=40;31;01:mi=00:su=37;41:sg=30;43:ca=00:tw=30;42:ow=34;42:st=37;44:ex=01;32:*.tar=01;31:*.tgz=01;31:*.arc=01;31:*.arj=01;31:*.taz=01;31:*.lha=01;31:*.lz4=01;31:*.lzh=01;31:*.lzma=01;31:*.tlz=01;31:*.txz=01;31:*.tzo=01;31:*.t7z=01;31:*.zip=01;31:*.z=01;31:*.dz=01;31:*.gz=01;31:*.lrz=01;31:*.lz=01;31:*.lzo=01;31:*.xz=01;31:*.zst=01;31:*.tzst=01;31:*.bz2=01;31:*.bz=01;31:*.tbz=01;31:*.tbz2=01;31:*.tz=01;31:*.deb=01;31:*.rpm=01;31:*.jar=01;31:*.war=01;31:*.ear=01;31:*.sar=01;31:*.rar=01;31:*.alz=01;31:*.ace=01;31:*.zoo=01;31:*.cpio=01;31:*.7z=01;31:*.rz=01;31:*.cab=01;31:*.wim=01;31:*.swm=01;31:*.dwm=01;31:*.esd=01;31:*.avif=01;35:*.jpg=01;35:*.jpeg=01;35:*.mjpg=01;35:*.mjpeg=01;35:*.gif=01;35:*.bmp=01;35:*.pbm=01;35:*.pgm=01;35:*.ppm=01;35:*.tga=01;35:*.xbm=01;35:*.xpm=01;35:*.tif=01;35:*.tiff=01;35:*.png=01;35:*.svg=01;35:*.svgz=01;35:*.mng=01;35:*.pcx=01;35:*.mov=01;35:*.mpg=01;35:*.mpeg=01;35:*.m2v=01;35:*.mkv=01;35:*.webm=01;35:*.webp=01;35:*.ogm=01;35:*.mp4=01;35:*.m4v=01;35:*.mp4v=01;35:*.vob=01;35:*.qt=01;35:*.nuv=01;35:*.wmv=01;35:*.asf=01;35:*.rm=01;35:*.rmvb=01;35:*.flc=01;35:*.avi=01;35:*.fli=01;35:*.flv=01;35:*.gl=01;35:*.dl=01;35:*.xcf=01;35:*.xwd=01;35:*.yuv=01;35:*.cgm=01;35:*.emf=01;35:*.ogv=01;35:*.ogx=01;35:*.aac=00;36:*.au=00;36:*.flac=00;36:*.m4a=00;36:*.mid=00;36:*.midi=00;36:*.mka=00;36:*.mp3=00;36:*.mpc=00;36:*.ogg=00;36:*.ra=00;36:*.wav=00;36:*.oga=00;36:*.opus=00;36:*.spx=00;36:*.xspf=00;36:*~=00;90:*#=00;90:*.bak=00;90:*.crdownload=00;90:*.dpkg-dist=00;90:*.dpkg-new=00;90:*.dpkg-old=00;90:*.dpkg-tmp=00;90:*.old=00;90:*.orig=00;90:*.part=00;90:*.rej=00;90:*.rpmnew=00;90:*.rpmorig=00;90:*.rpmsave=00;90:*.swp=00;90:*.tmp=00;90:*.ucf-dist=00;90:*.ucf-new=00;90:*.ucf-old=00;90:', 'SSH_AUTH_SOCK': '/run/user/1000/keyring/ssh', 'XDG_GREETER_DATA_DIR': '/var/lib/lightdm-data/kiki', 'AMENT_PREFIX_PATH': '/opt/ros/jazzy', 'TERMINATOR_UUID': 'urn:uuid:09b29d06-c855-4d49-8392-44192634cf7d', 'SHELL': '/bin/bash', 'QT_ACCESSIBILITY': '1', 'GDMSESSION': 'ubuntu', 'GPG_AGENT_INFO': '/run/user/1000/gnupg/S.gpg-agent:0:1', 'GJS_DEBUG_OUTPUT': 'stderr', 'QT_IM_MODULE': 'ibus', 'ROS_AUTOMATIC_DISCOVERY_RANGE': 'SUBNET', 'LC_ALL': 'en_US.UTF-8', 'PWD': '/home/kiki/sentinel_ws/build/serial', 'XDG_CONFIG_DIRS': '/etc/xdg/xdg-ubuntu:/etc/xdg', 'XDG_DATA_DIRS': '/usr/share/ubuntu:/usr/share/gnome:/usr/local/share:/usr/share:/var/lib/snapd/desktop', 'PYTHONPATH': '/opt/ros/jazzy/lib/python3.12/site-packages', 'COLCON': '1', 'VTE_VERSION': '7600', 'MEMORY_PRESSURE_WRITE': 'c29tZSAyMDAwMDAgMjAwMDAwMAA=', 'CMAKE_PREFIX_PATH': '/opt/ros/jazzy/opt/gz_sim_vendor:/opt/ros/jazzy/opt/gz_sensors_vendor:/opt/ros/jazzy/opt/gz_physics_vendor:/opt/ros/jazzy/opt/sdformat_vendor:/opt/ros/jazzy/opt/gz_gui_vendor:/opt/ros/jazzy/opt/gz_transport_vendor:/opt/ros/jazzy/opt/gz_rendering_vendor:/opt/ros/jazzy/opt/gz_plugin_vendor:/opt/ros/jazzy/opt/gz_fuel_tools_vendor:/opt/ros/jazzy/opt/gz_msgs_vendor:/opt/ros/jazzy/opt/gz_common_vendor:/opt/ros/jazzy/opt/gz_math_vendor:/opt/ros/jazzy/opt/gz_utils_vendor:/opt/ros/jazzy/opt/gz_tools_vendor:/opt/ros/jazzy/opt/gz_ogre_next_vendor:/opt/ros/jazzy/opt/gz_dartsim_vendor:/opt/ros/jazzy/opt/gz_cmake_vendor:/opt/ros/jazzy'}), 'shell': False}
[0.600410] (-) TimerEvent: {}
[0.625195] (sentinel_publisher) StdoutLine: {'line': b'-- Found OpenSSL: /usr/lib/x86_64-linux-gnu/libcrypto.so (found version "3.0.13")  \n'}
[0.634068] (serial) StdoutLine: {'line': b'[  7%] \x1b[32mBuilding CXX object CMakeFiles/serial.dir/src/serial.cc.o\x1b[0m\n'}
[0.634917] (serial) StdoutLine: {'line': b'[ 14%] \x1b[32mBuilding CXX object gtest/CMakeFiles/gtest_main.dir/src/gtest_main.cc.o\x1b[0m\n'}
[0.635428] (serial) StdoutLine: {'line': b'[ 21%] \x1b[32mBuilding CXX object gtest/CMakeFiles/gtest.dir/src/gtest-all.cc.o\x1b[0m\n'}
[0.636518] (serial) StdoutLine: {'line': b'[ 35%] \x1b[32mBuilding CXX object CMakeFiles/serial.dir/src/impl/unix.cc.o\x1b[0m\n'}
[0.636676] (serial) StdoutLine: {'line': b'[ 35%] \x1b[32mBuilding CXX object CMakeFiles/serial.dir/src/impl/list_ports/list_ports_linux.cc.o\x1b[0m\n'}
[0.647829] (sentinel_publisher) StdoutLine: {'line': b'-- Found FastRTPS: /opt/ros/jazzy/include (Required is at least version "2.13") \n'}
[0.673017] (sentinel_publisher) StdoutLine: {'line': b"-- Using RMW implementation 'rmw_fastrtps_cpp' as default\n"}
[0.700560] (-) TimerEvent: {}
[0.725049] (sentinel_publisher) StdoutLine: {'line': b'-- Found rclcpp_action: 28.1.13 (/opt/ros/jazzy/share/rclcpp_action/cmake)\n'}
[0.756668] (sentinel_publisher) StdoutLine: {'line': b'-- Found geometry_msgs: 5.3.6 (/opt/ros/jazzy/share/geometry_msgs/cmake)\n'}
[0.779661] (sentinel_publisher) StdoutLine: {'line': b'-- Found nav2_msgs: 1.3.10 (/opt/ros/jazzy/share/nav2_msgs/cmake)\n'}
[0.800663] (-) TimerEvent: {}
[0.878910] (sentinel_publisher) StdoutLine: {'line': b'-- Found PostgreSQL: /usr/lib/x86_64-linux-gnu/libpq.so (found version "16.13")  \n'}
[0.881521] (sentinel_publisher) StdoutLine: {'line': b'-- Found nlohmann_json: /usr/share/cmake/nlohmann_json/nlohmann_jsonConfig.cmake (found version "3.11.3") \n'}
[0.883570] (sentinel_publisher) StdoutLine: {'line': b'-- Found sensor_msgs: 5.3.6 (/opt/ros/jazzy/share/sensor_msgs/cmake)\n'}
[0.900772] (-) TimerEvent: {}
[0.901027] (sentinel_publisher) StdoutLine: {'line': b'-- Found lifecycle_msgs: 2.0.3 (/opt/ros/jazzy/share/lifecycle_msgs/cmake)\n'}
[0.904457] (serial) StdoutLine: {'line': b'[ 42%] \x1b[32m\x1b[1mLinking CXX static library libserial.a\x1b[0m\n'}
[0.914285] (sentinel_publisher) StdoutLine: {'line': b'-- Found ros_gz_sim: 1.0.16 (/opt/ros/jazzy/share/ros_gz_sim/cmake)\n'}
[0.957323] (serial) StdoutLine: {'line': b'[ 42%] Built target serial\n'}
[0.977158] (sentinel_publisher) StdoutLine: {'line': b'-- Found ros_gz_bridge: 1.0.16 (/opt/ros/jazzy/share/ros_gz_bridge/cmake)\n'}
[0.977709] (serial) StdoutLine: {'line': b'[ 50%] \x1b[32mBuilding CXX object CMakeFiles/serial_example.dir/examples/serial_example.cc.o\x1b[0m\n'}
[0.989954] (sentinel_publisher) StdoutLine: {'line': b'-- Looking for gz-msgs10 -- found version 10.3.2\n'}
[0.994057] (sentinel_publisher) StdoutLine: {'line': b'-- Searching for dependencies of gz-msgs10\n'}
[1.000882] (-) TimerEvent: {}
[1.096368] (sentinel_publisher) StdoutLine: {'line': b'-- Found Protobuf: /usr/lib/x86_64-linux-gnu/libprotobuf.so (found version "3.21.12") \n'}
[1.098742] (sentinel_publisher) StdoutLine: {'line': b'-- Looking for gz-utils2 -- found version 2.2.1\n'}
[1.098937] (sentinel_publisher) StdoutLine: {'line': b'-- Searching for dependencies of gz-utils2\n'}
[1.100865] (sentinel_publisher) StdoutLine: {'line': b'-- Looking for gz-math7 -- found version 7.5.2\n'}
[1.101044] (-) TimerEvent: {}
[1.101233] (sentinel_publisher) StdoutLine: {'line': b'-- Searching for dependencies of gz-math7\n'}
[1.101337] (sentinel_publisher) StdoutLine: {'line': b'-- Looking for gz-utils2 -- found version 2.2.1\n'}
[1.106182] (sentinel_publisher) StdoutLine: {'line': b"-- Checking for module 'tinyxml2'\n"}
[1.119439] (sentinel_publisher) StdoutLine: {'line': b'--   Found tinyxml2, version 10.0.0\n'}
[1.150871] (sentinel_publisher) StdoutLine: {'line': b'-- Looking for gz-transport13 -- found version 13.5.0\n'}
[1.151050] (sentinel_publisher) StdoutLine: {'line': b'-- Searching for dependencies of gz-transport13\n'}
[1.166035] (serial) StdoutLine: {'line': b'[ 57%] \x1b[32m\x1b[1mLinking CXX executable serial_example\x1b[0m\n'}
[1.166283] (serial) StdoutLine: {'line': b'[ 64%] \x1b[32m\x1b[1mLinking CXX static library libgtest_main.a\x1b[0m\n'}
[1.176521] (sentinel_publisher) StdoutLine: {'line': b'-- Config-file not installed for ZeroMQ -- checking for pkg-config\n'}
[1.181024] (sentinel_publisher) StdoutLine: {'line': b"-- Checking for module 'libzmq >= 4'\n"}
[1.193847] (sentinel_publisher) StdoutLine: {'line': b'--   Found libzmq, version 4.3.5\n'}
[1.201157] (-) TimerEvent: {}
[1.218488] (serial) StdoutLine: {'line': b'[ 64%] Built target gtest_main\n'}
[1.220183] (serial) StdoutLine: {'line': b'[ 64%] Built target serial_example\n'}
[1.229472] (sentinel_publisher) StdoutLine: {'line': b'-- Found ZeroMQ: TRUE (Required is at least version "4") \n'}
[1.233885] (sentinel_publisher) StdoutLine: {'line': b"-- Checking for module 'uuid'\n"}
[1.246655] (sentinel_publisher) StdoutLine: {'line': b'--   Found uuid, version 2.39.3\n'}
[1.274615] (sentinel_publisher) StdoutLine: {'line': b'-- Found UUID: TRUE  \n'}
[1.274912] (sentinel_publisher) StdoutLine: {'line': b'-- Looking for gz-utils2 -- found version 2.2.1\n'}
[1.275088] (sentinel_publisher) StdoutLine: {'line': b'-- Searching for dependencies of gz-utils2\n'}
[1.275168] (sentinel_publisher) StdoutLine: {'line': b'-- Searching for <gz-utils2> component [cli]\n'}
[1.276248] (sentinel_publisher) StdoutLine: {'line': b'-- Looking for gz-utils2-cli -- found version 2.2.1\n'}
[1.276412] (sentinel_publisher) StdoutLine: {'line': b'-- Searching for dependencies of gz-utils2-cli\n'}
[1.276892] (sentinel_publisher) StdoutLine: {'line': b'-- Looking for gz-msgs10 -- found version 10.3.2\n'}
[1.301281] (-) TimerEvent: {}
[1.362748] (sentinel_publisher) StdoutLine: {'line': b'-- Found ament_lint_auto: 0.17.3 (/opt/ros/jazzy/share/ament_lint_auto/cmake)\n'}
[1.401405] (-) TimerEvent: {}
[1.439137] (sentinel_publisher) StdoutLine: {'line': b"-- Added test 'cppcheck' to perform static code analysis on C / C++ code\n"}
[1.439312] (sentinel_publisher) StdoutLine: {'line': b'-- Configured cppcheck include dirs: /home/kiki/sentinel_ws/src/sentinel_publisher/include\n'}
[1.439385] (sentinel_publisher) StdoutLine: {'line': b'-- Configured cppcheck exclude dirs and/or files: \n'}
[1.439694] (sentinel_publisher) StdoutLine: {'line': b"-- Added test 'flake8' to check Python code syntax and style conventions\n"}
[1.439793] (sentinel_publisher) StdoutLine: {'line': b"-- Configured 'flake8' exclude dirs and/or files: \n"}
[1.440380] (sentinel_publisher) StdoutLine: {'line': b"-- Added test 'lint_cmake' to check CMake code style\n"}
[1.441078] (sentinel_publisher) StdoutLine: {'line': b"-- Added test 'pep257' to check Python code against some of the docstring style conventions in PEP 257\n"}
[1.442422] (sentinel_publisher) StdoutLine: {'line': b"-- Added test 'uncrustify' to check C / C++ code style\n"}
[1.442524] (sentinel_publisher) StdoutLine: {'line': b'-- Configured uncrustify additional arguments: \n'}
[1.443251] (sentinel_publisher) StdoutLine: {'line': b"-- Added test 'xmllint' to check XML markup files\n"}
[1.445039] (sentinel_publisher) StdoutLine: {'line': b'-- Configuring done (1.4s)\n'}
[1.454654] (sentinel_publisher) StdoutLine: {'line': b'-- Generating done (0.0s)\n'}
[1.456891] (sentinel_publisher) StdoutLine: {'line': b'-- Build files have been written to: /home/kiki/sentinel_ws/build/sentinel_publisher\n'}
[1.465349] (sentinel_publisher) CommandEnded: {'returncode': 0}
[1.466148] (sentinel_publisher) JobProgress: {'identifier': 'sentinel_publisher', 'progress': 'build'}
[1.466181] (sentinel_publisher) Command: {'cmd': ['/usr/bin/cmake', '--build', '/home/kiki/sentinel_ws/build/sentinel_publisher', '--', '-j20', '-l20'], 'cwd': '/home/kiki/sentinel_ws/build/sentinel_publisher', 'env': OrderedDict({'XDG_ACTIVATION_TOKEN': 'gnome-shell/Terminator/2300-3-kiki-Legion-5-15IRX10_TIME1949117', 'GJS_DEBUG_TOPICS': 'JS ERROR;JS LOG', 'LANGUAGE': 'en_US', 'USER': 'kiki', 'GZ_SIM_RESOURCE_PATH': '/opt/ros/jazzy/share', 'GZ_CONFIG_PATH': '/opt/ros/jazzy/opt/gz_sim_vendor/share/gz:/opt/ros/jazzy/opt/sdformat_vendor/share/gz:/opt/ros/jazzy/opt/gz_gui_vendor/share/gz:/opt/ros/jazzy/opt/gz_transport_vendor/share/gz:/opt/ros/jazzy/opt/gz_rendering_vendor/share/gz:/opt/ros/jazzy/opt/gz_plugin_vendor/share/gz:/opt/ros/jazzy/opt/gz_fuel_tools_vendor/share/gz:/opt/ros/jazzy/opt/gz_msgs_vendor/share/gz:/opt/ros/jazzy/opt/gz_common_vendor/share/gz', 'XDG_SESSION_TYPE': 'x11', 'CLUTTER_DISABLE_MIPMAPPED_TEXT': '1', 'SHLVL': '1', 'LD_LIBRARY_PATH': '/opt/ros/jazzy/opt/gz_sim_vendor/lib:/opt/ros/jazzy/opt/gz_sensors_vendor/lib:/opt/ros/jazzy/opt/gz_physics_vendor/lib:/opt/ros/jazzy/opt/sdformat_vendor/lib:/opt/ros/jazzy/opt/rviz_ogre_vendor/lib:/opt/ros/jazzy/lib/x86_64-linux-gnu:/opt/ros/jazzy/opt/gz_gui_vendor/lib:/opt/ros/jazzy/opt/gz_transport_vendor/lib:/opt/ros/jazzy/opt/gz_rendering_vendor/lib:/opt/ros/jazzy/opt/gz_plugin_vendor/lib:/opt/ros/jazzy/opt/gz_fuel_tools_vendor/lib:/opt/ros/jazzy/opt/gz_msgs_vendor/lib:/opt/ros/jazzy/opt/gz_common_vendor/lib:/opt/ros/jazzy/opt/gz_math_vendor/lib:/opt/ros/jazzy/opt/gz_utils_vendor/lib:/opt/ros/jazzy/opt/gz_tools_vendor/lib:/opt/ros/jazzy/opt/gz_ogre_next_vendor/lib:/opt/ros/jazzy/opt/gz_dartsim_vendor/lib:/opt/ros/jazzy/opt/gz_cmake_vendor/lib:/opt/ros/jazzy/lib', 'HOME': '/home/kiki', 'OLDPWD': '/home/kiki', 'LESS': '-R', 'DESKTOP_SESSION': 'ubuntu', 'GIO_LAUNCHED_DESKTOP_FILE': '/usr/share/applications/terminator.desktop', 'ZSH': '/home/kiki/.oh-my-zsh', 'LSCOLORS': 'Gxfxcxdxbxegedabagacad', 'GTK_MODULES': 'gail:atk-bridge', 'GNOME_SHELL_SESSION_MODE': 'ubuntu', 'XDG_SEAT_PATH': '/org/freedesktop/DisplayManager/Seat0', 'PAGER': 'less', 'ROS_PYTHON_VERSION': '3', 'MANAGERPID': '2020', 'SYSTEMD_EXEC_PID': '2300', 'DBUS_SESSION_BUS_ADDRESS': 'unix:path=/run/user/1000/bus', 'GSM_SKIP_SSH_AGENT_WORKAROUND': 'true', 'GIO_LAUNCHED_DESKTOP_FILE_PID': '13826', 'COLORTERM': 'truecolor', 'TERMINATOR_DBUS_NAME': 'net.tenshu.Terminator21a9d5db22c73a993ff0b42f64b396873', 'DEBUGINFOD_URLS': 'https://debuginfod.ubuntu.com', 'ROS_DISTRO': 'jazzy', 'LOGNAME': 'kiki', 'JOURNAL_STREAM': '8:7751', '_': '/usr/bin/colcon', 'MEMORY_PRESSURE_WATCH': '/sys/fs/cgroup/user.slice/user-1000.slice/user@1000.service/session.slice/org.gnome.Shell@x11.service/memory.pressure', 'XDG_SESSION_CLASS': 'user', 'ROS_VERSION': '2', 'TERM': 'xterm-256color', 'GNOME_DESKTOP_SESSION_ID': 'this-is-deprecated', 'PATH': '/opt/ros/jazzy/opt/gz_msgs_vendor/bin:/opt/ros/jazzy/opt/gz_tools_vendor/bin:/opt/ros/jazzy/opt/gz_ogre_next_vendor/bin:/opt/ros/jazzy/bin:/home/kiki/.local/bin:/usr/local/sbin:/usr/local/bin:/usr/sbin:/usr/bin:/sbin:/bin:/usr/games:/usr/local/games:/snap/bin', 'INVOCATION_ID': '09df69bc82cd4db7a7e335e5bd2e8d3f', 'SESSION_MANAGER': 'local/kiki-Legion-5-15IRX10:@/tmp/.ICE-unix/2240,unix/kiki-Legion-5-15IRX10:/tmp/.ICE-unix/2240', 'GDM_LANG': 'en_US', 'XDG_MENU_PREFIX': 'gnome-', 'XDG_SESSION_PATH': '/org/freedesktop/DisplayManager/Session0', 'XDG_RUNTIME_DIR': '/run/user/1000', 'DISPLAY': ':0', 'XDG_CURRENT_DESKTOP': 'ubuntu:GNOME', 'LANG': 'en_US.UTF-8', 'TERMINATOR_DBUS_PATH': '/net/tenshu/Terminator2', 'XDG_SESSION_DESKTOP': 'ubuntu', 'XMODIFIERS': '@im=ibus', 'XAUTHORITY': '/home/kiki/.Xauthority', 'LS_COLORS': 'rs=0:di=01;34:ln=01;36:mh=00:pi=40;33:so=01;35:do=01;35:bd=40;33;01:cd=40;33;01:or=40;31;01:mi=00:su=37;41:sg=30;43:ca=00:tw=30;42:ow=34;42:st=37;44:ex=01;32:*.tar=01;31:*.tgz=01;31:*.arc=01;31:*.arj=01;31:*.taz=01;31:*.lha=01;31:*.lz4=01;31:*.lzh=01;31:*.lzma=01;31:*.tlz=01;31:*.txz=01;31:*.tzo=01;31:*.t7z=01;31:*.zip=01;31:*.z=01;31:*.dz=01;31:*.gz=01;31:*.lrz=01;31:*.lz=01;31:*.lzo=01;31:*.xz=01;31:*.zst=01;31:*.tzst=01;31:*.bz2=01;31:*.bz=01;31:*.tbz=01;31:*.tbz2=01;31:*.tz=01;31:*.deb=01;31:*.rpm=01;31:*.jar=01;31:*.war=01;31:*.ear=01;31:*.sar=01;31:*.rar=01;31:*.alz=01;31:*.ace=01;31:*.zoo=01;31:*.cpio=01;31:*.7z=01;31:*.rz=01;31:*.cab=01;31:*.wim=01;31:*.swm=01;31:*.dwm=01;31:*.esd=01;31:*.avif=01;35:*.jpg=01;35:*.jpeg=01;35:*.mjpg=01;35:*.mjpeg=01;35:*.gif=01;35:*.bmp=01;35:*.pbm=01;35:*.pgm=01;35:*.ppm=01;35:*.tga=01;35:*.xbm=01;35:*.xpm=01;35:*.tif=01;35:*.tiff=01;35:*.png=01;35:*.svg=01;35:*.svgz=01;35:*.mng=01;35:*.pcx=01;35:*.mov=01;35:*.mpg=01;35:*.mpeg=01;35:*.m2v=01;35:*.mkv=01;35:*.webm=01;35:*.webp=01;35:*.ogm=01;35:*.mp4=01;35:*.m4v=01;35:*.mp4v=01;35:*.vob=01;35:*.qt=01;35:*.nuv=01;35:*.wmv=01;35:*.asf=01;35:*.rm=01;35:*.rmvb=01;35:*.flc=01;35:*.avi=01;35:*.fli=01;35:*.flv=01;35:*.gl=01;35:*.dl=01;35:*.xcf=01;35:*.xwd=01;35:*.yuv=01;35:*.cgm=01;35:*.emf=01;35:*.ogv=01;35:*.ogx=01;35:*.aac=00;36:*.au=00;36:*.flac=00;36:*.m4a=00;36:*.mid=00;36:*.midi=00;36:*.mka=00;36:*.mp3=00;36:*.mpc=00;36:*.ogg=00;36:*.ra=00;36:*.wav=00;36:*.oga=00;36:*.opus=00;36:*.spx=00;36:*.xspf=00;36:*~=00;90:*#=00;90:*.bak=00;90:*.crdownload=00;90:*.dpkg-dist=00;90:*.dpkg-new=00;90:*.dpkg-old=00;90:*.dpkg-tmp=00;90:*.old=00;90:*.orig=00;90:*.part=00;90:*.rej=00;90:*.rpmnew=00;90:*.rpmorig=00;90:*.rpmsave=00;90:*.swp=00;90:*.tmp=00;90:*.ucf-dist=00;90:*.ucf-new=00;90:*.ucf-old=00;90:', 'SSH_AUTH_SOCK': '/run/user/1000/keyring/ssh', 'XDG_GREETER_DATA_DIR': '/var/lib/lightdm-data/kiki', 'AMENT_PREFIX_PATH': '/opt/ros/jazzy', 'TERMINATOR_UUID': 'urn:uuid:09b29d06-c855-4d49-8392-44192634cf7d', 'SHELL': '/bin/bash', 'QT_ACCESSIBILITY': '1', 'GDMSESSION': 'ubuntu', 'GPG_AGENT_INFO': '/run/user/1000/gnupg/S.gpg-agent:0:1', 'GJS_DEBUG_OUTPUT': 'stderr', 'QT_IM_MODULE': 'ibus', 'ROS_AUTOMATIC_DISCOVERY_RANGE': 'SUBNET', 'LC_ALL': 'en_US.UTF-8', 'PWD': '/home/kiki/sentinel_ws/build/sentinel_publisher', 'XDG_CONFIG_DIRS': '/etc/xdg/xdg-ubuntu:/etc/xdg', 'XDG_DATA_DIRS': '/usr/share/ubuntu:/usr/share/gnome:/usr/local/share:/usr/share:/var/lib/snapd/desktop', 'PYTHONPATH': '/opt/ros/jazzy/lib/python3.12/site-packages', 'COLCON': '1', 'VTE_VERSION': '7600', 'MEMORY_PRESSURE_WRITE': 'c29tZSAyMDAwMDAgMjAwMDAwMAA=', 'CMAKE_PREFIX_PATH': '/opt/ros/jazzy/opt/gz_sim_vendor:/opt/ros/jazzy/opt/gz_sensors_vendor:/opt/ros/jazzy/opt/gz_physics_vendor:/opt/ros/jazzy/opt/sdformat_vendor:/opt/ros/jazzy/opt/gz_gui_vendor:/opt/ros/jazzy/opt/gz_transport_vendor:/opt/ros/jazzy/opt/gz_rendering_vendor:/opt/ros/jazzy/opt/gz_plugin_vendor:/opt/ros/jazzy/opt/gz_fuel_tools_vendor:/opt/ros/jazzy/opt/gz_msgs_vendor:/opt/ros/jazzy/opt/gz_common_vendor:/opt/ros/jazzy/opt/gz_math_vendor:/opt/ros/jazzy/opt/gz_utils_vendor:/opt/ros/jazzy/opt/gz_tools_vendor:/opt/ros/jazzy/opt/gz_ogre_next_vendor:/opt/ros/jazzy/opt/gz_dartsim_vendor:/opt/ros/jazzy/opt/gz_cmake_vendor:/opt/ros/jazzy'}), 'shell': False}
[1.501572] (-) TimerEvent: {}
[1.510971] (sentinel_publisher) StdoutLine: {'line': b'[ 50%] \x1b[32mBuilding CXX object CMakeFiles/twist_to_stamped.dir/src/twist_to_stamped.cpp.o\x1b[0m\n'}
[1.601665] (-) TimerEvent: {}
[1.701909] (-) TimerEvent: {}
[1.802182] (-) TimerEvent: {}
[1.902482] (-) TimerEvent: {}
[2.002733] (-) TimerEvent: {}
[2.103067] (-) TimerEvent: {}
[2.203346] (-) TimerEvent: {}
[2.303630] (-) TimerEvent: {}
[2.403891] (-) TimerEvent: {}
[2.504170] (-) TimerEvent: {}
[2.604420] (-) TimerEvent: {}
[2.704705] (-) TimerEvent: {}
[2.725129] (serial) StdoutLine: {'line': b'[ 71%] \x1b[32m\x1b[1mLinking CXX static library libgtest.a\x1b[0m\n'}
[2.789350] (serial) StdoutLine: {'line': b'[ 71%] Built target gtest\n'}
[2.804847] (-) TimerEvent: {}
[2.809044] (serial) StdoutLine: {'line': b'[ 85%] \x1b[32mBuilding CXX object tests/CMakeFiles/serial-test.dir/unix_serial_tests.cc.o\x1b[0m\n'}
[2.809229] (serial) StdoutLine: {'line': b'[ 85%] \x1b[32mBuilding CXX object tests/CMakeFiles/serial-test-timer.dir/unit/unix_timer_tests.cc.o\x1b[0m\n'}
[2.904996] (-) TimerEvent: {}
[3.005325] (-) TimerEvent: {}
[3.105600] (-) TimerEvent: {}
[3.194494] (serial) StderrLine: {'line': b'In file included from \x1b[01m\x1b[K/usr/include/boost/bind/detail/requires_cxx11.hpp:9\x1b[m\x1b[K,\n'}
[3.194701] (serial) StderrLine: {'line': b'                 from \x1b[01m\x1b[K/usr/include/boost/bind/bind.hpp:24\x1b[m\x1b[K,\n'}
[3.194774] (serial) StderrLine: {'line': b'                 from \x1b[01m\x1b[K/usr/include/boost/bind.hpp:29\x1b[m\x1b[K,\n'}
[3.194840] (serial) StderrLine: {'line': b'                 from \x1b[01m\x1b[K/home/kiki/sentinel_ws/src/serial/tests/unix_serial_tests.cc:23\x1b[m\x1b[K:\n'}
[3.194903] (serial) StderrLine: {'line': b'\x1b[01m\x1b[K/usr/include/boost/bind.hpp:36:1:\x1b[m\x1b[K \x1b[01;36m\x1b[Knote: \x1b[m\x1b[K\xe2\x80\x98\x1b[01m\x1b[K#pragma message: The practice of declaring the Bind placeholders (_1, _2, ...) in the global namespace is deprecated. Please use <boost/bind/bind.hpp> + using namespace boost::placeholders, or define BOOST_BIND_GLOBAL_PLACEHOLDERS to retain the current behavior.\x1b[m\x1b[K\xe2\x80\x99\n'}
[3.194974] (serial) StderrLine: {'line': b'   36 | \x1b[01;36m\x1b[KBOOST_PRAGMA_MESSAGE\x1b[m\x1b[K(\n'}
[3.195037] (serial) StderrLine: {'line': b'      | \x1b[01;36m\x1b[K^~~~~~~~~~~~~~~~~~~~\x1b[m\x1b[K\n'}
[3.205747] (-) TimerEvent: {}
[3.288356] (serial) StdoutLine: {'line': b'[ 92%] \x1b[32m\x1b[1mLinking CXX executable serial-test-timer\x1b[0m\n'}
[3.305855] (-) TimerEvent: {}
[3.356136] (serial) StdoutLine: {'line': b'[100%] \x1b[32m\x1b[1mLinking CXX executable serial-test\x1b[0m\n'}
[3.359332] (serial) StdoutLine: {'line': b'[100%] Built target serial-test-timer\n'}
[3.405976] (-) TimerEvent: {}
[3.429749] (serial) StdoutLine: {'line': b'[100%] Built target serial-test\n'}
[3.440269] (serial) CommandEnded: {'returncode': 0}
[3.440713] (serial) JobProgress: {'identifier': 'serial', 'progress': 'install'}
[3.446511] (serial) Command: {'cmd': ['/usr/bin/cmake', '--install', '/home/kiki/sentinel_ws/build/serial'], 'cwd': '/home/kiki/sentinel_ws/build/serial', 'env': OrderedDict({'XDG_ACTIVATION_TOKEN': 'gnome-shell/Terminator/2300-3-kiki-Legion-5-15IRX10_TIME1949117', 'GJS_DEBUG_TOPICS': 'JS ERROR;JS LOG', 'LANGUAGE': 'en_US', 'USER': 'kiki', 'GZ_SIM_RESOURCE_PATH': '/opt/ros/jazzy/share', 'GZ_CONFIG_PATH': '/opt/ros/jazzy/opt/gz_sim_vendor/share/gz:/opt/ros/jazzy/opt/sdformat_vendor/share/gz:/opt/ros/jazzy/opt/gz_gui_vendor/share/gz:/opt/ros/jazzy/opt/gz_transport_vendor/share/gz:/opt/ros/jazzy/opt/gz_rendering_vendor/share/gz:/opt/ros/jazzy/opt/gz_plugin_vendor/share/gz:/opt/ros/jazzy/opt/gz_fuel_tools_vendor/share/gz:/opt/ros/jazzy/opt/gz_msgs_vendor/share/gz:/opt/ros/jazzy/opt/gz_common_vendor/share/gz', 'XDG_SESSION_TYPE': 'x11', 'CLUTTER_DISABLE_MIPMAPPED_TEXT': '1', 'SHLVL': '1', 'LD_LIBRARY_PATH': '/opt/ros/jazzy/opt/gz_sim_vendor/lib:/opt/ros/jazzy/opt/gz_sensors_vendor/lib:/opt/ros/jazzy/opt/gz_physics_vendor/lib:/opt/ros/jazzy/opt/sdformat_vendor/lib:/opt/ros/jazzy/opt/rviz_ogre_vendor/lib:/opt/ros/jazzy/lib/x86_64-linux-gnu:/opt/ros/jazzy/opt/gz_gui_vendor/lib:/opt/ros/jazzy/opt/gz_transport_vendor/lib:/opt/ros/jazzy/opt/gz_rendering_vendor/lib:/opt/ros/jazzy/opt/gz_plugin_vendor/lib:/opt/ros/jazzy/opt/gz_fuel_tools_vendor/lib:/opt/ros/jazzy/opt/gz_msgs_vendor/lib:/opt/ros/jazzy/opt/gz_common_vendor/lib:/opt/ros/jazzy/opt/gz_math_vendor/lib:/opt/ros/jazzy/opt/gz_utils_vendor/lib:/opt/ros/jazzy/opt/gz_tools_vendor/lib:/opt/ros/jazzy/opt/gz_ogre_next_vendor/lib:/opt/ros/jazzy/opt/gz_dartsim_vendor/lib:/opt/ros/jazzy/opt/gz_cmake_vendor/lib:/opt/ros/jazzy/lib', 'HOME': '/home/kiki', 'OLDPWD': '/home/kiki', 'LESS': '-R', 'DESKTOP_SESSION': 'ubuntu', 'GIO_LAUNCHED_DESKTOP_FILE': '/usr/share/applications/terminator.desktop', 'ZSH': '/home/kiki/.oh-my-zsh', 'LSCOLORS': 'Gxfxcxdxbxegedabagacad', 'GTK_MODULES': 'gail:atk-bridge', 'GNOME_SHELL_SESSION_MODE': 'ubuntu', 'XDG_SEAT_PATH': '/org/freedesktop/DisplayManager/Seat0', 'PAGER': 'less', 'ROS_PYTHON_VERSION': '3', 'MANAGERPID': '2020', 'SYSTEMD_EXEC_PID': '2300', 'DBUS_SESSION_BUS_ADDRESS': 'unix:path=/run/user/1000/bus', 'GSM_SKIP_SSH_AGENT_WORKAROUND': 'true', 'GIO_LAUNCHED_DESKTOP_FILE_PID': '13826', 'COLORTERM': 'truecolor', 'TERMINATOR_DBUS_NAME': 'net.tenshu.Terminator21a9d5db22c73a993ff0b42f64b396873', 'DEBUGINFOD_URLS': 'https://debuginfod.ubuntu.com', 'ROS_DISTRO': 'jazzy', 'LOGNAME': 'kiki', 'JOURNAL_STREAM': '8:7751', '_': '/usr/bin/colcon', 'MEMORY_PRESSURE_WATCH': '/sys/fs/cgroup/user.slice/user-1000.slice/user@1000.service/session.slice/org.gnome.Shell@x11.service/memory.pressure', 'XDG_SESSION_CLASS': 'user', 'ROS_VERSION': '2', 'TERM': 'xterm-256color', 'GNOME_DESKTOP_SESSION_ID': 'this-is-deprecated', 'PATH': '/opt/ros/jazzy/opt/gz_msgs_vendor/bin:/opt/ros/jazzy/opt/gz_tools_vendor/bin:/opt/ros/jazzy/opt/gz_ogre_next_vendor/bin:/opt/ros/jazzy/bin:/home/kiki/.local/bin:/usr/local/sbin:/usr/local/bin:/usr/sbin:/usr/bin:/sbin:/bin:/usr/games:/usr/local/games:/snap/bin', 'INVOCATION_ID': '09df69bc82cd4db7a7e335e5bd2e8d3f', 'SESSION_MANAGER': 'local/kiki-Legion-5-15IRX10:@/tmp/.ICE-unix/2240,unix/kiki-Legion-5-15IRX10:/tmp/.ICE-unix/2240', 'GDM_LANG': 'en_US', 'XDG_MENU_PREFIX': 'gnome-', 'XDG_SESSION_PATH': '/org/freedesktop/DisplayManager/Session0', 'XDG_RUNTIME_DIR': '/run/user/1000', 'DISPLAY': ':0', 'XDG_CURRENT_DESKTOP': 'ubuntu:GNOME', 'LANG': 'en_US.UTF-8', 'TERMINATOR_DBUS_PATH': '/net/tenshu/Terminator2', 'XDG_SESSION_DESKTOP': 'ubuntu', 'XMODIFIERS': '@im=ibus', 'XAUTHORITY': '/home/kiki/.Xauthority', 'LS_COLORS': 'rs=0:di=01;34:ln=01;36:mh=00:pi=40;33:so=01;35:do=01;35:bd=40;33;01:cd=40;33;01:or=40;31;01:mi=00:su=37;41:sg=30;43:ca=00:tw=30;42:ow=34;42:st=37;44:ex=01;32:*.tar=01;31:*.tgz=01;31:*.arc=01;31:*.arj=01;31:*.taz=01;31:*.lha=01;31:*.lz4=01;31:*.lzh=01;31:*.lzma=01;31:*.tlz=01;31:*.txz=01;31:*.tzo=01;31:*.t7z=01;31:*.zip=01;31:*.z=01;31:*.dz=01;31:*.gz=01;31:*.lrz=01;31:*.lz=01;31:*.lzo=01;31:*.xz=01;31:*.zst=01;31:*.tzst=01;31:*.bz2=01;31:*.bz=01;31:*.tbz=01;31:*.tbz2=01;31:*.tz=01;31:*.deb=01;31:*.rpm=01;31:*.jar=01;31:*.war=01;31:*.ear=01;31:*.sar=01;31:*.rar=01;31:*.alz=01;31:*.ace=01;31:*.zoo=01;31:*.cpio=01;31:*.7z=01;31:*.rz=01;31:*.cab=01;31:*.wim=01;31:*.swm=01;31:*.dwm=01;31:*.esd=01;31:*.avif=01;35:*.jpg=01;35:*.jpeg=01;35:*.mjpg=01;35:*.mjpeg=01;35:*.gif=01;35:*.bmp=01;35:*.pbm=01;35:*.pgm=01;35:*.ppm=01;35:*.tga=01;35:*.xbm=01;35:*.xpm=01;35:*.tif=01;35:*.tiff=01;35:*.png=01;35:*.svg=01;35:*.svgz=01;35:*.mng=01;35:*.pcx=01;35:*.mov=01;35:*.mpg=01;35:*.mpeg=01;35:*.m2v=01;35:*.mkv=01;35:*.webm=01;35:*.webp=01;35:*.ogm=01;35:*.mp4=01;35:*.m4v=01;35:*.mp4v=01;35:*.vob=01;35:*.qt=01;35:*.nuv=01;35:*.wmv=01;35:*.asf=01;35:*.rm=01;35:*.rmvb=01;35:*.flc=01;35:*.avi=01;35:*.fli=01;35:*.flv=01;35:*.gl=01;35:*.dl=01;35:*.xcf=01;35:*.xwd=01;35:*.yuv=01;35:*.cgm=01;35:*.emf=01;35:*.ogv=01;35:*.ogx=01;35:*.aac=00;36:*.au=00;36:*.flac=00;36:*.m4a=00;36:*.mid=00;36:*.midi=00;36:*.mka=00;36:*.mp3=00;36:*.mpc=00;36:*.ogg=00;36:*.ra=00;36:*.wav=00;36:*.oga=00;36:*.opus=00;36:*.spx=00;36:*.xspf=00;36:*~=00;90:*#=00;90:*.bak=00;90:*.crdownload=00;90:*.dpkg-dist=00;90:*.dpkg-new=00;90:*.dpkg-old=00;90:*.dpkg-tmp=00;90:*.old=00;90:*.orig=00;90:*.part=00;90:*.rej=00;90:*.rpmnew=00;90:*.rpmorig=00;90:*.rpmsave=00;90:*.swp=00;90:*.tmp=00;90:*.ucf-dist=00;90:*.ucf-new=00;90:*.ucf-old=00;90:', 'SSH_AUTH_SOCK': '/run/user/1000/keyring/ssh', 'XDG_GREETER_DATA_DIR': '/var/lib/lightdm-data/kiki', 'AMENT_PREFIX_PATH': '/opt/ros/jazzy', 'TERMINATOR_UUID': 'urn:uuid:09b29d06-c855-4d49-8392-44192634cf7d', 'SHELL': '/bin/bash', 'QT_ACCESSIBILITY': '1', 'GDMSESSION': 'ubuntu', 'GPG_AGENT_INFO': '/run/user/1000/gnupg/S.gpg-agent:0:1', 'GJS_DEBUG_OUTPUT': 'stderr', 'QT_IM_MODULE': 'ibus', 'ROS_AUTOMATIC_DISCOVERY_RANGE': 'SUBNET', 'LC_ALL': 'en_US.UTF-8', 'PWD': '/home/kiki/sentinel_ws/build/serial', 'XDG_CONFIG_DIRS': '/etc/xdg/xdg-ubuntu:/etc/xdg', 'XDG_DATA_DIRS': '/usr/share/ubuntu:/usr/share/gnome:/usr/local/share:/usr/share:/var/lib/snapd/desktop', 'PYTHONPATH': '/opt/ros/jazzy/lib/python3.12/site-packages', 'COLCON': '1', 'VTE_VERSION': '7600', 'MEMORY_PRESSURE_WRITE': 'c29tZSAyMDAwMDAgMjAwMDAwMAA=', 'CMAKE_PREFIX_PATH': '/opt/ros/jazzy/opt/gz_sim_vendor:/opt/ros/jazzy/opt/gz_sensors_vendor:/opt/ros/jazzy/opt/gz_physics_vendor:/opt/ros/jazzy/opt/sdformat_vendor:/opt/ros/jazzy/opt/gz_gui_vendor:/opt/ros/jazzy/opt/gz_transport_vendor:/opt/ros/jazzy/opt/gz_rendering_vendor:/opt/ros/jazzy/opt/gz_plugin_vendor:/opt/ros/jazzy/opt/gz_fuel_tools_vendor:/opt/ros/jazzy/opt/gz_msgs_vendor:/opt/ros/jazzy/opt/gz_common_vendor:/opt/ros/jazzy/opt/gz_math_vendor:/opt/ros/jazzy/opt/gz_utils_vendor:/opt/ros/jazzy/opt/gz_tools_vendor:/opt/ros/jazzy/opt/gz_ogre_next_vendor:/opt/ros/jazzy/opt/gz_dartsim_vendor:/opt/ros/jazzy/opt/gz_cmake_vendor:/opt/ros/jazzy'}), 'shell': False}
[3.452444] (serial) StdoutLine: {'line': b'-- Install configuration: ""\n'}
[3.452594] (serial) StdoutLine: {'line': b'-- Execute custom install script\n'}
[3.452820] (serial) StdoutLine: {'line': b'-- Symlinking: /home/kiki/sentinel_ws/install/serial/lib/libserial.a\n'}
[3.460321] (serial) StdoutLine: {'line': b'-- Symlinking: /home/kiki/sentinel_ws/install/serial/include/serial/serial.h\n'}
[3.466070] (serial) StdoutLine: {'line': b'-- Symlinking: /home/kiki/sentinel_ws/install/serial/include/serial/v8stdint.h\n'}
[3.472900] (serial) StdoutLine: {'line': b'-- Symlinking: /home/kiki/sentinel_ws/install/serial/share/serial/environment/library_path.sh\n'}
[3.478481] (serial) StdoutLine: {'line': b'-- Symlinking: /home/kiki/sentinel_ws/install/serial/share/serial/environment/library_path.dsv\n'}
[3.485031] (serial) StdoutLine: {'line': b'-- Symlinking: /home/kiki/sentinel_ws/install/serial/share/ament_index/resource_index/package_run_dependencies/serial\n'}
[3.492154] (serial) StdoutLine: {'line': b'-- Symlinking: /home/kiki/sentinel_ws/install/serial/share/ament_index/resource_index/parent_prefix_path/serial\n'}
[3.497734] (serial) StdoutLine: {'line': b'-- Symlinking: /home/kiki/sentinel_ws/install/serial/share/serial/environment/ament_prefix_path.sh\n'}
[3.503528] (serial) StdoutLine: {'line': b'-- Symlinking: /home/kiki/sentinel_ws/install/serial/share/serial/environment/ament_prefix_path.dsv\n'}
[3.506070] (-) TimerEvent: {}
[3.511736] (serial) StdoutLine: {'line': b'-- Symlinking: /home/kiki/sentinel_ws/install/serial/share/serial/environment/path.sh\n'}
[3.517906] (serial) StdoutLine: {'line': b'-- Symlinking: /home/kiki/sentinel_ws/install/serial/share/serial/environment/path.dsv\n'}
[3.523715] (serial) StdoutLine: {'line': b'-- Symlinking: /home/kiki/sentinel_ws/install/serial/share/serial/local_setup.bash\n'}
[3.531686] (serial) StdoutLine: {'line': b'-- Symlinking: /home/kiki/sentinel_ws/install/serial/share/serial/local_setup.sh\n'}
[3.537614] (serial) StdoutLine: {'line': b'-- Symlinking: /home/kiki/sentinel_ws/install/serial/share/serial/local_setup.zsh\n'}
[3.543307] (serial) StdoutLine: {'line': b'-- Symlinking: /home/kiki/sentinel_ws/install/serial/share/serial/local_setup.dsv\n'}
[3.551134] (serial) StdoutLine: {'line': b'-- Symlinking: /home/kiki/sentinel_ws/install/serial/share/serial/package.dsv\n'}
[3.557474] (serial) StdoutLine: {'line': b'-- Symlinking: /home/kiki/sentinel_ws/install/serial/share/ament_index/resource_index/packages/serial\n'}
[3.563443] (serial) StdoutLine: {'line': b'-- Symlinking: /home/kiki/sentinel_ws/install/serial/share/serial/cmake/ament_cmake_export_include_directories-extras.cmake\n'}
[3.571324] (serial) StdoutLine: {'line': b'-- Symlinking: /home/kiki/sentinel_ws/install/serial/share/serial/cmake/ament_cmake_export_libraries-extras.cmake\n'}
[3.577620] (serial) StdoutLine: {'line': b'-- Symlinking: /home/kiki/sentinel_ws/install/serial/share/serial/cmake/serialConfig.cmake\n'}
[3.583370] (serial) StdoutLine: {'line': b'-- Symlinking: /home/kiki/sentinel_ws/install/serial/share/serial/cmake/serialConfig-version.cmake\n'}
[3.591611] (serial) StdoutLine: {'line': b'-- Symlinking: /home/kiki/sentinel_ws/install/serial/share/serial/package.xml\n'}
[3.599076] (serial) CommandEnded: {'returncode': 0}
[3.606322] (-) TimerEvent: {}
[3.607752] (serial) JobEnded: {'identifier': 'serial', 'rc': 0}
[3.608686] (diffdrive_arduino) JobStarted: {'identifier': 'diffdrive_arduino'}
[3.613554] (diffdrive_arduino) JobProgress: {'identifier': 'diffdrive_arduino', 'progress': 'cmake'}
[3.614248] (diffdrive_arduino) Command: {'cmd': ['/usr/bin/cmake', '/home/kiki/sentinel_ws/src/diffdrive_arduino', '-DAMENT_CMAKE_SYMLINK_INSTALL=1', '-DCMAKE_INSTALL_PREFIX=/home/kiki/sentinel_ws/install/diffdrive_arduino'], 'cwd': '/home/kiki/sentinel_ws/build/diffdrive_arduino', 'env': OrderedDict({'XDG_ACTIVATION_TOKEN': 'gnome-shell/Terminator/2300-3-kiki-Legion-5-15IRX10_TIME1949117', 'GJS_DEBUG_TOPICS': 'JS ERROR;JS LOG', 'LANGUAGE': 'en_US', 'USER': 'kiki', 'GZ_SIM_RESOURCE_PATH': '/opt/ros/jazzy/share', 'GZ_CONFIG_PATH': '/opt/ros/jazzy/opt/gz_sim_vendor/share/gz:/opt/ros/jazzy/opt/sdformat_vendor/share/gz:/opt/ros/jazzy/opt/gz_gui_vendor/share/gz:/opt/ros/jazzy/opt/gz_transport_vendor/share/gz:/opt/ros/jazzy/opt/gz_rendering_vendor/share/gz:/opt/ros/jazzy/opt/gz_plugin_vendor/share/gz:/opt/ros/jazzy/opt/gz_fuel_tools_vendor/share/gz:/opt/ros/jazzy/opt/gz_msgs_vendor/share/gz:/opt/ros/jazzy/opt/gz_common_vendor/share/gz', 'XDG_SESSION_TYPE': 'x11', 'CLUTTER_DISABLE_MIPMAPPED_TEXT': '1', 'SHLVL': '1', 'LD_LIBRARY_PATH': '/home/kiki/sentinel_ws/install/serial/lib:/opt/ros/jazzy/opt/gz_sim_vendor/lib:/opt/ros/jazzy/opt/gz_sensors_vendor/lib:/opt/ros/jazzy/opt/gz_physics_vendor/lib:/opt/ros/jazzy/opt/sdformat_vendor/lib:/opt/ros/jazzy/opt/rviz_ogre_vendor/lib:/opt/ros/jazzy/lib/x86_64-linux-gnu:/opt/ros/jazzy/opt/gz_gui_vendor/lib:/opt/ros/jazzy/opt/gz_transport_vendor/lib:/opt/ros/jazzy/opt/gz_rendering_vendor/lib:/opt/ros/jazzy/opt/gz_plugin_vendor/lib:/opt/ros/jazzy/opt/gz_fuel_tools_vendor/lib:/opt/ros/jazzy/opt/gz_msgs_vendor/lib:/opt/ros/jazzy/opt/gz_common_vendor/lib:/opt/ros/jazzy/opt/gz_math_vendor/lib:/opt/ros/jazzy/opt/gz_utils_vendor/lib:/opt/ros/jazzy/opt/gz_tools_vendor/lib:/opt/ros/jazzy/opt/gz_ogre_next_vendor/lib:/opt/ros/jazzy/opt/gz_dartsim_vendor/lib:/opt/ros/jazzy/opt/gz_cmake_vendor/lib:/opt/ros/jazzy/lib', 'HOME': '/home/kiki', 'OLDPWD': '/home/kiki', 'LESS': '-R', 'DESKTOP_SESSION': 'ubuntu', 'GIO_LAUNCHED_DESKTOP_FILE': '/usr/share/applications/terminator.desktop', 'ZSH': '/home/kiki/.oh-my-zsh', 'LSCOLORS': 'Gxfxcxdxbxegedabagacad', 'GTK_MODULES': 'gail:atk-bridge', 'GNOME_SHELL_SESSION_MODE': 'ubuntu', 'XDG_SEAT_PATH': '/org/freedesktop/DisplayManager/Seat0', 'PAGER': 'less', 'ROS_PYTHON_VERSION': '3', 'MANAGERPID': '2020', 'SYSTEMD_EXEC_PID': '2300', 'DBUS_SESSION_BUS_ADDRESS': 'unix:path=/run/user/1000/bus', 'GSM_SKIP_SSH_AGENT_WORKAROUND': 'true', 'GIO_LAUNCHED_DESKTOP_FILE_PID': '13826', 'COLORTERM': 'truecolor', 'TERMINATOR_DBUS_NAME': 'net.tenshu.Terminator21a9d5db22c73a993ff0b42f64b396873', 'DEBUGINFOD_URLS': 'https://debuginfod.ubuntu.com', 'ROS_DISTRO': 'jazzy', 'LOGNAME': 'kiki', 'JOURNAL_STREAM': '8:7751', '_': '/usr/bin/colcon', 'MEMORY_PRESSURE_WATCH': '/sys/fs/cgroup/user.slice/user-1000.slice/user@1000.service/session.slice/org.gnome.Shell@x11.service/memory.pressure', 'XDG_SESSION_CLASS': 'user', 'ROS_VERSION': '2', 'TERM': 'xterm-256color', 'GNOME_DESKTOP_SESSION_ID': 'this-is-deprecated', 'PATH': '/opt/ros/jazzy/opt/gz_msgs_vendor/bin:/opt/ros/jazzy/opt/gz_tools_vendor/bin:/opt/ros/jazzy/opt/gz_ogre_next_vendor/bin:/opt/ros/jazzy/bin:/home/kiki/.local/bin:/usr/local/sbin:/usr/local/bin:/usr/sbin:/usr/bin:/sbin:/bin:/usr/games:/usr/local/games:/snap/bin', 'INVOCATION_ID': '09df69bc82cd4db7a7e335e5bd2e8d3f', 'SESSION_MANAGER': 'local/kiki-Legion-5-15IRX10:@/tmp/.ICE-unix/2240,unix/kiki-Legion-5-15IRX10:/tmp/.ICE-unix/2240', 'GDM_LANG': 'en_US', 'XDG_MENU_PREFIX': 'gnome-', 'XDG_SESSION_PATH': '/org/freedesktop/DisplayManager/Session0', 'XDG_RUNTIME_DIR': '/run/user/1000', 'DISPLAY': ':0', 'XDG_CURRENT_DESKTOP': 'ubuntu:GNOME', 'LANG': 'en_US.UTF-8', 'TERMINATOR_DBUS_PATH': '/net/tenshu/Terminator2', 'XDG_SESSION_DESKTOP': 'ubuntu', 'XMODIFIERS': '@im=ibus', 'XAUTHORITY': '/home/kiki/.Xauthority', 'LS_COLORS': 'rs=0:di=01;34:ln=01;36:mh=00:pi=40;33:so=01;35:do=01;35:bd=40;33;01:cd=40;33;01:or=40;31;01:mi=00:su=37;41:sg=30;43:ca=00:tw=30;42:ow=34;42:st=37;44:ex=01;32:*.tar=01;31:*.tgz=01;31:*.arc=01;31:*.arj=01;31:*.taz=01;31:*.lha=01;31:*.lz4=01;31:*.lzh=01;31:*.lzma=01;31:*.tlz=01;31:*.txz=01;31:*.tzo=01;31:*.t7z=01;31:*.zip=01;31:*.z=01;31:*.dz=01;31:*.gz=01;31:*.lrz=01;31:*.lz=01;31:*.lzo=01;31:*.xz=01;31:*.zst=01;31:*.tzst=01;31:*.bz2=01;31:*.bz=01;31:*.tbz=01;31:*.tbz2=01;31:*.tz=01;31:*.deb=01;31:*.rpm=01;31:*.jar=01;31:*.war=01;31:*.ear=01;31:*.sar=01;31:*.rar=01;31:*.alz=01;31:*.ace=01;31:*.zoo=01;31:*.cpio=01;31:*.7z=01;31:*.rz=01;31:*.cab=01;31:*.wim=01;31:*.swm=01;31:*.dwm=01;31:*.esd=01;31:*.avif=01;35:*.jpg=01;35:*.jpeg=01;35:*.mjpg=01;35:*.mjpeg=01;35:*.gif=01;35:*.bmp=01;35:*.pbm=01;35:*.pgm=01;35:*.ppm=01;35:*.tga=01;35:*.xbm=01;35:*.xpm=01;35:*.tif=01;35:*.tiff=01;35:*.png=01;35:*.svg=01;35:*.svgz=01;35:*.mng=01;35:*.pcx=01;35:*.mov=01;35:*.mpg=01;35:*.mpeg=01;35:*.m2v=01;35:*.mkv=01;35:*.webm=01;35:*.webp=01;35:*.ogm=01;35:*.mp4=01;35:*.m4v=01;35:*.mp4v=01;35:*.vob=01;35:*.qt=01;35:*.nuv=01;35:*.wmv=01;35:*.asf=01;35:*.rm=01;35:*.rmvb=01;35:*.flc=01;35:*.avi=01;35:*.fli=01;35:*.flv=01;35:*.gl=01;35:*.dl=01;35:*.xcf=01;35:*.xwd=01;35:*.yuv=01;35:*.cgm=01;35:*.emf=01;35:*.ogv=01;35:*.ogx=01;35:*.aac=00;36:*.au=00;36:*.flac=00;36:*.m4a=00;36:*.mid=00;36:*.midi=00;36:*.mka=00;36:*.mp3=00;36:*.mpc=00;36:*.ogg=00;36:*.ra=00;36:*.wav=00;36:*.oga=00;36:*.opus=00;36:*.spx=00;36:*.xspf=00;36:*~=00;90:*#=00;90:*.bak=00;90:*.crdownload=00;90:*.dpkg-dist=00;90:*.dpkg-new=00;90:*.dpkg-old=00;90:*.dpkg-tmp=00;90:*.old=00;90:*.orig=00;90:*.part=00;90:*.rej=00;90:*.rpmnew=00;90:*.rpmorig=00;90:*.rpmsave=00;90:*.swp=00;90:*.tmp=00;90:*.ucf-dist=00;90:*.ucf-new=00;90:*.ucf-old=00;90:', 'SSH_AUTH_SOCK': '/run/user/1000/keyring/ssh', 'XDG_GREETER_DATA_DIR': '/var/lib/lightdm-data/kiki', 'AMENT_PREFIX_PATH': '/home/kiki/sentinel_ws/install/serial:/opt/ros/jazzy', 'TERMINATOR_UUID': 'urn:uuid:09b29d06-c855-4d49-8392-44192634cf7d', 'SHELL': '/bin/bash', 'QT_ACCESSIBILITY': '1', 'GDMSESSION': 'ubuntu', 'GPG_AGENT_INFO': '/run/user/1000/gnupg/S.gpg-agent:0:1', 'GJS_DEBUG_OUTPUT': 'stderr', 'QT_IM_MODULE': 'ibus', 'ROS_AUTOMATIC_DISCOVERY_RANGE': 'SUBNET', 'LC_ALL': 'en_US.UTF-8', 'PWD': '/home/kiki/sentinel_ws/build/diffdrive_arduino', 'XDG_CONFIG_DIRS': '/etc/xdg/xdg-ubuntu:/etc/xdg', 'XDG_DATA_DIRS': '/usr/share/ubuntu:/usr/share/gnome:/usr/local/share:/usr/share:/var/lib/snapd/desktop', 'PYTHONPATH': '/opt/ros/jazzy/lib/python3.12/site-packages', 'COLCON': '1', 'VTE_VERSION': '7600', 'MEMORY_PRESSURE_WRITE': 'c29tZSAyMDAwMDAgMjAwMDAwMAA=', 'CMAKE_PREFIX_PATH': '/home/kiki/sentinel_ws/install/serial:/opt/ros/jazzy/opt/gz_sim_vendor:/opt/ros/jazzy/opt/gz_sensors_vendor:/opt/ros/jazzy/opt/gz_physics_vendor:/opt/ros/jazzy/opt/sdformat_vendor:/opt/ros/jazzy/opt/gz_gui_vendor:/opt/ros/jazzy/opt/gz_transport_vendor:/opt/ros/jazzy/opt/gz_rendering_vendor:/opt/ros/jazzy/opt/gz_plugin_vendor:/opt/ros/jazzy/opt/gz_fuel_tools_vendor:/opt/ros/jazzy/opt/gz_msgs_vendor:/opt/ros/jazzy/opt/gz_common_vendor:/opt/ros/jazzy/opt/gz_math_vendor:/opt/ros/jazzy/opt/gz_utils_vendor:/opt/ros/jazzy/opt/gz_tools_vendor:/opt/ros/jazzy/opt/gz_ogre_next_vendor:/opt/ros/jazzy/opt/gz_dartsim_vendor:/opt/ros/jazzy/opt/gz_cmake_vendor:/opt/ros/jazzy'}), 'shell': False}
[3.657629] (diffdrive_arduino) StdoutLine: {'line': b'-- The C compiler identification is GNU 13.3.0\n'}
[3.694307] (diffdrive_arduino) StdoutLine: {'line': b'-- The CXX compiler identification is GNU 13.3.0\n'}
[3.705653] (diffdrive_arduino) StdoutLine: {'line': b'-- Detecting C compiler ABI info\n'}
[3.706470] (-) TimerEvent: {}
[3.773266] (diffdrive_arduino) StdoutLine: {'line': b'-- Detecting C compiler ABI info - done\n'}
[3.778837] (diffdrive_arduino) StdoutLine: {'line': b'-- Check for working C compiler: /usr/bin/cc - skipped\n'}
[3.779007] (diffdrive_arduino) StdoutLine: {'line': b'-- Detecting C compile features\n'}
[3.779120] (diffdrive_arduino) StdoutLine: {'line': b'-- Detecting C compile features - done\n'}
[3.786231] (diffdrive_arduino) StdoutLine: {'line': b'-- Detecting CXX compiler ABI info\n'}
[3.806597] (-) TimerEvent: {}
[3.864733] (diffdrive_arduino) StdoutLine: {'line': b'-- Detecting CXX compiler ABI info - done\n'}
[3.869838] (diffdrive_arduino) StdoutLine: {'line': b'-- Check for working CXX compiler: /usr/bin/c++ - skipped\n'}
[3.870040] (diffdrive_arduino) StdoutLine: {'line': b'-- Detecting CXX compile features\n'}
[3.870231] (diffdrive_arduino) StdoutLine: {'line': b'-- Detecting CXX compile features - done\n'}
[3.872647] (diffdrive_arduino) StdoutLine: {'line': b'-- Found ament_cmake: 2.5.4 (/opt/ros/jazzy/share/ament_cmake/cmake)\n'}
[3.906787] (-) TimerEvent: {}
[3.981344] (diffdrive_arduino) StdoutLine: {'line': b'-- Found Python3: /usr/bin/python3 (found version "3.12.3") found components: Interpreter \n'}
[4.006878] (-) TimerEvent: {}
[4.030044] (diffdrive_arduino) StdoutLine: {'line': b'-- Override CMake install command with custom implementation using symlinks instead of copying resources\n'}
[4.056326] (diffdrive_arduino) StdoutLine: {'line': b'-- Found serial: 1.2.1 (/home/kiki/sentinel_ws/install/serial/share/serial/cmake)\n'}
[4.058654] (diffdrive_arduino) StdoutLine: {'line': b'-- Found hardware_interface: 4.39.2 (/opt/ros/jazzy/share/hardware_interface/cmake)\n'}
[4.092732] (diffdrive_arduino) StdoutLine: {'line': b'-- Found rosidl_generator_c: 4.6.6 (/opt/ros/jazzy/share/rosidl_generator_c/cmake)\n'}
[4.102448] (diffdrive_arduino) StdoutLine: {'line': b'-- Found rosidl_generator_cpp: 4.6.6 (/opt/ros/jazzy/share/rosidl_generator_cpp/cmake)\n'}
[4.106981] (-) TimerEvent: {}
[4.113771] (diffdrive_arduino) StdoutLine: {'line': b'-- Using all available rosidl_typesupport_c: rosidl_typesupport_fastrtps_c;rosidl_typesupport_introspection_c\n'}
[4.126086] (diffdrive_arduino) StdoutLine: {'line': b'-- Using all available rosidl_typesupport_cpp: rosidl_typesupport_fastrtps_cpp;rosidl_typesupport_introspection_cpp\n'}
[4.207090] (-) TimerEvent: {}
[4.267659] (diffdrive_arduino) StdoutLine: {'line': b'-- Found TinyXML2 via Config file: /usr/lib/x86_64-linux-gnu/cmake/tinyxml2\n'}
[4.297924] (diffdrive_arduino) StdoutLine: {'line': b'-- Found rmw_implementation_cmake: 7.3.2 (/opt/ros/jazzy/share/rmw_implementation_cmake/cmake)\n'}
[4.300214] (diffdrive_arduino) StdoutLine: {'line': b'-- Found rmw_fastrtps_cpp: 8.4.3 (/opt/ros/jazzy/share/rmw_fastrtps_cpp/cmake)\n'}
[4.307225] (-) TimerEvent: {}
[4.316297] (diffdrive_arduino) StdoutLine: {'line': b'-- Found TinyXML2 via Config file: /usr/lib/x86_64-linux-gnu/cmake/tinyxml2\n'}
[4.361660] (diffdrive_arduino) StdoutLine: {'line': b'-- Found OpenSSL: /usr/lib/x86_64-linux-gnu/libcrypto.so (found version "3.0.13")  \n'}
[4.363482] (diffdrive_arduino) StdoutLine: {'line': b'-- Found TinyXML2 via Config file: /usr/lib/x86_64-linux-gnu/cmake/tinyxml2\n'}
[4.377421] (diffdrive_arduino) StdoutLine: {'line': b'-- Found FastRTPS: /opt/ros/jazzy/include (Required is at least version "2.13") \n'}
[4.379374] (diffdrive_arduino) StdoutLine: {'line': b'-- Found TinyXML2 via Config file: /usr/lib/x86_64-linux-gnu/cmake/tinyxml2\n'}
[4.386570] (diffdrive_arduino) StdoutLine: {'line': b'-- Found TinyXML2 via Config file: /usr/lib/x86_64-linux-gnu/cmake/tinyxml2\n'}
[4.395120] (diffdrive_arduino) StdoutLine: {'line': b"-- Using RMW implementation 'rmw_fastrtps_cpp' as default\n"}
[4.407370] (-) TimerEvent: {}
[4.507628] (-) TimerEvent: {}
[4.574634] (diffdrive_arduino) StdoutLine: {'line': b'-- Found controller_manager: 4.39.2 (/opt/ros/jazzy/share/controller_manager/cmake)\n'}
[4.607788] (-) TimerEvent: {}
[4.698469] (diffdrive_arduino) StdoutLine: {'line': b'-- Configuring done (1.1s)\n'}
[4.707861] (-) TimerEvent: {}
[4.717086] (diffdrive_arduino) StdoutLine: {'line': b'-- Generating done (0.0s)\n'}
[4.720968] (diffdrive_arduino) StdoutLine: {'line': b'-- Build files have been written to: /home/kiki/sentinel_ws/build/diffdrive_arduino\n'}
[4.728402] (diffdrive_arduino) CommandEnded: {'returncode': 0}
[4.728654] (diffdrive_arduino) JobProgress: {'identifier': 'diffdrive_arduino', 'progress': 'build'}
[4.729177] (diffdrive_arduino) Command: {'cmd': ['/usr/bin/cmake', '--build', '/home/kiki/sentinel_ws/build/diffdrive_arduino', '--', '-j20', '-l20'], 'cwd': '/home/kiki/sentinel_ws/build/diffdrive_arduino', 'env': OrderedDict({'XDG_ACTIVATION_TOKEN': 'gnome-shell/Terminator/2300-3-kiki-Legion-5-15IRX10_TIME1949117', 'GJS_DEBUG_TOPICS': 'JS ERROR;JS LOG', 'LANGUAGE': 'en_US', 'USER': 'kiki', 'GZ_SIM_RESOURCE_PATH': '/opt/ros/jazzy/share', 'GZ_CONFIG_PATH': '/opt/ros/jazzy/opt/gz_sim_vendor/share/gz:/opt/ros/jazzy/opt/sdformat_vendor/share/gz:/opt/ros/jazzy/opt/gz_gui_vendor/share/gz:/opt/ros/jazzy/opt/gz_transport_vendor/share/gz:/opt/ros/jazzy/opt/gz_rendering_vendor/share/gz:/opt/ros/jazzy/opt/gz_plugin_vendor/share/gz:/opt/ros/jazzy/opt/gz_fuel_tools_vendor/share/gz:/opt/ros/jazzy/opt/gz_msgs_vendor/share/gz:/opt/ros/jazzy/opt/gz_common_vendor/share/gz', 'XDG_SESSION_TYPE': 'x11', 'CLUTTER_DISABLE_MIPMAPPED_TEXT': '1', 'SHLVL': '1', 'LD_LIBRARY_PATH': '/home/kiki/sentinel_ws/install/serial/lib:/opt/ros/jazzy/opt/gz_sim_vendor/lib:/opt/ros/jazzy/opt/gz_sensors_vendor/lib:/opt/ros/jazzy/opt/gz_physics_vendor/lib:/opt/ros/jazzy/opt/sdformat_vendor/lib:/opt/ros/jazzy/opt/rviz_ogre_vendor/lib:/opt/ros/jazzy/lib/x86_64-linux-gnu:/opt/ros/jazzy/opt/gz_gui_vendor/lib:/opt/ros/jazzy/opt/gz_transport_vendor/lib:/opt/ros/jazzy/opt/gz_rendering_vendor/lib:/opt/ros/jazzy/opt/gz_plugin_vendor/lib:/opt/ros/jazzy/opt/gz_fuel_tools_vendor/lib:/opt/ros/jazzy/opt/gz_msgs_vendor/lib:/opt/ros/jazzy/opt/gz_common_vendor/lib:/opt/ros/jazzy/opt/gz_math_vendor/lib:/opt/ros/jazzy/opt/gz_utils_vendor/lib:/opt/ros/jazzy/opt/gz_tools_vendor/lib:/opt/ros/jazzy/opt/gz_ogre_next_vendor/lib:/opt/ros/jazzy/opt/gz_dartsim_vendor/lib:/opt/ros/jazzy/opt/gz_cmake_vendor/lib:/opt/ros/jazzy/lib', 'HOME': '/home/kiki', 'OLDPWD': '/home/kiki', 'LESS': '-R', 'DESKTOP_SESSION': 'ubuntu', 'GIO_LAUNCHED_DESKTOP_FILE': '/usr/share/applications/terminator.desktop', 'ZSH': '/home/kiki/.oh-my-zsh', 'LSCOLORS': 'Gxfxcxdxbxegedabagacad', 'GTK_MODULES': 'gail:atk-bridge', 'GNOME_SHELL_SESSION_MODE': 'ubuntu', 'XDG_SEAT_PATH': '/org/freedesktop/DisplayManager/Seat0', 'PAGER': 'less', 'ROS_PYTHON_VERSION': '3', 'MANAGERPID': '2020', 'SYSTEMD_EXEC_PID': '2300', 'DBUS_SESSION_BUS_ADDRESS': 'unix:path=/run/user/1000/bus', 'GSM_SKIP_SSH_AGENT_WORKAROUND': 'true', 'GIO_LAUNCHED_DESKTOP_FILE_PID': '13826', 'COLORTERM': 'truecolor', 'TERMINATOR_DBUS_NAME': 'net.tenshu.Terminator21a9d5db22c73a993ff0b42f64b396873', 'DEBUGINFOD_URLS': 'https://debuginfod.ubuntu.com', 'ROS_DISTRO': 'jazzy', 'LOGNAME': 'kiki', 'JOURNAL_STREAM': '8:7751', '_': '/usr/bin/colcon', 'MEMORY_PRESSURE_WATCH': '/sys/fs/cgroup/user.slice/user-1000.slice/user@1000.service/session.slice/org.gnome.Shell@x11.service/memory.pressure', 'XDG_SESSION_CLASS': 'user', 'ROS_VERSION': '2', 'TERM': 'xterm-256color', 'GNOME_DESKTOP_SESSION_ID': 'this-is-deprecated', 'PATH': '/opt/ros/jazzy/opt/gz_msgs_vendor/bin:/opt/ros/jazzy/opt/gz_tools_vendor/bin:/opt/ros/jazzy/opt/gz_ogre_next_vendor/bin:/opt/ros/jazzy/bin:/home/kiki/.local/bin:/usr/local/sbin:/usr/local/bin:/usr/sbin:/usr/bin:/sbin:/bin:/usr/games:/usr/local/games:/snap/bin', 'INVOCATION_ID': '09df69bc82cd4db7a7e335e5bd2e8d3f', 'SESSION_MANAGER': 'local/kiki-Legion-5-15IRX10:@/tmp/.ICE-unix/2240,unix/kiki-Legion-5-15IRX10:/tmp/.ICE-unix/2240', 'GDM_LANG': 'en_US', 'XDG_MENU_PREFIX': 'gnome-', 'XDG_SESSION_PATH': '/org/freedesktop/DisplayManager/Session0', 'XDG_RUNTIME_DIR': '/run/user/1000', 'DISPLAY': ':0', 'XDG_CURRENT_DESKTOP': 'ubuntu:GNOME', 'LANG': 'en_US.UTF-8', 'TERMINATOR_DBUS_PATH': '/net/tenshu/Terminator2', 'XDG_SESSION_DESKTOP': 'ubuntu', 'XMODIFIERS': '@im=ibus', 'XAUTHORITY': '/home/kiki/.Xauthority', 'LS_COLORS': 'rs=0:di=01;34:ln=01;36:mh=00:pi=40;33:so=01;35:do=01;35:bd=40;33;01:cd=40;33;01:or=40;31;01:mi=00:su=37;41:sg=30;43:ca=00:tw=30;42:ow=34;42:st=37;44:ex=01;32:*.tar=01;31:*.tgz=01;31:*.arc=01;31:*.arj=01;31:*.taz=01;31:*.lha=01;31:*.lz4=01;31:*.lzh=01;31:*.lzma=01;31:*.tlz=01;31:*.txz=01;31:*.tzo=01;31:*.t7z=01;31:*.zip=01;31:*.z=01;31:*.dz=01;31:*.gz=01;31:*.lrz=01;31:*.lz=01;31:*.lzo=01;31:*.xz=01;31:*.zst=01;31:*.tzst=01;31:*.bz2=01;31:*.bz=01;31:*.tbz=01;31:*.tbz2=01;31:*.tz=01;31:*.deb=01;31:*.rpm=01;31:*.jar=01;31:*.war=01;31:*.ear=01;31:*.sar=01;31:*.rar=01;31:*.alz=01;31:*.ace=01;31:*.zoo=01;31:*.cpio=01;31:*.7z=01;31:*.rz=01;31:*.cab=01;31:*.wim=01;31:*.swm=01;31:*.dwm=01;31:*.esd=01;31:*.avif=01;35:*.jpg=01;35:*.jpeg=01;35:*.mjpg=01;35:*.mjpeg=01;35:*.gif=01;35:*.bmp=01;35:*.pbm=01;35:*.pgm=01;35:*.ppm=01;35:*.tga=01;35:*.xbm=01;35:*.xpm=01;35:*.tif=01;35:*.tiff=01;35:*.png=01;35:*.svg=01;35:*.svgz=01;35:*.mng=01;35:*.pcx=01;35:*.mov=01;35:*.mpg=01;35:*.mpeg=01;35:*.m2v=01;35:*.mkv=01;35:*.webm=01;35:*.webp=01;35:*.ogm=01;35:*.mp4=01;35:*.m4v=01;35:*.mp4v=01;35:*.vob=01;35:*.qt=01;35:*.nuv=01;35:*.wmv=01;35:*.asf=01;35:*.rm=01;35:*.rmvb=01;35:*.flc=01;35:*.avi=01;35:*.fli=01;35:*.flv=01;35:*.gl=01;35:*.dl=01;35:*.xcf=01;35:*.xwd=01;35:*.yuv=01;35:*.cgm=01;35:*.emf=01;35:*.ogv=01;35:*.ogx=01;35:*.aac=00;36:*.au=00;36:*.flac=00;36:*.m4a=00;36:*.mid=00;36:*.midi=00;36:*.mka=00;36:*.mp3=00;36:*.mpc=00;36:*.ogg=00;36:*.ra=00;36:*.wav=00;36:*.oga=00;36:*.opus=00;36:*.spx=00;36:*.xspf=00;36:*~=00;90:*#=00;90:*.bak=00;90:*.crdownload=00;90:*.dpkg-dist=00;90:*.dpkg-new=00;90:*.dpkg-old=00;90:*.dpkg-tmp=00;90:*.old=00;90:*.orig=00;90:*.part=00;90:*.rej=00;90:*.rpmnew=00;90:*.rpmorig=00;90:*.rpmsave=00;90:*.swp=00;90:*.tmp=00;90:*.ucf-dist=00;90:*.ucf-new=00;90:*.ucf-old=00;90:', 'SSH_AUTH_SOCK': '/run/user/1000/keyring/ssh', 'XDG_GREETER_DATA_DIR': '/var/lib/lightdm-data/kiki', 'AMENT_PREFIX_PATH': '/home/kiki/sentinel_ws/install/serial:/opt/ros/jazzy', 'TERMINATOR_UUID': 'urn:uuid:09b29d06-c855-4d49-8392-44192634cf7d', 'SHELL': '/bin/bash', 'QT_ACCESSIBILITY': '1', 'GDMSESSION': 'ubuntu', 'GPG_AGENT_INFO': '/run/user/1000/gnupg/S.gpg-agent:0:1', 'GJS_DEBUG_OUTPUT': 'stderr', 'QT_IM_MODULE': 'ibus', 'ROS_AUTOMATIC_DISCOVERY_RANGE': 'SUBNET', 'LC_ALL': 'en_US.UTF-8', 'PWD': '/home/kiki/sentinel_ws/build/diffdrive_arduino', 'XDG_CONFIG_DIRS': '/etc/xdg/xdg-ubuntu:/etc/xdg', 'XDG_DATA_DIRS': '/usr/share/ubuntu:/usr/share/gnome:/usr/local/share:/usr/share:/var/lib/snapd/desktop', 'PYTHONPATH': '/opt/ros/jazzy/lib/python3.12/site-packages', 'COLCON': '1', 'VTE_VERSION': '7600', 'MEMORY_PRESSURE_WRITE': 'c29tZSAyMDAwMDAgMjAwMDAwMAA=', 'CMAKE_PREFIX_PATH': '/home/kiki/sentinel_ws/install/serial:/opt/ros/jazzy/opt/gz_sim_vendor:/opt/ros/jazzy/opt/gz_sensors_vendor:/opt/ros/jazzy/opt/gz_physics_vendor:/opt/ros/jazzy/opt/sdformat_vendor:/opt/ros/jazzy/opt/gz_gui_vendor:/opt/ros/jazzy/opt/gz_transport_vendor:/opt/ros/jazzy/opt/gz_rendering_vendor:/opt/ros/jazzy/opt/gz_plugin_vendor:/opt/ros/jazzy/opt/gz_fuel_tools_vendor:/opt/ros/jazzy/opt/gz_msgs_vendor:/opt/ros/jazzy/opt/gz_common_vendor:/opt/ros/jazzy/opt/gz_math_vendor:/opt/ros/jazzy/opt/gz_utils_vendor:/opt/ros/jazzy/opt/gz_tools_vendor:/opt/ros/jazzy/opt/gz_ogre_next_vendor:/opt/ros/jazzy/opt/gz_dartsim_vendor:/opt/ros/jazzy/opt/gz_cmake_vendor:/opt/ros/jazzy'}), 'shell': False}
[4.772616] (diffdrive_arduino) StdoutLine: {'line': b'[ 14%] \x1b[32mBuilding CXX object CMakeFiles/diffdrive_arduino.dir/src/wheel.cpp.o\x1b[0m\n'}
[4.773159] (diffdrive_arduino) StdoutLine: {'line': b'[ 42%] \x1b[32mBuilding CXX object CMakeFiles/fake_robot.dir/src/wheel.cpp.o\x1b[0m\n'}
[4.773272] (diffdrive_arduino) StdoutLine: {'line': b'[ 42%] \x1b[32mBuilding CXX object CMakeFiles/fake_robot.dir/src/fake_robot.cpp.o\x1b[0m\n'}
[4.774545] (diffdrive_arduino) StdoutLine: {'line': b'[ 71%] \x1b[32mBuilding CXX object CMakeFiles/diffdrive_arduino.dir/src/arduino_comms.cpp.o\x1b[0m\n'}
[4.774684] (diffdrive_arduino) StdoutLine: {'line': b'[ 71%] \x1b[32mBuilding CXX object CMakeFiles/diffdrive_arduino.dir/src/diffdrive_arduino.cpp.o\x1b[0m\n'}
[4.807978] (-) TimerEvent: {}
[4.908230] (-) TimerEvent: {}
[5.008483] (-) TimerEvent: {}
[5.108759] (-) TimerEvent: {}
[5.209078] (-) TimerEvent: {}
[5.309374] (-) TimerEvent: {}
[5.409672] (-) TimerEvent: {}
[5.509977] (-) TimerEvent: {}
[5.610286] (-) TimerEvent: {}
[5.710588] (-) TimerEvent: {}
[5.810968] (-) TimerEvent: {}
[5.911267] (-) TimerEvent: {}
[6.011592] (-) TimerEvent: {}
[6.043941] (sentinel_publisher) StdoutLine: {'line': b'[100%] \x1b[32m\x1b[1mLinking CXX executable twist_to_stamped\x1b[0m\n'}
[6.111695] (-) TimerEvent: {}
[6.211964] (-) TimerEvent: {}
[6.229924] (sentinel_publisher) StdoutLine: {'line': b'[100%] Built target twist_to_stamped\n'}
[6.239512] (sentinel_publisher) CommandEnded: {'returncode': 0}
[6.240075] (sentinel_publisher) JobProgress: {'identifier': 'sentinel_publisher', 'progress': 'install'}
[6.240323] (sentinel_publisher) Command: {'cmd': ['/usr/bin/cmake', '--install', '/home/kiki/sentinel_ws/build/sentinel_publisher'], 'cwd': '/home/kiki/sentinel_ws/build/sentinel_publisher', 'env': OrderedDict({'XDG_ACTIVATION_TOKEN': 'gnome-shell/Terminator/2300-3-kiki-Legion-5-15IRX10_TIME1949117', 'GJS_DEBUG_TOPICS': 'JS ERROR;JS LOG', 'LANGUAGE': 'en_US', 'USER': 'kiki', 'GZ_SIM_RESOURCE_PATH': '/opt/ros/jazzy/share', 'GZ_CONFIG_PATH': '/opt/ros/jazzy/opt/gz_sim_vendor/share/gz:/opt/ros/jazzy/opt/sdformat_vendor/share/gz:/opt/ros/jazzy/opt/gz_gui_vendor/share/gz:/opt/ros/jazzy/opt/gz_transport_vendor/share/gz:/opt/ros/jazzy/opt/gz_rendering_vendor/share/gz:/opt/ros/jazzy/opt/gz_plugin_vendor/share/gz:/opt/ros/jazzy/opt/gz_fuel_tools_vendor/share/gz:/opt/ros/jazzy/opt/gz_msgs_vendor/share/gz:/opt/ros/jazzy/opt/gz_common_vendor/share/gz', 'XDG_SESSION_TYPE': 'x11', 'CLUTTER_DISABLE_MIPMAPPED_TEXT': '1', 'SHLVL': '1', 'LD_LIBRARY_PATH': '/opt/ros/jazzy/opt/gz_sim_vendor/lib:/opt/ros/jazzy/opt/gz_sensors_vendor/lib:/opt/ros/jazzy/opt/gz_physics_vendor/lib:/opt/ros/jazzy/opt/sdformat_vendor/lib:/opt/ros/jazzy/opt/rviz_ogre_vendor/lib:/opt/ros/jazzy/lib/x86_64-linux-gnu:/opt/ros/jazzy/opt/gz_gui_vendor/lib:/opt/ros/jazzy/opt/gz_transport_vendor/lib:/opt/ros/jazzy/opt/gz_rendering_vendor/lib:/opt/ros/jazzy/opt/gz_plugin_vendor/lib:/opt/ros/jazzy/opt/gz_fuel_tools_vendor/lib:/opt/ros/jazzy/opt/gz_msgs_vendor/lib:/opt/ros/jazzy/opt/gz_common_vendor/lib:/opt/ros/jazzy/opt/gz_math_vendor/lib:/opt/ros/jazzy/opt/gz_utils_vendor/lib:/opt/ros/jazzy/opt/gz_tools_vendor/lib:/opt/ros/jazzy/opt/gz_ogre_next_vendor/lib:/opt/ros/jazzy/opt/gz_dartsim_vendor/lib:/opt/ros/jazzy/opt/gz_cmake_vendor/lib:/opt/ros/jazzy/lib', 'HOME': '/home/kiki', 'OLDPWD': '/home/kiki', 'LESS': '-R', 'DESKTOP_SESSION': 'ubuntu', 'GIO_LAUNCHED_DESKTOP_FILE': '/usr/share/applications/terminator.desktop', 'ZSH': '/home/kiki/.oh-my-zsh', 'LSCOLORS': 'Gxfxcxdxbxegedabagacad', 'GTK_MODULES': 'gail:atk-bridge', 'GNOME_SHELL_SESSION_MODE': 'ubuntu', 'XDG_SEAT_PATH': '/org/freedesktop/DisplayManager/Seat0', 'PAGER': 'less', 'ROS_PYTHON_VERSION': '3', 'MANAGERPID': '2020', 'SYSTEMD_EXEC_PID': '2300', 'DBUS_SESSION_BUS_ADDRESS': 'unix:path=/run/user/1000/bus', 'GSM_SKIP_SSH_AGENT_WORKAROUND': 'true', 'GIO_LAUNCHED_DESKTOP_FILE_PID': '13826', 'COLORTERM': 'truecolor', 'TERMINATOR_DBUS_NAME': 'net.tenshu.Terminator21a9d5db22c73a993ff0b42f64b396873', 'DEBUGINFOD_URLS': 'https://debuginfod.ubuntu.com', 'ROS_DISTRO': 'jazzy', 'LOGNAME': 'kiki', 'JOURNAL_STREAM': '8:7751', '_': '/usr/bin/colcon', 'MEMORY_PRESSURE_WATCH': '/sys/fs/cgroup/user.slice/user-1000.slice/user@1000.service/session.slice/org.gnome.Shell@x11.service/memory.pressure', 'XDG_SESSION_CLASS': 'user', 'ROS_VERSION': '2', 'TERM': 'xterm-256color', 'GNOME_DESKTOP_SESSION_ID': 'this-is-deprecated', 'PATH': '/opt/ros/jazzy/opt/gz_msgs_vendor/bin:/opt/ros/jazzy/opt/gz_tools_vendor/bin:/opt/ros/jazzy/opt/gz_ogre_next_vendor/bin:/opt/ros/jazzy/bin:/home/kiki/.local/bin:/usr/local/sbin:/usr/local/bin:/usr/sbin:/usr/bin:/sbin:/bin:/usr/games:/usr/local/games:/snap/bin', 'INVOCATION_ID': '09df69bc82cd4db7a7e335e5bd2e8d3f', 'SESSION_MANAGER': 'local/kiki-Legion-5-15IRX10:@/tmp/.ICE-unix/2240,unix/kiki-Legion-5-15IRX10:/tmp/.ICE-unix/2240', 'GDM_LANG': 'en_US', 'XDG_MENU_PREFIX': 'gnome-', 'XDG_SESSION_PATH': '/org/freedesktop/DisplayManager/Session0', 'XDG_RUNTIME_DIR': '/run/user/1000', 'DISPLAY': ':0', 'XDG_CURRENT_DESKTOP': 'ubuntu:GNOME', 'LANG': 'en_US.UTF-8', 'TERMINATOR_DBUS_PATH': '/net/tenshu/Terminator2', 'XDG_SESSION_DESKTOP': 'ubuntu', 'XMODIFIERS': '@im=ibus', 'XAUTHORITY': '/home/kiki/.Xauthority', 'LS_COLORS': 'rs=0:di=01;34:ln=01;36:mh=00:pi=40;33:so=01;35:do=01;35:bd=40;33;01:cd=40;33;01:or=40;31;01:mi=00:su=37;41:sg=30;43:ca=00:tw=30;42:ow=34;42:st=37;44:ex=01;32:*.tar=01;31:*.tgz=01;31:*.arc=01;31:*.arj=01;31:*.taz=01;31:*.lha=01;31:*.lz4=01;31:*.lzh=01;31:*.lzma=01;31:*.tlz=01;31:*.txz=01;31:*.tzo=01;31:*.t7z=01;31:*.zip=01;31:*.z=01;31:*.dz=01;31:*.gz=01;31:*.lrz=01;31:*.lz=01;31:*.lzo=01;31:*.xz=01;31:*.zst=01;31:*.tzst=01;31:*.bz2=01;31:*.bz=01;31:*.tbz=01;31:*.tbz2=01;31:*.tz=01;31:*.deb=01;31:*.rpm=01;31:*.jar=01;31:*.war=01;31:*.ear=01;31:*.sar=01;31:*.rar=01;31:*.alz=01;31:*.ace=01;31:*.zoo=01;31:*.cpio=01;31:*.7z=01;31:*.rz=01;31:*.cab=01;31:*.wim=01;31:*.swm=01;31:*.dwm=01;31:*.esd=01;31:*.avif=01;35:*.jpg=01;35:*.jpeg=01;35:*.mjpg=01;35:*.mjpeg=01;35:*.gif=01;35:*.bmp=01;35:*.pbm=01;35:*.pgm=01;35:*.ppm=01;35:*.tga=01;35:*.xbm=01;35:*.xpm=01;35:*.tif=01;35:*.tiff=01;35:*.png=01;35:*.svg=01;35:*.svgz=01;35:*.mng=01;35:*.pcx=01;35:*.mov=01;35:*.mpg=01;35:*.mpeg=01;35:*.m2v=01;35:*.mkv=01;35:*.webm=01;35:*.webp=01;35:*.ogm=01;35:*.mp4=01;35:*.m4v=01;35:*.mp4v=01;35:*.vob=01;35:*.qt=01;35:*.nuv=01;35:*.wmv=01;35:*.asf=01;35:*.rm=01;35:*.rmvb=01;35:*.flc=01;35:*.avi=01;35:*.fli=01;35:*.flv=01;35:*.gl=01;35:*.dl=01;35:*.xcf=01;35:*.xwd=01;35:*.yuv=01;35:*.cgm=01;35:*.emf=01;35:*.ogv=01;35:*.ogx=01;35:*.aac=00;36:*.au=00;36:*.flac=00;36:*.m4a=00;36:*.mid=00;36:*.midi=00;36:*.mka=00;36:*.mp3=00;36:*.mpc=00;36:*.ogg=00;36:*.ra=00;36:*.wav=00;36:*.oga=00;36:*.opus=00;36:*.spx=00;36:*.xspf=00;36:*~=00;90:*#=00;90:*.bak=00;90:*.crdownload=00;90:*.dpkg-dist=00;90:*.dpkg-new=00;90:*.dpkg-old=00;90:*.dpkg-tmp=00;90:*.old=00;90:*.orig=00;90:*.part=00;90:*.rej=00;90:*.rpmnew=00;90:*.rpmorig=00;90:*.rpmsave=00;90:*.swp=00;90:*.tmp=00;90:*.ucf-dist=00;90:*.ucf-new=00;90:*.ucf-old=00;90:', 'SSH_AUTH_SOCK': '/run/user/1000/keyring/ssh', 'XDG_GREETER_DATA_DIR': '/var/lib/lightdm-data/kiki', 'AMENT_PREFIX_PATH': '/opt/ros/jazzy', 'TERMINATOR_UUID': 'urn:uuid:09b29d06-c855-4d49-8392-44192634cf7d', 'SHELL': '/bin/bash', 'QT_ACCESSIBILITY': '1', 'GDMSESSION': 'ubuntu', 'GPG_AGENT_INFO': '/run/user/1000/gnupg/S.gpg-agent:0:1', 'GJS_DEBUG_OUTPUT': 'stderr', 'QT_IM_MODULE': 'ibus', 'ROS_AUTOMATIC_DISCOVERY_RANGE': 'SUBNET', 'LC_ALL': 'en_US.UTF-8', 'PWD': '/home/kiki/sentinel_ws/build/sentinel_publisher', 'XDG_CONFIG_DIRS': '/etc/xdg/xdg-ubuntu:/etc/xdg', 'XDG_DATA_DIRS': '/usr/share/ubuntu:/usr/share/gnome:/usr/local/share:/usr/share:/var/lib/snapd/desktop', 'PYTHONPATH': '/opt/ros/jazzy/lib/python3.12/site-packages', 'COLCON': '1', 'VTE_VERSION': '7600', 'MEMORY_PRESSURE_WRITE': 'c29tZSAyMDAwMDAgMjAwMDAwMAA=', 'CMAKE_PREFIX_PATH': '/opt/ros/jazzy/opt/gz_sim_vendor:/opt/ros/jazzy/opt/gz_sensors_vendor:/opt/ros/jazzy/opt/gz_physics_vendor:/opt/ros/jazzy/opt/sdformat_vendor:/opt/ros/jazzy/opt/gz_gui_vendor:/opt/ros/jazzy/opt/gz_transport_vendor:/opt/ros/jazzy/opt/gz_rendering_vendor:/opt/ros/jazzy/opt/gz_plugin_vendor:/opt/ros/jazzy/opt/gz_fuel_tools_vendor:/opt/ros/jazzy/opt/gz_msgs_vendor:/opt/ros/jazzy/opt/gz_common_vendor:/opt/ros/jazzy/opt/gz_math_vendor:/opt/ros/jazzy/opt/gz_utils_vendor:/opt/ros/jazzy/opt/gz_tools_vendor:/opt/ros/jazzy/opt/gz_ogre_next_vendor:/opt/ros/jazzy/opt/gz_dartsim_vendor:/opt/ros/jazzy/opt/gz_cmake_vendor:/opt/ros/jazzy'}), 'shell': False}
[6.249014] (sentinel_publisher) StdoutLine: {'line': b'-- Install configuration: ""\n'}
[6.249367] (sentinel_publisher) StdoutLine: {'line': b'-- Execute custom install script\n'}
[6.249790] (sentinel_publisher) StdoutLine: {'line': b'-- Symlinking: /home/kiki/sentinel_ws/install/sentinel_publisher/lib/sentinel_publisher/twist_to_stamped\n'}
[6.258731] (sentinel_publisher) StdoutLine: {'line': b'-- Symlinking: /home/kiki/sentinel_ws/install/sentinel_publisher/share/sentinel_publisher/description/imu.xacro\n'}
[6.265693] (sentinel_publisher) StdoutLine: {'line': b'-- Symlinking: /home/kiki/sentinel_ws/install/sentinel_publisher/share/sentinel_publisher/description/inertial_macros.xacro\n'}
[6.274812] (sentinel_publisher) StdoutLine: {'line': b'-- Symlinking: /home/kiki/sentinel_ws/install/sentinel_publisher/share/sentinel_publisher/description/lidar.xacro\n'}
[6.281512] (sentinel_publisher) StdoutLine: {'line': b'-- Symlinking: /home/kiki/sentinel_ws/install/sentinel_publisher/share/sentinel_publisher/description/robot.urdf.xacro\n'}
[6.290372] (sentinel_publisher) StdoutLine: {'line': b'-- Symlinking: /home/kiki/sentinel_ws/install/sentinel_publisher/share/sentinel_publisher/description/robot_core.xacro\n'}
[6.298854] (sentinel_publisher) StdoutLine: {'line': b'-- Symlinking: /home/kiki/sentinel_ws/install/sentinel_publisher/share/sentinel_publisher/description/ros2_control.xacro\n'}
[6.307901] (sentinel_publisher) StdoutLine: {'line': b'-- Symlinking: /home/kiki/sentinel_ws/install/sentinel_publisher/share/sentinel_publisher/meshes/back_caster.stl\n'}
[6.312108] (-) TimerEvent: {}
[6.316668] (diffdrive_arduino) StderrLine: {'line': b'\x1b[01m\x1b[K/home/kiki/sentinel_ws/src/diffdrive_arduino/src/diffdrive_arduino.cpp:\x1b[m\x1b[K In member function \xe2\x80\x98\x1b[01m\x1b[Kvirtual hardware_interface::CallbackReturn DiffDriveArduino::\x1b[01;32m\x1b[Kon_init\x1b[m\x1b[K(const hardware_interface::HardwareInfo&)\x1b[m\x1b[K\xe2\x80\x99:\n'}
[6.317012] (diffdrive_arduino) StderrLine: {'line': b'\x1b[01m\x1b[K/home/kiki/sentinel_ws/src/diffdrive_arduino/src/diffdrive_arduino.cpp:10:51:\x1b[m\x1b[K \x1b[01;35m\x1b[Kwarning: \x1b[m\x1b[K\xe2\x80\x98\x1b[01m\x1b[Kvirtual rclcpp_lifecycle::node_interfaces::LifecycleNodeInterface::CallbackReturn hardware_interface::HardwareComponentInterface::\x1b[01;32m\x1b[Kon_init\x1b[m\x1b[K(const hardware_interface::HardwareInfo&)\x1b[m\x1b[K\xe2\x80\x99 is deprecated: Use on_init(const HardwareComponentInterfaceParams & params) instead. [\x1b[01;35m\x1b[K\x1b]8;;https://gcc.gnu.org/onlinedocs/gcc/Warning-Options.html#index-Wdeprecated-declarations\x07-Wdeprecated-declarations\x1b]8;;\x07\x1b[m\x1b[K]\n'}
[6.317100] (diffdrive_arduino) StderrLine: {'line': b'   10 |   if (\x1b[01;35m\x1b[Khardware_interface::SystemInterface::on_init(info)\x1b[m\x1b[K != CallbackReturn::SUCCESS) {\n'}
[6.317168] (diffdrive_arduino) StderrLine: {'line': b'      |       \x1b[01;35m\x1b[K~~~~~~~~~~~~~~~~~~~~~~~~~~~~~~~~~~~~~~~~~~~~^~~~~~\x1b[m\x1b[K\n'}
[6.317232] (diffdrive_arduino) StderrLine: {'line': b'In file included from \x1b[01m\x1b[K/opt/ros/jazzy/include/hardware_interface/hardware_interface/system_interface.hpp:18\x1b[m\x1b[K,\n'}
[6.317295] (diffdrive_arduino) StderrLine: {'line': b'                 from \x1b[01m\x1b[K/home/kiki/sentinel_ws/src/diffdrive_arduino/include/diffdrive_arduino/diffdrive_arduino.h:8\x1b[m\x1b[K,\n'}
[6.317358] (diffdrive_arduino) StderrLine: {'line': b'                 from \x1b[01m\x1b[K/home/kiki/sentinel_ws/src/diffdrive_arduino/src/diffdrive_arduino.cpp:1\x1b[m\x1b[K:\n'}
[6.317424] (diffdrive_arduino) StderrLine: {'line': b'\x1b[01m\x1b[K/opt/ros/jazzy/include/hardware_interface/hardware_interface/hardware_component_interface.hpp:235:26:\x1b[m\x1b[K \x1b[01;36m\x1b[Knote: \x1b[m\x1b[Kdeclared here\n'}
[6.317485] (diffdrive_arduino) StderrLine: {'line': b'  235 |   virtual CallbackReturn \x1b[01;36m\x1b[Kon_init\x1b[m\x1b[K(const HardwareInfo & hardware_info)\n'}
[6.317546] (diffdrive_arduino) StderrLine: {'line': b'      |                          \x1b[01;36m\x1b[K^~~~~~~\x1b[m\x1b[K\n'}
[6.317623] (sentinel_publisher) StdoutLine: {'line': b'-- Symlinking: /home/kiki/sentinel_ws/install/sentinel_publisher/share/sentinel_publisher/meshes/base.stl\n'}
[6.319226] (diffdrive_arduino) StderrLine: {'line': b'\x1b[01m\x1b[K/home/kiki/sentinel_ws/src/diffdrive_arduino/src/fake_robot.cpp:\x1b[m\x1b[K In member function \xe2\x80\x98\x1b[01m\x1b[Kvirtual hardware_interface::CallbackReturn FakeRobot::\x1b[01;32m\x1b[Kon_init\x1b[m\x1b[K(const hardware_interface::HardwareInfo&)\x1b[m\x1b[K\xe2\x80\x99:\n'}
[6.319386] (diffdrive_arduino) StderrLine: {'line': b'\x1b[01m\x1b[K/home/kiki/sentinel_ws/src/diffdrive_arduino/src/fake_robot.cpp:10:51:\x1b[m\x1b[K \x1b[01;35m\x1b[Kwarning: \x1b[m\x1b[K\xe2\x80\x98\x1b[01m\x1b[Kvirtual rclcpp_lifecycle::node_interfaces::LifecycleNodeInterface::CallbackReturn hardware_interface::HardwareComponentInterface::\x1b[01;32m\x1b[Kon_init\x1b[m\x1b[K(const hardware_interface::HardwareInfo&)\x1b[m\x1b[K\xe2\x80\x99 is deprecated: Use on_init(const HardwareComponentInterfaceParams & params) instead. [\x1b[01;35m\x1b[K\x1b]8;;https://gcc.gnu.org/onlinedocs/gcc/Warning-Options.html#index-Wdeprecated-declarations\x07-Wdeprecated-declarations\x1b]8;;\x07\x1b[m\x1b[K]\n'}
[6.319460] (diffdrive_arduino) StderrLine: {'line': b'   10 |   if (\x1b[01;35m\x1b[Khardware_interface::SystemInterface::on_init(info)\x1b[m\x1b[K != CallbackReturn::SUCCESS) {\n'}
[6.319525] (diffdrive_arduino) StderrLine: {'line': b'      |       \x1b[01;35m\x1b[K~~~~~~~~~~~~~~~~~~~~~~~~~~~~~~~~~~~~~~~~~~~~^~~~~~\x1b[m\x1b[K\n'}
[6.319595] (diffdrive_arduino) StderrLine: {'line': b'In file included from \x1b[01m\x1b[K/opt/ros/jazzy/include/hardware_interface/hardware_interface/system_interface.hpp:18\x1b[m\x1b[K,\n'}
[6.319662] (diffdrive_arduino) StderrLine: {'line': b'                 from \x1b[01m\x1b[K/home/kiki/sentinel_ws/src/diffdrive_arduino/include/diffdrive_arduino/fake_robot.h:7\x1b[m\x1b[K,\n'}
[6.319723] (diffdrive_arduino) StderrLine: {'line': b'                 from \x1b[01m\x1b[K/home/kiki/sentinel_ws/src/diffdrive_arduino/src/fake_robot.cpp:1\x1b[m\x1b[K:\n'}
[6.319784] (diffdrive_arduino) StderrLine: {'line': b'\x1b[01m\x1b[K/opt/ros/jazzy/include/hardware_interface/hardware_interface/hardware_component_interface.hpp:235:26:\x1b[m\x1b[K \x1b[01;36m\x1b[Knote: \x1b[m\x1b[Kdeclared here\n'}
[6.319845] (diffdrive_arduino) StderrLine: {'line': b'  235 |   virtual CallbackReturn \x1b[01;36m\x1b[Kon_init\x1b[m\x1b[K(const HardwareInfo & hardware_info)\n'}
[6.319905] (diffdrive_arduino) StderrLine: {'line': b'      |                          \x1b[01;36m\x1b[K^~~~~~~\x1b[m\x1b[K\n'}
[6.324353] (sentinel_publisher) StdoutLine: {'line': b'-- Symlinking: /home/kiki/sentinel_ws/install/sentinel_publisher/share/sentinel_publisher/meshes/body_case.stl\n'}
[6.333474] (sentinel_publisher) StdoutLine: {'line': b'-- Symlinking: /home/kiki/sentinel_ws/install/sentinel_publisher/share/sentinel_publisher/meshes/front_caster.stl\n'}
[6.340675] (sentinel_publisher) StdoutLine: {'line': b'-- Symlinking: /home/kiki/sentinel_ws/install/sentinel_publisher/share/sentinel_publisher/meshes/left_wheel.stl\n'}
[6.346877] (sentinel_publisher) StdoutLine: {'line': b'-- Symlinking: /home/kiki/sentinel_ws/install/sentinel_publisher/share/sentinel_publisher/meshes/right_wheel.stl\n'}
[6.355778] (sentinel_publisher) StdoutLine: {'line': b'-- Symlinking: /home/kiki/sentinel_ws/install/sentinel_publisher/share/sentinel_publisher/meshes/rplidar.stl\n'}
[6.362038] (sentinel_publisher) StdoutLine: {'line': b'-- Symlinking: /home/kiki/sentinel_ws/install/sentinel_publisher/share/sentinel_publisher/launch/launch_sim.launch.py\n'}
[6.368329] (sentinel_publisher) StdoutLine: {'line': b'-- Symlinking: /home/kiki/sentinel_ws/install/sentinel_publisher/share/sentinel_publisher/config/bridge_gazebo.yaml\n'}
[6.377119] (sentinel_publisher) StdoutLine: {'line': b'-- Symlinking: /home/kiki/sentinel_ws/install/sentinel_publisher/share/sentinel_publisher/config/laser_filter.yaml\n'}
[6.385730] (sentinel_publisher) StdoutLine: {'line': b'-- Symlinking: /home/kiki/sentinel_ws/install/sentinel_publisher/share/sentinel_publisher/config/my_controllers.yaml\n'}
[6.394115] (sentinel_publisher) StdoutLine: {'line': b'-- Symlinking: /home/kiki/sentinel_ws/install/sentinel_publisher/share/sentinel_publisher/worlds/industrial-warehouse.sdf\n'}
[6.400648] (sentinel_publisher) StdoutLine: {'line': b'-- Symlinking: /home/kiki/sentinel_ws/install/sentinel_publisher/share/ament_index/resource_index/package_run_dependencies/sentinel_publisher\n'}
[6.407340] (sentinel_publisher) StdoutLine: {'line': b'-- Symlinking: /home/kiki/sentinel_ws/install/sentinel_publisher/share/ament_index/resource_index/parent_prefix_path/sentinel_publisher\n'}
[6.412264] (-) TimerEvent: {}
[6.415616] (sentinel_publisher) StdoutLine: {'line': b'-- Symlinking: /home/kiki/sentinel_ws/install/sentinel_publisher/share/sentinel_publisher/environment/ament_prefix_path.sh\n'}
[6.421499] (sentinel_publisher) StdoutLine: {'line': b'-- Symlinking: /home/kiki/sentinel_ws/install/sentinel_publisher/share/sentinel_publisher/environment/ament_prefix_path.dsv\n'}
[6.427323] (sentinel_publisher) StdoutLine: {'line': b'-- Symlinking: /home/kiki/sentinel_ws/install/sentinel_publisher/share/sentinel_publisher/environment/path.sh\n'}
[6.435979] (sentinel_publisher) StdoutLine: {'line': b'-- Symlinking: /home/kiki/sentinel_ws/install/sentinel_publisher/share/sentinel_publisher/environment/path.dsv\n'}
[6.441744] (sentinel_publisher) StdoutLine: {'line': b'-- Symlinking: /home/kiki/sentinel_ws/install/sentinel_publisher/share/sentinel_publisher/local_setup.bash\n'}
[6.447595] (sentinel_publisher) StdoutLine: {'line': b'-- Symlinking: /home/kiki/sentinel_ws/install/sentinel_publisher/share/sentinel_publisher/local_setup.sh\n'}
[6.456259] (sentinel_publisher) StdoutLine: {'line': b'-- Symlinking: /home/kiki/sentinel_ws/install/sentinel_publisher/share/sentinel_publisher/local_setup.zsh\n'}
[6.461831] (sentinel_publisher) StdoutLine: {'line': b'-- Symlinking: /home/kiki/sentinel_ws/install/sentinel_publisher/share/sentinel_publisher/local_setup.dsv\n'}
[6.467703] (sentinel_publisher) StdoutLine: {'line': b'-- Symlinking: /home/kiki/sentinel_ws/install/sentinel_publisher/share/sentinel_publisher/package.dsv\n'}
[6.475289] (sentinel_publisher) StdoutLine: {'line': b'-- Symlinking: /home/kiki/sentinel_ws/install/sentinel_publisher/share/ament_index/resource_index/packages/sentinel_publisher\n'}
[6.481767] (sentinel_publisher) StdoutLine: {'line': b'-- Symlinking: /home/kiki/sentinel_ws/install/sentinel_publisher/share/sentinel_publisher/cmake/sentinel_publisherConfig.cmake\n'}
[6.487898] (sentinel_publisher) StdoutLine: {'line': b'-- Symlinking: /home/kiki/sentinel_ws/install/sentinel_publisher/share/sentinel_publisher/cmake/sentinel_publisherConfig-version.cmake\n'}
[6.495897] (sentinel_publisher) StdoutLine: {'line': b'-- Symlinking: /home/kiki/sentinel_ws/install/sentinel_publisher/share/sentinel_publisher/package.xml\n'}
[6.503189] (sentinel_publisher) CommandEnded: {'returncode': 0}
[6.512384] (-) TimerEvent: {}
[6.513608] (sentinel_publisher) JobEnded: {'identifier': 'sentinel_publisher', 'rc': 0}
[6.612521] (-) TimerEvent: {}
[6.712864] (-) TimerEvent: {}
[6.813141] (-) TimerEvent: {}
[6.913469] (-) TimerEvent: {}
[7.013754] (-) TimerEvent: {}
[7.114035] (-) TimerEvent: {}
[7.214349] (-) TimerEvent: {}
[7.314650] (-) TimerEvent: {}
[7.414891] (-) TimerEvent: {}
[7.515154] (-) TimerEvent: {}
[7.615385] (-) TimerEvent: {}
[7.715670] (-) TimerEvent: {}
[7.749360] (diffdrive_arduino) StdoutLine: {'line': b'[ 85%] \x1b[32m\x1b[1mLinking CXX shared library libdiffdrive_arduino.so\x1b[0m\n'}
[7.752327] (diffdrive_arduino) StdoutLine: {'line': b'[100%] \x1b[32m\x1b[1mLinking CXX shared library libfake_robot.so\x1b[0m\n'}
[7.815771] (-) TimerEvent: {}
[7.888851] (diffdrive_arduino) StdoutLine: {'line': b'[100%] Built target fake_robot\n'}
[7.892182] (diffdrive_arduino) StdoutLine: {'line': b'[100%] Built target diffdrive_arduino\n'}
[7.902048] (diffdrive_arduino) CommandEnded: {'returncode': 0}
[7.903042] (diffdrive_arduino) JobProgress: {'identifier': 'diffdrive_arduino', 'progress': 'install'}
[7.903071] (diffdrive_arduino) Command: {'cmd': ['/usr/bin/cmake', '--install', '/home/kiki/sentinel_ws/build/diffdrive_arduino'], 'cwd': '/home/kiki/sentinel_ws/build/diffdrive_arduino', 'env': OrderedDict({'XDG_ACTIVATION_TOKEN': 'gnome-shell/Terminator/2300-3-kiki-Legion-5-15IRX10_TIME1949117', 'GJS_DEBUG_TOPICS': 'JS ERROR;JS LOG', 'LANGUAGE': 'en_US', 'USER': 'kiki', 'GZ_SIM_RESOURCE_PATH': '/opt/ros/jazzy/share', 'GZ_CONFIG_PATH': '/opt/ros/jazzy/opt/gz_sim_vendor/share/gz:/opt/ros/jazzy/opt/sdformat_vendor/share/gz:/opt/ros/jazzy/opt/gz_gui_vendor/share/gz:/opt/ros/jazzy/opt/gz_transport_vendor/share/gz:/opt/ros/jazzy/opt/gz_rendering_vendor/share/gz:/opt/ros/jazzy/opt/gz_plugin_vendor/share/gz:/opt/ros/jazzy/opt/gz_fuel_tools_vendor/share/gz:/opt/ros/jazzy/opt/gz_msgs_vendor/share/gz:/opt/ros/jazzy/opt/gz_common_vendor/share/gz', 'XDG_SESSION_TYPE': 'x11', 'CLUTTER_DISABLE_MIPMAPPED_TEXT': '1', 'SHLVL': '1', 'LD_LIBRARY_PATH': '/home/kiki/sentinel_ws/install/serial/lib:/opt/ros/jazzy/opt/gz_sim_vendor/lib:/opt/ros/jazzy/opt/gz_sensors_vendor/lib:/opt/ros/jazzy/opt/gz_physics_vendor/lib:/opt/ros/jazzy/opt/sdformat_vendor/lib:/opt/ros/jazzy/opt/rviz_ogre_vendor/lib:/opt/ros/jazzy/lib/x86_64-linux-gnu:/opt/ros/jazzy/opt/gz_gui_vendor/lib:/opt/ros/jazzy/opt/gz_transport_vendor/lib:/opt/ros/jazzy/opt/gz_rendering_vendor/lib:/opt/ros/jazzy/opt/gz_plugin_vendor/lib:/opt/ros/jazzy/opt/gz_fuel_tools_vendor/lib:/opt/ros/jazzy/opt/gz_msgs_vendor/lib:/opt/ros/jazzy/opt/gz_common_vendor/lib:/opt/ros/jazzy/opt/gz_math_vendor/lib:/opt/ros/jazzy/opt/gz_utils_vendor/lib:/opt/ros/jazzy/opt/gz_tools_vendor/lib:/opt/ros/jazzy/opt/gz_ogre_next_vendor/lib:/opt/ros/jazzy/opt/gz_dartsim_vendor/lib:/opt/ros/jazzy/opt/gz_cmake_vendor/lib:/opt/ros/jazzy/lib', 'HOME': '/home/kiki', 'OLDPWD': '/home/kiki', 'LESS': '-R', 'DESKTOP_SESSION': 'ubuntu', 'GIO_LAUNCHED_DESKTOP_FILE': '/usr/share/applications/terminator.desktop', 'ZSH': '/home/kiki/.oh-my-zsh', 'LSCOLORS': 'Gxfxcxdxbxegedabagacad', 'GTK_MODULES': 'gail:atk-bridge', 'GNOME_SHELL_SESSION_MODE': 'ubuntu', 'XDG_SEAT_PATH': '/org/freedesktop/DisplayManager/Seat0', 'PAGER': 'less', 'ROS_PYTHON_VERSION': '3', 'MANAGERPID': '2020', 'SYSTEMD_EXEC_PID': '2300', 'DBUS_SESSION_BUS_ADDRESS': 'unix:path=/run/user/1000/bus', 'GSM_SKIP_SSH_AGENT_WORKAROUND': 'true', 'GIO_LAUNCHED_DESKTOP_FILE_PID': '13826', 'COLORTERM': 'truecolor', 'TERMINATOR_DBUS_NAME': 'net.tenshu.Terminator21a9d5db22c73a993ff0b42f64b396873', 'DEBUGINFOD_URLS': 'https://debuginfod.ubuntu.com', 'ROS_DISTRO': 'jazzy', 'LOGNAME': 'kiki', 'JOURNAL_STREAM': '8:7751', '_': '/usr/bin/colcon', 'MEMORY_PRESSURE_WATCH': '/sys/fs/cgroup/user.slice/user-1000.slice/user@1000.service/session.slice/org.gnome.Shell@x11.service/memory.pressure', 'XDG_SESSION_CLASS': 'user', 'ROS_VERSION': '2', 'TERM': 'xterm-256color', 'GNOME_DESKTOP_SESSION_ID': 'this-is-deprecated', 'PATH': '/opt/ros/jazzy/opt/gz_msgs_vendor/bin:/opt/ros/jazzy/opt/gz_tools_vendor/bin:/opt/ros/jazzy/opt/gz_ogre_next_vendor/bin:/opt/ros/jazzy/bin:/home/kiki/.local/bin:/usr/local/sbin:/usr/local/bin:/usr/sbin:/usr/bin:/sbin:/bin:/usr/games:/usr/local/games:/snap/bin', 'INVOCATION_ID': '09df69bc82cd4db7a7e335e5bd2e8d3f', 'SESSION_MANAGER': 'local/kiki-Legion-5-15IRX10:@/tmp/.ICE-unix/2240,unix/kiki-Legion-5-15IRX10:/tmp/.ICE-unix/2240', 'GDM_LANG': 'en_US', 'XDG_MENU_PREFIX': 'gnome-', 'XDG_SESSION_PATH': '/org/freedesktop/DisplayManager/Session0', 'XDG_RUNTIME_DIR': '/run/user/1000', 'DISPLAY': ':0', 'XDG_CURRENT_DESKTOP': 'ubuntu:GNOME', 'LANG': 'en_US.UTF-8', 'TERMINATOR_DBUS_PATH': '/net/tenshu/Terminator2', 'XDG_SESSION_DESKTOP': 'ubuntu', 'XMODIFIERS': '@im=ibus', 'XAUTHORITY': '/home/kiki/.Xauthority', 'LS_COLORS': 'rs=0:di=01;34:ln=01;36:mh=00:pi=40;33:so=01;35:do=01;35:bd=40;33;01:cd=40;33;01:or=40;31;01:mi=00:su=37;41:sg=30;43:ca=00:tw=30;42:ow=34;42:st=37;44:ex=01;32:*.tar=01;31:*.tgz=01;31:*.arc=01;31:*.arj=01;31:*.taz=01;31:*.lha=01;31:*.lz4=01;31:*.lzh=01;31:*.lzma=01;31:*.tlz=01;31:*.txz=01;31:*.tzo=01;31:*.t7z=01;31:*.zip=01;31:*.z=01;31:*.dz=01;31:*.gz=01;31:*.lrz=01;31:*.lz=01;31:*.lzo=01;31:*.xz=01;31:*.zst=01;31:*.tzst=01;31:*.bz2=01;31:*.bz=01;31:*.tbz=01;31:*.tbz2=01;31:*.tz=01;31:*.deb=01;31:*.rpm=01;31:*.jar=01;31:*.war=01;31:*.ear=01;31:*.sar=01;31:*.rar=01;31:*.alz=01;31:*.ace=01;31:*.zoo=01;31:*.cpio=01;31:*.7z=01;31:*.rz=01;31:*.cab=01;31:*.wim=01;31:*.swm=01;31:*.dwm=01;31:*.esd=01;31:*.avif=01;35:*.jpg=01;35:*.jpeg=01;35:*.mjpg=01;35:*.mjpeg=01;35:*.gif=01;35:*.bmp=01;35:*.pbm=01;35:*.pgm=01;35:*.ppm=01;35:*.tga=01;35:*.xbm=01;35:*.xpm=01;35:*.tif=01;35:*.tiff=01;35:*.png=01;35:*.svg=01;35:*.svgz=01;35:*.mng=01;35:*.pcx=01;35:*.mov=01;35:*.mpg=01;35:*.mpeg=01;35:*.m2v=01;35:*.mkv=01;35:*.webm=01;35:*.webp=01;35:*.ogm=01;35:*.mp4=01;35:*.m4v=01;35:*.mp4v=01;35:*.vob=01;35:*.qt=01;35:*.nuv=01;35:*.wmv=01;35:*.asf=01;35:*.rm=01;35:*.rmvb=01;35:*.flc=01;35:*.avi=01;35:*.fli=01;35:*.flv=01;35:*.gl=01;35:*.dl=01;35:*.xcf=01;35:*.xwd=01;35:*.yuv=01;35:*.cgm=01;35:*.emf=01;35:*.ogv=01;35:*.ogx=01;35:*.aac=00;36:*.au=00;36:*.flac=00;36:*.m4a=00;36:*.mid=00;36:*.midi=00;36:*.mka=00;36:*.mp3=00;36:*.mpc=00;36:*.ogg=00;36:*.ra=00;36:*.wav=00;36:*.oga=00;36:*.opus=00;36:*.spx=00;36:*.xspf=00;36:*~=00;90:*#=00;90:*.bak=00;90:*.crdownload=00;90:*.dpkg-dist=00;90:*.dpkg-new=00;90:*.dpkg-old=00;90:*.dpkg-tmp=00;90:*.old=00;90:*.orig=00;90:*.part=00;90:*.rej=00;90:*.rpmnew=00;90:*.rpmorig=00;90:*.rpmsave=00;90:*.swp=00;90:*.tmp=00;90:*.ucf-dist=00;90:*.ucf-new=00;90:*.ucf-old=00;90:', 'SSH_AUTH_SOCK': '/run/user/1000/keyring/ssh', 'XDG_GREETER_DATA_DIR': '/var/lib/lightdm-data/kiki', 'AMENT_PREFIX_PATH': '/home/kiki/sentinel_ws/install/serial:/opt/ros/jazzy', 'TERMINATOR_UUID': 'urn:uuid:09b29d06-c855-4d49-8392-44192634cf7d', 'SHELL': '/bin/bash', 'QT_ACCESSIBILITY': '1', 'GDMSESSION': 'ubuntu', 'GPG_AGENT_INFO': '/run/user/1000/gnupg/S.gpg-agent:0:1', 'GJS_DEBUG_OUTPUT': 'stderr', 'QT_IM_MODULE': 'ibus', 'ROS_AUTOMATIC_DISCOVERY_RANGE': 'SUBNET', 'LC_ALL': 'en_US.UTF-8', 'PWD': '/home/kiki/sentinel_ws/build/diffdrive_arduino', 'XDG_CONFIG_DIRS': '/etc/xdg/xdg-ubuntu:/etc/xdg', 'XDG_DATA_DIRS': '/usr/share/ubuntu:/usr/share/gnome:/usr/local/share:/usr/share:/var/lib/snapd/desktop', 'PYTHONPATH': '/opt/ros/jazzy/lib/python3.12/site-packages', 'COLCON': '1', 'VTE_VERSION': '7600', 'MEMORY_PRESSURE_WRITE': 'c29tZSAyMDAwMDAgMjAwMDAwMAA=', 'CMAKE_PREFIX_PATH': '/home/kiki/sentinel_ws/install/serial:/opt/ros/jazzy/opt/gz_sim_vendor:/opt/ros/jazzy/opt/gz_sensors_vendor:/opt/ros/jazzy/opt/gz_physics_vendor:/opt/ros/jazzy/opt/sdformat_vendor:/opt/ros/jazzy/opt/gz_gui_vendor:/opt/ros/jazzy/opt/gz_transport_vendor:/opt/ros/jazzy/opt/gz_rendering_vendor:/opt/ros/jazzy/opt/gz_plugin_vendor:/opt/ros/jazzy/opt/gz_fuel_tools_vendor:/opt/ros/jazzy/opt/gz_msgs_vendor:/opt/ros/jazzy/opt/gz_common_vendor:/opt/ros/jazzy/opt/gz_math_vendor:/opt/ros/jazzy/opt/gz_utils_vendor:/opt/ros/jazzy/opt/gz_tools_vendor:/opt/ros/jazzy/opt/gz_ogre_next_vendor:/opt/ros/jazzy/opt/gz_dartsim_vendor:/opt/ros/jazzy/opt/gz_cmake_vendor:/opt/ros/jazzy'}), 'shell': False}
[7.907837] (diffdrive_arduino) StdoutLine: {'line': b'-- Install configuration: ""\n'}
[7.908020] (diffdrive_arduino) StdoutLine: {'line': b'-- Execute custom install script\n'}
[7.908116] (diffdrive_arduino) StdoutLine: {'line': b'-- Symlinking: /home/kiki/sentinel_ws/install/diffdrive_arduino/share/diffdrive_arduino//robot_hardware.xml\n'}
[7.915851] (-) TimerEvent: {}
[7.916029] (diffdrive_arduino) StdoutLine: {'line': b'-- Symlinking: /home/kiki/sentinel_ws/install/diffdrive_arduino/share/diffdrive_arduino//fake_robot_hardware.xml\n'}
[7.923287] (diffdrive_arduino) StdoutLine: {'line': b'-- Symlinking: /home/kiki/sentinel_ws/install/diffdrive_arduino/lib/libdiffdrive_arduino.so\n'}
[7.930027] (diffdrive_arduino) StdoutLine: {'line': b'-- Symlinking: /home/kiki/sentinel_ws/install/diffdrive_arduino/lib/libfake_robot.so\n'}
[7.938100] (diffdrive_arduino) StdoutLine: {'line': b'-- Symlinking: /home/kiki/sentinel_ws/install/diffdrive_arduino/share/diffdrive_arduino/controllers/robot_controller_example.yaml\n'}
[7.944045] (diffdrive_arduino) StdoutLine: {'line': b'-- Symlinking: /home/kiki/sentinel_ws/install/diffdrive_arduino/share/diffdrive_arduino/fake_robot.launch.py\n'}
[7.950073] (diffdrive_arduino) StdoutLine: {'line': b'-- Symlinking: /home/kiki/sentinel_ws/install/diffdrive_arduino/share/diffdrive_arduino/test_robot.launch.py\n'}
[7.956108] (diffdrive_arduino) StdoutLine: {'line': b'-- Symlinking: /home/kiki/sentinel_ws/install/diffdrive_arduino/share/diffdrive_arduino/environment/library_path.sh\n'}
[7.963701] (diffdrive_arduino) StdoutLine: {'line': b'-- Symlinking: /home/kiki/sentinel_ws/install/diffdrive_arduino/share/diffdrive_arduino/environment/library_path.dsv\n'}
[7.969985] (diffdrive_arduino) StdoutLine: {'line': b'-- Symlinking: /home/kiki/sentinel_ws/install/diffdrive_arduino/share/ament_index/resource_index/package_run_dependencies/diffdrive_arduino\n'}
[7.976723] (diffdrive_arduino) StdoutLine: {'line': b'-- Symlinking: /home/kiki/sentinel_ws/install/diffdrive_arduino/share/ament_index/resource_index/parent_prefix_path/diffdrive_arduino\n'}
[7.984299] (diffdrive_arduino) StdoutLine: {'line': b'-- Symlinking: /home/kiki/sentinel_ws/install/diffdrive_arduino/share/diffdrive_arduino/environment/ament_prefix_path.sh\n'}
[7.989001] (diffdrive_arduino) StdoutLine: {'line': b'-- Symlinking: /home/kiki/sentinel_ws/install/diffdrive_arduino/share/diffdrive_arduino/environment/ament_prefix_path.dsv\n'}
[7.996885] (diffdrive_arduino) StdoutLine: {'line': b'-- Symlinking: /home/kiki/sentinel_ws/install/diffdrive_arduino/share/diffdrive_arduino/environment/path.sh\n'}
[8.004178] (diffdrive_arduino) StdoutLine: {'line': b'-- Symlinking: /home/kiki/sentinel_ws/install/diffdrive_arduino/share/diffdrive_arduino/environment/path.dsv\n'}
[8.009278] (diffdrive_arduino) StdoutLine: {'line': b'-- Symlinking: /home/kiki/sentinel_ws/install/diffdrive_arduino/share/diffdrive_arduino/local_setup.bash\n'}
[8.015975] (-) TimerEvent: {}
[8.016919] (diffdrive_arduino) StdoutLine: {'line': b'-- Symlinking: /home/kiki/sentinel_ws/install/diffdrive_arduino/share/diffdrive_arduino/local_setup.sh\n'}
[8.024559] (diffdrive_arduino) StdoutLine: {'line': b'-- Symlinking: /home/kiki/sentinel_ws/install/diffdrive_arduino/share/diffdrive_arduino/local_setup.zsh\n'}
[8.030550] (diffdrive_arduino) StdoutLine: {'line': b'-- Symlinking: /home/kiki/sentinel_ws/install/diffdrive_arduino/share/diffdrive_arduino/local_setup.dsv\n'}
[8.038531] (diffdrive_arduino) StdoutLine: {'line': b'-- Symlinking: /home/kiki/sentinel_ws/install/diffdrive_arduino/share/diffdrive_arduino/package.dsv\n'}
[8.046231] (diffdrive_arduino) StdoutLine: {'line': b'-- Symlinking: /home/kiki/sentinel_ws/install/diffdrive_arduino/share/ament_index/resource_index/packages/diffdrive_arduino\n'}
[8.052751] (diffdrive_arduino) StdoutLine: {'line': b'-- Symlinking: /home/kiki/sentinel_ws/install/diffdrive_arduino/share/ament_index/resource_index/hardware_interface__pluginlib__plugin/diffdrive_arduino\n'}
[8.061631] (diffdrive_arduino) StdoutLine: {'line': b'-- Symlinking: /home/kiki/sentinel_ws/install/diffdrive_arduino/share/diffdrive_arduino/cmake/ament_cmake_export_libraries-extras.cmake\n'}
[8.068615] (diffdrive_arduino) StdoutLine: {'line': b'-- Symlinking: /home/kiki/sentinel_ws/install/diffdrive_arduino/share/diffdrive_arduino/cmake/ament_cmake_export_dependencies-extras.cmake\n'}
[8.074883] (diffdrive_arduino) StdoutLine: {'line': b'-- Symlinking: /home/kiki/sentinel_ws/install/diffdrive_arduino/share/diffdrive_arduino/cmake/diffdrive_arduinoConfig.cmake\n'}
[8.083725] (diffdrive_arduino) StdoutLine: {'line': b'-- Symlinking: /home/kiki/sentinel_ws/install/diffdrive_arduino/share/diffdrive_arduino/cmake/diffdrive_arduinoConfig-version.cmake\n'}
[8.089237] (diffdrive_arduino) StdoutLine: {'line': b'-- Symlinking: /home/kiki/sentinel_ws/install/diffdrive_arduino/share/diffdrive_arduino/package.xml\n'}
[8.096434] (diffdrive_arduino) CommandEnded: {'returncode': 0}
[8.103196] (diffdrive_arduino) JobEnded: {'identifier': 'diffdrive_arduino', 'rc': 0}
[8.103755] (-) EventReactorShutdown: {}
