ISO-10303-21;
HEADER;
FILE_DESCRIPTION(('Designed by EasyEDA Pro'),'2;1');
FILE_NAME('Open CASCADE Shape Model','2026-05-14T22:36:37',('Author'),(
    'Open CASCADE'),'Open CASCADE STEP processor 7.8','Open CASCADE 7.8'
  ,'Unknown');
FILE_SCHEMA(('AUTOMOTIVE_DESIGN { 1 0 10303 214 1 1 1 1 }'));
ENDSEC;
DATA;
#1 = APPLICATION_PROTOCOL_DEFINITION('international standard',
  'automotive_design',2000,#2);
#2 = APPLICATION_CONTEXT(
  'core data for automotive mechanical design processes');
#3 = SHAPE_DEFINITION_REPRESENTATION(#4,#10);
#4 = PRODUCT_DEFINITION_SHAPE('','',#5);
#5 = PRODUCT_DEFINITION('design','',#6,#9);
#6 = PRODUCT_DEFINITION_FORMATION('','',#7);
#7 = PRODUCT('EasyEDA PCB Model~5Y95','EasyEDA PCB Model~5Y95','',(#8));
#8 = PRODUCT_CONTEXT('',#2,'mechanical');
#9 = PRODUCT_DEFINITION_CONTEXT('part definition',#2,'design');
#10 = SHAPE_REPRESENTATION('',(#11,#15,#19,#23,#27,#31,#35,#39,#43,#47,
    #51,#55),#59);
#11 = AXIS2_PLACEMENT_3D('',#12,#13,#14);
#12 = CARTESIAN_POINT('',(0.,0.,0.));
#13 = DIRECTION('',(0.,0.,1.));
#14 = DIRECTION('',(1.,0.,-0.));
#15 = AXIS2_PLACEMENT_3D('',#16,#17,#18);
#16 = CARTESIAN_POINT('',(0.,0.,0.));
#17 = DIRECTION('',(0.,0.,1.));
#18 = DIRECTION('',(1.,0.,-0.));
#19 = AXIS2_PLACEMENT_3D('',#20,#21,#22);
#20 = CARTESIAN_POINT('',(0.,0.,1.610028244856));
#21 = DIRECTION('',(0.,0.,1.));
#22 = DIRECTION('',(1.,0.,-0.));
#23 = AXIS2_PLACEMENT_3D('',#24,#25,#26);
#24 = CARTESIAN_POINT('',(0.,0.,-1.E-02));
#25 = DIRECTION('',(0.,0.,1.));
#26 = DIRECTION('',(1.,0.,-0.));
#27 = AXIS2_PLACEMENT_3D('',#28,#29,#30);
#28 = CARTESIAN_POINT('',(0.,0.,0.));
#29 = DIRECTION('',(0.,0.,1.));
#30 = DIRECTION('',(1.,0.,-0.));
#31 = AXIS2_PLACEMENT_3D('',#32,#33,#34);
#32 = CARTESIAN_POINT('',(0.,0.,0.));
#33 = DIRECTION('',(0.,0.,1.));
#34 = DIRECTION('',(1.,0.,-0.));
#35 = AXIS2_PLACEMENT_3D('',#36,#37,#38);
#36 = CARTESIAN_POINT('',(60.83713487427,-74.62717805435,1.600028244856)
  );
#37 = DIRECTION('',(0.,0.,1.));
#38 = DIRECTION('',(-1.,1.224646799147E-16,0.));
#39 = AXIS2_PLACEMENT_3D('',#40,#41,#42);
#40 = CARTESIAN_POINT('',(7.366014732029,-58.80111760223,1.600028244856)
  );
#41 = DIRECTION('',(0.,-0.,1.));
#42 = DIRECTION('',(1.110223024625E-16,1.,0.));
#43 = AXIS2_PLACEMENT_3D('',#44,#45,#46);
#44 = CARTESIAN_POINT('',(7.366014732029,-20.82804165608,1.600028244856)
  );
#45 = DIRECTION('',(0.,-0.,1.));
#46 = DIRECTION('',(1.110223024625E-16,1.,0.));
#47 = AXIS2_PLACEMENT_3D('',#48,#49,#50);
#48 = CARTESIAN_POINT('',(45.343103886208,-74.62717805435,1.600028244856
    ));
#49 = DIRECTION('',(0.,0.,1.));
#50 = DIRECTION('',(-1.,1.224646799147E-16,0.));
#51 = AXIS2_PLACEMENT_3D('',#52,#53,#54);
#52 = CARTESIAN_POINT('',(26.289052578105,-72.26314452628,1.600028244856
    ));
#53 = DIRECTION('',(0.,0.,1.));
#54 = DIRECTION('',(-1.,1.224646799147E-16,0.));
#55 = AXIS2_PLACEMENT_3D('',#56,#57,#58);
#56 = CARTESIAN_POINT('',(4.063449326899,-39.6224028448,1.600028244856)
  );
#57 = DIRECTION('',(0.,0.,1.));
#58 = DIRECTION('',(-4.440892098501E-16,-1.,0.));
#59 = ( GEOMETRIC_REPRESENTATION_CONTEXT(3) 
GLOBAL_UNCERTAINTY_ASSIGNED_CONTEXT((#63)) GLOBAL_UNIT_ASSIGNED_CONTEXT(
(#60,#61,#62)) REPRESENTATION_CONTEXT('Context #1',
  '3D Context with UNIT and UNCERTAINTY') );
#60 = ( LENGTH_UNIT() NAMED_UNIT(*) SI_UNIT(.MILLI.,.METRE.) );
#61 = ( NAMED_UNIT(*) PLANE_ANGLE_UNIT() SI_UNIT($,.RADIAN.) );
#62 = ( NAMED_UNIT(*) SI_UNIT($,.STERADIAN.) SOLID_ANGLE_UNIT() );
#63 = UNCERTAINTY_MEASURE_WITH_UNIT(LENGTH_MEASURE(1.E-07),#60,
  'distance_accuracy_value','confusion accuracy');
#64 = PRODUCT_RELATED_PRODUCT_CATEGORY('part',$,(#7));
#65 = SHAPE_DEFINITION_REPRESENTATION(#66,#72);
#66 = PRODUCT_DEFINITION_SHAPE('','',#67);
#67 = PRODUCT_DEFINITION('design','',#68,#71);
#68 = PRODUCT_DEFINITION_FORMATION('','',#69);
#69 = PRODUCT('Board~5Y95','Board~5Y95','',(#70));
#70 = PRODUCT_CONTEXT('',#2,'mechanical');
#71 = PRODUCT_DEFINITION_CONTEXT('part definition',#2,'design');
#72 = SHAPE_REPRESENTATION('',(#11,#73,#2999),#9197);
#73 = MANIFOLD_SOLID_BREP('',#74);
#74 = CLOSED_SHELL('',(#75,#115,#146,#177,#199,#241,#265,#307,#331,#373,
    #397,#439,#463,#505,#529,#571,#595,#637,#661,#703,#727,#769,#793,
    #835,#859,#901,#925,#967,#991,#1033,#1057,#1099,#1123,#1165,#1189,
    #1229,#1260,#1291,#1322,#1353,#1386,#1417,#1450,#1481,#1514,#1545,
    #1569,#1611,#1635,#1677,#1701,#1743,#1767,#1809,#1833,#1875,#1899,
    #1941,#1965,#2007,#2031,#2073,#2097,#2139,#2163,#2205,#2229,#2271,
    #2295,#2337,#2361,#2403,#2427,#2469,#2493,#2535,#2559,#2601,#2625,
    #2667,#2691,#2845));
#75 = ADVANCED_FACE('',(#76),#110,.T.);
#76 = FACE_BOUND('',#77,.T.);
#77 = EDGE_LOOP('',(#78,#88,#96,#104));
#78 = ORIENTED_EDGE('',*,*,#79,.T.);
#79 = EDGE_CURVE('',#80,#82,#84,.T.);
#80 = VERTEX_POINT('',#81);
#81 = CARTESIAN_POINT('',(1.270002540005E-02,-1.270002540005E-02,0.));
#82 = VERTEX_POINT('',#83);
#83 = CARTESIAN_POINT('',(1.270002540005E-02,-1.270002540005E-02,
    1.600028244856));
#84 = LINE('',#85,#86);
#85 = CARTESIAN_POINT('',(1.270002540005E-02,-1.270002540005E-02,0.));
#86 = VECTOR('',#87,1.);
#87 = DIRECTION('',(0.,0.,1.));
#88 = ORIENTED_EDGE('',*,*,#89,.T.);
#89 = EDGE_CURVE('',#82,#90,#92,.T.);
#90 = VERTEX_POINT('',#91);
#91 = CARTESIAN_POINT('',(96.634493268987,-1.270002540005E-02,
    1.600028244856));
#92 = LINE('',#93,#94);
#93 = CARTESIAN_POINT('',(1.270002540005E-02,-1.270002540005E-02,
    1.600028244856));
#94 = VECTOR('',#95,1.);
#95 = DIRECTION('',(1.,0.,0.));
#96 = ORIENTED_EDGE('',*,*,#97,.F.);
#97 = EDGE_CURVE('',#98,#90,#100,.T.);
#98 = VERTEX_POINT('',#99);
#99 = CARTESIAN_POINT('',(96.634493268987,-1.270002540005E-02,0.));
#100 = LINE('',#101,#102);
#101 = CARTESIAN_POINT('',(96.634493268987,-1.270002540005E-02,0.));
#102 = VECTOR('',#103,1.);
#103 = DIRECTION('',(0.,0.,1.));
#104 = ORIENTED_EDGE('',*,*,#105,.F.);
#105 = EDGE_CURVE('',#80,#98,#106,.T.);
#106 = LINE('',#107,#108);
#107 = CARTESIAN_POINT('',(1.270002540005E-02,-1.270002540005E-02,0.));
#108 = VECTOR('',#109,1.);
#109 = DIRECTION('',(1.,0.,0.));
#110 = PLANE('',#111);
#111 = AXIS2_PLACEMENT_3D('',#112,#113,#114);
#112 = CARTESIAN_POINT('',(1.270002540005E-02,-1.270002540005E-02,0.));
#113 = DIRECTION('',(0.,1.,0.));
#114 = DIRECTION('',(1.,0.,0.));
#115 = ADVANCED_FACE('',(#116),#141,.T.);
#116 = FACE_BOUND('',#117,.T.);
#117 = EDGE_LOOP('',(#118,#119,#127,#135));
#118 = ORIENTED_EDGE('',*,*,#97,.T.);
#119 = ORIENTED_EDGE('',*,*,#120,.T.);
#120 = EDGE_CURVE('',#90,#121,#123,.T.);
#121 = VERTEX_POINT('',#122);
#122 = CARTESIAN_POINT('',(96.634493268987,-83.93445116937,
    1.600028244856));
#123 = LINE('',#124,#125);
#124 = CARTESIAN_POINT('',(96.634493268987,-1.270002540005E-02,
    1.600028244856));
#125 = VECTOR('',#126,1.);
#126 = DIRECTION('',(0.,-1.,0.));
#127 = ORIENTED_EDGE('',*,*,#128,.F.);
#128 = EDGE_CURVE('',#129,#121,#131,.T.);
#129 = VERTEX_POINT('',#130);
#130 = CARTESIAN_POINT('',(96.634493268987,-83.93445116937,0.));
#131 = LINE('',#132,#133);
#132 = CARTESIAN_POINT('',(96.634493268987,-83.93445116937,0.));
#133 = VECTOR('',#134,1.);
#134 = DIRECTION('',(0.,0.,1.));
#135 = ORIENTED_EDGE('',*,*,#136,.F.);
#136 = EDGE_CURVE('',#98,#129,#137,.T.);
#137 = LINE('',#138,#139);
#138 = CARTESIAN_POINT('',(96.634493268987,-1.270002540005E-02,0.));
#139 = VECTOR('',#140,1.);
#140 = DIRECTION('',(0.,-1.,0.));
#141 = PLANE('',#142);
#142 = AXIS2_PLACEMENT_3D('',#143,#144,#145);
#143 = CARTESIAN_POINT('',(96.634493268987,-1.270002540005E-02,0.));
#144 = DIRECTION('',(1.,0.,-0.));
#145 = DIRECTION('',(0.,-1.,0.));
#146 = ADVANCED_FACE('',(#147),#172,.T.);
#147 = FACE_BOUND('',#148,.T.);
#148 = EDGE_LOOP('',(#149,#150,#158,#166));
#149 = ORIENTED_EDGE('',*,*,#128,.T.);
#150 = ORIENTED_EDGE('',*,*,#151,.T.);
#151 = EDGE_CURVE('',#121,#152,#154,.T.);
#152 = VERTEX_POINT('',#153);
#153 = CARTESIAN_POINT('',(1.270002540005E-02,-83.80748429257,
    1.600028244856));
#154 = LINE('',#155,#156);
#155 = CARTESIAN_POINT('',(96.634493268987,-83.93445116937,
    1.600028244856));
#156 = VECTOR('',#157,1.);
#157 = DIRECTION('',(-0.999999136624,1.314059312252E-03,0.));
#158 = ORIENTED_EDGE('',*,*,#159,.F.);
#159 = EDGE_CURVE('',#160,#152,#162,.T.);
#160 = VERTEX_POINT('',#161);
#161 = CARTESIAN_POINT('',(1.270002540005E-02,-83.80748429257,0.));
#162 = LINE('',#163,#164);
#163 = CARTESIAN_POINT('',(1.270002540005E-02,-83.80748429257,0.));
#164 = VECTOR('',#165,1.);
#165 = DIRECTION('',(0.,0.,1.));
#166 = ORIENTED_EDGE('',*,*,#167,.F.);
#167 = EDGE_CURVE('',#129,#160,#168,.T.);
#168 = LINE('',#169,#170);
#169 = CARTESIAN_POINT('',(96.634493268987,-83.93445116937,0.));
#170 = VECTOR('',#171,1.);
#171 = DIRECTION('',(-0.999999136624,1.314059312252E-03,0.));
#172 = PLANE('',#173);
#173 = AXIS2_PLACEMENT_3D('',#174,#175,#176);
#174 = CARTESIAN_POINT('',(96.634493268987,-83.93445116937,0.));
#175 = DIRECTION('',(-1.314059312252E-03,-0.999999136624,0.));
#176 = DIRECTION('',(-0.999999136624,1.314059312252E-03,0.));
#177 = ADVANCED_FACE('',(#178),#194,.T.);
#178 = FACE_BOUND('',#179,.T.);
#179 = EDGE_LOOP('',(#180,#181,#187,#188));
#180 = ORIENTED_EDGE('',*,*,#159,.T.);
#181 = ORIENTED_EDGE('',*,*,#182,.T.);
#182 = EDGE_CURVE('',#152,#82,#183,.T.);
#183 = LINE('',#184,#185);
#184 = CARTESIAN_POINT('',(1.270002540005E-02,-83.80748429257,
    1.600028244856));
#185 = VECTOR('',#186,1.);
#186 = DIRECTION('',(0.,1.,0.));
#187 = ORIENTED_EDGE('',*,*,#79,.F.);
#188 = ORIENTED_EDGE('',*,*,#189,.F.);
#189 = EDGE_CURVE('',#160,#80,#190,.T.);
#190 = LINE('',#191,#192);
#191 = CARTESIAN_POINT('',(1.270002540005E-02,-83.80748429257,0.));
#192 = VECTOR('',#193,1.);
#193 = DIRECTION('',(0.,1.,0.));
#194 = PLANE('',#195);
#195 = AXIS2_PLACEMENT_3D('',#196,#197,#198);
#196 = CARTESIAN_POINT('',(1.270002540005E-02,-83.80748429257,0.));
#197 = DIRECTION('',(-1.,0.,0.));
#198 = DIRECTION('',(0.,1.,0.));
#199 = ADVANCED_FACE('',(#200),#236,.F.);
#200 = FACE_BOUND('',#201,.T.);
#201 = EDGE_LOOP('',(#202,#212,#221,#229));
#202 = ORIENTED_EDGE('',*,*,#203,.T.);
#203 = EDGE_CURVE('',#204,#206,#208,.T.);
#204 = VERTEX_POINT('',#205);
#205 = CARTESIAN_POINT('',(4.04000508001,-81.28016256032,0.));
#206 = VERTEX_POINT('',#207);
#207 = CARTESIAN_POINT('',(4.04000508001,-81.28016256032,1.600028244856)
  );
#208 = LINE('',#209,#210);
#209 = CARTESIAN_POINT('',(4.04000508001,-81.28016256032,0.));
#210 = VECTOR('',#211,1.);
#211 = DIRECTION('',(0.,0.,1.));
#212 = ORIENTED_EDGE('',*,*,#213,.T.);
#213 = EDGE_CURVE('',#206,#214,#216,.T.);
#214 = VERTEX_POINT('',#215);
#215 = CARTESIAN_POINT('',(1.04000508001,-81.28016256032,1.600028244856)
  );
#216 = CIRCLE('',#217,1.5);
#217 = AXIS2_PLACEMENT_3D('',#218,#219,#220);
#218 = CARTESIAN_POINT('',(2.54000508001,-81.28016256032,1.600028244856)
  );
#219 = DIRECTION('',(0.,0.,1.));
#220 = DIRECTION('',(1.,1.110223024625E-16,-0.));
#221 = ORIENTED_EDGE('',*,*,#222,.F.);
#222 = EDGE_CURVE('',#223,#214,#225,.T.);
#223 = VERTEX_POINT('',#224);
#224 = CARTESIAN_POINT('',(1.04000508001,-81.28016256032,0.));
#225 = LINE('',#226,#227);
#226 = CARTESIAN_POINT('',(1.04000508001,-81.28016256032,0.));
#227 = VECTOR('',#228,1.);
#228 = DIRECTION('',(0.,0.,1.));
#229 = ORIENTED_EDGE('',*,*,#230,.F.);
#230 = EDGE_CURVE('',#204,#223,#231,.T.);
#231 = CIRCLE('',#232,1.5);
#232 = AXIS2_PLACEMENT_3D('',#233,#234,#235);
#233 = CARTESIAN_POINT('',(2.54000508001,-81.28016256032,0.));
#234 = DIRECTION('',(0.,0.,1.));
#235 = DIRECTION('',(1.,1.110223024625E-16,-0.));
#236 = CYLINDRICAL_SURFACE('',#237,1.5);
#237 = AXIS2_PLACEMENT_3D('',#238,#239,#240);
#238 = CARTESIAN_POINT('',(2.54000508001,-81.28016256032,0.));
#239 = DIRECTION('',(-0.,-0.,-1.));
#240 = DIRECTION('',(1.,1.110223024625E-16,-0.));
#241 = ADVANCED_FACE('',(#242),#260,.F.);
#242 = FACE_BOUND('',#243,.T.);
#243 = EDGE_LOOP('',(#244,#245,#252,#253));
#244 = ORIENTED_EDGE('',*,*,#222,.T.);
#245 = ORIENTED_EDGE('',*,*,#246,.T.);
#246 = EDGE_CURVE('',#214,#206,#247,.T.);
#247 = CIRCLE('',#248,1.5);
#248 = AXIS2_PLACEMENT_3D('',#249,#250,#251);
#249 = CARTESIAN_POINT('',(2.54000508001,-81.28016256032,1.600028244856)
  );
#250 = DIRECTION('',(0.,0.,1.));
#251 = DIRECTION('',(-1.,-1.110223024625E-16,0.));
#252 = ORIENTED_EDGE('',*,*,#203,.F.);
#253 = ORIENTED_EDGE('',*,*,#254,.F.);
#254 = EDGE_CURVE('',#223,#204,#255,.T.);
#255 = CIRCLE('',#256,1.5);
#256 = AXIS2_PLACEMENT_3D('',#257,#258,#259);
#257 = CARTESIAN_POINT('',(2.54000508001,-81.28016256032,0.));
#258 = DIRECTION('',(0.,0.,1.));
#259 = DIRECTION('',(-1.,-1.110223024625E-16,0.));
#260 = CYLINDRICAL_SURFACE('',#261,1.5);
#261 = AXIS2_PLACEMENT_3D('',#262,#263,#264);
#262 = CARTESIAN_POINT('',(2.54000508001,-81.28016256032,0.));
#263 = DIRECTION('',(-0.,-0.,-1.));
#264 = DIRECTION('',(-1.,-1.110223024625E-16,0.));
#265 = ADVANCED_FACE('',(#266),#302,.F.);
#266 = FACE_BOUND('',#267,.T.);
#267 = EDGE_LOOP('',(#268,#278,#287,#295));
#268 = ORIENTED_EDGE('',*,*,#269,.T.);
#269 = EDGE_CURVE('',#270,#272,#274,.T.);
#270 = VERTEX_POINT('',#271);
#271 = CARTESIAN_POINT('',(4.167005334011,-2.54000508001,0.));
#272 = VERTEX_POINT('',#273);
#273 = CARTESIAN_POINT('',(4.167005334011,-2.54000508001,1.600028244856)
  );
#274 = LINE('',#275,#276);
#275 = CARTESIAN_POINT('',(4.167005334011,-2.54000508001,0.));
#276 = VECTOR('',#277,1.);
#277 = DIRECTION('',(0.,0.,1.));
#278 = ORIENTED_EDGE('',*,*,#279,.T.);
#279 = EDGE_CURVE('',#272,#280,#282,.T.);
#280 = VERTEX_POINT('',#281);
#281 = CARTESIAN_POINT('',(1.167005334011,-2.54000508001,1.600028244856)
  );
#282 = CIRCLE('',#283,1.5);
#283 = AXIS2_PLACEMENT_3D('',#284,#285,#286);
#284 = CARTESIAN_POINT('',(2.667005334011,-2.54000508001,1.600028244856)
  );
#285 = DIRECTION('',(0.,0.,1.));
#286 = DIRECTION('',(1.,1.110223024625E-16,-0.));
#287 = ORIENTED_EDGE('',*,*,#288,.F.);
#288 = EDGE_CURVE('',#289,#280,#291,.T.);
#289 = VERTEX_POINT('',#290);
#290 = CARTESIAN_POINT('',(1.167005334011,-2.54000508001,0.));
#291 = LINE('',#292,#293);
#292 = CARTESIAN_POINT('',(1.167005334011,-2.54000508001,0.));
#293 = VECTOR('',#294,1.);
#294 = DIRECTION('',(0.,0.,1.));
#295 = ORIENTED_EDGE('',*,*,#296,.F.);
#296 = EDGE_CURVE('',#270,#289,#297,.T.);
#297 = CIRCLE('',#298,1.5);
#298 = AXIS2_PLACEMENT_3D('',#299,#300,#301);
#299 = CARTESIAN_POINT('',(2.667005334011,-2.54000508001,0.));
#300 = DIRECTION('',(0.,0.,1.));
#301 = DIRECTION('',(1.,1.110223024625E-16,-0.));
#302 = CYLINDRICAL_SURFACE('',#303,1.5);
#303 = AXIS2_PLACEMENT_3D('',#304,#305,#306);
#304 = CARTESIAN_POINT('',(2.667005334011,-2.54000508001,0.));
#305 = DIRECTION('',(-0.,-0.,-1.));
#306 = DIRECTION('',(1.,1.110223024625E-16,-0.));
#307 = ADVANCED_FACE('',(#308),#326,.F.);
#308 = FACE_BOUND('',#309,.T.);
#309 = EDGE_LOOP('',(#310,#311,#318,#319));
#310 = ORIENTED_EDGE('',*,*,#288,.T.);
#311 = ORIENTED_EDGE('',*,*,#312,.T.);
#312 = EDGE_CURVE('',#280,#272,#313,.T.);
#313 = CIRCLE('',#314,1.5);
#314 = AXIS2_PLACEMENT_3D('',#315,#316,#317);
#315 = CARTESIAN_POINT('',(2.667005334011,-2.54000508001,1.600028244856)
  );
#316 = DIRECTION('',(0.,0.,1.));
#317 = DIRECTION('',(-1.,-1.110223024625E-16,0.));
#318 = ORIENTED_EDGE('',*,*,#269,.F.);
#319 = ORIENTED_EDGE('',*,*,#320,.F.);
#320 = EDGE_CURVE('',#289,#270,#321,.T.);
#321 = CIRCLE('',#322,1.5);
#322 = AXIS2_PLACEMENT_3D('',#323,#324,#325);
#323 = CARTESIAN_POINT('',(2.667005334011,-2.54000508001,0.));
#324 = DIRECTION('',(0.,0.,1.));
#325 = DIRECTION('',(-1.,-1.110223024625E-16,0.));
#326 = CYLINDRICAL_SURFACE('',#327,1.5);
#327 = AXIS2_PLACEMENT_3D('',#328,#329,#330);
#328 = CARTESIAN_POINT('',(2.667005334011,-2.54000508001,0.));
#329 = DIRECTION('',(-0.,-0.,-1.));
#330 = DIRECTION('',(-1.,-1.110223024625E-16,0.));
#331 = ADVANCED_FACE('',(#332),#368,.F.);
#332 = FACE_BOUND('',#333,.T.);
#333 = EDGE_LOOP('',(#334,#344,#353,#361));
#334 = ORIENTED_EDGE('',*,*,#335,.T.);
#335 = EDGE_CURVE('',#336,#338,#340,.T.);
#336 = VERTEX_POINT('',#337);
#337 = CARTESIAN_POINT('',(6.913208026416,-39.6224028448,0.));
#338 = VERTEX_POINT('',#339);
#339 = CARTESIAN_POINT('',(6.913208026416,-39.6224028448,1.600028244856)
  );
#340 = LINE('',#341,#342);
#341 = CARTESIAN_POINT('',(6.913208026416,-39.6224028448,0.));
#342 = VECTOR('',#343,1.);
#343 = DIRECTION('',(0.,0.,1.));
#344 = ORIENTED_EDGE('',*,*,#345,.T.);
#345 = EDGE_CURVE('',#338,#346,#348,.T.);
#346 = VERTEX_POINT('',#347);
#347 = CARTESIAN_POINT('',(5.913208026416,-39.6224028448,1.600028244856)
  );
#348 = CIRCLE('',#349,0.5);
#349 = AXIS2_PLACEMENT_3D('',#350,#351,#352);
#350 = CARTESIAN_POINT('',(6.413208026416,-39.6224028448,1.600028244856)
  );
#351 = DIRECTION('',(0.,0.,1.));
#352 = DIRECTION('',(1.,1.110223024625E-16,-0.));
#353 = ORIENTED_EDGE('',*,*,#354,.F.);
#354 = EDGE_CURVE('',#355,#346,#357,.T.);
#355 = VERTEX_POINT('',#356);
#356 = CARTESIAN_POINT('',(5.913208026416,-39.6224028448,0.));
#357 = LINE('',#358,#359);
#358 = CARTESIAN_POINT('',(5.913208026416,-39.6224028448,0.));
#359 = VECTOR('',#360,1.);
#360 = DIRECTION('',(0.,0.,1.));
#361 = ORIENTED_EDGE('',*,*,#362,.F.);
#362 = EDGE_CURVE('',#336,#355,#363,.T.);
#363 = CIRCLE('',#364,0.5);
#364 = AXIS2_PLACEMENT_3D('',#365,#366,#367);
#365 = CARTESIAN_POINT('',(6.413208026416,-39.6224028448,0.));
#366 = DIRECTION('',(0.,0.,1.));
#367 = DIRECTION('',(1.,1.110223024625E-16,-0.));
#368 = CYLINDRICAL_SURFACE('',#369,0.5);
#369 = AXIS2_PLACEMENT_3D('',#370,#371,#372);
#370 = CARTESIAN_POINT('',(6.413208026416,-39.6224028448,0.));
#371 = DIRECTION('',(-0.,-0.,-1.));
#372 = DIRECTION('',(1.,1.110223024625E-16,-0.));
#373 = ADVANCED_FACE('',(#374),#392,.F.);
#374 = FACE_BOUND('',#375,.T.);
#375 = EDGE_LOOP('',(#376,#377,#384,#385));
#376 = ORIENTED_EDGE('',*,*,#354,.T.);
#377 = ORIENTED_EDGE('',*,*,#378,.T.);
#378 = EDGE_CURVE('',#346,#338,#379,.T.);
#379 = CIRCLE('',#380,0.5);
#380 = AXIS2_PLACEMENT_3D('',#381,#382,#383);
#381 = CARTESIAN_POINT('',(6.413208026416,-39.6224028448,1.600028244856)
  );
#382 = DIRECTION('',(0.,0.,1.));
#383 = DIRECTION('',(-1.,-1.110223024625E-16,0.));
#384 = ORIENTED_EDGE('',*,*,#335,.F.);
#385 = ORIENTED_EDGE('',*,*,#386,.F.);
#386 = EDGE_CURVE('',#355,#336,#387,.T.);
#387 = CIRCLE('',#388,0.5);
#388 = AXIS2_PLACEMENT_3D('',#389,#390,#391);
#389 = CARTESIAN_POINT('',(6.413208026416,-39.6224028448,0.));
#390 = DIRECTION('',(0.,0.,1.));
#391 = DIRECTION('',(-1.,-1.110223024625E-16,0.));
#392 = CYLINDRICAL_SURFACE('',#393,0.5);
#393 = AXIS2_PLACEMENT_3D('',#394,#395,#396);
#394 = CARTESIAN_POINT('',(6.413208026416,-39.6224028448,0.));
#395 = DIRECTION('',(-0.,-0.,-1.));
#396 = DIRECTION('',(-1.,-1.110223024625E-16,0.));
#397 = ADVANCED_FACE('',(#398),#434,.F.);
#398 = FACE_BOUND('',#399,.T.);
#399 = EDGE_LOOP('',(#400,#410,#419,#427));
#400 = ORIENTED_EDGE('',*,*,#401,.T.);
#401 = EDGE_CURVE('',#402,#404,#406,.T.);
#402 = VERTEX_POINT('',#403);
#403 = CARTESIAN_POINT('',(6.913208026416,-42.12265684531,0.));
#404 = VERTEX_POINT('',#405);
#405 = CARTESIAN_POINT('',(6.913208026416,-42.12265684531,1.600028244856
    ));
#406 = LINE('',#407,#408);
#407 = CARTESIAN_POINT('',(6.913208026416,-42.12265684531,0.));
#408 = VECTOR('',#409,1.);
#409 = DIRECTION('',(0.,0.,1.));
#410 = ORIENTED_EDGE('',*,*,#411,.T.);
#411 = EDGE_CURVE('',#404,#412,#414,.T.);
#412 = VERTEX_POINT('',#413);
#413 = CARTESIAN_POINT('',(5.913208026416,-42.12265684531,1.600028244856
    ));
#414 = CIRCLE('',#415,0.5);
#415 = AXIS2_PLACEMENT_3D('',#416,#417,#418);
#416 = CARTESIAN_POINT('',(6.413208026416,-42.12265684531,1.600028244856
    ));
#417 = DIRECTION('',(0.,0.,1.));
#418 = DIRECTION('',(1.,1.110223024625E-16,-0.));
#419 = ORIENTED_EDGE('',*,*,#420,.F.);
#420 = EDGE_CURVE('',#421,#412,#423,.T.);
#421 = VERTEX_POINT('',#422);
#422 = CARTESIAN_POINT('',(5.913208026416,-42.12265684531,0.));
#423 = LINE('',#424,#425);
#424 = CARTESIAN_POINT('',(5.913208026416,-42.12265684531,0.));
#425 = VECTOR('',#426,1.);
#426 = DIRECTION('',(0.,0.,1.));
#427 = ORIENTED_EDGE('',*,*,#428,.F.);
#428 = EDGE_CURVE('',#402,#421,#429,.T.);
#429 = CIRCLE('',#430,0.5);
#430 = AXIS2_PLACEMENT_3D('',#431,#432,#433);
#431 = CARTESIAN_POINT('',(6.413208026416,-42.12265684531,0.));
#432 = DIRECTION('',(0.,0.,1.));
#433 = DIRECTION('',(1.,1.110223024625E-16,-0.));
#434 = CYLINDRICAL_SURFACE('',#435,0.5);
#435 = AXIS2_PLACEMENT_3D('',#436,#437,#438);
#436 = CARTESIAN_POINT('',(6.413208026416,-42.12265684531,0.));
#437 = DIRECTION('',(-0.,-0.,-1.));
#438 = DIRECTION('',(1.,1.110223024625E-16,-0.));
#439 = ADVANCED_FACE('',(#440),#458,.F.);
#440 = FACE_BOUND('',#441,.T.);
#441 = EDGE_LOOP('',(#442,#443,#450,#451));
#442 = ORIENTED_EDGE('',*,*,#420,.T.);
#443 = ORIENTED_EDGE('',*,*,#444,.T.);
#444 = EDGE_CURVE('',#412,#404,#445,.T.);
#445 = CIRCLE('',#446,0.5);
#446 = AXIS2_PLACEMENT_3D('',#447,#448,#449);
#447 = CARTESIAN_POINT('',(6.413208026416,-42.12265684531,1.600028244856
    ));
#448 = DIRECTION('',(0.,0.,1.));
#449 = DIRECTION('',(-1.,-1.110223024625E-16,0.));
#450 = ORIENTED_EDGE('',*,*,#401,.F.);
#451 = ORIENTED_EDGE('',*,*,#452,.F.);
#452 = EDGE_CURVE('',#421,#402,#453,.T.);
#453 = CIRCLE('',#454,0.5);
#454 = AXIS2_PLACEMENT_3D('',#455,#456,#457);
#455 = CARTESIAN_POINT('',(6.413208026416,-42.12265684531,0.));
#456 = DIRECTION('',(0.,0.,1.));
#457 = DIRECTION('',(-1.,-1.110223024625E-16,0.));
#458 = CYLINDRICAL_SURFACE('',#459,0.5);
#459 = AXIS2_PLACEMENT_3D('',#460,#461,#462);
#460 = CARTESIAN_POINT('',(6.413208026416,-42.12265684531,0.));
#461 = DIRECTION('',(-0.,-0.,-1.));
#462 = DIRECTION('',(-1.,-1.110223024625E-16,0.));
#463 = ADVANCED_FACE('',(#464),#500,.F.);
#464 = FACE_BOUND('',#465,.T.);
#465 = EDGE_LOOP('',(#466,#476,#485,#493));
#466 = ORIENTED_EDGE('',*,*,#467,.T.);
#467 = EDGE_CURVE('',#468,#470,#472,.T.);
#468 = VERTEX_POINT('',#469);
#469 = CARTESIAN_POINT('',(6.913208026416,-44.6224028448,0.));
#470 = VERTEX_POINT('',#471);
#471 = CARTESIAN_POINT('',(6.913208026416,-44.6224028448,1.600028244856)
  );
#472 = LINE('',#473,#474);
#473 = CARTESIAN_POINT('',(6.913208026416,-44.6224028448,0.));
#474 = VECTOR('',#475,1.);
#475 = DIRECTION('',(0.,0.,1.));
#476 = ORIENTED_EDGE('',*,*,#477,.T.);
#477 = EDGE_CURVE('',#470,#478,#480,.T.);
#478 = VERTEX_POINT('',#479);
#479 = CARTESIAN_POINT('',(5.913208026416,-44.6224028448,1.600028244856)
  );
#480 = CIRCLE('',#481,0.5);
#481 = AXIS2_PLACEMENT_3D('',#482,#483,#484);
#482 = CARTESIAN_POINT('',(6.413208026416,-44.6224028448,1.600028244856)
  );
#483 = DIRECTION('',(0.,0.,1.));
#484 = DIRECTION('',(1.,1.110223024625E-16,-0.));
#485 = ORIENTED_EDGE('',*,*,#486,.F.);
#486 = EDGE_CURVE('',#487,#478,#489,.T.);
#487 = VERTEX_POINT('',#488);
#488 = CARTESIAN_POINT('',(5.913208026416,-44.6224028448,0.));
#489 = LINE('',#490,#491);
#490 = CARTESIAN_POINT('',(5.913208026416,-44.6224028448,0.));
#491 = VECTOR('',#492,1.);
#492 = DIRECTION('',(0.,0.,1.));
#493 = ORIENTED_EDGE('',*,*,#494,.F.);
#494 = EDGE_CURVE('',#468,#487,#495,.T.);
#495 = CIRCLE('',#496,0.5);
#496 = AXIS2_PLACEMENT_3D('',#497,#498,#499);
#497 = CARTESIAN_POINT('',(6.413208026416,-44.6224028448,0.));
#498 = DIRECTION('',(0.,0.,1.));
#499 = DIRECTION('',(1.,1.110223024625E-16,-0.));
#500 = CYLINDRICAL_SURFACE('',#501,0.5);
#501 = AXIS2_PLACEMENT_3D('',#502,#503,#504);
#502 = CARTESIAN_POINT('',(6.413208026416,-44.6224028448,0.));
#503 = DIRECTION('',(-0.,-0.,-1.));
#504 = DIRECTION('',(1.,1.110223024625E-16,-0.));
#505 = ADVANCED_FACE('',(#506),#524,.F.);
#506 = FACE_BOUND('',#507,.T.);
#507 = EDGE_LOOP('',(#508,#509,#516,#517));
#508 = ORIENTED_EDGE('',*,*,#486,.T.);
#509 = ORIENTED_EDGE('',*,*,#510,.T.);
#510 = EDGE_CURVE('',#478,#470,#511,.T.);
#511 = CIRCLE('',#512,0.5);
#512 = AXIS2_PLACEMENT_3D('',#513,#514,#515);
#513 = CARTESIAN_POINT('',(6.413208026416,-44.6224028448,1.600028244856)
  );
#514 = DIRECTION('',(0.,0.,1.));
#515 = DIRECTION('',(-1.,-1.110223024625E-16,0.));
#516 = ORIENTED_EDGE('',*,*,#467,.F.);
#517 = ORIENTED_EDGE('',*,*,#518,.F.);
#518 = EDGE_CURVE('',#487,#468,#519,.T.);
#519 = CIRCLE('',#520,0.5);
#520 = AXIS2_PLACEMENT_3D('',#521,#522,#523);
#521 = CARTESIAN_POINT('',(6.413208026416,-44.6224028448,0.));
#522 = DIRECTION('',(0.,0.,1.));
#523 = DIRECTION('',(-1.,-1.110223024625E-16,0.));
#524 = CYLINDRICAL_SURFACE('',#525,0.5);
#525 = AXIS2_PLACEMENT_3D('',#526,#527,#528);
#526 = CARTESIAN_POINT('',(6.413208026416,-44.6224028448,0.));
#527 = DIRECTION('',(-0.,-0.,-1.));
#528 = DIRECTION('',(-1.,-1.110223024625E-16,0.));
#529 = ADVANCED_FACE('',(#530),#566,.F.);
#530 = FACE_BOUND('',#531,.T.);
#531 = EDGE_LOOP('',(#532,#542,#551,#559));
#532 = ORIENTED_EDGE('',*,*,#533,.T.);
#533 = EDGE_CURVE('',#534,#536,#538,.T.);
#534 = VERTEX_POINT('',#535);
#535 = CARTESIAN_POINT('',(6.913208026416,-37.12265684531,0.));
#536 = VERTEX_POINT('',#537);
#537 = CARTESIAN_POINT('',(6.913208026416,-37.12265684531,1.600028244856
    ));
#538 = LINE('',#539,#540);
#539 = CARTESIAN_POINT('',(6.913208026416,-37.12265684531,0.));
#540 = VECTOR('',#541,1.);
#541 = DIRECTION('',(0.,0.,1.));
#542 = ORIENTED_EDGE('',*,*,#543,.T.);
#543 = EDGE_CURVE('',#536,#544,#546,.T.);
#544 = VERTEX_POINT('',#545);
#545 = CARTESIAN_POINT('',(5.913208026416,-37.12265684531,1.600028244856
    ));
#546 = CIRCLE('',#547,0.5);
#547 = AXIS2_PLACEMENT_3D('',#548,#549,#550);
#548 = CARTESIAN_POINT('',(6.413208026416,-37.12265684531,1.600028244856
    ));
#549 = DIRECTION('',(0.,0.,1.));
#550 = DIRECTION('',(1.,1.110223024625E-16,-0.));
#551 = ORIENTED_EDGE('',*,*,#552,.F.);
#552 = EDGE_CURVE('',#553,#544,#555,.T.);
#553 = VERTEX_POINT('',#554);
#554 = CARTESIAN_POINT('',(5.913208026416,-37.12265684531,0.));
#555 = LINE('',#556,#557);
#556 = CARTESIAN_POINT('',(5.913208026416,-37.12265684531,0.));
#557 = VECTOR('',#558,1.);
#558 = DIRECTION('',(0.,0.,1.));
#559 = ORIENTED_EDGE('',*,*,#560,.F.);
#560 = EDGE_CURVE('',#534,#553,#561,.T.);
#561 = CIRCLE('',#562,0.5);
#562 = AXIS2_PLACEMENT_3D('',#563,#564,#565);
#563 = CARTESIAN_POINT('',(6.413208026416,-37.12265684531,0.));
#564 = DIRECTION('',(0.,0.,1.));
#565 = DIRECTION('',(1.,1.110223024625E-16,-0.));
#566 = CYLINDRICAL_SURFACE('',#567,0.5);
#567 = AXIS2_PLACEMENT_3D('',#568,#569,#570);
#568 = CARTESIAN_POINT('',(6.413208026416,-37.12265684531,0.));
#569 = DIRECTION('',(-0.,-0.,-1.));
#570 = DIRECTION('',(1.,1.110223024625E-16,-0.));
#571 = ADVANCED_FACE('',(#572),#590,.F.);
#572 = FACE_BOUND('',#573,.T.);
#573 = EDGE_LOOP('',(#574,#575,#582,#583));
#574 = ORIENTED_EDGE('',*,*,#552,.T.);
#575 = ORIENTED_EDGE('',*,*,#576,.T.);
#576 = EDGE_CURVE('',#544,#536,#577,.T.);
#577 = CIRCLE('',#578,0.5);
#578 = AXIS2_PLACEMENT_3D('',#579,#580,#581);
#579 = CARTESIAN_POINT('',(6.413208026416,-37.12265684531,1.600028244856
    ));
#580 = DIRECTION('',(0.,0.,1.));
#581 = DIRECTION('',(-1.,-1.110223024625E-16,0.));
#582 = ORIENTED_EDGE('',*,*,#533,.F.);
#583 = ORIENTED_EDGE('',*,*,#584,.F.);
#584 = EDGE_CURVE('',#553,#534,#585,.T.);
#585 = CIRCLE('',#586,0.5);
#586 = AXIS2_PLACEMENT_3D('',#587,#588,#589);
#587 = CARTESIAN_POINT('',(6.413208026416,-37.12265684531,0.));
#588 = DIRECTION('',(0.,0.,1.));
#589 = DIRECTION('',(-1.,-1.110223024625E-16,0.));
#590 = CYLINDRICAL_SURFACE('',#591,0.5);
#591 = AXIS2_PLACEMENT_3D('',#592,#593,#594);
#592 = CARTESIAN_POINT('',(6.413208026416,-37.12265684531,0.));
#593 = DIRECTION('',(-0.,-0.,-1.));
#594 = DIRECTION('',(-1.,-1.110223024625E-16,0.));
#595 = ADVANCED_FACE('',(#596),#632,.F.);
#596 = FACE_BOUND('',#597,.T.);
#597 = EDGE_LOOP('',(#598,#608,#617,#625));
#598 = ORIENTED_EDGE('',*,*,#599,.T.);
#599 = EDGE_CURVE('',#600,#602,#604,.T.);
#600 = VERTEX_POINT('',#601);
#601 = CARTESIAN_POINT('',(6.913716027432,-34.6224028448,0.));
#602 = VERTEX_POINT('',#603);
#603 = CARTESIAN_POINT('',(6.913716027432,-34.6224028448,1.600028244856)
  );
#604 = LINE('',#605,#606);
#605 = CARTESIAN_POINT('',(6.913716027432,-34.6224028448,0.));
#606 = VECTOR('',#607,1.);
#607 = DIRECTION('',(0.,0.,1.));
#608 = ORIENTED_EDGE('',*,*,#609,.T.);
#609 = EDGE_CURVE('',#602,#610,#612,.T.);
#610 = VERTEX_POINT('',#611);
#611 = CARTESIAN_POINT('',(5.913716027432,-34.6224028448,1.600028244856)
  );
#612 = CIRCLE('',#613,0.5);
#613 = AXIS2_PLACEMENT_3D('',#614,#615,#616);
#614 = CARTESIAN_POINT('',(6.413716027432,-34.6224028448,1.600028244856)
  );
#615 = DIRECTION('',(0.,0.,1.));
#616 = DIRECTION('',(1.,1.110223024625E-16,-0.));
#617 = ORIENTED_EDGE('',*,*,#618,.F.);
#618 = EDGE_CURVE('',#619,#610,#621,.T.);
#619 = VERTEX_POINT('',#620);
#620 = CARTESIAN_POINT('',(5.913716027432,-34.6224028448,0.));
#621 = LINE('',#622,#623);
#622 = CARTESIAN_POINT('',(5.913716027432,-34.6224028448,0.));
#623 = VECTOR('',#624,1.);
#624 = DIRECTION('',(0.,0.,1.));
#625 = ORIENTED_EDGE('',*,*,#626,.F.);
#626 = EDGE_CURVE('',#600,#619,#627,.T.);
#627 = CIRCLE('',#628,0.5);
#628 = AXIS2_PLACEMENT_3D('',#629,#630,#631);
#629 = CARTESIAN_POINT('',(6.413716027432,-34.6224028448,0.));
#630 = DIRECTION('',(0.,0.,1.));
#631 = DIRECTION('',(1.,1.110223024625E-16,-0.));
#632 = CYLINDRICAL_SURFACE('',#633,0.5);
#633 = AXIS2_PLACEMENT_3D('',#634,#635,#636);
#634 = CARTESIAN_POINT('',(6.413716027432,-34.6224028448,0.));
#635 = DIRECTION('',(-0.,-0.,-1.));
#636 = DIRECTION('',(1.,1.110223024625E-16,-0.));
#637 = ADVANCED_FACE('',(#638),#656,.F.);
#638 = FACE_BOUND('',#639,.T.);
#639 = EDGE_LOOP('',(#640,#641,#648,#649));
#640 = ORIENTED_EDGE('',*,*,#618,.T.);
#641 = ORIENTED_EDGE('',*,*,#642,.T.);
#642 = EDGE_CURVE('',#610,#602,#643,.T.);
#643 = CIRCLE('',#644,0.5);
#644 = AXIS2_PLACEMENT_3D('',#645,#646,#647);
#645 = CARTESIAN_POINT('',(6.413716027432,-34.6224028448,1.600028244856)
  );
#646 = DIRECTION('',(0.,0.,1.));
#647 = DIRECTION('',(-1.,-1.110223024625E-16,0.));
#648 = ORIENTED_EDGE('',*,*,#599,.F.);
#649 = ORIENTED_EDGE('',*,*,#650,.F.);
#650 = EDGE_CURVE('',#619,#600,#651,.T.);
#651 = CIRCLE('',#652,0.5);
#652 = AXIS2_PLACEMENT_3D('',#653,#654,#655);
#653 = CARTESIAN_POINT('',(6.413716027432,-34.6224028448,0.));
#654 = DIRECTION('',(0.,0.,1.));
#655 = DIRECTION('',(-1.,-1.110223024625E-16,0.));
#656 = CYLINDRICAL_SURFACE('',#657,0.5);
#657 = AXIS2_PLACEMENT_3D('',#658,#659,#660);
#658 = CARTESIAN_POINT('',(6.413716027432,-34.6224028448,0.));
#659 = DIRECTION('',(-0.,-0.,-1.));
#660 = DIRECTION('',(-1.,-1.110223024625E-16,0.));
#661 = ADVANCED_FACE('',(#662),#698,.F.);
#662 = FACE_BOUND('',#663,.T.);
#663 = EDGE_LOOP('',(#664,#674,#683,#691));
#664 = ORIENTED_EDGE('',*,*,#665,.T.);
#665 = EDGE_CURVE('',#666,#668,#670,.T.);
#666 = VERTEX_POINT('',#667);
#667 = CARTESIAN_POINT('',(7.916230632461,-24.6381000762,0.));
#668 = VERTEX_POINT('',#669);
#669 = CARTESIAN_POINT('',(7.916230632461,-24.6381000762,1.600028244856)
  );
#670 = LINE('',#671,#672);
#671 = CARTESIAN_POINT('',(7.916230632461,-24.6381000762,0.));
#672 = VECTOR('',#673,1.);
#673 = DIRECTION('',(0.,0.,1.));
#674 = ORIENTED_EDGE('',*,*,#675,.T.);
#675 = EDGE_CURVE('',#668,#676,#678,.T.);
#676 = VERTEX_POINT('',#677);
#677 = CARTESIAN_POINT('',(6.81620523241,-24.6381000762,1.600028244856)
  );
#678 = CIRCLE('',#679,0.550012700025);
#679 = AXIS2_PLACEMENT_3D('',#680,#681,#682);
#680 = CARTESIAN_POINT('',(7.366217932436,-24.6381000762,1.600028244856)
  );
#681 = DIRECTION('',(0.,0.,1.));
#682 = DIRECTION('',(1.,1.110223024625E-16,-0.));
#683 = ORIENTED_EDGE('',*,*,#684,.F.);
#684 = EDGE_CURVE('',#685,#676,#687,.T.);
#685 = VERTEX_POINT('',#686);
#686 = CARTESIAN_POINT('',(6.81620523241,-24.6381000762,0.));
#687 = LINE('',#688,#689);
#688 = CARTESIAN_POINT('',(6.81620523241,-24.6381000762,0.));
#689 = VECTOR('',#690,1.);
#690 = DIRECTION('',(0.,0.,1.));
#691 = ORIENTED_EDGE('',*,*,#692,.F.);
#692 = EDGE_CURVE('',#666,#685,#693,.T.);
#693 = CIRCLE('',#694,0.550012700025);
#694 = AXIS2_PLACEMENT_3D('',#695,#696,#697);
#695 = CARTESIAN_POINT('',(7.366217932436,-24.6381000762,0.));
#696 = DIRECTION('',(0.,0.,1.));
#697 = DIRECTION('',(1.,1.110223024625E-16,-0.));
#698 = CYLINDRICAL_SURFACE('',#699,0.550012700025);
#699 = AXIS2_PLACEMENT_3D('',#700,#701,#702);
#700 = CARTESIAN_POINT('',(7.366217932436,-24.6381000762,0.));
#701 = DIRECTION('',(-0.,-0.,-1.));
#702 = DIRECTION('',(1.,1.110223024625E-16,-0.));
#703 = ADVANCED_FACE('',(#704),#722,.F.);
#704 = FACE_BOUND('',#705,.T.);
#705 = EDGE_LOOP('',(#706,#707,#714,#715));
#706 = ORIENTED_EDGE('',*,*,#684,.T.);
#707 = ORIENTED_EDGE('',*,*,#708,.T.);
#708 = EDGE_CURVE('',#676,#668,#709,.T.);
#709 = CIRCLE('',#710,0.550012700025);
#710 = AXIS2_PLACEMENT_3D('',#711,#712,#713);
#711 = CARTESIAN_POINT('',(7.366217932436,-24.6381000762,1.600028244856)
  );
#712 = DIRECTION('',(0.,0.,1.));
#713 = DIRECTION('',(-1.,-1.110223024625E-16,0.));
#714 = ORIENTED_EDGE('',*,*,#665,.F.);
#715 = ORIENTED_EDGE('',*,*,#716,.F.);
#716 = EDGE_CURVE('',#685,#666,#717,.T.);
#717 = CIRCLE('',#718,0.550012700025);
#718 = AXIS2_PLACEMENT_3D('',#719,#720,#721);
#719 = CARTESIAN_POINT('',(7.366217932436,-24.6381000762,0.));
#720 = DIRECTION('',(0.,0.,1.));
#721 = DIRECTION('',(-1.,-1.110223024625E-16,0.));
#722 = CYLINDRICAL_SURFACE('',#723,0.550012700025);
#723 = AXIS2_PLACEMENT_3D('',#724,#725,#726);
#724 = CARTESIAN_POINT('',(7.366217932436,-24.6381000762,0.));
#725 = DIRECTION('',(-0.,-0.,-1.));
#726 = DIRECTION('',(-1.,-1.110223024625E-16,0.));
#727 = ADVANCED_FACE('',(#728),#764,.F.);
#728 = FACE_BOUND('',#729,.T.);
#729 = EDGE_LOOP('',(#730,#740,#749,#757));
#730 = ORIENTED_EDGE('',*,*,#731,.T.);
#731 = EDGE_CURVE('',#732,#734,#736,.T.);
#732 = VERTEX_POINT('',#733);
#733 = CARTESIAN_POINT('',(7.916230632461,-22.09809499619,0.));
#734 = VERTEX_POINT('',#735);
#735 = CARTESIAN_POINT('',(7.916230632461,-22.09809499619,1.600028244856
    ));
#736 = LINE('',#737,#738);
#737 = CARTESIAN_POINT('',(7.916230632461,-22.09809499619,0.));
#738 = VECTOR('',#739,1.);
#739 = DIRECTION('',(0.,0.,1.));
#740 = ORIENTED_EDGE('',*,*,#741,.T.);
#741 = EDGE_CURVE('',#734,#742,#744,.T.);
#742 = VERTEX_POINT('',#743);
#743 = CARTESIAN_POINT('',(6.81620523241,-22.09809499619,1.600028244856)
  );
#744 = CIRCLE('',#745,0.550012700025);
#745 = AXIS2_PLACEMENT_3D('',#746,#747,#748);
#746 = CARTESIAN_POINT('',(7.366217932436,-22.09809499619,1.600028244856
    ));
#747 = DIRECTION('',(0.,0.,1.));
#748 = DIRECTION('',(1.,1.110223024625E-16,-0.));
#749 = ORIENTED_EDGE('',*,*,#750,.F.);
#750 = EDGE_CURVE('',#751,#742,#753,.T.);
#751 = VERTEX_POINT('',#752);
#752 = CARTESIAN_POINT('',(6.81620523241,-22.09809499619,0.));
#753 = LINE('',#754,#755);
#754 = CARTESIAN_POINT('',(6.81620523241,-22.09809499619,0.));
#755 = VECTOR('',#756,1.);
#756 = DIRECTION('',(0.,0.,1.));
#757 = ORIENTED_EDGE('',*,*,#758,.F.);
#758 = EDGE_CURVE('',#732,#751,#759,.T.);
#759 = CIRCLE('',#760,0.550012700025);
#760 = AXIS2_PLACEMENT_3D('',#761,#762,#763);
#761 = CARTESIAN_POINT('',(7.366217932436,-22.09809499619,0.));
#762 = DIRECTION('',(0.,0.,1.));
#763 = DIRECTION('',(1.,1.110223024625E-16,-0.));
#764 = CYLINDRICAL_SURFACE('',#765,0.550012700025);
#765 = AXIS2_PLACEMENT_3D('',#766,#767,#768);
#766 = CARTESIAN_POINT('',(7.366217932436,-22.09809499619,0.));
#767 = DIRECTION('',(-0.,-0.,-1.));
#768 = DIRECTION('',(1.,1.110223024625E-16,-0.));
#769 = ADVANCED_FACE('',(#770),#788,.F.);
#770 = FACE_BOUND('',#771,.T.);
#771 = EDGE_LOOP('',(#772,#773,#780,#781));
#772 = ORIENTED_EDGE('',*,*,#750,.T.);
#773 = ORIENTED_EDGE('',*,*,#774,.T.);
#774 = EDGE_CURVE('',#742,#734,#775,.T.);
#775 = CIRCLE('',#776,0.550012700025);
#776 = AXIS2_PLACEMENT_3D('',#777,#778,#779);
#777 = CARTESIAN_POINT('',(7.366217932436,-22.09809499619,1.600028244856
    ));
#778 = DIRECTION('',(0.,0.,1.));
#779 = DIRECTION('',(-1.,-1.110223024625E-16,0.));
#780 = ORIENTED_EDGE('',*,*,#731,.F.);
#781 = ORIENTED_EDGE('',*,*,#782,.F.);
#782 = EDGE_CURVE('',#751,#732,#783,.T.);
#783 = CIRCLE('',#784,0.550012700025);
#784 = AXIS2_PLACEMENT_3D('',#785,#786,#787);
#785 = CARTESIAN_POINT('',(7.366217932436,-22.09809499619,0.));
#786 = DIRECTION('',(0.,0.,1.));
#787 = DIRECTION('',(-1.,-1.110223024625E-16,0.));
#788 = CYLINDRICAL_SURFACE('',#789,0.550012700025);
#789 = AXIS2_PLACEMENT_3D('',#790,#791,#792);
#790 = CARTESIAN_POINT('',(7.366217932436,-22.09809499619,0.));
#791 = DIRECTION('',(-0.,-0.,-1.));
#792 = DIRECTION('',(-1.,-1.110223024625E-16,0.));
#793 = ADVANCED_FACE('',(#794),#830,.F.);
#794 = FACE_BOUND('',#795,.T.);
#795 = EDGE_LOOP('',(#796,#806,#815,#823));
#796 = ORIENTED_EDGE('',*,*,#797,.T.);
#797 = EDGE_CURVE('',#798,#800,#802,.T.);
#798 = VERTEX_POINT('',#799);
#799 = CARTESIAN_POINT('',(7.916230632461,-19.55808991618,0.));
#800 = VERTEX_POINT('',#801);
#801 = CARTESIAN_POINT('',(7.916230632461,-19.55808991618,1.600028244856
    ));
#802 = LINE('',#803,#804);
#803 = CARTESIAN_POINT('',(7.916230632461,-19.55808991618,0.));
#804 = VECTOR('',#805,1.);
#805 = DIRECTION('',(0.,0.,1.));
#806 = ORIENTED_EDGE('',*,*,#807,.T.);
#807 = EDGE_CURVE('',#800,#808,#810,.T.);
#808 = VERTEX_POINT('',#809);
#809 = CARTESIAN_POINT('',(6.81620523241,-19.55808991618,1.600028244856)
  );
#810 = CIRCLE('',#811,0.550012700025);
#811 = AXIS2_PLACEMENT_3D('',#812,#813,#814);
#812 = CARTESIAN_POINT('',(7.366217932436,-19.55808991618,1.600028244856
    ));
#813 = DIRECTION('',(0.,0.,1.));
#814 = DIRECTION('',(1.,1.110223024625E-16,-0.));
#815 = ORIENTED_EDGE('',*,*,#816,.F.);
#816 = EDGE_CURVE('',#817,#808,#819,.T.);
#817 = VERTEX_POINT('',#818);
#818 = CARTESIAN_POINT('',(6.81620523241,-19.55808991618,0.));
#819 = LINE('',#820,#821);
#820 = CARTESIAN_POINT('',(6.81620523241,-19.55808991618,0.));
#821 = VECTOR('',#822,1.);
#822 = DIRECTION('',(0.,0.,1.));
#823 = ORIENTED_EDGE('',*,*,#824,.F.);
#824 = EDGE_CURVE('',#798,#817,#825,.T.);
#825 = CIRCLE('',#826,0.550012700025);
#826 = AXIS2_PLACEMENT_3D('',#827,#828,#829);
#827 = CARTESIAN_POINT('',(7.366217932436,-19.55808991618,0.));
#828 = DIRECTION('',(0.,0.,1.));
#829 = DIRECTION('',(1.,1.110223024625E-16,-0.));
#830 = CYLINDRICAL_SURFACE('',#831,0.550012700025);
#831 = AXIS2_PLACEMENT_3D('',#832,#833,#834);
#832 = CARTESIAN_POINT('',(7.366217932436,-19.55808991618,0.));
#833 = DIRECTION('',(-0.,-0.,-1.));
#834 = DIRECTION('',(1.,1.110223024625E-16,-0.));
#835 = ADVANCED_FACE('',(#836),#854,.F.);
#836 = FACE_BOUND('',#837,.T.);
#837 = EDGE_LOOP('',(#838,#839,#846,#847));
#838 = ORIENTED_EDGE('',*,*,#816,.T.);
#839 = ORIENTED_EDGE('',*,*,#840,.T.);
#840 = EDGE_CURVE('',#808,#800,#841,.T.);
#841 = CIRCLE('',#842,0.550012700025);
#842 = AXIS2_PLACEMENT_3D('',#843,#844,#845);
#843 = CARTESIAN_POINT('',(7.366217932436,-19.55808991618,1.600028244856
    ));
#844 = DIRECTION('',(0.,0.,1.));
#845 = DIRECTION('',(-1.,-1.110223024625E-16,0.));
#846 = ORIENTED_EDGE('',*,*,#797,.F.);
#847 = ORIENTED_EDGE('',*,*,#848,.F.);
#848 = EDGE_CURVE('',#817,#798,#849,.T.);
#849 = CIRCLE('',#850,0.550012700025);
#850 = AXIS2_PLACEMENT_3D('',#851,#852,#853);
#851 = CARTESIAN_POINT('',(7.366217932436,-19.55808991618,0.));
#852 = DIRECTION('',(0.,0.,1.));
#853 = DIRECTION('',(-1.,-1.110223024625E-16,0.));
#854 = CYLINDRICAL_SURFACE('',#855,0.550012700025);
#855 = AXIS2_PLACEMENT_3D('',#856,#857,#858);
#856 = CARTESIAN_POINT('',(7.366217932436,-19.55808991618,0.));
#857 = DIRECTION('',(-0.,-0.,-1.));
#858 = DIRECTION('',(-1.,-1.110223024625E-16,0.));
#859 = ADVANCED_FACE('',(#860),#896,.F.);
#860 = FACE_BOUND('',#861,.T.);
#861 = EDGE_LOOP('',(#862,#872,#881,#889));
#862 = ORIENTED_EDGE('',*,*,#863,.T.);
#863 = EDGE_CURVE('',#864,#866,#868,.T.);
#864 = VERTEX_POINT('',#865);
#865 = CARTESIAN_POINT('',(7.916230632461,-17.01808483617,0.));
#866 = VERTEX_POINT('',#867);
#867 = CARTESIAN_POINT('',(7.916230632461,-17.01808483617,1.600028244856
    ));
#868 = LINE('',#869,#870);
#869 = CARTESIAN_POINT('',(7.916230632461,-17.01808483617,0.));
#870 = VECTOR('',#871,1.);
#871 = DIRECTION('',(0.,0.,1.));
#872 = ORIENTED_EDGE('',*,*,#873,.T.);
#873 = EDGE_CURVE('',#866,#874,#876,.T.);
#874 = VERTEX_POINT('',#875);
#875 = CARTESIAN_POINT('',(6.81620523241,-17.01808483617,1.600028244856)
  );
#876 = CIRCLE('',#877,0.550012700025);
#877 = AXIS2_PLACEMENT_3D('',#878,#879,#880);
#878 = CARTESIAN_POINT('',(7.366217932436,-17.01808483617,1.600028244856
    ));
#879 = DIRECTION('',(0.,0.,1.));
#880 = DIRECTION('',(1.,1.110223024625E-16,-0.));
#881 = ORIENTED_EDGE('',*,*,#882,.F.);
#882 = EDGE_CURVE('',#883,#874,#885,.T.);
#883 = VERTEX_POINT('',#884);
#884 = CARTESIAN_POINT('',(6.81620523241,-17.01808483617,0.));
#885 = LINE('',#886,#887);
#886 = CARTESIAN_POINT('',(6.81620523241,-17.01808483617,0.));
#887 = VECTOR('',#888,1.);
#888 = DIRECTION('',(0.,0.,1.));
#889 = ORIENTED_EDGE('',*,*,#890,.F.);
#890 = EDGE_CURVE('',#864,#883,#891,.T.);
#891 = CIRCLE('',#892,0.550012700025);
#892 = AXIS2_PLACEMENT_3D('',#893,#894,#895);
#893 = CARTESIAN_POINT('',(7.366217932436,-17.01808483617,0.));
#894 = DIRECTION('',(0.,0.,1.));
#895 = DIRECTION('',(1.,1.110223024625E-16,-0.));
#896 = CYLINDRICAL_SURFACE('',#897,0.550012700025);
#897 = AXIS2_PLACEMENT_3D('',#898,#899,#900);
#898 = CARTESIAN_POINT('',(7.366217932436,-17.01808483617,0.));
#899 = DIRECTION('',(-0.,-0.,-1.));
#900 = DIRECTION('',(1.,1.110223024625E-16,-0.));
#901 = ADVANCED_FACE('',(#902),#920,.F.);
#902 = FACE_BOUND('',#903,.T.);
#903 = EDGE_LOOP('',(#904,#905,#912,#913));
#904 = ORIENTED_EDGE('',*,*,#882,.T.);
#905 = ORIENTED_EDGE('',*,*,#906,.T.);
#906 = EDGE_CURVE('',#874,#866,#907,.T.);
#907 = CIRCLE('',#908,0.550012700025);
#908 = AXIS2_PLACEMENT_3D('',#909,#910,#911);
#909 = CARTESIAN_POINT('',(7.366217932436,-17.01808483617,1.600028244856
    ));
#910 = DIRECTION('',(0.,0.,1.));
#911 = DIRECTION('',(-1.,-1.110223024625E-16,0.));
#912 = ORIENTED_EDGE('',*,*,#863,.F.);
#913 = ORIENTED_EDGE('',*,*,#914,.F.);
#914 = EDGE_CURVE('',#883,#864,#915,.T.);
#915 = CIRCLE('',#916,0.550012700025);
#916 = AXIS2_PLACEMENT_3D('',#917,#918,#919);
#917 = CARTESIAN_POINT('',(7.366217932436,-17.01808483617,0.));
#918 = DIRECTION('',(0.,0.,1.));
#919 = DIRECTION('',(-1.,-1.110223024625E-16,0.));
#920 = CYLINDRICAL_SURFACE('',#921,0.550012700025);
#921 = AXIS2_PLACEMENT_3D('',#922,#923,#924);
#922 = CARTESIAN_POINT('',(7.366217932436,-17.01808483617,0.));
#923 = DIRECTION('',(-0.,-0.,-1.));
#924 = DIRECTION('',(-1.,-1.110223024625E-16,0.));
#925 = ADVANCED_FACE('',(#926),#962,.F.);
#926 = FACE_BOUND('',#927,.T.);
#927 = EDGE_LOOP('',(#928,#938,#947,#955));
#928 = ORIENTED_EDGE('',*,*,#929,.T.);
#929 = EDGE_CURVE('',#930,#932,#934,.T.);
#930 = VERTEX_POINT('',#931);
#931 = CARTESIAN_POINT('',(7.916230632461,-60.07117094234,0.));
#932 = VERTEX_POINT('',#933);
#933 = CARTESIAN_POINT('',(7.916230632461,-60.07117094234,1.600028244856
    ));
#934 = LINE('',#935,#936);
#935 = CARTESIAN_POINT('',(7.916230632461,-60.07117094234,0.));
#936 = VECTOR('',#937,1.);
#937 = DIRECTION('',(0.,0.,1.));
#938 = ORIENTED_EDGE('',*,*,#939,.T.);
#939 = EDGE_CURVE('',#932,#940,#942,.T.);
#940 = VERTEX_POINT('',#941);
#941 = CARTESIAN_POINT('',(6.81620523241,-60.07117094234,1.600028244856)
  );
#942 = CIRCLE('',#943,0.550012700025);
#943 = AXIS2_PLACEMENT_3D('',#944,#945,#946);
#944 = CARTESIAN_POINT('',(7.366217932436,-60.07117094234,1.600028244856
    ));
#945 = DIRECTION('',(0.,0.,1.));
#946 = DIRECTION('',(1.,1.110223024625E-16,-0.));
#947 = ORIENTED_EDGE('',*,*,#948,.F.);
#948 = EDGE_CURVE('',#949,#940,#951,.T.);
#949 = VERTEX_POINT('',#950);
#950 = CARTESIAN_POINT('',(6.81620523241,-60.07117094234,0.));
#951 = LINE('',#952,#953);
#952 = CARTESIAN_POINT('',(6.81620523241,-60.07117094234,0.));
#953 = VECTOR('',#954,1.);
#954 = DIRECTION('',(0.,0.,1.));
#955 = ORIENTED_EDGE('',*,*,#956,.F.);
#956 = EDGE_CURVE('',#930,#949,#957,.T.);
#957 = CIRCLE('',#958,0.550012700025);
#958 = AXIS2_PLACEMENT_3D('',#959,#960,#961);
#959 = CARTESIAN_POINT('',(7.366217932436,-60.07117094234,0.));
#960 = DIRECTION('',(0.,0.,1.));
#961 = DIRECTION('',(1.,1.110223024625E-16,-0.));
#962 = CYLINDRICAL_SURFACE('',#963,0.550012700025);
#963 = AXIS2_PLACEMENT_3D('',#964,#965,#966);
#964 = CARTESIAN_POINT('',(7.366217932436,-60.07117094234,0.));
#965 = DIRECTION('',(-0.,-0.,-1.));
#966 = DIRECTION('',(1.,1.110223024625E-16,-0.));
#967 = ADVANCED_FACE('',(#968),#986,.F.);
#968 = FACE_BOUND('',#969,.T.);
#969 = EDGE_LOOP('',(#970,#971,#978,#979));
#970 = ORIENTED_EDGE('',*,*,#948,.T.);
#971 = ORIENTED_EDGE('',*,*,#972,.T.);
#972 = EDGE_CURVE('',#940,#932,#973,.T.);
#973 = CIRCLE('',#974,0.550012700025);
#974 = AXIS2_PLACEMENT_3D('',#975,#976,#977);
#975 = CARTESIAN_POINT('',(7.366217932436,-60.07117094234,1.600028244856
    ));
#976 = DIRECTION('',(0.,0.,1.));
#977 = DIRECTION('',(-1.,-1.110223024625E-16,0.));
#978 = ORIENTED_EDGE('',*,*,#929,.F.);
#979 = ORIENTED_EDGE('',*,*,#980,.F.);
#980 = EDGE_CURVE('',#949,#930,#981,.T.);
#981 = CIRCLE('',#982,0.550012700025);
#982 = AXIS2_PLACEMENT_3D('',#983,#984,#985);
#983 = CARTESIAN_POINT('',(7.366217932436,-60.07117094234,0.));
#984 = DIRECTION('',(0.,0.,1.));
#985 = DIRECTION('',(-1.,-1.110223024625E-16,0.));
#986 = CYLINDRICAL_SURFACE('',#987,0.550012700025);
#987 = AXIS2_PLACEMENT_3D('',#988,#989,#990);
#988 = CARTESIAN_POINT('',(7.366217932436,-60.07117094234,0.));
#989 = DIRECTION('',(-0.,-0.,-1.));
#990 = DIRECTION('',(-1.,-1.110223024625E-16,0.));
#991 = ADVANCED_FACE('',(#992),#1028,.F.);
#992 = FACE_BOUND('',#993,.T.);
#993 = EDGE_LOOP('',(#994,#1004,#1013,#1021));
#994 = ORIENTED_EDGE('',*,*,#995,.T.);
#995 = EDGE_CURVE('',#996,#998,#1000,.T.);
#996 = VERTEX_POINT('',#997);
#997 = CARTESIAN_POINT('',(7.916230632461,-57.53116586233,0.));
#998 = VERTEX_POINT('',#999);
#999 = CARTESIAN_POINT('',(7.916230632461,-57.53116586233,1.600028244856
    ));
#1000 = LINE('',#1001,#1002);
#1001 = CARTESIAN_POINT('',(7.916230632461,-57.53116586233,0.));
#1002 = VECTOR('',#1003,1.);
#1003 = DIRECTION('',(0.,0.,1.));
#1004 = ORIENTED_EDGE('',*,*,#1005,.T.);
#1005 = EDGE_CURVE('',#998,#1006,#1008,.T.);
#1006 = VERTEX_POINT('',#1007);
#1007 = CARTESIAN_POINT('',(6.81620523241,-57.53116586233,1.600028244856
    ));
#1008 = CIRCLE('',#1009,0.550012700025);
#1009 = AXIS2_PLACEMENT_3D('',#1010,#1011,#1012);
#1010 = CARTESIAN_POINT('',(7.366217932436,-57.53116586233,
    1.600028244856));
#1011 = DIRECTION('',(0.,0.,1.));
#1012 = DIRECTION('',(1.,1.110223024625E-16,-0.));
#1013 = ORIENTED_EDGE('',*,*,#1014,.F.);
#1014 = EDGE_CURVE('',#1015,#1006,#1017,.T.);
#1015 = VERTEX_POINT('',#1016);
#1016 = CARTESIAN_POINT('',(6.81620523241,-57.53116586233,0.));
#1017 = LINE('',#1018,#1019);
#1018 = CARTESIAN_POINT('',(6.81620523241,-57.53116586233,0.));
#1019 = VECTOR('',#1020,1.);
#1020 = DIRECTION('',(0.,0.,1.));
#1021 = ORIENTED_EDGE('',*,*,#1022,.F.);
#1022 = EDGE_CURVE('',#996,#1015,#1023,.T.);
#1023 = CIRCLE('',#1024,0.550012700025);
#1024 = AXIS2_PLACEMENT_3D('',#1025,#1026,#1027);
#1025 = CARTESIAN_POINT('',(7.366217932436,-57.53116586233,0.));
#1026 = DIRECTION('',(0.,0.,1.));
#1027 = DIRECTION('',(1.,1.110223024625E-16,-0.));
#1028 = CYLINDRICAL_SURFACE('',#1029,0.550012700025);
#1029 = AXIS2_PLACEMENT_3D('',#1030,#1031,#1032);
#1030 = CARTESIAN_POINT('',(7.366217932436,-57.53116586233,0.));
#1031 = DIRECTION('',(-0.,-0.,-1.));
#1032 = DIRECTION('',(1.,1.110223024625E-16,-0.));
#1033 = ADVANCED_FACE('',(#1034),#1052,.F.);
#1034 = FACE_BOUND('',#1035,.T.);
#1035 = EDGE_LOOP('',(#1036,#1037,#1044,#1045));
#1036 = ORIENTED_EDGE('',*,*,#1014,.T.);
#1037 = ORIENTED_EDGE('',*,*,#1038,.T.);
#1038 = EDGE_CURVE('',#1006,#998,#1039,.T.);
#1039 = CIRCLE('',#1040,0.550012700025);
#1040 = AXIS2_PLACEMENT_3D('',#1041,#1042,#1043);
#1041 = CARTESIAN_POINT('',(7.366217932436,-57.53116586233,
    1.600028244856));
#1042 = DIRECTION('',(0.,0.,1.));
#1043 = DIRECTION('',(-1.,-1.110223024625E-16,0.));
#1044 = ORIENTED_EDGE('',*,*,#995,.F.);
#1045 = ORIENTED_EDGE('',*,*,#1046,.F.);
#1046 = EDGE_CURVE('',#1015,#996,#1047,.T.);
#1047 = CIRCLE('',#1048,0.550012700025);
#1048 = AXIS2_PLACEMENT_3D('',#1049,#1050,#1051);
#1049 = CARTESIAN_POINT('',(7.366217932436,-57.53116586233,0.));
#1050 = DIRECTION('',(0.,0.,1.));
#1051 = DIRECTION('',(-1.,-1.110223024625E-16,0.));
#1052 = CYLINDRICAL_SURFACE('',#1053,0.550012700025);
#1053 = AXIS2_PLACEMENT_3D('',#1054,#1055,#1056);
#1054 = CARTESIAN_POINT('',(7.366217932436,-57.53116586233,0.));
#1055 = DIRECTION('',(-0.,-0.,-1.));
#1056 = DIRECTION('',(-1.,-1.110223024625E-16,0.));
#1057 = ADVANCED_FACE('',(#1058),#1094,.F.);
#1058 = FACE_BOUND('',#1059,.T.);
#1059 = EDGE_LOOP('',(#1060,#1070,#1079,#1087));
#1060 = ORIENTED_EDGE('',*,*,#1061,.T.);
#1061 = EDGE_CURVE('',#1062,#1064,#1066,.T.);
#1062 = VERTEX_POINT('',#1063);
#1063 = CARTESIAN_POINT('',(7.916230632461,-54.99116078232,0.));
#1064 = VERTEX_POINT('',#1065);
#1065 = CARTESIAN_POINT('',(7.916230632461,-54.99116078232,
    1.600028244856));
#1066 = LINE('',#1067,#1068);
#1067 = CARTESIAN_POINT('',(7.916230632461,-54.99116078232,0.));
#1068 = VECTOR('',#1069,1.);
#1069 = DIRECTION('',(0.,0.,1.));
#1070 = ORIENTED_EDGE('',*,*,#1071,.T.);
#1071 = EDGE_CURVE('',#1064,#1072,#1074,.T.);
#1072 = VERTEX_POINT('',#1073);
#1073 = CARTESIAN_POINT('',(6.81620523241,-54.99116078232,1.600028244856
    ));
#1074 = CIRCLE('',#1075,0.550012700025);
#1075 = AXIS2_PLACEMENT_3D('',#1076,#1077,#1078);
#1076 = CARTESIAN_POINT('',(7.366217932436,-54.99116078232,
    1.600028244856));
#1077 = DIRECTION('',(0.,0.,1.));
#1078 = DIRECTION('',(1.,1.110223024625E-16,-0.));
#1079 = ORIENTED_EDGE('',*,*,#1080,.F.);
#1080 = EDGE_CURVE('',#1081,#1072,#1083,.T.);
#1081 = VERTEX_POINT('',#1082);
#1082 = CARTESIAN_POINT('',(6.81620523241,-54.99116078232,0.));
#1083 = LINE('',#1084,#1085);
#1084 = CARTESIAN_POINT('',(6.81620523241,-54.99116078232,0.));
#1085 = VECTOR('',#1086,1.);
#1086 = DIRECTION('',(0.,0.,1.));
#1087 = ORIENTED_EDGE('',*,*,#1088,.F.);
#1088 = EDGE_CURVE('',#1062,#1081,#1089,.T.);
#1089 = CIRCLE('',#1090,0.550012700025);
#1090 = AXIS2_PLACEMENT_3D('',#1091,#1092,#1093);
#1091 = CARTESIAN_POINT('',(7.366217932436,-54.99116078232,0.));
#1092 = DIRECTION('',(0.,0.,1.));
#1093 = DIRECTION('',(1.,1.110223024625E-16,-0.));
#1094 = CYLINDRICAL_SURFACE('',#1095,0.550012700025);
#1095 = AXIS2_PLACEMENT_3D('',#1096,#1097,#1098);
#1096 = CARTESIAN_POINT('',(7.366217932436,-54.99116078232,0.));
#1097 = DIRECTION('',(-0.,-0.,-1.));
#1098 = DIRECTION('',(1.,1.110223024625E-16,-0.));
#1099 = ADVANCED_FACE('',(#1100),#1118,.F.);
#1100 = FACE_BOUND('',#1101,.T.);
#1101 = EDGE_LOOP('',(#1102,#1103,#1110,#1111));
#1102 = ORIENTED_EDGE('',*,*,#1080,.T.);
#1103 = ORIENTED_EDGE('',*,*,#1104,.T.);
#1104 = EDGE_CURVE('',#1072,#1064,#1105,.T.);
#1105 = CIRCLE('',#1106,0.550012700025);
#1106 = AXIS2_PLACEMENT_3D('',#1107,#1108,#1109);
#1107 = CARTESIAN_POINT('',(7.366217932436,-54.99116078232,
    1.600028244856));
#1108 = DIRECTION('',(0.,0.,1.));
#1109 = DIRECTION('',(-1.,-1.110223024625E-16,0.));
#1110 = ORIENTED_EDGE('',*,*,#1061,.F.);
#1111 = ORIENTED_EDGE('',*,*,#1112,.F.);
#1112 = EDGE_CURVE('',#1081,#1062,#1113,.T.);
#1113 = CIRCLE('',#1114,0.550012700025);
#1114 = AXIS2_PLACEMENT_3D('',#1115,#1116,#1117);
#1115 = CARTESIAN_POINT('',(7.366217932436,-54.99116078232,0.));
#1116 = DIRECTION('',(0.,0.,1.));
#1117 = DIRECTION('',(-1.,-1.110223024625E-16,0.));
#1118 = CYLINDRICAL_SURFACE('',#1119,0.550012700025);
#1119 = AXIS2_PLACEMENT_3D('',#1120,#1121,#1122);
#1120 = CARTESIAN_POINT('',(7.366217932436,-54.99116078232,0.));
#1121 = DIRECTION('',(-0.,-0.,-1.));
#1122 = DIRECTION('',(-1.,-1.110223024625E-16,0.));
#1123 = ADVANCED_FACE('',(#1124),#1160,.F.);
#1124 = FACE_BOUND('',#1125,.T.);
#1125 = EDGE_LOOP('',(#1126,#1136,#1145,#1153));
#1126 = ORIENTED_EDGE('',*,*,#1127,.T.);
#1127 = EDGE_CURVE('',#1128,#1130,#1132,.T.);
#1128 = VERTEX_POINT('',#1129);
#1129 = CARTESIAN_POINT('',(7.916230632461,-62.61117602235,0.));
#1130 = VERTEX_POINT('',#1131);
#1131 = CARTESIAN_POINT('',(7.916230632461,-62.61117602235,
    1.600028244856));
#1132 = LINE('',#1133,#1134);
#1133 = CARTESIAN_POINT('',(7.916230632461,-62.61117602235,0.));
#1134 = VECTOR('',#1135,1.);
#1135 = DIRECTION('',(0.,0.,1.));
#1136 = ORIENTED_EDGE('',*,*,#1137,.T.);
#1137 = EDGE_CURVE('',#1130,#1138,#1140,.T.);
#1138 = VERTEX_POINT('',#1139);
#1139 = CARTESIAN_POINT('',(6.81620523241,-62.61117602235,1.600028244856
    ));
#1140 = CIRCLE('',#1141,0.550012700025);
#1141 = AXIS2_PLACEMENT_3D('',#1142,#1143,#1144);
#1142 = CARTESIAN_POINT('',(7.366217932436,-62.61117602235,
    1.600028244856));
#1143 = DIRECTION('',(0.,0.,1.));
#1144 = DIRECTION('',(1.,1.110223024625E-16,-0.));
#1145 = ORIENTED_EDGE('',*,*,#1146,.F.);
#1146 = EDGE_CURVE('',#1147,#1138,#1149,.T.);
#1147 = VERTEX_POINT('',#1148);
#1148 = CARTESIAN_POINT('',(6.81620523241,-62.61117602235,0.));
#1149 = LINE('',#1150,#1151);
#1150 = CARTESIAN_POINT('',(6.81620523241,-62.61117602235,0.));
#1151 = VECTOR('',#1152,1.);
#1152 = DIRECTION('',(0.,0.,1.));
#1153 = ORIENTED_EDGE('',*,*,#1154,.F.);
#1154 = EDGE_CURVE('',#1128,#1147,#1155,.T.);
#1155 = CIRCLE('',#1156,0.550012700025);
#1156 = AXIS2_PLACEMENT_3D('',#1157,#1158,#1159);
#1157 = CARTESIAN_POINT('',(7.366217932436,-62.61117602235,0.));
#1158 = DIRECTION('',(0.,0.,1.));
#1159 = DIRECTION('',(1.,1.110223024625E-16,-0.));
#1160 = CYLINDRICAL_SURFACE('',#1161,0.550012700025);
#1161 = AXIS2_PLACEMENT_3D('',#1162,#1163,#1164);
#1162 = CARTESIAN_POINT('',(7.366217932436,-62.61117602235,0.));
#1163 = DIRECTION('',(-0.,-0.,-1.));
#1164 = DIRECTION('',(1.,1.110223024625E-16,-0.));
#1165 = ADVANCED_FACE('',(#1166),#1184,.F.);
#1166 = FACE_BOUND('',#1167,.T.);
#1167 = EDGE_LOOP('',(#1168,#1169,#1176,#1177));
#1168 = ORIENTED_EDGE('',*,*,#1146,.T.);
#1169 = ORIENTED_EDGE('',*,*,#1170,.T.);
#1170 = EDGE_CURVE('',#1138,#1130,#1171,.T.);
#1171 = CIRCLE('',#1172,0.550012700025);
#1172 = AXIS2_PLACEMENT_3D('',#1173,#1174,#1175);
#1173 = CARTESIAN_POINT('',(7.366217932436,-62.61117602235,
    1.600028244856));
#1174 = DIRECTION('',(0.,0.,1.));
#1175 = DIRECTION('',(-1.,-1.110223024625E-16,0.));
#1176 = ORIENTED_EDGE('',*,*,#1127,.F.);
#1177 = ORIENTED_EDGE('',*,*,#1178,.F.);
#1178 = EDGE_CURVE('',#1147,#1128,#1179,.T.);
#1179 = CIRCLE('',#1180,0.550012700025);
#1180 = AXIS2_PLACEMENT_3D('',#1181,#1182,#1183);
#1181 = CARTESIAN_POINT('',(7.366217932436,-62.61117602235,0.));
#1182 = DIRECTION('',(0.,0.,1.));
#1183 = DIRECTION('',(-1.,-1.110223024625E-16,0.));
#1184 = CYLINDRICAL_SURFACE('',#1185,0.550012700025);
#1185 = AXIS2_PLACEMENT_3D('',#1186,#1187,#1188);
#1186 = CARTESIAN_POINT('',(7.366217932436,-62.61117602235,0.));
#1187 = DIRECTION('',(-0.,-0.,-1.));
#1188 = DIRECTION('',(-1.,-1.110223024625E-16,0.));
#1189 = ADVANCED_FACE('',(#1190),#1224,.T.);
#1190 = FACE_BOUND('',#1191,.T.);
#1191 = EDGE_LOOP('',(#1192,#1202,#1210,#1218));
#1192 = ORIENTED_EDGE('',*,*,#1193,.T.);
#1193 = EDGE_CURVE('',#1194,#1196,#1198,.T.);
#1194 = VERTEX_POINT('',#1195);
#1195 = CARTESIAN_POINT('',(17.780620383883,-62.62382524765,0.));
#1196 = VERTEX_POINT('',#1197);
#1197 = CARTESIAN_POINT('',(17.780620383883,-62.62382524765,
    1.600028244856));
#1198 = LINE('',#1199,#1200);
#1199 = CARTESIAN_POINT('',(17.780620383883,-62.62382524765,0.));
#1200 = VECTOR('',#1201,1.);
#1201 = DIRECTION('',(0.,0.,1.));
#1202 = ORIENTED_EDGE('',*,*,#1203,.T.);
#1203 = EDGE_CURVE('',#1196,#1204,#1206,.T.);
#1204 = VERTEX_POINT('',#1205);
#1205 = CARTESIAN_POINT('',(27.934795357349,-62.62382524765,
    1.600028244856));
#1206 = LINE('',#1207,#1208);
#1207 = CARTESIAN_POINT('',(17.780620383883,-62.62382524765,
    1.600028244856));
#1208 = VECTOR('',#1209,1.);
#1209 = DIRECTION('',(1.,0.,0.));
#1210 = ORIENTED_EDGE('',*,*,#1211,.F.);
#1211 = EDGE_CURVE('',#1212,#1204,#1214,.T.);
#1212 = VERTEX_POINT('',#1213);
#1213 = CARTESIAN_POINT('',(27.934795357349,-62.62382524765,0.));
#1214 = LINE('',#1215,#1216);
#1215 = CARTESIAN_POINT('',(27.934795357349,-62.62382524765,0.));
#1216 = VECTOR('',#1217,1.);
#1217 = DIRECTION('',(0.,0.,1.));
#1218 = ORIENTED_EDGE('',*,*,#1219,.F.);
#1219 = EDGE_CURVE('',#1194,#1212,#1220,.T.);
#1220 = LINE('',#1221,#1222);
#1221 = CARTESIAN_POINT('',(17.780620383883,-62.62382524765,0.));
#1222 = VECTOR('',#1223,1.);
#1223 = DIRECTION('',(1.,0.,0.));
#1224 = PLANE('',#1225);
#1225 = AXIS2_PLACEMENT_3D('',#1226,#1227,#1228);
#1226 = CARTESIAN_POINT('',(17.780620383883,-62.62382524765,0.));
#1227 = DIRECTION('',(0.,1.,0.));
#1228 = DIRECTION('',(1.,0.,0.));
#1229 = ADVANCED_FACE('',(#1230),#1255,.T.);
#1230 = FACE_BOUND('',#1231,.T.);
#1231 = EDGE_LOOP('',(#1232,#1233,#1241,#1249));
#1232 = ORIENTED_EDGE('',*,*,#1211,.T.);
#1233 = ORIENTED_EDGE('',*,*,#1234,.T.);
#1234 = EDGE_CURVE('',#1204,#1235,#1237,.T.);
#1235 = VERTEX_POINT('',#1236);
#1236 = CARTESIAN_POINT('',(30.47108068604,-65.16011057634,
    1.600028244856));
#1237 = LINE('',#1238,#1239);
#1238 = CARTESIAN_POINT('',(27.934795357349,-62.62382524765,
    1.600028244856));
#1239 = VECTOR('',#1240,1.);
#1240 = DIRECTION('',(0.707106781187,-0.707106781187,0.));
#1241 = ORIENTED_EDGE('',*,*,#1242,.F.);
#1242 = EDGE_CURVE('',#1243,#1235,#1245,.T.);
#1243 = VERTEX_POINT('',#1244);
#1244 = CARTESIAN_POINT('',(30.47108068604,-65.16011057634,0.));
#1245 = LINE('',#1246,#1247);
#1246 = CARTESIAN_POINT('',(30.47108068604,-65.16011057634,0.));
#1247 = VECTOR('',#1248,1.);
#1248 = DIRECTION('',(0.,0.,1.));
#1249 = ORIENTED_EDGE('',*,*,#1250,.F.);
#1250 = EDGE_CURVE('',#1212,#1243,#1251,.T.);
#1251 = LINE('',#1252,#1253);
#1252 = CARTESIAN_POINT('',(27.934795357349,-62.62382524765,0.));
#1253 = VECTOR('',#1254,1.);
#1254 = DIRECTION('',(0.707106781187,-0.707106781187,0.));
#1255 = PLANE('',#1256);
#1256 = AXIS2_PLACEMENT_3D('',#1257,#1258,#1259);
#1257 = CARTESIAN_POINT('',(27.934795357349,-62.62382524765,0.));
#1258 = DIRECTION('',(0.707106781187,0.707106781187,-0.));
#1259 = DIRECTION('',(0.707106781187,-0.707106781187,0.));
#1260 = ADVANCED_FACE('',(#1261),#1286,.T.);
#1261 = FACE_BOUND('',#1262,.T.);
#1262 = EDGE_LOOP('',(#1263,#1264,#1272,#1280));
#1263 = ORIENTED_EDGE('',*,*,#1242,.T.);
#1264 = ORIENTED_EDGE('',*,*,#1265,.T.);
#1265 = EDGE_CURVE('',#1235,#1266,#1268,.T.);
#1266 = VERTEX_POINT('',#1267);
#1267 = CARTESIAN_POINT('',(60.960121920244,-65.16383032766,
    1.600028244856));
#1268 = LINE('',#1269,#1270);
#1269 = CARTESIAN_POINT('',(30.47108068604,-65.16011057634,
    1.600028244856));
#1270 = VECTOR('',#1271,1.);
#1271 = DIRECTION('',(0.999999992558,-1.220028948162E-04,0.));
#1272 = ORIENTED_EDGE('',*,*,#1273,.F.);
#1273 = EDGE_CURVE('',#1274,#1266,#1276,.T.);
#1274 = VERTEX_POINT('',#1275);
#1275 = CARTESIAN_POINT('',(60.960121920244,-65.16383032766,0.));
#1276 = LINE('',#1277,#1278);
#1277 = CARTESIAN_POINT('',(60.960121920244,-65.16383032766,0.));
#1278 = VECTOR('',#1279,1.);
#1279 = DIRECTION('',(0.,0.,1.));
#1280 = ORIENTED_EDGE('',*,*,#1281,.F.);
#1281 = EDGE_CURVE('',#1243,#1274,#1282,.T.);
#1282 = LINE('',#1283,#1284);
#1283 = CARTESIAN_POINT('',(30.47108068604,-65.16011057634,0.));
#1284 = VECTOR('',#1285,1.);
#1285 = DIRECTION('',(0.999999992558,-1.220028948162E-04,0.));
#1286 = PLANE('',#1287);
#1287 = AXIS2_PLACEMENT_3D('',#1288,#1289,#1290);
#1288 = CARTESIAN_POINT('',(30.47108068604,-65.16011057634,0.));
#1289 = DIRECTION('',(1.220028948162E-04,0.999999992558,-0.));
#1290 = DIRECTION('',(0.999999992558,-1.220028948162E-04,0.));
#1291 = ADVANCED_FACE('',(#1292),#1317,.T.);
#1292 = FACE_BOUND('',#1293,.T.);
#1293 = EDGE_LOOP('',(#1294,#1295,#1303,#1311));
#1294 = ORIENTED_EDGE('',*,*,#1273,.T.);
#1295 = ORIENTED_EDGE('',*,*,#1296,.T.);
#1296 = EDGE_CURVE('',#1266,#1297,#1299,.T.);
#1297 = VERTEX_POINT('',#1298);
#1298 = CARTESIAN_POINT('',(63.505387523017,-62.62382524765,
    1.600028244856));
#1299 = LINE('',#1300,#1301);
#1300 = CARTESIAN_POINT('',(60.960121920244,-65.16383032766,
    1.600028244856));
#1301 = VECTOR('',#1302,1.);
#1302 = DIRECTION('',(0.707837878033,0.706374927657,0.));
#1303 = ORIENTED_EDGE('',*,*,#1304,.F.);
#1304 = EDGE_CURVE('',#1305,#1297,#1307,.T.);
#1305 = VERTEX_POINT('',#1306);
#1306 = CARTESIAN_POINT('',(63.505387523017,-62.62382524765,0.));
#1307 = LINE('',#1308,#1309);
#1308 = CARTESIAN_POINT('',(63.505387523017,-62.62382524765,0.));
#1309 = VECTOR('',#1310,1.);
#1310 = DIRECTION('',(0.,0.,1.));
#1311 = ORIENTED_EDGE('',*,*,#1312,.F.);
#1312 = EDGE_CURVE('',#1274,#1305,#1313,.T.);
#1313 = LINE('',#1314,#1315);
#1314 = CARTESIAN_POINT('',(60.960121920244,-65.16383032766,0.));
#1315 = VECTOR('',#1316,1.);
#1316 = DIRECTION('',(0.707837878033,0.706374927657,0.));
#1317 = PLANE('',#1318);
#1318 = AXIS2_PLACEMENT_3D('',#1319,#1320,#1321);
#1319 = CARTESIAN_POINT('',(60.960121920244,-65.16383032766,0.));
#1320 = DIRECTION('',(-0.706374927657,0.707837878033,0.));
#1321 = DIRECTION('',(0.707837878033,0.706374927657,0.));
#1322 = ADVANCED_FACE('',(#1323),#1348,.T.);
#1323 = FACE_BOUND('',#1324,.T.);
#1324 = EDGE_LOOP('',(#1325,#1326,#1334,#1342));
#1325 = ORIENTED_EDGE('',*,*,#1304,.T.);
#1326 = ORIENTED_EDGE('',*,*,#1327,.T.);
#1327 = EDGE_CURVE('',#1297,#1328,#1330,.T.);
#1328 = VERTEX_POINT('',#1329);
#1329 = CARTESIAN_POINT('',(83.820167640335,-62.62382524765,
    1.600028244856));
#1330 = LINE('',#1331,#1332);
#1331 = CARTESIAN_POINT('',(63.505387523017,-62.62382524765,
    1.600028244856));
#1332 = VECTOR('',#1333,1.);
#1333 = DIRECTION('',(1.,0.,0.));
#1334 = ORIENTED_EDGE('',*,*,#1335,.F.);
#1335 = EDGE_CURVE('',#1336,#1328,#1338,.T.);
#1336 = VERTEX_POINT('',#1337);
#1337 = CARTESIAN_POINT('',(83.820167640335,-62.62382524765,0.));
#1338 = LINE('',#1339,#1340);
#1339 = CARTESIAN_POINT('',(83.820167640335,-62.62382524765,0.));
#1340 = VECTOR('',#1341,1.);
#1341 = DIRECTION('',(0.,0.,1.));
#1342 = ORIENTED_EDGE('',*,*,#1343,.F.);
#1343 = EDGE_CURVE('',#1305,#1336,#1344,.T.);
#1344 = LINE('',#1345,#1346);
#1345 = CARTESIAN_POINT('',(63.505387523017,-62.62382524765,0.));
#1346 = VECTOR('',#1347,1.);
#1347 = DIRECTION('',(1.,0.,0.));
#1348 = PLANE('',#1349);
#1349 = AXIS2_PLACEMENT_3D('',#1350,#1351,#1352);
#1350 = CARTESIAN_POINT('',(63.505387523017,-62.62382524765,0.));
#1351 = DIRECTION('',(0.,1.,0.));
#1352 = DIRECTION('',(1.,0.,0.));
#1353 = ADVANCED_FACE('',(#1354),#1381,.F.);
#1354 = FACE_BOUND('',#1355,.T.);
#1355 = EDGE_LOOP('',(#1356,#1357,#1366,#1374));
#1356 = ORIENTED_EDGE('',*,*,#1335,.T.);
#1357 = ORIENTED_EDGE('',*,*,#1358,.T.);
#1358 = EDGE_CURVE('',#1328,#1359,#1361,.T.);
#1359 = VERTEX_POINT('',#1360);
#1360 = CARTESIAN_POINT('',(86.372872745745,-60.07112014224,
    1.600028244856));
#1361 = CIRCLE('',#1362,2.55270510541);
#1362 = AXIS2_PLACEMENT_3D('',#1363,#1364,#1365);
#1363 = CARTESIAN_POINT('',(83.820167640335,-60.07112014224,
    1.600028244856));
#1364 = DIRECTION('',(0.,0.,1.));
#1365 = DIRECTION('',(6.150700507302E-17,-1.,0.));
#1366 = ORIENTED_EDGE('',*,*,#1367,.F.);
#1367 = EDGE_CURVE('',#1368,#1359,#1370,.T.);
#1368 = VERTEX_POINT('',#1369);
#1369 = CARTESIAN_POINT('',(86.372872745745,-60.07112014224,0.));
#1370 = LINE('',#1371,#1372);
#1371 = CARTESIAN_POINT('',(86.372872745745,-60.07112014224,0.));
#1372 = VECTOR('',#1373,1.);
#1373 = DIRECTION('',(0.,0.,1.));
#1374 = ORIENTED_EDGE('',*,*,#1375,.F.);
#1375 = EDGE_CURVE('',#1336,#1368,#1376,.T.);
#1376 = CIRCLE('',#1377,2.55270510541);
#1377 = AXIS2_PLACEMENT_3D('',#1378,#1379,#1380);
#1378 = CARTESIAN_POINT('',(83.820167640335,-60.07112014224,0.));
#1379 = DIRECTION('',(0.,0.,1.));
#1380 = DIRECTION('',(6.150700507302E-17,-1.,0.));
#1381 = CYLINDRICAL_SURFACE('',#1382,2.55270510541);
#1382 = AXIS2_PLACEMENT_3D('',#1383,#1384,#1385);
#1383 = CARTESIAN_POINT('',(83.820167640335,-60.07112014224,0.));
#1384 = DIRECTION('',(-0.,-0.,-1.));
#1385 = DIRECTION('',(6.150700507302E-17,-1.,0.));
#1386 = ADVANCED_FACE('',(#1387),#1412,.T.);
#1387 = FACE_BOUND('',#1388,.T.);
#1388 = EDGE_LOOP('',(#1389,#1390,#1398,#1406));
#1389 = ORIENTED_EDGE('',*,*,#1367,.T.);
#1390 = ORIENTED_EDGE('',*,*,#1391,.T.);
#1391 = EDGE_CURVE('',#1359,#1392,#1394,.T.);
#1392 = VERTEX_POINT('',#1393);
#1393 = CARTESIAN_POINT('',(86.372872745745,-8.001016002032,
    1.600028244856));
#1394 = LINE('',#1395,#1396);
#1395 = CARTESIAN_POINT('',(86.372872745745,-60.07112014224,
    1.600028244856));
#1396 = VECTOR('',#1397,1.);
#1397 = DIRECTION('',(0.,1.,0.));
#1398 = ORIENTED_EDGE('',*,*,#1399,.F.);
#1399 = EDGE_CURVE('',#1400,#1392,#1402,.T.);
#1400 = VERTEX_POINT('',#1401);
#1401 = CARTESIAN_POINT('',(86.372872745745,-8.001016002032,0.));
#1402 = LINE('',#1403,#1404);
#1403 = CARTESIAN_POINT('',(86.372872745745,-8.001016002032,0.));
#1404 = VECTOR('',#1405,1.);
#1405 = DIRECTION('',(0.,0.,1.));
#1406 = ORIENTED_EDGE('',*,*,#1407,.F.);
#1407 = EDGE_CURVE('',#1368,#1400,#1408,.T.);
#1408 = LINE('',#1409,#1410);
#1409 = CARTESIAN_POINT('',(86.372872745745,-60.07112014224,0.));
#1410 = VECTOR('',#1411,1.);
#1411 = DIRECTION('',(0.,1.,0.));
#1412 = PLANE('',#1413);
#1413 = AXIS2_PLACEMENT_3D('',#1414,#1415,#1416);
#1414 = CARTESIAN_POINT('',(86.372872745745,-60.07112014224,0.));
#1415 = DIRECTION('',(-1.,0.,0.));
#1416 = DIRECTION('',(0.,1.,0.));
#1417 = ADVANCED_FACE('',(#1418),#1445,.F.);
#1418 = FACE_BOUND('',#1419,.T.);
#1419 = EDGE_LOOP('',(#1420,#1421,#1430,#1438));
#1420 = ORIENTED_EDGE('',*,*,#1399,.T.);
#1421 = ORIENTED_EDGE('',*,*,#1422,.T.);
#1422 = EDGE_CURVE('',#1392,#1423,#1425,.T.);
#1423 = VERTEX_POINT('',#1424);
#1424 = CARTESIAN_POINT('',(86.360172720345,-7.988315976632,
    1.600028244856));
#1425 = CIRCLE('',#1426,1.270002540005E-02);
#1426 = AXIS2_PLACEMENT_3D('',#1427,#1428,#1429);
#1427 = CARTESIAN_POINT('',(86.360172720345,-8.001016002032,
    1.600028244856));
#1428 = DIRECTION('',(0.,-0.,1.));
#1429 = DIRECTION('',(1.,0.,0.));
#1430 = ORIENTED_EDGE('',*,*,#1431,.F.);
#1431 = EDGE_CURVE('',#1432,#1423,#1434,.T.);
#1432 = VERTEX_POINT('',#1433);
#1433 = CARTESIAN_POINT('',(86.360172720345,-7.988315976632,0.));
#1434 = LINE('',#1435,#1436);
#1435 = CARTESIAN_POINT('',(86.360172720345,-7.988315976632,0.));
#1436 = VECTOR('',#1437,1.);
#1437 = DIRECTION('',(0.,0.,1.));
#1438 = ORIENTED_EDGE('',*,*,#1439,.F.);
#1439 = EDGE_CURVE('',#1400,#1432,#1440,.T.);
#1440 = CIRCLE('',#1441,1.270002540005E-02);
#1441 = AXIS2_PLACEMENT_3D('',#1442,#1443,#1444);
#1442 = CARTESIAN_POINT('',(86.360172720345,-8.001016002032,0.));
#1443 = DIRECTION('',(0.,-0.,1.));
#1444 = DIRECTION('',(1.,0.,0.));
#1445 = CYLINDRICAL_SURFACE('',#1446,1.270002540005E-02);
#1446 = AXIS2_PLACEMENT_3D('',#1447,#1448,#1449);
#1447 = CARTESIAN_POINT('',(86.360172720345,-8.001016002032,0.));
#1448 = DIRECTION('',(-0.,0.,-1.));
#1449 = DIRECTION('',(1.,0.,0.));
#1450 = ADVANCED_FACE('',(#1451),#1476,.T.);
#1451 = FACE_BOUND('',#1452,.T.);
#1452 = EDGE_LOOP('',(#1453,#1454,#1462,#1470));
#1453 = ORIENTED_EDGE('',*,*,#1431,.T.);
#1454 = ORIENTED_EDGE('',*,*,#1455,.T.);
#1455 = EDGE_CURVE('',#1423,#1456,#1458,.T.);
#1456 = VERTEX_POINT('',#1457);
#1457 = CARTESIAN_POINT('',(15.240030480061,-7.988315976632,
    1.600028244856));
#1458 = LINE('',#1459,#1460);
#1459 = CARTESIAN_POINT('',(86.360172720345,-7.988315976632,
    1.600028244856));
#1460 = VECTOR('',#1461,1.);
#1461 = DIRECTION('',(-1.,0.,0.));
#1462 = ORIENTED_EDGE('',*,*,#1463,.F.);
#1463 = EDGE_CURVE('',#1464,#1456,#1466,.T.);
#1464 = VERTEX_POINT('',#1465);
#1465 = CARTESIAN_POINT('',(15.240030480061,-7.988315976632,0.));
#1466 = LINE('',#1467,#1468);
#1467 = CARTESIAN_POINT('',(15.240030480061,-7.988315976632,0.));
#1468 = VECTOR('',#1469,1.);
#1469 = DIRECTION('',(0.,0.,1.));
#1470 = ORIENTED_EDGE('',*,*,#1471,.F.);
#1471 = EDGE_CURVE('',#1432,#1464,#1472,.T.);
#1472 = LINE('',#1473,#1474);
#1473 = CARTESIAN_POINT('',(86.360172720345,-7.988315976632,0.));
#1474 = VECTOR('',#1475,1.);
#1475 = DIRECTION('',(-1.,0.,0.));
#1476 = PLANE('',#1477);
#1477 = AXIS2_PLACEMENT_3D('',#1478,#1479,#1480);
#1478 = CARTESIAN_POINT('',(86.360172720345,-7.988315976632,0.));
#1479 = DIRECTION('',(0.,-1.,0.));
#1480 = DIRECTION('',(-1.,0.,0.));
#1481 = ADVANCED_FACE('',(#1482),#1509,.F.);
#1482 = FACE_BOUND('',#1483,.T.);
#1483 = EDGE_LOOP('',(#1484,#1485,#1494,#1502));
#1484 = ORIENTED_EDGE('',*,*,#1463,.T.);
#1485 = ORIENTED_EDGE('',*,*,#1486,.T.);
#1486 = EDGE_CURVE('',#1456,#1487,#1489,.T.);
#1487 = VERTEX_POINT('',#1488);
#1488 = CARTESIAN_POINT('',(15.227330454661,-8.001016002032,
    1.600028244856));
#1489 = CIRCLE('',#1490,1.270002540005E-02);
#1490 = AXIS2_PLACEMENT_3D('',#1491,#1492,#1493);
#1491 = CARTESIAN_POINT('',(15.240030480061,-8.001016002032,
    1.600028244856));
#1492 = DIRECTION('',(0.,0.,1.));
#1493 = DIRECTION('',(0.,1.,-0.));
#1494 = ORIENTED_EDGE('',*,*,#1495,.F.);
#1495 = EDGE_CURVE('',#1496,#1487,#1498,.T.);
#1496 = VERTEX_POINT('',#1497);
#1497 = CARTESIAN_POINT('',(15.227330454661,-8.001016002032,0.));
#1498 = LINE('',#1499,#1500);
#1499 = CARTESIAN_POINT('',(15.227330454661,-8.001016002032,0.));
#1500 = VECTOR('',#1501,1.);
#1501 = DIRECTION('',(0.,0.,1.));
#1502 = ORIENTED_EDGE('',*,*,#1503,.F.);
#1503 = EDGE_CURVE('',#1464,#1496,#1504,.T.);
#1504 = CIRCLE('',#1505,1.270002540005E-02);
#1505 = AXIS2_PLACEMENT_3D('',#1506,#1507,#1508);
#1506 = CARTESIAN_POINT('',(15.240030480061,-8.001016002032,0.));
#1507 = DIRECTION('',(0.,0.,1.));
#1508 = DIRECTION('',(0.,1.,-0.));
#1509 = CYLINDRICAL_SURFACE('',#1510,1.270002540005E-02);
#1510 = AXIS2_PLACEMENT_3D('',#1511,#1512,#1513);
#1511 = CARTESIAN_POINT('',(15.240030480061,-8.001016002032,0.));
#1512 = DIRECTION('',(-0.,-0.,-1.));
#1513 = DIRECTION('',(0.,1.,-0.));
#1514 = ADVANCED_FACE('',(#1515),#1540,.T.);
#1515 = FACE_BOUND('',#1516,.T.);
#1516 = EDGE_LOOP('',(#1517,#1518,#1526,#1534));
#1517 = ORIENTED_EDGE('',*,*,#1495,.T.);
#1518 = ORIENTED_EDGE('',*,*,#1519,.T.);
#1519 = EDGE_CURVE('',#1487,#1520,#1522,.T.);
#1520 = VERTEX_POINT('',#1521);
#1521 = CARTESIAN_POINT('',(15.227330454661,-60.07053531842,
    1.600028244856));
#1522 = LINE('',#1523,#1524);
#1523 = CARTESIAN_POINT('',(15.227330454661,-8.001016002032,
    1.600028244856));
#1524 = VECTOR('',#1525,1.);
#1525 = DIRECTION('',(0.,-1.,0.));
#1526 = ORIENTED_EDGE('',*,*,#1527,.F.);
#1527 = EDGE_CURVE('',#1528,#1520,#1530,.T.);
#1528 = VERTEX_POINT('',#1529);
#1529 = CARTESIAN_POINT('',(15.227330454661,-60.07053531842,0.));
#1530 = LINE('',#1531,#1532);
#1531 = CARTESIAN_POINT('',(15.227330454661,-60.07053531842,0.));
#1532 = VECTOR('',#1533,1.);
#1533 = DIRECTION('',(0.,0.,1.));
#1534 = ORIENTED_EDGE('',*,*,#1535,.F.);
#1535 = EDGE_CURVE('',#1496,#1528,#1536,.T.);
#1536 = LINE('',#1537,#1538);
#1537 = CARTESIAN_POINT('',(15.227330454661,-8.001016002032,0.));
#1538 = VECTOR('',#1539,1.);
#1539 = DIRECTION('',(0.,-1.,0.));
#1540 = PLANE('',#1541);
#1541 = AXIS2_PLACEMENT_3D('',#1542,#1543,#1544);
#1542 = CARTESIAN_POINT('',(15.227330454661,-8.001016002032,0.));
#1543 = DIRECTION('',(1.,0.,-0.));
#1544 = DIRECTION('',(0.,-1.,0.));
#1545 = ADVANCED_FACE('',(#1546),#1564,.F.);
#1546 = FACE_BOUND('',#1547,.T.);
#1547 = EDGE_LOOP('',(#1548,#1549,#1556,#1557));
#1548 = ORIENTED_EDGE('',*,*,#1527,.T.);
#1549 = ORIENTED_EDGE('',*,*,#1550,.T.);
#1550 = EDGE_CURVE('',#1520,#1196,#1551,.T.);
#1551 = CIRCLE('',#1552,2.34772677189);
#1552 = AXIS2_PLACEMENT_3D('',#1553,#1554,#1555);
#1553 = CARTESIAN_POINT('',(17.565148417448,-60.28600728486,
    1.600028244856));
#1554 = DIRECTION('',(0.,0.,1.));
#1555 = DIRECTION('',(-0.995779402773,9.177897914478E-02,0.));
#1556 = ORIENTED_EDGE('',*,*,#1193,.F.);
#1557 = ORIENTED_EDGE('',*,*,#1558,.F.);
#1558 = EDGE_CURVE('',#1528,#1194,#1559,.T.);
#1559 = CIRCLE('',#1560,2.34772677189);
#1560 = AXIS2_PLACEMENT_3D('',#1561,#1562,#1563);
#1561 = CARTESIAN_POINT('',(17.565148417448,-60.28600728486,0.));
#1562 = DIRECTION('',(0.,0.,1.));
#1563 = DIRECTION('',(-0.995779402773,9.177897914478E-02,0.));
#1564 = CYLINDRICAL_SURFACE('',#1565,2.34772677189);
#1565 = AXIS2_PLACEMENT_3D('',#1566,#1567,#1568);
#1566 = CARTESIAN_POINT('',(17.565148417448,-60.28600728486,0.));
#1567 = DIRECTION('',(-0.,-0.,-1.));
#1568 = DIRECTION('',(-0.995779402773,9.177897914478E-02,0.));
#1569 = ADVANCED_FACE('',(#1570),#1606,.F.);
#1570 = FACE_BOUND('',#1571,.T.);
#1571 = EDGE_LOOP('',(#1572,#1582,#1591,#1599));
#1572 = ORIENTED_EDGE('',*,*,#1573,.T.);
#1573 = EDGE_CURVE('',#1574,#1576,#1578,.T.);
#1574 = VERTEX_POINT('',#1575);
#1575 = CARTESIAN_POINT('',(21.789052578105,-74.6129032258,0.));
#1576 = VERTEX_POINT('',#1577);
#1577 = CARTESIAN_POINT('',(21.789052578105,-74.6129032258,
    1.600028244856));
#1578 = LINE('',#1579,#1580);
#1579 = CARTESIAN_POINT('',(21.789052578105,-74.6129032258,0.));
#1580 = VECTOR('',#1581,1.);
#1581 = DIRECTION('',(0.,0.,1.));
#1582 = ORIENTED_EDGE('',*,*,#1583,.T.);
#1583 = EDGE_CURVE('',#1576,#1584,#1586,.T.);
#1584 = VERTEX_POINT('',#1585);
#1585 = CARTESIAN_POINT('',(20.789052578105,-74.6129032258,
    1.600028244856));
#1586 = CIRCLE('',#1587,0.5);
#1587 = AXIS2_PLACEMENT_3D('',#1588,#1589,#1590);
#1588 = CARTESIAN_POINT('',(21.289052578105,-74.6129032258,
    1.600028244856));
#1589 = DIRECTION('',(0.,0.,1.));
#1590 = DIRECTION('',(1.,1.110223024625E-16,-0.));
#1591 = ORIENTED_EDGE('',*,*,#1592,.F.);
#1592 = EDGE_CURVE('',#1593,#1584,#1595,.T.);
#1593 = VERTEX_POINT('',#1594);
#1594 = CARTESIAN_POINT('',(20.789052578105,-74.6129032258,0.));
#1595 = LINE('',#1596,#1597);
#1596 = CARTESIAN_POINT('',(20.789052578105,-74.6129032258,0.));
#1597 = VECTOR('',#1598,1.);
#1598 = DIRECTION('',(0.,0.,1.));
#1599 = ORIENTED_EDGE('',*,*,#1600,.F.);
#1600 = EDGE_CURVE('',#1574,#1593,#1601,.T.);
#1601 = CIRCLE('',#1602,0.5);
#1602 = AXIS2_PLACEMENT_3D('',#1603,#1604,#1605);
#1603 = CARTESIAN_POINT('',(21.289052578105,-74.6129032258,0.));
#1604 = DIRECTION('',(0.,0.,1.));
#1605 = DIRECTION('',(1.,1.110223024625E-16,-0.));
#1606 = CYLINDRICAL_SURFACE('',#1607,0.5);
#1607 = AXIS2_PLACEMENT_3D('',#1608,#1609,#1610);
#1608 = CARTESIAN_POINT('',(21.289052578105,-74.6129032258,0.));
#1609 = DIRECTION('',(-0.,-0.,-1.));
#1610 = DIRECTION('',(1.,1.110223024625E-16,-0.));
#1611 = ADVANCED_FACE('',(#1612),#1630,.F.);
#1612 = FACE_BOUND('',#1613,.T.);
#1613 = EDGE_LOOP('',(#1614,#1615,#1622,#1623));
#1614 = ORIENTED_EDGE('',*,*,#1592,.T.);
#1615 = ORIENTED_EDGE('',*,*,#1616,.T.);
#1616 = EDGE_CURVE('',#1584,#1576,#1617,.T.);
#1617 = CIRCLE('',#1618,0.5);
#1618 = AXIS2_PLACEMENT_3D('',#1619,#1620,#1621);
#1619 = CARTESIAN_POINT('',(21.289052578105,-74.6129032258,
    1.600028244856));
#1620 = DIRECTION('',(0.,0.,1.));
#1621 = DIRECTION('',(-1.,-1.110223024625E-16,0.));
#1622 = ORIENTED_EDGE('',*,*,#1573,.F.);
#1623 = ORIENTED_EDGE('',*,*,#1624,.F.);
#1624 = EDGE_CURVE('',#1593,#1574,#1625,.T.);
#1625 = CIRCLE('',#1626,0.5);
#1626 = AXIS2_PLACEMENT_3D('',#1627,#1628,#1629);
#1627 = CARTESIAN_POINT('',(21.289052578105,-74.6129032258,0.));
#1628 = DIRECTION('',(0.,0.,1.));
#1629 = DIRECTION('',(-1.,-1.110223024625E-16,0.));
#1630 = CYLINDRICAL_SURFACE('',#1631,0.5);
#1631 = AXIS2_PLACEMENT_3D('',#1632,#1633,#1634);
#1632 = CARTESIAN_POINT('',(21.289052578105,-74.6129032258,0.));
#1633 = DIRECTION('',(-0.,-0.,-1.));
#1634 = DIRECTION('',(-1.,-1.110223024625E-16,0.));
#1635 = ADVANCED_FACE('',(#1636),#1672,.F.);
#1636 = FACE_BOUND('',#1637,.T.);
#1637 = EDGE_LOOP('',(#1638,#1648,#1657,#1665));
#1638 = ORIENTED_EDGE('',*,*,#1639,.T.);
#1639 = EDGE_CURVE('',#1640,#1642,#1644,.T.);
#1640 = VERTEX_POINT('',#1641);
#1641 = CARTESIAN_POINT('',(24.288798577597,-74.6129032258,0.));
#1642 = VERTEX_POINT('',#1643);
#1643 = CARTESIAN_POINT('',(24.288798577597,-74.6129032258,
    1.600028244856));
#1644 = LINE('',#1645,#1646);
#1645 = CARTESIAN_POINT('',(24.288798577597,-74.6129032258,0.));
#1646 = VECTOR('',#1647,1.);
#1647 = DIRECTION('',(0.,0.,1.));
#1648 = ORIENTED_EDGE('',*,*,#1649,.T.);
#1649 = EDGE_CURVE('',#1642,#1650,#1652,.T.);
#1650 = VERTEX_POINT('',#1651);
#1651 = CARTESIAN_POINT('',(23.288798577597,-74.6129032258,
    1.600028244856));
#1652 = CIRCLE('',#1653,0.5);
#1653 = AXIS2_PLACEMENT_3D('',#1654,#1655,#1656);
#1654 = CARTESIAN_POINT('',(23.788798577597,-74.6129032258,
    1.600028244856));
#1655 = DIRECTION('',(0.,0.,1.));
#1656 = DIRECTION('',(1.,1.110223024625E-16,-0.));
#1657 = ORIENTED_EDGE('',*,*,#1658,.F.);
#1658 = EDGE_CURVE('',#1659,#1650,#1661,.T.);
#1659 = VERTEX_POINT('',#1660);
#1660 = CARTESIAN_POINT('',(23.288798577597,-74.6129032258,0.));
#1661 = LINE('',#1662,#1663);
#1662 = CARTESIAN_POINT('',(23.288798577597,-74.6129032258,0.));
#1663 = VECTOR('',#1664,1.);
#1664 = DIRECTION('',(0.,0.,1.));
#1665 = ORIENTED_EDGE('',*,*,#1666,.F.);
#1666 = EDGE_CURVE('',#1640,#1659,#1667,.T.);
#1667 = CIRCLE('',#1668,0.5);
#1668 = AXIS2_PLACEMENT_3D('',#1669,#1670,#1671);
#1669 = CARTESIAN_POINT('',(23.788798577597,-74.6129032258,0.));
#1670 = DIRECTION('',(0.,0.,1.));
#1671 = DIRECTION('',(1.,1.110223024625E-16,-0.));
#1672 = CYLINDRICAL_SURFACE('',#1673,0.5);
#1673 = AXIS2_PLACEMENT_3D('',#1674,#1675,#1676);
#1674 = CARTESIAN_POINT('',(23.788798577597,-74.6129032258,0.));
#1675 = DIRECTION('',(-0.,-0.,-1.));
#1676 = DIRECTION('',(1.,1.110223024625E-16,-0.));
#1677 = ADVANCED_FACE('',(#1678),#1696,.F.);
#1678 = FACE_BOUND('',#1679,.T.);
#1679 = EDGE_LOOP('',(#1680,#1681,#1688,#1689));
#1680 = ORIENTED_EDGE('',*,*,#1658,.T.);
#1681 = ORIENTED_EDGE('',*,*,#1682,.T.);
#1682 = EDGE_CURVE('',#1650,#1642,#1683,.T.);
#1683 = CIRCLE('',#1684,0.5);
#1684 = AXIS2_PLACEMENT_3D('',#1685,#1686,#1687);
#1685 = CARTESIAN_POINT('',(23.788798577597,-74.6129032258,
    1.600028244856));
#1686 = DIRECTION('',(0.,0.,1.));
#1687 = DIRECTION('',(-1.,-1.110223024625E-16,0.));
#1688 = ORIENTED_EDGE('',*,*,#1639,.F.);
#1689 = ORIENTED_EDGE('',*,*,#1690,.F.);
#1690 = EDGE_CURVE('',#1659,#1640,#1691,.T.);
#1691 = CIRCLE('',#1692,0.5);
#1692 = AXIS2_PLACEMENT_3D('',#1693,#1694,#1695);
#1693 = CARTESIAN_POINT('',(23.788798577597,-74.6129032258,0.));
#1694 = DIRECTION('',(0.,0.,1.));
#1695 = DIRECTION('',(-1.,-1.110223024625E-16,0.));
#1696 = CYLINDRICAL_SURFACE('',#1697,0.5);
#1697 = AXIS2_PLACEMENT_3D('',#1698,#1699,#1700);
#1698 = CARTESIAN_POINT('',(23.788798577597,-74.6129032258,0.));
#1699 = DIRECTION('',(-0.,-0.,-1.));
#1700 = DIRECTION('',(-1.,-1.110223024625E-16,0.));
#1701 = ADVANCED_FACE('',(#1702),#1738,.F.);
#1702 = FACE_BOUND('',#1703,.T.);
#1703 = EDGE_LOOP('',(#1704,#1714,#1723,#1731));
#1704 = ORIENTED_EDGE('',*,*,#1705,.T.);
#1705 = EDGE_CURVE('',#1706,#1708,#1710,.T.);
#1706 = VERTEX_POINT('',#1707);
#1707 = CARTESIAN_POINT('',(26.789052578105,-74.6129032258,0.));
#1708 = VERTEX_POINT('',#1709);
#1709 = CARTESIAN_POINT('',(26.789052578105,-74.6129032258,
    1.600028244856));
#1710 = LINE('',#1711,#1712);
#1711 = CARTESIAN_POINT('',(26.789052578105,-74.6129032258,0.));
#1712 = VECTOR('',#1713,1.);
#1713 = DIRECTION('',(0.,0.,1.));
#1714 = ORIENTED_EDGE('',*,*,#1715,.T.);
#1715 = EDGE_CURVE('',#1708,#1716,#1718,.T.);
#1716 = VERTEX_POINT('',#1717);
#1717 = CARTESIAN_POINT('',(25.789052578105,-74.6129032258,
    1.600028244856));
#1718 = CIRCLE('',#1719,0.5);
#1719 = AXIS2_PLACEMENT_3D('',#1720,#1721,#1722);
#1720 = CARTESIAN_POINT('',(26.289052578105,-74.6129032258,
    1.600028244856));
#1721 = DIRECTION('',(0.,0.,1.));
#1722 = DIRECTION('',(1.,1.110223024625E-16,-0.));
#1723 = ORIENTED_EDGE('',*,*,#1724,.F.);
#1724 = EDGE_CURVE('',#1725,#1716,#1727,.T.);
#1725 = VERTEX_POINT('',#1726);
#1726 = CARTESIAN_POINT('',(25.789052578105,-74.6129032258,0.));
#1727 = LINE('',#1728,#1729);
#1728 = CARTESIAN_POINT('',(25.789052578105,-74.6129032258,0.));
#1729 = VECTOR('',#1730,1.);
#1730 = DIRECTION('',(0.,0.,1.));
#1731 = ORIENTED_EDGE('',*,*,#1732,.F.);
#1732 = EDGE_CURVE('',#1706,#1725,#1733,.T.);
#1733 = CIRCLE('',#1734,0.5);
#1734 = AXIS2_PLACEMENT_3D('',#1735,#1736,#1737);
#1735 = CARTESIAN_POINT('',(26.289052578105,-74.6129032258,0.));
#1736 = DIRECTION('',(0.,0.,1.));
#1737 = DIRECTION('',(1.,1.110223024625E-16,-0.));
#1738 = CYLINDRICAL_SURFACE('',#1739,0.5);
#1739 = AXIS2_PLACEMENT_3D('',#1740,#1741,#1742);
#1740 = CARTESIAN_POINT('',(26.289052578105,-74.6129032258,0.));
#1741 = DIRECTION('',(-0.,-0.,-1.));
#1742 = DIRECTION('',(1.,1.110223024625E-16,-0.));
#1743 = ADVANCED_FACE('',(#1744),#1762,.F.);
#1744 = FACE_BOUND('',#1745,.T.);
#1745 = EDGE_LOOP('',(#1746,#1747,#1754,#1755));
#1746 = ORIENTED_EDGE('',*,*,#1724,.T.);
#1747 = ORIENTED_EDGE('',*,*,#1748,.T.);
#1748 = EDGE_CURVE('',#1716,#1708,#1749,.T.);
#1749 = CIRCLE('',#1750,0.5);
#1750 = AXIS2_PLACEMENT_3D('',#1751,#1752,#1753);
#1751 = CARTESIAN_POINT('',(26.289052578105,-74.6129032258,
    1.600028244856));
#1752 = DIRECTION('',(0.,0.,1.));
#1753 = DIRECTION('',(-1.,-1.110223024625E-16,0.));
#1754 = ORIENTED_EDGE('',*,*,#1705,.F.);
#1755 = ORIENTED_EDGE('',*,*,#1756,.F.);
#1756 = EDGE_CURVE('',#1725,#1706,#1757,.T.);
#1757 = CIRCLE('',#1758,0.5);
#1758 = AXIS2_PLACEMENT_3D('',#1759,#1760,#1761);
#1759 = CARTESIAN_POINT('',(26.289052578105,-74.6129032258,0.));
#1760 = DIRECTION('',(0.,0.,1.));
#1761 = DIRECTION('',(-1.,-1.110223024625E-16,0.));
#1762 = CYLINDRICAL_SURFACE('',#1763,0.5);
#1763 = AXIS2_PLACEMENT_3D('',#1764,#1765,#1766);
#1764 = CARTESIAN_POINT('',(26.289052578105,-74.6129032258,0.));
#1765 = DIRECTION('',(-0.,-0.,-1.));
#1766 = DIRECTION('',(-1.,-1.110223024625E-16,0.));
#1767 = ADVANCED_FACE('',(#1768),#1804,.F.);
#1768 = FACE_BOUND('',#1769,.T.);
#1769 = EDGE_LOOP('',(#1770,#1780,#1789,#1797));
#1770 = ORIENTED_EDGE('',*,*,#1771,.T.);
#1771 = EDGE_CURVE('',#1772,#1774,#1776,.T.);
#1772 = VERTEX_POINT('',#1773);
#1773 = CARTESIAN_POINT('',(29.288798577597,-74.6129032258,0.));
#1774 = VERTEX_POINT('',#1775);
#1775 = CARTESIAN_POINT('',(29.288798577597,-74.6129032258,
    1.600028244856));
#1776 = LINE('',#1777,#1778);
#1777 = CARTESIAN_POINT('',(29.288798577597,-74.6129032258,0.));
#1778 = VECTOR('',#1779,1.);
#1779 = DIRECTION('',(0.,0.,1.));
#1780 = ORIENTED_EDGE('',*,*,#1781,.T.);
#1781 = EDGE_CURVE('',#1774,#1782,#1784,.T.);
#1782 = VERTEX_POINT('',#1783);
#1783 = CARTESIAN_POINT('',(28.288798577597,-74.6129032258,
    1.600028244856));
#1784 = CIRCLE('',#1785,0.5);
#1785 = AXIS2_PLACEMENT_3D('',#1786,#1787,#1788);
#1786 = CARTESIAN_POINT('',(28.788798577597,-74.6129032258,
    1.600028244856));
#1787 = DIRECTION('',(0.,0.,1.));
#1788 = DIRECTION('',(1.,1.110223024625E-16,-0.));
#1789 = ORIENTED_EDGE('',*,*,#1790,.F.);
#1790 = EDGE_CURVE('',#1791,#1782,#1793,.T.);
#1791 = VERTEX_POINT('',#1792);
#1792 = CARTESIAN_POINT('',(28.288798577597,-74.6129032258,0.));
#1793 = LINE('',#1794,#1795);
#1794 = CARTESIAN_POINT('',(28.288798577597,-74.6129032258,0.));
#1795 = VECTOR('',#1796,1.);
#1796 = DIRECTION('',(0.,0.,1.));
#1797 = ORIENTED_EDGE('',*,*,#1798,.F.);
#1798 = EDGE_CURVE('',#1772,#1791,#1799,.T.);
#1799 = CIRCLE('',#1800,0.5);
#1800 = AXIS2_PLACEMENT_3D('',#1801,#1802,#1803);
#1801 = CARTESIAN_POINT('',(28.788798577597,-74.6129032258,0.));
#1802 = DIRECTION('',(0.,0.,1.));
#1803 = DIRECTION('',(1.,1.110223024625E-16,-0.));
#1804 = CYLINDRICAL_SURFACE('',#1805,0.5);
#1805 = AXIS2_PLACEMENT_3D('',#1806,#1807,#1808);
#1806 = CARTESIAN_POINT('',(28.788798577597,-74.6129032258,0.));
#1807 = DIRECTION('',(-0.,-0.,-1.));
#1808 = DIRECTION('',(1.,1.110223024625E-16,-0.));
#1809 = ADVANCED_FACE('',(#1810),#1828,.F.);
#1810 = FACE_BOUND('',#1811,.T.);
#1811 = EDGE_LOOP('',(#1812,#1813,#1820,#1821));
#1812 = ORIENTED_EDGE('',*,*,#1790,.T.);
#1813 = ORIENTED_EDGE('',*,*,#1814,.T.);
#1814 = EDGE_CURVE('',#1782,#1774,#1815,.T.);
#1815 = CIRCLE('',#1816,0.5);
#1816 = AXIS2_PLACEMENT_3D('',#1817,#1818,#1819);
#1817 = CARTESIAN_POINT('',(28.788798577597,-74.6129032258,
    1.600028244856));
#1818 = DIRECTION('',(0.,0.,1.));
#1819 = DIRECTION('',(-1.,-1.110223024625E-16,0.));
#1820 = ORIENTED_EDGE('',*,*,#1771,.F.);
#1821 = ORIENTED_EDGE('',*,*,#1822,.F.);
#1822 = EDGE_CURVE('',#1791,#1772,#1823,.T.);
#1823 = CIRCLE('',#1824,0.5);
#1824 = AXIS2_PLACEMENT_3D('',#1825,#1826,#1827);
#1825 = CARTESIAN_POINT('',(28.788798577597,-74.6129032258,0.));
#1826 = DIRECTION('',(0.,0.,1.));
#1827 = DIRECTION('',(-1.,-1.110223024625E-16,0.));
#1828 = CYLINDRICAL_SURFACE('',#1829,0.5);
#1829 = AXIS2_PLACEMENT_3D('',#1830,#1831,#1832);
#1830 = CARTESIAN_POINT('',(28.788798577597,-74.6129032258,0.));
#1831 = DIRECTION('',(-0.,-0.,-1.));
#1832 = DIRECTION('',(-1.,-1.110223024625E-16,0.));
#1833 = ADVANCED_FACE('',(#1834),#1870,.F.);
#1834 = FACE_BOUND('',#1835,.T.);
#1835 = EDGE_LOOP('',(#1836,#1846,#1855,#1863));
#1836 = ORIENTED_EDGE('',*,*,#1837,.T.);
#1837 = EDGE_CURVE('',#1838,#1840,#1842,.T.);
#1838 = VERTEX_POINT('',#1839);
#1839 = CARTESIAN_POINT('',(31.789052578105,-74.61341122682,0.));
#1840 = VERTEX_POINT('',#1841);
#1841 = CARTESIAN_POINT('',(31.789052578105,-74.61341122682,
    1.600028244856));
#1842 = LINE('',#1843,#1844);
#1843 = CARTESIAN_POINT('',(31.789052578105,-74.61341122682,0.));
#1844 = VECTOR('',#1845,1.);
#1845 = DIRECTION('',(0.,0.,1.));
#1846 = ORIENTED_EDGE('',*,*,#1847,.T.);
#1847 = EDGE_CURVE('',#1840,#1848,#1850,.T.);
#1848 = VERTEX_POINT('',#1849);
#1849 = CARTESIAN_POINT('',(30.789052578105,-74.61341122682,
    1.600028244856));
#1850 = CIRCLE('',#1851,0.5);
#1851 = AXIS2_PLACEMENT_3D('',#1852,#1853,#1854);
#1852 = CARTESIAN_POINT('',(31.289052578105,-74.61341122682,
    1.600028244856));
#1853 = DIRECTION('',(0.,0.,1.));
#1854 = DIRECTION('',(1.,1.110223024625E-16,-0.));
#1855 = ORIENTED_EDGE('',*,*,#1856,.F.);
#1856 = EDGE_CURVE('',#1857,#1848,#1859,.T.);
#1857 = VERTEX_POINT('',#1858);
#1858 = CARTESIAN_POINT('',(30.789052578105,-74.61341122682,0.));
#1859 = LINE('',#1860,#1861);
#1860 = CARTESIAN_POINT('',(30.789052578105,-74.61341122682,0.));
#1861 = VECTOR('',#1862,1.);
#1862 = DIRECTION('',(0.,0.,1.));
#1863 = ORIENTED_EDGE('',*,*,#1864,.F.);
#1864 = EDGE_CURVE('',#1838,#1857,#1865,.T.);
#1865 = CIRCLE('',#1866,0.5);
#1866 = AXIS2_PLACEMENT_3D('',#1867,#1868,#1869);
#1867 = CARTESIAN_POINT('',(31.289052578105,-74.61341122682,0.));
#1868 = DIRECTION('',(0.,0.,1.));
#1869 = DIRECTION('',(1.,1.110223024625E-16,-0.));
#1870 = CYLINDRICAL_SURFACE('',#1871,0.5);
#1871 = AXIS2_PLACEMENT_3D('',#1872,#1873,#1874);
#1872 = CARTESIAN_POINT('',(31.289052578105,-74.61341122682,0.));
#1873 = DIRECTION('',(-0.,-0.,-1.));
#1874 = DIRECTION('',(1.,1.110223024625E-16,-0.));
#1875 = ADVANCED_FACE('',(#1876),#1894,.F.);
#1876 = FACE_BOUND('',#1877,.T.);
#1877 = EDGE_LOOP('',(#1878,#1879,#1886,#1887));
#1878 = ORIENTED_EDGE('',*,*,#1856,.T.);
#1879 = ORIENTED_EDGE('',*,*,#1880,.T.);
#1880 = EDGE_CURVE('',#1848,#1840,#1881,.T.);
#1881 = CIRCLE('',#1882,0.5);
#1882 = AXIS2_PLACEMENT_3D('',#1883,#1884,#1885);
#1883 = CARTESIAN_POINT('',(31.289052578105,-74.61341122682,
    1.600028244856));
#1884 = DIRECTION('',(0.,0.,1.));
#1885 = DIRECTION('',(-1.,-1.110223024625E-16,0.));
#1886 = ORIENTED_EDGE('',*,*,#1837,.F.);
#1887 = ORIENTED_EDGE('',*,*,#1888,.F.);
#1888 = EDGE_CURVE('',#1857,#1838,#1889,.T.);
#1889 = CIRCLE('',#1890,0.5);
#1890 = AXIS2_PLACEMENT_3D('',#1891,#1892,#1893);
#1891 = CARTESIAN_POINT('',(31.289052578105,-74.61341122682,0.));
#1892 = DIRECTION('',(0.,0.,1.));
#1893 = DIRECTION('',(-1.,-1.110223024625E-16,0.));
#1894 = CYLINDRICAL_SURFACE('',#1895,0.5);
#1895 = AXIS2_PLACEMENT_3D('',#1896,#1897,#1898);
#1896 = CARTESIAN_POINT('',(31.289052578105,-74.61341122682,0.));
#1897 = DIRECTION('',(-0.,-0.,-1.));
#1898 = DIRECTION('',(-1.,-1.110223024625E-16,0.));
#1899 = ADVANCED_FACE('',(#1900),#1936,.F.);
#1900 = FACE_BOUND('',#1901,.T.);
#1901 = EDGE_LOOP('',(#1902,#1912,#1921,#1929));
#1902 = ORIENTED_EDGE('',*,*,#1903,.T.);
#1903 = EDGE_CURVE('',#1904,#1906,#1908,.T.);
#1904 = VERTEX_POINT('',#1905);
#1905 = CARTESIAN_POINT('',(42.08315976632,-74.62697485395,0.));
#1906 = VERTEX_POINT('',#1907);
#1907 = CARTESIAN_POINT('',(42.08315976632,-74.62697485395,
    1.600028244856));
#1908 = LINE('',#1909,#1910);
#1909 = CARTESIAN_POINT('',(42.08315976632,-74.62697485395,0.));
#1910 = VECTOR('',#1911,1.);
#1911 = DIRECTION('',(0.,0.,1.));
#1912 = ORIENTED_EDGE('',*,*,#1913,.T.);
#1913 = EDGE_CURVE('',#1906,#1914,#1916,.T.);
#1914 = VERTEX_POINT('',#1915);
#1915 = CARTESIAN_POINT('',(40.983134366269,-74.62697485395,
    1.600028244856));
#1916 = CIRCLE('',#1917,0.550012700025);
#1917 = AXIS2_PLACEMENT_3D('',#1918,#1919,#1920);
#1918 = CARTESIAN_POINT('',(41.533147066294,-74.62697485395,
    1.600028244856));
#1919 = DIRECTION('',(0.,0.,1.));
#1920 = DIRECTION('',(1.,1.110223024625E-16,-0.));
#1921 = ORIENTED_EDGE('',*,*,#1922,.F.);
#1922 = EDGE_CURVE('',#1923,#1914,#1925,.T.);
#1923 = VERTEX_POINT('',#1924);
#1924 = CARTESIAN_POINT('',(40.983134366269,-74.62697485395,0.));
#1925 = LINE('',#1926,#1927);
#1926 = CARTESIAN_POINT('',(40.983134366269,-74.62697485395,0.));
#1927 = VECTOR('',#1928,1.);
#1928 = DIRECTION('',(0.,0.,1.));
#1929 = ORIENTED_EDGE('',*,*,#1930,.F.);
#1930 = EDGE_CURVE('',#1904,#1923,#1931,.T.);
#1931 = CIRCLE('',#1932,0.550012700025);
#1932 = AXIS2_PLACEMENT_3D('',#1933,#1934,#1935);
#1933 = CARTESIAN_POINT('',(41.533147066294,-74.62697485395,0.));
#1934 = DIRECTION('',(0.,0.,1.));
#1935 = DIRECTION('',(1.,1.110223024625E-16,-0.));
#1936 = CYLINDRICAL_SURFACE('',#1937,0.550012700025);
#1937 = AXIS2_PLACEMENT_3D('',#1938,#1939,#1940);
#1938 = CARTESIAN_POINT('',(41.533147066294,-74.62697485395,0.));
#1939 = DIRECTION('',(-0.,-0.,-1.));
#1940 = DIRECTION('',(1.,1.110223024625E-16,-0.));
#1941 = ADVANCED_FACE('',(#1942),#1960,.F.);
#1942 = FACE_BOUND('',#1943,.T.);
#1943 = EDGE_LOOP('',(#1944,#1945,#1952,#1953));
#1944 = ORIENTED_EDGE('',*,*,#1922,.T.);
#1945 = ORIENTED_EDGE('',*,*,#1946,.T.);
#1946 = EDGE_CURVE('',#1914,#1906,#1947,.T.);
#1947 = CIRCLE('',#1948,0.550012700025);
#1948 = AXIS2_PLACEMENT_3D('',#1949,#1950,#1951);
#1949 = CARTESIAN_POINT('',(41.533147066294,-74.62697485395,
    1.600028244856));
#1950 = DIRECTION('',(0.,0.,1.));
#1951 = DIRECTION('',(-1.,-1.110223024625E-16,0.));
#1952 = ORIENTED_EDGE('',*,*,#1903,.F.);
#1953 = ORIENTED_EDGE('',*,*,#1954,.F.);
#1954 = EDGE_CURVE('',#1923,#1904,#1955,.T.);
#1955 = CIRCLE('',#1956,0.550012700025);
#1956 = AXIS2_PLACEMENT_3D('',#1957,#1958,#1959);
#1957 = CARTESIAN_POINT('',(41.533147066294,-74.62697485395,0.));
#1958 = DIRECTION('',(0.,0.,1.));
#1959 = DIRECTION('',(-1.,-1.110223024625E-16,0.));
#1960 = CYLINDRICAL_SURFACE('',#1961,0.550012700025);
#1961 = AXIS2_PLACEMENT_3D('',#1962,#1963,#1964);
#1962 = CARTESIAN_POINT('',(41.533147066294,-74.62697485395,0.));
#1963 = DIRECTION('',(-0.,-0.,-1.));
#1964 = DIRECTION('',(-1.,-1.110223024625E-16,0.));
#1965 = ADVANCED_FACE('',(#1966),#2002,.F.);
#1966 = FACE_BOUND('',#1967,.T.);
#1967 = EDGE_LOOP('',(#1968,#1978,#1987,#1995));
#1968 = ORIENTED_EDGE('',*,*,#1969,.T.);
#1969 = EDGE_CURVE('',#1970,#1972,#1974,.T.);
#1970 = VERTEX_POINT('',#1971);
#1971 = CARTESIAN_POINT('',(44.62316484633,-74.62697485395,0.));
#1972 = VERTEX_POINT('',#1973);
#1973 = CARTESIAN_POINT('',(44.62316484633,-74.62697485395,
    1.600028244856));
#1974 = LINE('',#1975,#1976);
#1975 = CARTESIAN_POINT('',(44.62316484633,-74.62697485395,0.));
#1976 = VECTOR('',#1977,1.);
#1977 = DIRECTION('',(0.,0.,1.));
#1978 = ORIENTED_EDGE('',*,*,#1979,.T.);
#1979 = EDGE_CURVE('',#1972,#1980,#1982,.T.);
#1980 = VERTEX_POINT('',#1981);
#1981 = CARTESIAN_POINT('',(43.523139446279,-74.62697485395,
    1.600028244856));
#1982 = CIRCLE('',#1983,0.550012700025);
#1983 = AXIS2_PLACEMENT_3D('',#1984,#1985,#1986);
#1984 = CARTESIAN_POINT('',(44.073152146304,-74.62697485395,
    1.600028244856));
#1985 = DIRECTION('',(0.,0.,1.));
#1986 = DIRECTION('',(1.,1.110223024625E-16,-0.));
#1987 = ORIENTED_EDGE('',*,*,#1988,.F.);
#1988 = EDGE_CURVE('',#1989,#1980,#1991,.T.);
#1989 = VERTEX_POINT('',#1990);
#1990 = CARTESIAN_POINT('',(43.523139446279,-74.62697485395,0.));
#1991 = LINE('',#1992,#1993);
#1992 = CARTESIAN_POINT('',(43.523139446279,-74.62697485395,0.));
#1993 = VECTOR('',#1994,1.);
#1994 = DIRECTION('',(0.,0.,1.));
#1995 = ORIENTED_EDGE('',*,*,#1996,.F.);
#1996 = EDGE_CURVE('',#1970,#1989,#1997,.T.);
#1997 = CIRCLE('',#1998,0.550012700025);
#1998 = AXIS2_PLACEMENT_3D('',#1999,#2000,#2001);
#1999 = CARTESIAN_POINT('',(44.073152146304,-74.62697485395,0.));
#2000 = DIRECTION('',(0.,0.,1.));
#2001 = DIRECTION('',(1.,1.110223024625E-16,-0.));
#2002 = CYLINDRICAL_SURFACE('',#2003,0.550012700025);
#2003 = AXIS2_PLACEMENT_3D('',#2004,#2005,#2006);
#2004 = CARTESIAN_POINT('',(44.073152146304,-74.62697485395,0.));
#2005 = DIRECTION('',(-0.,-0.,-1.));
#2006 = DIRECTION('',(1.,1.110223024625E-16,-0.));
#2007 = ADVANCED_FACE('',(#2008),#2026,.F.);
#2008 = FACE_BOUND('',#2009,.T.);
#2009 = EDGE_LOOP('',(#2010,#2011,#2018,#2019));
#2010 = ORIENTED_EDGE('',*,*,#1988,.T.);
#2011 = ORIENTED_EDGE('',*,*,#2012,.T.);
#2012 = EDGE_CURVE('',#1980,#1972,#2013,.T.);
#2013 = CIRCLE('',#2014,0.550012700025);
#2014 = AXIS2_PLACEMENT_3D('',#2015,#2016,#2017);
#2015 = CARTESIAN_POINT('',(44.073152146304,-74.62697485395,
    1.600028244856));
#2016 = DIRECTION('',(0.,0.,1.));
#2017 = DIRECTION('',(-1.,-1.110223024625E-16,0.));
#2018 = ORIENTED_EDGE('',*,*,#1969,.F.);
#2019 = ORIENTED_EDGE('',*,*,#2020,.F.);
#2020 = EDGE_CURVE('',#1989,#1970,#2021,.T.);
#2021 = CIRCLE('',#2022,0.550012700025);
#2022 = AXIS2_PLACEMENT_3D('',#2023,#2024,#2025);
#2023 = CARTESIAN_POINT('',(44.073152146304,-74.62697485395,0.));
#2024 = DIRECTION('',(0.,0.,1.));
#2025 = DIRECTION('',(-1.,-1.110223024625E-16,0.));
#2026 = CYLINDRICAL_SURFACE('',#2027,0.550012700025);
#2027 = AXIS2_PLACEMENT_3D('',#2028,#2029,#2030);
#2028 = CARTESIAN_POINT('',(44.073152146304,-74.62697485395,0.));
#2029 = DIRECTION('',(-0.,-0.,-1.));
#2030 = DIRECTION('',(-1.,-1.110223024625E-16,0.));
#2031 = ADVANCED_FACE('',(#2032),#2068,.F.);
#2032 = FACE_BOUND('',#2033,.T.);
#2033 = EDGE_LOOP('',(#2034,#2044,#2053,#2061));
#2034 = ORIENTED_EDGE('',*,*,#2035,.T.);
#2035 = EDGE_CURVE('',#2036,#2038,#2040,.T.);
#2036 = VERTEX_POINT('',#2037);
#2037 = CARTESIAN_POINT('',(47.16316992634,-74.62697485395,0.));
#2038 = VERTEX_POINT('',#2039);
#2039 = CARTESIAN_POINT('',(47.16316992634,-74.62697485395,
    1.600028244856));
#2040 = LINE('',#2041,#2042);
#2041 = CARTESIAN_POINT('',(47.16316992634,-74.62697485395,0.));
#2042 = VECTOR('',#2043,1.);
#2043 = DIRECTION('',(0.,0.,1.));
#2044 = ORIENTED_EDGE('',*,*,#2045,.T.);
#2045 = EDGE_CURVE('',#2038,#2046,#2048,.T.);
#2046 = VERTEX_POINT('',#2047);
#2047 = CARTESIAN_POINT('',(46.063144526289,-74.62697485395,
    1.600028244856));
#2048 = CIRCLE('',#2049,0.550012700025);
#2049 = AXIS2_PLACEMENT_3D('',#2050,#2051,#2052);
#2050 = CARTESIAN_POINT('',(46.613157226314,-74.62697485395,
    1.600028244856));
#2051 = DIRECTION('',(0.,0.,1.));
#2052 = DIRECTION('',(1.,1.110223024625E-16,-0.));
#2053 = ORIENTED_EDGE('',*,*,#2054,.F.);
#2054 = EDGE_CURVE('',#2055,#2046,#2057,.T.);
#2055 = VERTEX_POINT('',#2056);
#2056 = CARTESIAN_POINT('',(46.063144526289,-74.62697485395,0.));
#2057 = LINE('',#2058,#2059);
#2058 = CARTESIAN_POINT('',(46.063144526289,-74.62697485395,0.));
#2059 = VECTOR('',#2060,1.);
#2060 = DIRECTION('',(0.,0.,1.));
#2061 = ORIENTED_EDGE('',*,*,#2062,.F.);
#2062 = EDGE_CURVE('',#2036,#2055,#2063,.T.);
#2063 = CIRCLE('',#2064,0.550012700025);
#2064 = AXIS2_PLACEMENT_3D('',#2065,#2066,#2067);
#2065 = CARTESIAN_POINT('',(46.613157226314,-74.62697485395,0.));
#2066 = DIRECTION('',(0.,0.,1.));
#2067 = DIRECTION('',(1.,1.110223024625E-16,-0.));
#2068 = CYLINDRICAL_SURFACE('',#2069,0.550012700025);
#2069 = AXIS2_PLACEMENT_3D('',#2070,#2071,#2072);
#2070 = CARTESIAN_POINT('',(46.613157226314,-74.62697485395,0.));
#2071 = DIRECTION('',(-0.,-0.,-1.));
#2072 = DIRECTION('',(1.,1.110223024625E-16,-0.));
#2073 = ADVANCED_FACE('',(#2074),#2092,.F.);
#2074 = FACE_BOUND('',#2075,.T.);
#2075 = EDGE_LOOP('',(#2076,#2077,#2084,#2085));
#2076 = ORIENTED_EDGE('',*,*,#2054,.T.);
#2077 = ORIENTED_EDGE('',*,*,#2078,.T.);
#2078 = EDGE_CURVE('',#2046,#2038,#2079,.T.);
#2079 = CIRCLE('',#2080,0.550012700025);
#2080 = AXIS2_PLACEMENT_3D('',#2081,#2082,#2083);
#2081 = CARTESIAN_POINT('',(46.613157226314,-74.62697485395,
    1.600028244856));
#2082 = DIRECTION('',(0.,0.,1.));
#2083 = DIRECTION('',(-1.,-1.110223024625E-16,0.));
#2084 = ORIENTED_EDGE('',*,*,#2035,.F.);
#2085 = ORIENTED_EDGE('',*,*,#2086,.F.);
#2086 = EDGE_CURVE('',#2055,#2036,#2087,.T.);
#2087 = CIRCLE('',#2088,0.550012700025);
#2088 = AXIS2_PLACEMENT_3D('',#2089,#2090,#2091);
#2089 = CARTESIAN_POINT('',(46.613157226314,-74.62697485395,0.));
#2090 = DIRECTION('',(0.,0.,1.));
#2091 = DIRECTION('',(-1.,-1.110223024625E-16,0.));
#2092 = CYLINDRICAL_SURFACE('',#2093,0.550012700025);
#2093 = AXIS2_PLACEMENT_3D('',#2094,#2095,#2096);
#2094 = CARTESIAN_POINT('',(46.613157226314,-74.62697485395,0.));
#2095 = DIRECTION('',(-0.,-0.,-1.));
#2096 = DIRECTION('',(-1.,-1.110223024625E-16,0.));
#2097 = ADVANCED_FACE('',(#2098),#2134,.F.);
#2098 = FACE_BOUND('',#2099,.T.);
#2099 = EDGE_LOOP('',(#2100,#2110,#2119,#2127));
#2100 = ORIENTED_EDGE('',*,*,#2101,.T.);
#2101 = EDGE_CURVE('',#2102,#2104,#2106,.T.);
#2102 = VERTEX_POINT('',#2103);
#2103 = CARTESIAN_POINT('',(49.70317500635,-74.62697485395,0.));
#2104 = VERTEX_POINT('',#2105);
#2105 = CARTESIAN_POINT('',(49.70317500635,-74.62697485395,
    1.600028244856));
#2106 = LINE('',#2107,#2108);
#2107 = CARTESIAN_POINT('',(49.70317500635,-74.62697485395,0.));
#2108 = VECTOR('',#2109,1.);
#2109 = DIRECTION('',(0.,0.,1.));
#2110 = ORIENTED_EDGE('',*,*,#2111,.T.);
#2111 = EDGE_CURVE('',#2104,#2112,#2114,.T.);
#2112 = VERTEX_POINT('',#2113);
#2113 = CARTESIAN_POINT('',(48.603149606299,-74.62697485395,
    1.600028244856));
#2114 = CIRCLE('',#2115,0.550012700025);
#2115 = AXIS2_PLACEMENT_3D('',#2116,#2117,#2118);
#2116 = CARTESIAN_POINT('',(49.153162306325,-74.62697485395,
    1.600028244856));
#2117 = DIRECTION('',(0.,0.,1.));
#2118 = DIRECTION('',(1.,1.110223024625E-16,-0.));
#2119 = ORIENTED_EDGE('',*,*,#2120,.F.);
#2120 = EDGE_CURVE('',#2121,#2112,#2123,.T.);
#2121 = VERTEX_POINT('',#2122);
#2122 = CARTESIAN_POINT('',(48.603149606299,-74.62697485395,0.));
#2123 = LINE('',#2124,#2125);
#2124 = CARTESIAN_POINT('',(48.603149606299,-74.62697485395,0.));
#2125 = VECTOR('',#2126,1.);
#2126 = DIRECTION('',(0.,0.,1.));
#2127 = ORIENTED_EDGE('',*,*,#2128,.F.);
#2128 = EDGE_CURVE('',#2102,#2121,#2129,.T.);
#2129 = CIRCLE('',#2130,0.550012700025);
#2130 = AXIS2_PLACEMENT_3D('',#2131,#2132,#2133);
#2131 = CARTESIAN_POINT('',(49.153162306325,-74.62697485395,0.));
#2132 = DIRECTION('',(0.,0.,1.));
#2133 = DIRECTION('',(1.,1.110223024625E-16,-0.));
#2134 = CYLINDRICAL_SURFACE('',#2135,0.550012700025);
#2135 = AXIS2_PLACEMENT_3D('',#2136,#2137,#2138);
#2136 = CARTESIAN_POINT('',(49.153162306325,-74.62697485395,0.));
#2137 = DIRECTION('',(-0.,-0.,-1.));
#2138 = DIRECTION('',(1.,1.110223024625E-16,-0.));
#2139 = ADVANCED_FACE('',(#2140),#2158,.F.);
#2140 = FACE_BOUND('',#2141,.T.);
#2141 = EDGE_LOOP('',(#2142,#2143,#2150,#2151));
#2142 = ORIENTED_EDGE('',*,*,#2120,.T.);
#2143 = ORIENTED_EDGE('',*,*,#2144,.T.);
#2144 = EDGE_CURVE('',#2112,#2104,#2145,.T.);
#2145 = CIRCLE('',#2146,0.550012700025);
#2146 = AXIS2_PLACEMENT_3D('',#2147,#2148,#2149);
#2147 = CARTESIAN_POINT('',(49.153162306325,-74.62697485395,
    1.600028244856));
#2148 = DIRECTION('',(0.,0.,1.));
#2149 = DIRECTION('',(-1.,-1.110223024625E-16,0.));
#2150 = ORIENTED_EDGE('',*,*,#2101,.F.);
#2151 = ORIENTED_EDGE('',*,*,#2152,.F.);
#2152 = EDGE_CURVE('',#2121,#2102,#2153,.T.);
#2153 = CIRCLE('',#2154,0.550012700025);
#2154 = AXIS2_PLACEMENT_3D('',#2155,#2156,#2157);
#2155 = CARTESIAN_POINT('',(49.153162306325,-74.62697485395,0.));
#2156 = DIRECTION('',(0.,0.,1.));
#2157 = DIRECTION('',(-1.,-1.110223024625E-16,0.));
#2158 = CYLINDRICAL_SURFACE('',#2159,0.550012700025);
#2159 = AXIS2_PLACEMENT_3D('',#2160,#2161,#2162);
#2160 = CARTESIAN_POINT('',(49.153162306325,-74.62697485395,0.));
#2161 = DIRECTION('',(-0.,-0.,-1.));
#2162 = DIRECTION('',(-1.,-1.110223024625E-16,0.));
#2163 = ADVANCED_FACE('',(#2164),#2200,.F.);
#2164 = FACE_BOUND('',#2165,.T.);
#2165 = EDGE_LOOP('',(#2166,#2176,#2185,#2193));
#2166 = ORIENTED_EDGE('',*,*,#2167,.T.);
#2167 = EDGE_CURVE('',#2168,#2170,#2172,.T.);
#2168 = VERTEX_POINT('',#2169);
#2169 = CARTESIAN_POINT('',(57.577190754382,-74.62697485395,0.));
#2170 = VERTEX_POINT('',#2171);
#2171 = CARTESIAN_POINT('',(57.577190754382,-74.62697485395,
    1.600028244856));
#2172 = LINE('',#2173,#2174);
#2173 = CARTESIAN_POINT('',(57.577190754382,-74.62697485395,0.));
#2174 = VECTOR('',#2175,1.);
#2175 = DIRECTION('',(0.,0.,1.));
#2176 = ORIENTED_EDGE('',*,*,#2177,.T.);
#2177 = EDGE_CURVE('',#2170,#2178,#2180,.T.);
#2178 = VERTEX_POINT('',#2179);
#2179 = CARTESIAN_POINT('',(56.477165354331,-74.62697485395,
    1.600028244856));
#2180 = CIRCLE('',#2181,0.550012700025);
#2181 = AXIS2_PLACEMENT_3D('',#2182,#2183,#2184);
#2182 = CARTESIAN_POINT('',(57.027178054356,-74.62697485395,
    1.600028244856));
#2183 = DIRECTION('',(0.,0.,1.));
#2184 = DIRECTION('',(1.,1.110223024625E-16,-0.));
#2185 = ORIENTED_EDGE('',*,*,#2186,.F.);
#2186 = EDGE_CURVE('',#2187,#2178,#2189,.T.);
#2187 = VERTEX_POINT('',#2188);
#2188 = CARTESIAN_POINT('',(56.477165354331,-74.62697485395,0.));
#2189 = LINE('',#2190,#2191);
#2190 = CARTESIAN_POINT('',(56.477165354331,-74.62697485395,0.));
#2191 = VECTOR('',#2192,1.);
#2192 = DIRECTION('',(0.,0.,1.));
#2193 = ORIENTED_EDGE('',*,*,#2194,.F.);
#2194 = EDGE_CURVE('',#2168,#2187,#2195,.T.);
#2195 = CIRCLE('',#2196,0.550012700025);
#2196 = AXIS2_PLACEMENT_3D('',#2197,#2198,#2199);
#2197 = CARTESIAN_POINT('',(57.027178054356,-74.62697485395,0.));
#2198 = DIRECTION('',(0.,0.,1.));
#2199 = DIRECTION('',(1.,1.110223024625E-16,-0.));
#2200 = CYLINDRICAL_SURFACE('',#2201,0.550012700025);
#2201 = AXIS2_PLACEMENT_3D('',#2202,#2203,#2204);
#2202 = CARTESIAN_POINT('',(57.027178054356,-74.62697485395,0.));
#2203 = DIRECTION('',(-0.,-0.,-1.));
#2204 = DIRECTION('',(1.,1.110223024625E-16,-0.));
#2205 = ADVANCED_FACE('',(#2206),#2224,.F.);
#2206 = FACE_BOUND('',#2207,.T.);
#2207 = EDGE_LOOP('',(#2208,#2209,#2216,#2217));
#2208 = ORIENTED_EDGE('',*,*,#2186,.T.);
#2209 = ORIENTED_EDGE('',*,*,#2210,.T.);
#2210 = EDGE_CURVE('',#2178,#2170,#2211,.T.);
#2211 = CIRCLE('',#2212,0.550012700025);
#2212 = AXIS2_PLACEMENT_3D('',#2213,#2214,#2215);
#2213 = CARTESIAN_POINT('',(57.027178054356,-74.62697485395,
    1.600028244856));
#2214 = DIRECTION('',(0.,0.,1.));
#2215 = DIRECTION('',(-1.,-1.110223024625E-16,0.));
#2216 = ORIENTED_EDGE('',*,*,#2167,.F.);
#2217 = ORIENTED_EDGE('',*,*,#2218,.F.);
#2218 = EDGE_CURVE('',#2187,#2168,#2219,.T.);
#2219 = CIRCLE('',#2220,0.550012700025);
#2220 = AXIS2_PLACEMENT_3D('',#2221,#2222,#2223);
#2221 = CARTESIAN_POINT('',(57.027178054356,-74.62697485395,0.));
#2222 = DIRECTION('',(0.,0.,1.));
#2223 = DIRECTION('',(-1.,-1.110223024625E-16,0.));
#2224 = CYLINDRICAL_SURFACE('',#2225,0.550012700025);
#2225 = AXIS2_PLACEMENT_3D('',#2226,#2227,#2228);
#2226 = CARTESIAN_POINT('',(57.027178054356,-74.62697485395,0.));
#2227 = DIRECTION('',(-0.,-0.,-1.));
#2228 = DIRECTION('',(-1.,-1.110223024625E-16,0.));
#2229 = ADVANCED_FACE('',(#2230),#2266,.F.);
#2230 = FACE_BOUND('',#2231,.T.);
#2231 = EDGE_LOOP('',(#2232,#2242,#2251,#2259));
#2232 = ORIENTED_EDGE('',*,*,#2233,.T.);
#2233 = EDGE_CURVE('',#2234,#2236,#2238,.T.);
#2234 = VERTEX_POINT('',#2235);
#2235 = CARTESIAN_POINT('',(60.117195834392,-74.62697485395,0.));
#2236 = VERTEX_POINT('',#2237);
#2237 = CARTESIAN_POINT('',(60.117195834392,-74.62697485395,
    1.600028244856));
#2238 = LINE('',#2239,#2240);
#2239 = CARTESIAN_POINT('',(60.117195834392,-74.62697485395,0.));
#2240 = VECTOR('',#2241,1.);
#2241 = DIRECTION('',(0.,0.,1.));
#2242 = ORIENTED_EDGE('',*,*,#2243,.T.);
#2243 = EDGE_CURVE('',#2236,#2244,#2246,.T.);
#2244 = VERTEX_POINT('',#2245);
#2245 = CARTESIAN_POINT('',(59.017170434341,-74.62697485395,
    1.600028244856));
#2246 = CIRCLE('',#2247,0.550012700025);
#2247 = AXIS2_PLACEMENT_3D('',#2248,#2249,#2250);
#2248 = CARTESIAN_POINT('',(59.567183134366,-74.62697485395,
    1.600028244856));
#2249 = DIRECTION('',(0.,0.,1.));
#2250 = DIRECTION('',(1.,1.110223024625E-16,-0.));
#2251 = ORIENTED_EDGE('',*,*,#2252,.F.);
#2252 = EDGE_CURVE('',#2253,#2244,#2255,.T.);
#2253 = VERTEX_POINT('',#2254);
#2254 = CARTESIAN_POINT('',(59.017170434341,-74.62697485395,0.));
#2255 = LINE('',#2256,#2257);
#2256 = CARTESIAN_POINT('',(59.017170434341,-74.62697485395,0.));
#2257 = VECTOR('',#2258,1.);
#2258 = DIRECTION('',(0.,0.,1.));
#2259 = ORIENTED_EDGE('',*,*,#2260,.F.);
#2260 = EDGE_CURVE('',#2234,#2253,#2261,.T.);
#2261 = CIRCLE('',#2262,0.550012700025);
#2262 = AXIS2_PLACEMENT_3D('',#2263,#2264,#2265);
#2263 = CARTESIAN_POINT('',(59.567183134366,-74.62697485395,0.));
#2264 = DIRECTION('',(0.,0.,1.));
#2265 = DIRECTION('',(1.,1.110223024625E-16,-0.));
#2266 = CYLINDRICAL_SURFACE('',#2267,0.550012700025);
#2267 = AXIS2_PLACEMENT_3D('',#2268,#2269,#2270);
#2268 = CARTESIAN_POINT('',(59.567183134366,-74.62697485395,0.));
#2269 = DIRECTION('',(-0.,-0.,-1.));
#2270 = DIRECTION('',(1.,1.110223024625E-16,-0.));
#2271 = ADVANCED_FACE('',(#2272),#2290,.F.);
#2272 = FACE_BOUND('',#2273,.T.);
#2273 = EDGE_LOOP('',(#2274,#2275,#2282,#2283));
#2274 = ORIENTED_EDGE('',*,*,#2252,.T.);
#2275 = ORIENTED_EDGE('',*,*,#2276,.T.);
#2276 = EDGE_CURVE('',#2244,#2236,#2277,.T.);
#2277 = CIRCLE('',#2278,0.550012700025);
#2278 = AXIS2_PLACEMENT_3D('',#2279,#2280,#2281);
#2279 = CARTESIAN_POINT('',(59.567183134366,-74.62697485395,
    1.600028244856));
#2280 = DIRECTION('',(0.,0.,1.));
#2281 = DIRECTION('',(-1.,-1.110223024625E-16,0.));
#2282 = ORIENTED_EDGE('',*,*,#2233,.F.);
#2283 = ORIENTED_EDGE('',*,*,#2284,.F.);
#2284 = EDGE_CURVE('',#2253,#2234,#2285,.T.);
#2285 = CIRCLE('',#2286,0.550012700025);
#2286 = AXIS2_PLACEMENT_3D('',#2287,#2288,#2289);
#2287 = CARTESIAN_POINT('',(59.567183134366,-74.62697485395,0.));
#2288 = DIRECTION('',(0.,0.,1.));
#2289 = DIRECTION('',(-1.,-1.110223024625E-16,0.));
#2290 = CYLINDRICAL_SURFACE('',#2291,0.550012700025);
#2291 = AXIS2_PLACEMENT_3D('',#2292,#2293,#2294);
#2292 = CARTESIAN_POINT('',(59.567183134366,-74.62697485395,0.));
#2293 = DIRECTION('',(-0.,-0.,-1.));
#2294 = DIRECTION('',(-1.,-1.110223024625E-16,0.));
#2295 = ADVANCED_FACE('',(#2296),#2332,.F.);
#2296 = FACE_BOUND('',#2297,.T.);
#2297 = EDGE_LOOP('',(#2298,#2308,#2317,#2325));
#2298 = ORIENTED_EDGE('',*,*,#2299,.T.);
#2299 = EDGE_CURVE('',#2300,#2302,#2304,.T.);
#2300 = VERTEX_POINT('',#2301);
#2301 = CARTESIAN_POINT('',(62.657200914402,-74.62697485395,0.));
#2302 = VERTEX_POINT('',#2303);
#2303 = CARTESIAN_POINT('',(62.657200914402,-74.62697485395,
    1.600028244856));
#2304 = LINE('',#2305,#2306);
#2305 = CARTESIAN_POINT('',(62.657200914402,-74.62697485395,0.));
#2306 = VECTOR('',#2307,1.);
#2307 = DIRECTION('',(0.,0.,1.));
#2308 = ORIENTED_EDGE('',*,*,#2309,.T.);
#2309 = EDGE_CURVE('',#2302,#2310,#2312,.T.);
#2310 = VERTEX_POINT('',#2311);
#2311 = CARTESIAN_POINT('',(61.557175514351,-74.62697485395,
    1.600028244856));
#2312 = CIRCLE('',#2313,0.550012700025);
#2313 = AXIS2_PLACEMENT_3D('',#2314,#2315,#2316);
#2314 = CARTESIAN_POINT('',(62.107188214376,-74.62697485395,
    1.600028244856));
#2315 = DIRECTION('',(0.,0.,1.));
#2316 = DIRECTION('',(1.,1.110223024625E-16,-0.));
#2317 = ORIENTED_EDGE('',*,*,#2318,.F.);
#2318 = EDGE_CURVE('',#2319,#2310,#2321,.T.);
#2319 = VERTEX_POINT('',#2320);
#2320 = CARTESIAN_POINT('',(61.557175514351,-74.62697485395,0.));
#2321 = LINE('',#2322,#2323);
#2322 = CARTESIAN_POINT('',(61.557175514351,-74.62697485395,0.));
#2323 = VECTOR('',#2324,1.);
#2324 = DIRECTION('',(0.,0.,1.));
#2325 = ORIENTED_EDGE('',*,*,#2326,.F.);
#2326 = EDGE_CURVE('',#2300,#2319,#2327,.T.);
#2327 = CIRCLE('',#2328,0.550012700025);
#2328 = AXIS2_PLACEMENT_3D('',#2329,#2330,#2331);
#2329 = CARTESIAN_POINT('',(62.107188214376,-74.62697485395,0.));
#2330 = DIRECTION('',(0.,0.,1.));
#2331 = DIRECTION('',(1.,1.110223024625E-16,-0.));
#2332 = CYLINDRICAL_SURFACE('',#2333,0.550012700025);
#2333 = AXIS2_PLACEMENT_3D('',#2334,#2335,#2336);
#2334 = CARTESIAN_POINT('',(62.107188214376,-74.62697485395,0.));
#2335 = DIRECTION('',(-0.,-0.,-1.));
#2336 = DIRECTION('',(1.,1.110223024625E-16,-0.));
#2337 = ADVANCED_FACE('',(#2338),#2356,.F.);
#2338 = FACE_BOUND('',#2339,.T.);
#2339 = EDGE_LOOP('',(#2340,#2341,#2348,#2349));
#2340 = ORIENTED_EDGE('',*,*,#2318,.T.);
#2341 = ORIENTED_EDGE('',*,*,#2342,.T.);
#2342 = EDGE_CURVE('',#2310,#2302,#2343,.T.);
#2343 = CIRCLE('',#2344,0.550012700025);
#2344 = AXIS2_PLACEMENT_3D('',#2345,#2346,#2347);
#2345 = CARTESIAN_POINT('',(62.107188214376,-74.62697485395,
    1.600028244856));
#2346 = DIRECTION('',(0.,0.,1.));
#2347 = DIRECTION('',(-1.,-1.110223024625E-16,0.));
#2348 = ORIENTED_EDGE('',*,*,#2299,.F.);
#2349 = ORIENTED_EDGE('',*,*,#2350,.F.);
#2350 = EDGE_CURVE('',#2319,#2300,#2351,.T.);
#2351 = CIRCLE('',#2352,0.550012700025);
#2352 = AXIS2_PLACEMENT_3D('',#2353,#2354,#2355);
#2353 = CARTESIAN_POINT('',(62.107188214376,-74.62697485395,0.));
#2354 = DIRECTION('',(0.,0.,1.));
#2355 = DIRECTION('',(-1.,-1.110223024625E-16,0.));
#2356 = CYLINDRICAL_SURFACE('',#2357,0.550012700025);
#2357 = AXIS2_PLACEMENT_3D('',#2358,#2359,#2360);
#2358 = CARTESIAN_POINT('',(62.107188214376,-74.62697485395,0.));
#2359 = DIRECTION('',(-0.,-0.,-1.));
#2360 = DIRECTION('',(-1.,-1.110223024625E-16,0.));
#2361 = ADVANCED_FACE('',(#2362),#2398,.F.);
#2362 = FACE_BOUND('',#2363,.T.);
#2363 = EDGE_LOOP('',(#2364,#2374,#2383,#2391));
#2364 = ORIENTED_EDGE('',*,*,#2365,.T.);
#2365 = EDGE_CURVE('',#2366,#2368,#2370,.T.);
#2366 = VERTEX_POINT('',#2367);
#2367 = CARTESIAN_POINT('',(65.197205994412,-74.62697485395,0.));
#2368 = VERTEX_POINT('',#2369);
#2369 = CARTESIAN_POINT('',(65.197205994412,-74.62697485395,
    1.600028244856));
#2370 = LINE('',#2371,#2372);
#2371 = CARTESIAN_POINT('',(65.197205994412,-74.62697485395,0.));
#2372 = VECTOR('',#2373,1.);
#2373 = DIRECTION('',(0.,0.,1.));
#2374 = ORIENTED_EDGE('',*,*,#2375,.T.);
#2375 = EDGE_CURVE('',#2368,#2376,#2378,.T.);
#2376 = VERTEX_POINT('',#2377);
#2377 = CARTESIAN_POINT('',(64.097180594361,-74.62697485395,
    1.600028244856));
#2378 = CIRCLE('',#2379,0.550012700025);
#2379 = AXIS2_PLACEMENT_3D('',#2380,#2381,#2382);
#2380 = CARTESIAN_POINT('',(64.647193294387,-74.62697485395,
    1.600028244856));
#2381 = DIRECTION('',(0.,0.,1.));
#2382 = DIRECTION('',(1.,1.110223024625E-16,-0.));
#2383 = ORIENTED_EDGE('',*,*,#2384,.F.);
#2384 = EDGE_CURVE('',#2385,#2376,#2387,.T.);
#2385 = VERTEX_POINT('',#2386);
#2386 = CARTESIAN_POINT('',(64.097180594361,-74.62697485395,0.));
#2387 = LINE('',#2388,#2389);
#2388 = CARTESIAN_POINT('',(64.097180594361,-74.62697485395,0.));
#2389 = VECTOR('',#2390,1.);
#2390 = DIRECTION('',(0.,0.,1.));
#2391 = ORIENTED_EDGE('',*,*,#2392,.F.);
#2392 = EDGE_CURVE('',#2366,#2385,#2393,.T.);
#2393 = CIRCLE('',#2394,0.550012700025);
#2394 = AXIS2_PLACEMENT_3D('',#2395,#2396,#2397);
#2395 = CARTESIAN_POINT('',(64.647193294387,-74.62697485395,0.));
#2396 = DIRECTION('',(0.,0.,1.));
#2397 = DIRECTION('',(1.,1.110223024625E-16,-0.));
#2398 = CYLINDRICAL_SURFACE('',#2399,0.550012700025);
#2399 = AXIS2_PLACEMENT_3D('',#2400,#2401,#2402);
#2400 = CARTESIAN_POINT('',(64.647193294387,-74.62697485395,0.));
#2401 = DIRECTION('',(-0.,-0.,-1.));
#2402 = DIRECTION('',(1.,1.110223024625E-16,-0.));
#2403 = ADVANCED_FACE('',(#2404),#2422,.F.);
#2404 = FACE_BOUND('',#2405,.T.);
#2405 = EDGE_LOOP('',(#2406,#2407,#2414,#2415));
#2406 = ORIENTED_EDGE('',*,*,#2384,.T.);
#2407 = ORIENTED_EDGE('',*,*,#2408,.T.);
#2408 = EDGE_CURVE('',#2376,#2368,#2409,.T.);
#2409 = CIRCLE('',#2410,0.550012700025);
#2410 = AXIS2_PLACEMENT_3D('',#2411,#2412,#2413);
#2411 = CARTESIAN_POINT('',(64.647193294387,-74.62697485395,
    1.600028244856));
#2412 = DIRECTION('',(0.,0.,1.));
#2413 = DIRECTION('',(-1.,-1.110223024625E-16,0.));
#2414 = ORIENTED_EDGE('',*,*,#2365,.F.);
#2415 = ORIENTED_EDGE('',*,*,#2416,.F.);
#2416 = EDGE_CURVE('',#2385,#2366,#2417,.T.);
#2417 = CIRCLE('',#2418,0.550012700025);
#2418 = AXIS2_PLACEMENT_3D('',#2419,#2420,#2421);
#2419 = CARTESIAN_POINT('',(64.647193294387,-74.62697485395,0.));
#2420 = DIRECTION('',(0.,0.,1.));
#2421 = DIRECTION('',(-1.,-1.110223024625E-16,0.));
#2422 = CYLINDRICAL_SURFACE('',#2423,0.550012700025);
#2423 = AXIS2_PLACEMENT_3D('',#2424,#2425,#2426);
#2424 = CARTESIAN_POINT('',(64.647193294387,-74.62697485395,0.));
#2425 = DIRECTION('',(-0.,-0.,-1.));
#2426 = DIRECTION('',(-1.,-1.110223024625E-16,0.));
#2427 = ADVANCED_FACE('',(#2428),#2464,.F.);
#2428 = FACE_BOUND('',#2429,.T.);
#2429 = EDGE_LOOP('',(#2430,#2440,#2449,#2457));
#2430 = ORIENTED_EDGE('',*,*,#2431,.T.);
#2431 = EDGE_CURVE('',#2432,#2434,#2436,.T.);
#2432 = VERTEX_POINT('',#2433);
#2433 = CARTESIAN_POINT('',(76.443992887986,-75.8191516383,0.));
#2434 = VERTEX_POINT('',#2435);
#2435 = CARTESIAN_POINT('',(76.443992887986,-75.8191516383,
    1.600028244856));
#2436 = LINE('',#2437,#2438);
#2437 = CARTESIAN_POINT('',(76.443992887986,-75.8191516383,0.));
#2438 = VECTOR('',#2439,1.);
#2439 = DIRECTION('',(0.,0.,1.));
#2440 = ORIENTED_EDGE('',*,*,#2441,.T.);
#2441 = EDGE_CURVE('',#2434,#2442,#2444,.T.);
#2442 = VERTEX_POINT('',#2443);
#2443 = CARTESIAN_POINT('',(75.04191008382,-75.8191516383,1.600028244856
    ));
#2444 = CIRCLE('',#2445,0.701041402083);
#2445 = AXIS2_PLACEMENT_3D('',#2446,#2447,#2448);
#2446 = CARTESIAN_POINT('',(75.742951485903,-75.8191516383,
    1.600028244856));
#2447 = DIRECTION('',(0.,0.,1.));
#2448 = DIRECTION('',(1.,1.110223024625E-16,-0.));
#2449 = ORIENTED_EDGE('',*,*,#2450,.F.);
#2450 = EDGE_CURVE('',#2451,#2442,#2453,.T.);
#2451 = VERTEX_POINT('',#2452);
#2452 = CARTESIAN_POINT('',(75.04191008382,-75.8191516383,0.));
#2453 = LINE('',#2454,#2455);
#2454 = CARTESIAN_POINT('',(75.04191008382,-75.8191516383,0.));
#2455 = VECTOR('',#2456,1.);
#2456 = DIRECTION('',(0.,0.,1.));
#2457 = ORIENTED_EDGE('',*,*,#2458,.F.);
#2458 = EDGE_CURVE('',#2432,#2451,#2459,.T.);
#2459 = CIRCLE('',#2460,0.701041402083);
#2460 = AXIS2_PLACEMENT_3D('',#2461,#2462,#2463);
#2461 = CARTESIAN_POINT('',(75.742951485903,-75.8191516383,0.));
#2462 = DIRECTION('',(0.,0.,1.));
#2463 = DIRECTION('',(1.,1.110223024625E-16,-0.));
#2464 = CYLINDRICAL_SURFACE('',#2465,0.701041402083);
#2465 = AXIS2_PLACEMENT_3D('',#2466,#2467,#2468);
#2466 = CARTESIAN_POINT('',(75.742951485903,-75.8191516383,0.));
#2467 = DIRECTION('',(-0.,-0.,-1.));
#2468 = DIRECTION('',(1.,1.110223024625E-16,-0.));
#2469 = ADVANCED_FACE('',(#2470),#2488,.F.);
#2470 = FACE_BOUND('',#2471,.T.);
#2471 = EDGE_LOOP('',(#2472,#2473,#2480,#2481));
#2472 = ORIENTED_EDGE('',*,*,#2450,.T.);
#2473 = ORIENTED_EDGE('',*,*,#2474,.T.);
#2474 = EDGE_CURVE('',#2442,#2434,#2475,.T.);
#2475 = CIRCLE('',#2476,0.701041402083);
#2476 = AXIS2_PLACEMENT_3D('',#2477,#2478,#2479);
#2477 = CARTESIAN_POINT('',(75.742951485903,-75.8191516383,
    1.600028244856));
#2478 = DIRECTION('',(0.,0.,1.));
#2479 = DIRECTION('',(-1.,-1.110223024625E-16,0.));
#2480 = ORIENTED_EDGE('',*,*,#2431,.F.);
#2481 = ORIENTED_EDGE('',*,*,#2482,.F.);
#2482 = EDGE_CURVE('',#2451,#2432,#2483,.T.);
#2483 = CIRCLE('',#2484,0.701041402083);
#2484 = AXIS2_PLACEMENT_3D('',#2485,#2486,#2487);
#2485 = CARTESIAN_POINT('',(75.742951485903,-75.8191516383,0.));
#2486 = DIRECTION('',(0.,0.,1.));
#2487 = DIRECTION('',(-1.,-1.110223024625E-16,0.));
#2488 = CYLINDRICAL_SURFACE('',#2489,0.701041402083);
#2489 = AXIS2_PLACEMENT_3D('',#2490,#2491,#2492);
#2490 = CARTESIAN_POINT('',(75.742951485903,-75.8191516383,0.));
#2491 = DIRECTION('',(-0.,-0.,-1.));
#2492 = DIRECTION('',(-1.,-1.110223024625E-16,0.));
#2493 = ADVANCED_FACE('',(#2494),#2530,.F.);
#2494 = FACE_BOUND('',#2495,.T.);
#2495 = EDGE_LOOP('',(#2496,#2506,#2515,#2523));
#2496 = ORIENTED_EDGE('',*,*,#2497,.T.);
#2497 = EDGE_CURVE('',#2498,#2500,#2502,.T.);
#2498 = VERTEX_POINT('',#2499);
#2499 = CARTESIAN_POINT('',(81.422402844806,-75.8191516383,0.));
#2500 = VERTEX_POINT('',#2501);
#2501 = CARTESIAN_POINT('',(81.422402844806,-75.8191516383,
    1.600028244856));
#2502 = LINE('',#2503,#2504);
#2503 = CARTESIAN_POINT('',(81.422402844806,-75.8191516383,0.));
#2504 = VECTOR('',#2505,1.);
#2505 = DIRECTION('',(0.,0.,1.));
#2506 = ORIENTED_EDGE('',*,*,#2507,.T.);
#2507 = EDGE_CURVE('',#2500,#2508,#2510,.T.);
#2508 = VERTEX_POINT('',#2509);
#2509 = CARTESIAN_POINT('',(80.02032004064,-75.8191516383,1.600028244856
    ));
#2510 = CIRCLE('',#2511,0.701041402083);
#2511 = AXIS2_PLACEMENT_3D('',#2512,#2513,#2514);
#2512 = CARTESIAN_POINT('',(80.721361442723,-75.8191516383,
    1.600028244856));
#2513 = DIRECTION('',(0.,0.,1.));
#2514 = DIRECTION('',(1.,1.110223024625E-16,-0.));
#2515 = ORIENTED_EDGE('',*,*,#2516,.F.);
#2516 = EDGE_CURVE('',#2517,#2508,#2519,.T.);
#2517 = VERTEX_POINT('',#2518);
#2518 = CARTESIAN_POINT('',(80.02032004064,-75.8191516383,0.));
#2519 = LINE('',#2520,#2521);
#2520 = CARTESIAN_POINT('',(80.02032004064,-75.8191516383,0.));
#2521 = VECTOR('',#2522,1.);
#2522 = DIRECTION('',(0.,0.,1.));
#2523 = ORIENTED_EDGE('',*,*,#2524,.F.);
#2524 = EDGE_CURVE('',#2498,#2517,#2525,.T.);
#2525 = CIRCLE('',#2526,0.701041402083);
#2526 = AXIS2_PLACEMENT_3D('',#2527,#2528,#2529);
#2527 = CARTESIAN_POINT('',(80.721361442723,-75.8191516383,0.));
#2528 = DIRECTION('',(0.,0.,1.));
#2529 = DIRECTION('',(1.,1.110223024625E-16,-0.));
#2530 = CYLINDRICAL_SURFACE('',#2531,0.701041402083);
#2531 = AXIS2_PLACEMENT_3D('',#2532,#2533,#2534);
#2532 = CARTESIAN_POINT('',(80.721361442723,-75.8191516383,0.));
#2533 = DIRECTION('',(-0.,-0.,-1.));
#2534 = DIRECTION('',(1.,1.110223024625E-16,-0.));
#2535 = ADVANCED_FACE('',(#2536),#2554,.F.);
#2536 = FACE_BOUND('',#2537,.T.);
#2537 = EDGE_LOOP('',(#2538,#2539,#2546,#2547));
#2538 = ORIENTED_EDGE('',*,*,#2516,.T.);
#2539 = ORIENTED_EDGE('',*,*,#2540,.T.);
#2540 = EDGE_CURVE('',#2508,#2500,#2541,.T.);
#2541 = CIRCLE('',#2542,0.701041402083);
#2542 = AXIS2_PLACEMENT_3D('',#2543,#2544,#2545);
#2543 = CARTESIAN_POINT('',(80.721361442723,-75.8191516383,
    1.600028244856));
#2544 = DIRECTION('',(0.,0.,1.));
#2545 = DIRECTION('',(-1.,-1.110223024625E-16,0.));
#2546 = ORIENTED_EDGE('',*,*,#2497,.F.);
#2547 = ORIENTED_EDGE('',*,*,#2548,.F.);
#2548 = EDGE_CURVE('',#2517,#2498,#2549,.T.);
#2549 = CIRCLE('',#2550,0.701041402083);
#2550 = AXIS2_PLACEMENT_3D('',#2551,#2552,#2553);
#2551 = CARTESIAN_POINT('',(80.721361442723,-75.8191516383,0.));
#2552 = DIRECTION('',(0.,0.,1.));
#2553 = DIRECTION('',(-1.,-1.110223024625E-16,0.));
#2554 = CYLINDRICAL_SURFACE('',#2555,0.701041402083);
#2555 = AXIS2_PLACEMENT_3D('',#2556,#2557,#2558);
#2556 = CARTESIAN_POINT('',(80.721361442723,-75.8191516383,0.));
#2557 = DIRECTION('',(-0.,-0.,-1.));
#2558 = DIRECTION('',(-1.,-1.110223024625E-16,0.));
#2559 = ADVANCED_FACE('',(#2560),#2596,.F.);
#2560 = FACE_BOUND('',#2561,.T.);
#2561 = EDGE_LOOP('',(#2562,#2572,#2581,#2589));
#2562 = ORIENTED_EDGE('',*,*,#2563,.T.);
#2563 = EDGE_CURVE('',#2564,#2566,#2568,.T.);
#2564 = VERTEX_POINT('',#2565);
#2565 = CARTESIAN_POINT('',(95.480187960376,-2.54000508001,0.));
#2566 = VERTEX_POINT('',#2567);
#2567 = CARTESIAN_POINT('',(95.480187960376,-2.54000508001,
    1.600028244856));
#2568 = LINE('',#2569,#2570);
#2569 = CARTESIAN_POINT('',(95.480187960376,-2.54000508001,0.));
#2570 = VECTOR('',#2571,1.);
#2571 = DIRECTION('',(0.,0.,1.));
#2572 = ORIENTED_EDGE('',*,*,#2573,.T.);
#2573 = EDGE_CURVE('',#2566,#2574,#2576,.T.);
#2574 = VERTEX_POINT('',#2575);
#2575 = CARTESIAN_POINT('',(92.480187960376,-2.54000508001,
    1.600028244856));
#2576 = CIRCLE('',#2577,1.5);
#2577 = AXIS2_PLACEMENT_3D('',#2578,#2579,#2580);
#2578 = CARTESIAN_POINT('',(93.980187960376,-2.54000508001,
    1.600028244856));
#2579 = DIRECTION('',(0.,0.,1.));
#2580 = DIRECTION('',(1.,1.110223024625E-16,-0.));
#2581 = ORIENTED_EDGE('',*,*,#2582,.F.);
#2582 = EDGE_CURVE('',#2583,#2574,#2585,.T.);
#2583 = VERTEX_POINT('',#2584);
#2584 = CARTESIAN_POINT('',(92.480187960376,-2.54000508001,0.));
#2585 = LINE('',#2586,#2587);
#2586 = CARTESIAN_POINT('',(92.480187960376,-2.54000508001,0.));
#2587 = VECTOR('',#2588,1.);
#2588 = DIRECTION('',(0.,0.,1.));
#2589 = ORIENTED_EDGE('',*,*,#2590,.F.);
#2590 = EDGE_CURVE('',#2564,#2583,#2591,.T.);
#2591 = CIRCLE('',#2592,1.5);
#2592 = AXIS2_PLACEMENT_3D('',#2593,#2594,#2595);
#2593 = CARTESIAN_POINT('',(93.980187960376,-2.54000508001,0.));
#2594 = DIRECTION('',(0.,0.,1.));
#2595 = DIRECTION('',(1.,1.110223024625E-16,-0.));
#2596 = CYLINDRICAL_SURFACE('',#2597,1.5);
#2597 = AXIS2_PLACEMENT_3D('',#2598,#2599,#2600);
#2598 = CARTESIAN_POINT('',(93.980187960376,-2.54000508001,0.));
#2599 = DIRECTION('',(-0.,-0.,-1.));
#2600 = DIRECTION('',(1.,1.110223024625E-16,-0.));
#2601 = ADVANCED_FACE('',(#2602),#2620,.F.);
#2602 = FACE_BOUND('',#2603,.T.);
#2603 = EDGE_LOOP('',(#2604,#2605,#2612,#2613));
#2604 = ORIENTED_EDGE('',*,*,#2582,.T.);
#2605 = ORIENTED_EDGE('',*,*,#2606,.T.);
#2606 = EDGE_CURVE('',#2574,#2566,#2607,.T.);
#2607 = CIRCLE('',#2608,1.5);
#2608 = AXIS2_PLACEMENT_3D('',#2609,#2610,#2611);
#2609 = CARTESIAN_POINT('',(93.980187960376,-2.54000508001,
    1.600028244856));
#2610 = DIRECTION('',(0.,0.,1.));
#2611 = DIRECTION('',(-1.,-1.110223024625E-16,0.));
#2612 = ORIENTED_EDGE('',*,*,#2563,.F.);
#2613 = ORIENTED_EDGE('',*,*,#2614,.F.);
#2614 = EDGE_CURVE('',#2583,#2564,#2615,.T.);
#2615 = CIRCLE('',#2616,1.5);
#2616 = AXIS2_PLACEMENT_3D('',#2617,#2618,#2619);
#2617 = CARTESIAN_POINT('',(93.980187960376,-2.54000508001,0.));
#2618 = DIRECTION('',(0.,0.,1.));
#2619 = DIRECTION('',(-1.,-1.110223024625E-16,0.));
#2620 = CYLINDRICAL_SURFACE('',#2621,1.5);
#2621 = AXIS2_PLACEMENT_3D('',#2622,#2623,#2624);
#2622 = CARTESIAN_POINT('',(93.980187960376,-2.54000508001,0.));
#2623 = DIRECTION('',(-0.,-0.,-1.));
#2624 = DIRECTION('',(-1.,-1.110223024625E-16,0.));
#2625 = ADVANCED_FACE('',(#2626),#2662,.F.);
#2626 = FACE_BOUND('',#2627,.T.);
#2627 = EDGE_LOOP('',(#2628,#2638,#2647,#2655));
#2628 = ORIENTED_EDGE('',*,*,#2629,.T.);
#2629 = EDGE_CURVE('',#2630,#2632,#2634,.T.);
#2630 = VERTEX_POINT('',#2631);
#2631 = CARTESIAN_POINT('',(95.480187960376,-81.28016256032,0.));
#2632 = VERTEX_POINT('',#2633);
#2633 = CARTESIAN_POINT('',(95.480187960376,-81.28016256032,
    1.600028244856));
#2634 = LINE('',#2635,#2636);
#2635 = CARTESIAN_POINT('',(95.480187960376,-81.28016256032,0.));
#2636 = VECTOR('',#2637,1.);
#2637 = DIRECTION('',(0.,0.,1.));
#2638 = ORIENTED_EDGE('',*,*,#2639,.T.);
#2639 = EDGE_CURVE('',#2632,#2640,#2642,.T.);
#2640 = VERTEX_POINT('',#2641);
#2641 = CARTESIAN_POINT('',(92.480187960376,-81.28016256032,
    1.600028244856));
#2642 = CIRCLE('',#2643,1.5);
#2643 = AXIS2_PLACEMENT_3D('',#2644,#2645,#2646);
#2644 = CARTESIAN_POINT('',(93.980187960376,-81.28016256032,
    1.600028244856));
#2645 = DIRECTION('',(0.,0.,1.));
#2646 = DIRECTION('',(1.,1.110223024625E-16,-0.));
#2647 = ORIENTED_EDGE('',*,*,#2648,.F.);
#2648 = EDGE_CURVE('',#2649,#2640,#2651,.T.);
#2649 = VERTEX_POINT('',#2650);
#2650 = CARTESIAN_POINT('',(92.480187960376,-81.28016256032,0.));
#2651 = LINE('',#2652,#2653);
#2652 = CARTESIAN_POINT('',(92.480187960376,-81.28016256032,0.));
#2653 = VECTOR('',#2654,1.);
#2654 = DIRECTION('',(0.,0.,1.));
#2655 = ORIENTED_EDGE('',*,*,#2656,.F.);
#2656 = EDGE_CURVE('',#2630,#2649,#2657,.T.);
#2657 = CIRCLE('',#2658,1.5);
#2658 = AXIS2_PLACEMENT_3D('',#2659,#2660,#2661);
#2659 = CARTESIAN_POINT('',(93.980187960376,-81.28016256032,0.));
#2660 = DIRECTION('',(0.,0.,1.));
#2661 = DIRECTION('',(1.,1.110223024625E-16,-0.));
#2662 = CYLINDRICAL_SURFACE('',#2663,1.5);
#2663 = AXIS2_PLACEMENT_3D('',#2664,#2665,#2666);
#2664 = CARTESIAN_POINT('',(93.980187960376,-81.28016256032,0.));
#2665 = DIRECTION('',(-0.,-0.,-1.));
#2666 = DIRECTION('',(1.,1.110223024625E-16,-0.));
#2667 = ADVANCED_FACE('',(#2668),#2686,.F.);
#2668 = FACE_BOUND('',#2669,.T.);
#2669 = EDGE_LOOP('',(#2670,#2671,#2678,#2679));
#2670 = ORIENTED_EDGE('',*,*,#2648,.T.);
#2671 = ORIENTED_EDGE('',*,*,#2672,.T.);
#2672 = EDGE_CURVE('',#2640,#2632,#2673,.T.);
#2673 = CIRCLE('',#2674,1.5);
#2674 = AXIS2_PLACEMENT_3D('',#2675,#2676,#2677);
#2675 = CARTESIAN_POINT('',(93.980187960376,-81.28016256032,
    1.600028244856));
#2676 = DIRECTION('',(0.,0.,1.));
#2677 = DIRECTION('',(-1.,-1.110223024625E-16,0.));
#2678 = ORIENTED_EDGE('',*,*,#2629,.F.);
#2679 = ORIENTED_EDGE('',*,*,#2680,.F.);
#2680 = EDGE_CURVE('',#2649,#2630,#2681,.T.);
#2681 = CIRCLE('',#2682,1.5);
#2682 = AXIS2_PLACEMENT_3D('',#2683,#2684,#2685);
#2683 = CARTESIAN_POINT('',(93.980187960376,-81.28016256032,0.));
#2684 = DIRECTION('',(0.,0.,1.));
#2685 = DIRECTION('',(-1.,-1.110223024625E-16,0.));
#2686 = CYLINDRICAL_SURFACE('',#2687,1.5);
#2687 = AXIS2_PLACEMENT_3D('',#2688,#2689,#2690);
#2688 = CARTESIAN_POINT('',(93.980187960376,-81.28016256032,0.));
#2689 = DIRECTION('',(-0.,-0.,-1.));
#2690 = DIRECTION('',(-1.,-1.110223024625E-16,0.));
#2691 = ADVANCED_FACE('',(#2692,#2698,#2702,#2706,#2710,#2714,#2718,
    #2722,#2726,#2730,#2734,#2738,#2742,#2746,#2750,#2754,#2758,#2772,
    #2776,#2780,#2784,#2788,#2792,#2796,#2800,#2804,#2808,#2812,#2816,
    #2820,#2824,#2828,#2832,#2836),#2840,.T.);
#2692 = FACE_BOUND('',#2693,.T.);
#2693 = EDGE_LOOP('',(#2694,#2695,#2696,#2697));
#2694 = ORIENTED_EDGE('',*,*,#105,.T.);
#2695 = ORIENTED_EDGE('',*,*,#136,.T.);
#2696 = ORIENTED_EDGE('',*,*,#167,.T.);
#2697 = ORIENTED_EDGE('',*,*,#189,.T.);
#2698 = FACE_BOUND('',#2699,.T.);
#2699 = EDGE_LOOP('',(#2700,#2701));
#2700 = ORIENTED_EDGE('',*,*,#230,.T.);
#2701 = ORIENTED_EDGE('',*,*,#254,.T.);
#2702 = FACE_BOUND('',#2703,.T.);
#2703 = EDGE_LOOP('',(#2704,#2705));
#2704 = ORIENTED_EDGE('',*,*,#296,.T.);
#2705 = ORIENTED_EDGE('',*,*,#320,.T.);
#2706 = FACE_BOUND('',#2707,.T.);
#2707 = EDGE_LOOP('',(#2708,#2709));
#2708 = ORIENTED_EDGE('',*,*,#362,.T.);
#2709 = ORIENTED_EDGE('',*,*,#386,.T.);
#2710 = FACE_BOUND('',#2711,.T.);
#2711 = EDGE_LOOP('',(#2712,#2713));
#2712 = ORIENTED_EDGE('',*,*,#428,.T.);
#2713 = ORIENTED_EDGE('',*,*,#452,.T.);
#2714 = FACE_BOUND('',#2715,.T.);
#2715 = EDGE_LOOP('',(#2716,#2717));
#2716 = ORIENTED_EDGE('',*,*,#494,.T.);
#2717 = ORIENTED_EDGE('',*,*,#518,.T.);
#2718 = FACE_BOUND('',#2719,.T.);
#2719 = EDGE_LOOP('',(#2720,#2721));
#2720 = ORIENTED_EDGE('',*,*,#560,.T.);
#2721 = ORIENTED_EDGE('',*,*,#584,.T.);
#2722 = FACE_BOUND('',#2723,.T.);
#2723 = EDGE_LOOP('',(#2724,#2725));
#2724 = ORIENTED_EDGE('',*,*,#626,.T.);
#2725 = ORIENTED_EDGE('',*,*,#650,.T.);
#2726 = FACE_BOUND('',#2727,.T.);
#2727 = EDGE_LOOP('',(#2728,#2729));
#2728 = ORIENTED_EDGE('',*,*,#692,.T.);
#2729 = ORIENTED_EDGE('',*,*,#716,.T.);
#2730 = FACE_BOUND('',#2731,.T.);
#2731 = EDGE_LOOP('',(#2732,#2733));
#2732 = ORIENTED_EDGE('',*,*,#758,.T.);
#2733 = ORIENTED_EDGE('',*,*,#782,.T.);
#2734 = FACE_BOUND('',#2735,.T.);
#2735 = EDGE_LOOP('',(#2736,#2737));
#2736 = ORIENTED_EDGE('',*,*,#824,.T.);
#2737 = ORIENTED_EDGE('',*,*,#848,.T.);
#2738 = FACE_BOUND('',#2739,.T.);
#2739 = EDGE_LOOP('',(#2740,#2741));
#2740 = ORIENTED_EDGE('',*,*,#890,.T.);
#2741 = ORIENTED_EDGE('',*,*,#914,.T.);
#2742 = FACE_BOUND('',#2743,.T.);
#2743 = EDGE_LOOP('',(#2744,#2745));
#2744 = ORIENTED_EDGE('',*,*,#956,.T.);
#2745 = ORIENTED_EDGE('',*,*,#980,.T.);
#2746 = FACE_BOUND('',#2747,.T.);
#2747 = EDGE_LOOP('',(#2748,#2749));
#2748 = ORIENTED_EDGE('',*,*,#1022,.T.);
#2749 = ORIENTED_EDGE('',*,*,#1046,.T.);
#2750 = FACE_BOUND('',#2751,.T.);
#2751 = EDGE_LOOP('',(#2752,#2753));
#2752 = ORIENTED_EDGE('',*,*,#1088,.T.);
#2753 = ORIENTED_EDGE('',*,*,#1112,.T.);
#2754 = FACE_BOUND('',#2755,.T.);
#2755 = EDGE_LOOP('',(#2756,#2757));
#2756 = ORIENTED_EDGE('',*,*,#1154,.T.);
#2757 = ORIENTED_EDGE('',*,*,#1178,.T.);
#2758 = FACE_BOUND('',#2759,.T.);
#2759 = EDGE_LOOP('',(#2760,#2761,#2762,#2763,#2764,#2765,#2766,#2767,
    #2768,#2769,#2770,#2771));
#2760 = ORIENTED_EDGE('',*,*,#1219,.T.);
#2761 = ORIENTED_EDGE('',*,*,#1250,.T.);
#2762 = ORIENTED_EDGE('',*,*,#1281,.T.);
#2763 = ORIENTED_EDGE('',*,*,#1312,.T.);
#2764 = ORIENTED_EDGE('',*,*,#1343,.T.);
#2765 = ORIENTED_EDGE('',*,*,#1375,.T.);
#2766 = ORIENTED_EDGE('',*,*,#1407,.T.);
#2767 = ORIENTED_EDGE('',*,*,#1439,.T.);
#2768 = ORIENTED_EDGE('',*,*,#1471,.T.);
#2769 = ORIENTED_EDGE('',*,*,#1503,.T.);
#2770 = ORIENTED_EDGE('',*,*,#1535,.T.);
#2771 = ORIENTED_EDGE('',*,*,#1558,.T.);
#2772 = FACE_BOUND('',#2773,.T.);
#2773 = EDGE_LOOP('',(#2774,#2775));
#2774 = ORIENTED_EDGE('',*,*,#1600,.T.);
#2775 = ORIENTED_EDGE('',*,*,#1624,.T.);
#2776 = FACE_BOUND('',#2777,.T.);
#2777 = EDGE_LOOP('',(#2778,#2779));
#2778 = ORIENTED_EDGE('',*,*,#1666,.T.);
#2779 = ORIENTED_EDGE('',*,*,#1690,.T.);
#2780 = FACE_BOUND('',#2781,.T.);
#2781 = EDGE_LOOP('',(#2782,#2783));
#2782 = ORIENTED_EDGE('',*,*,#1732,.T.);
#2783 = ORIENTED_EDGE('',*,*,#1756,.T.);
#2784 = FACE_BOUND('',#2785,.T.);
#2785 = EDGE_LOOP('',(#2786,#2787));
#2786 = ORIENTED_EDGE('',*,*,#1798,.T.);
#2787 = ORIENTED_EDGE('',*,*,#1822,.T.);
#2788 = FACE_BOUND('',#2789,.T.);
#2789 = EDGE_LOOP('',(#2790,#2791));
#2790 = ORIENTED_EDGE('',*,*,#1864,.T.);
#2791 = ORIENTED_EDGE('',*,*,#1888,.T.);
#2792 = FACE_BOUND('',#2793,.T.);
#2793 = EDGE_LOOP('',(#2794,#2795));
#2794 = ORIENTED_EDGE('',*,*,#1930,.T.);
#2795 = ORIENTED_EDGE('',*,*,#1954,.T.);
#2796 = FACE_BOUND('',#2797,.T.);
#2797 = EDGE_LOOP('',(#2798,#2799));
#2798 = ORIENTED_EDGE('',*,*,#1996,.T.);
#2799 = ORIENTED_EDGE('',*,*,#2020,.T.);
#2800 = FACE_BOUND('',#2801,.T.);
#2801 = EDGE_LOOP('',(#2802,#2803));
#2802 = ORIENTED_EDGE('',*,*,#2062,.T.);
#2803 = ORIENTED_EDGE('',*,*,#2086,.T.);
#2804 = FACE_BOUND('',#2805,.T.);
#2805 = EDGE_LOOP('',(#2806,#2807));
#2806 = ORIENTED_EDGE('',*,*,#2128,.T.);
#2807 = ORIENTED_EDGE('',*,*,#2152,.T.);
#2808 = FACE_BOUND('',#2809,.T.);
#2809 = EDGE_LOOP('',(#2810,#2811));
#2810 = ORIENTED_EDGE('',*,*,#2194,.T.);
#2811 = ORIENTED_EDGE('',*,*,#2218,.T.);
#2812 = FACE_BOUND('',#2813,.T.);
#2813 = EDGE_LOOP('',(#2814,#2815));
#2814 = ORIENTED_EDGE('',*,*,#2260,.T.);
#2815 = ORIENTED_EDGE('',*,*,#2284,.T.);
#2816 = FACE_BOUND('',#2817,.T.);
#2817 = EDGE_LOOP('',(#2818,#2819));
#2818 = ORIENTED_EDGE('',*,*,#2326,.T.);
#2819 = ORIENTED_EDGE('',*,*,#2350,.T.);
#2820 = FACE_BOUND('',#2821,.T.);
#2821 = EDGE_LOOP('',(#2822,#2823));
#2822 = ORIENTED_EDGE('',*,*,#2392,.T.);
#2823 = ORIENTED_EDGE('',*,*,#2416,.T.);
#2824 = FACE_BOUND('',#2825,.T.);
#2825 = EDGE_LOOP('',(#2826,#2827));
#2826 = ORIENTED_EDGE('',*,*,#2458,.T.);
#2827 = ORIENTED_EDGE('',*,*,#2482,.T.);
#2828 = FACE_BOUND('',#2829,.T.);
#2829 = EDGE_LOOP('',(#2830,#2831));
#2830 = ORIENTED_EDGE('',*,*,#2524,.T.);
#2831 = ORIENTED_EDGE('',*,*,#2548,.T.);
#2832 = FACE_BOUND('',#2833,.T.);
#2833 = EDGE_LOOP('',(#2834,#2835));
#2834 = ORIENTED_EDGE('',*,*,#2590,.T.);
#2835 = ORIENTED_EDGE('',*,*,#2614,.T.);
#2836 = FACE_BOUND('',#2837,.T.);
#2837 = EDGE_LOOP('',(#2838,#2839));
#2838 = ORIENTED_EDGE('',*,*,#2656,.T.);
#2839 = ORIENTED_EDGE('',*,*,#2680,.T.);
#2840 = PLANE('',#2841);
#2841 = AXIS2_PLACEMENT_3D('',#2842,#2843,#2844);
#2842 = CARTESIAN_POINT('',(48.340589887913,-41.94185473344,0.));
#2843 = DIRECTION('',(-0.,-0.,-1.));
#2844 = DIRECTION('',(-1.,0.,0.));
#2845 = ADVANCED_FACE('',(#2846,#2852,#2856,#2860,#2864,#2868,#2872,
    #2876,#2880,#2884,#2888,#2892,#2896,#2900,#2904,#2908,#2912,#2926,
    #2930,#2934,#2938,#2942,#2946,#2950,#2954,#2958,#2962,#2966,#2970,
    #2974,#2978,#2982,#2986,#2990),#2994,.F.);
#2846 = FACE_BOUND('',#2847,.F.);
#2847 = EDGE_LOOP('',(#2848,#2849,#2850,#2851));
#2848 = ORIENTED_EDGE('',*,*,#89,.T.);
#2849 = ORIENTED_EDGE('',*,*,#120,.T.);
#2850 = ORIENTED_EDGE('',*,*,#151,.T.);
#2851 = ORIENTED_EDGE('',*,*,#182,.T.);
#2852 = FACE_BOUND('',#2853,.F.);
#2853 = EDGE_LOOP('',(#2854,#2855));
#2854 = ORIENTED_EDGE('',*,*,#213,.T.);
#2855 = ORIENTED_EDGE('',*,*,#246,.T.);
#2856 = FACE_BOUND('',#2857,.F.);
#2857 = EDGE_LOOP('',(#2858,#2859));
#2858 = ORIENTED_EDGE('',*,*,#279,.T.);
#2859 = ORIENTED_EDGE('',*,*,#312,.T.);
#2860 = FACE_BOUND('',#2861,.F.);
#2861 = EDGE_LOOP('',(#2862,#2863));
#2862 = ORIENTED_EDGE('',*,*,#345,.T.);
#2863 = ORIENTED_EDGE('',*,*,#378,.T.);
#2864 = FACE_BOUND('',#2865,.F.);
#2865 = EDGE_LOOP('',(#2866,#2867));
#2866 = ORIENTED_EDGE('',*,*,#411,.T.);
#2867 = ORIENTED_EDGE('',*,*,#444,.T.);
#2868 = FACE_BOUND('',#2869,.F.);
#2869 = EDGE_LOOP('',(#2870,#2871));
#2870 = ORIENTED_EDGE('',*,*,#477,.T.);
#2871 = ORIENTED_EDGE('',*,*,#510,.T.);
#2872 = FACE_BOUND('',#2873,.F.);
#2873 = EDGE_LOOP('',(#2874,#2875));
#2874 = ORIENTED_EDGE('',*,*,#543,.T.);
#2875 = ORIENTED_EDGE('',*,*,#576,.T.);
#2876 = FACE_BOUND('',#2877,.F.);
#2877 = EDGE_LOOP('',(#2878,#2879));
#2878 = ORIENTED_EDGE('',*,*,#609,.T.);
#2879 = ORIENTED_EDGE('',*,*,#642,.T.);
#2880 = FACE_BOUND('',#2881,.F.);
#2881 = EDGE_LOOP('',(#2882,#2883));
#2882 = ORIENTED_EDGE('',*,*,#675,.T.);
#2883 = ORIENTED_EDGE('',*,*,#708,.T.);
#2884 = FACE_BOUND('',#2885,.F.);
#2885 = EDGE_LOOP('',(#2886,#2887));
#2886 = ORIENTED_EDGE('',*,*,#741,.T.);
#2887 = ORIENTED_EDGE('',*,*,#774,.T.);
#2888 = FACE_BOUND('',#2889,.F.);
#2889 = EDGE_LOOP('',(#2890,#2891));
#2890 = ORIENTED_EDGE('',*,*,#807,.T.);
#2891 = ORIENTED_EDGE('',*,*,#840,.T.);
#2892 = FACE_BOUND('',#2893,.F.);
#2893 = EDGE_LOOP('',(#2894,#2895));
#2894 = ORIENTED_EDGE('',*,*,#873,.T.);
#2895 = ORIENTED_EDGE('',*,*,#906,.T.);
#2896 = FACE_BOUND('',#2897,.F.);
#2897 = EDGE_LOOP('',(#2898,#2899));
#2898 = ORIENTED_EDGE('',*,*,#939,.T.);
#2899 = ORIENTED_EDGE('',*,*,#972,.T.);
#2900 = FACE_BOUND('',#2901,.F.);
#2901 = EDGE_LOOP('',(#2902,#2903));
#2902 = ORIENTED_EDGE('',*,*,#1005,.T.);
#2903 = ORIENTED_EDGE('',*,*,#1038,.T.);
#2904 = FACE_BOUND('',#2905,.F.);
#2905 = EDGE_LOOP('',(#2906,#2907));
#2906 = ORIENTED_EDGE('',*,*,#1071,.T.);
#2907 = ORIENTED_EDGE('',*,*,#1104,.T.);
#2908 = FACE_BOUND('',#2909,.F.);
#2909 = EDGE_LOOP('',(#2910,#2911));
#2910 = ORIENTED_EDGE('',*,*,#1137,.T.);
#2911 = ORIENTED_EDGE('',*,*,#1170,.T.);
#2912 = FACE_BOUND('',#2913,.F.);
#2913 = EDGE_LOOP('',(#2914,#2915,#2916,#2917,#2918,#2919,#2920,#2921,
    #2922,#2923,#2924,#2925));
#2914 = ORIENTED_EDGE('',*,*,#1203,.T.);
#2915 = ORIENTED_EDGE('',*,*,#1234,.T.);
#2916 = ORIENTED_EDGE('',*,*,#1265,.T.);
#2917 = ORIENTED_EDGE('',*,*,#1296,.T.);
#2918 = ORIENTED_EDGE('',*,*,#1327,.T.);
#2919 = ORIENTED_EDGE('',*,*,#1358,.T.);
#2920 = ORIENTED_EDGE('',*,*,#1391,.T.);
#2921 = ORIENTED_EDGE('',*,*,#1422,.T.);
#2922 = ORIENTED_EDGE('',*,*,#1455,.T.);
#2923 = ORIENTED_EDGE('',*,*,#1486,.T.);
#2924 = ORIENTED_EDGE('',*,*,#1519,.T.);
#2925 = ORIENTED_EDGE('',*,*,#1550,.T.);
#2926 = FACE_BOUND('',#2927,.F.);
#2927 = EDGE_LOOP('',(#2928,#2929));
#2928 = ORIENTED_EDGE('',*,*,#1583,.T.);
#2929 = ORIENTED_EDGE('',*,*,#1616,.T.);
#2930 = FACE_BOUND('',#2931,.F.);
#2931 = EDGE_LOOP('',(#2932,#2933));
#2932 = ORIENTED_EDGE('',*,*,#1649,.T.);
#2933 = ORIENTED_EDGE('',*,*,#1682,.T.);
#2934 = FACE_BOUND('',#2935,.F.);
#2935 = EDGE_LOOP('',(#2936,#2937));
#2936 = ORIENTED_EDGE('',*,*,#1715,.T.);
#2937 = ORIENTED_EDGE('',*,*,#1748,.T.);
#2938 = FACE_BOUND('',#2939,.F.);
#2939 = EDGE_LOOP('',(#2940,#2941));
#2940 = ORIENTED_EDGE('',*,*,#1781,.T.);
#2941 = ORIENTED_EDGE('',*,*,#1814,.T.);
#2942 = FACE_BOUND('',#2943,.F.);
#2943 = EDGE_LOOP('',(#2944,#2945));
#2944 = ORIENTED_EDGE('',*,*,#1847,.T.);
#2945 = ORIENTED_EDGE('',*,*,#1880,.T.);
#2946 = FACE_BOUND('',#2947,.F.);
#2947 = EDGE_LOOP('',(#2948,#2949));
#2948 = ORIENTED_EDGE('',*,*,#1913,.T.);
#2949 = ORIENTED_EDGE('',*,*,#1946,.T.);
#2950 = FACE_BOUND('',#2951,.F.);
#2951 = EDGE_LOOP('',(#2952,#2953));
#2952 = ORIENTED_EDGE('',*,*,#1979,.T.);
#2953 = ORIENTED_EDGE('',*,*,#2012,.T.);
#2954 = FACE_BOUND('',#2955,.F.);
#2955 = EDGE_LOOP('',(#2956,#2957));
#2956 = ORIENTED_EDGE('',*,*,#2045,.T.);
#2957 = ORIENTED_EDGE('',*,*,#2078,.T.);
#2958 = FACE_BOUND('',#2959,.F.);
#2959 = EDGE_LOOP('',(#2960,#2961));
#2960 = ORIENTED_EDGE('',*,*,#2111,.T.);
#2961 = ORIENTED_EDGE('',*,*,#2144,.T.);
#2962 = FACE_BOUND('',#2963,.F.);
#2963 = EDGE_LOOP('',(#2964,#2965));
#2964 = ORIENTED_EDGE('',*,*,#2177,.T.);
#2965 = ORIENTED_EDGE('',*,*,#2210,.T.);
#2966 = FACE_BOUND('',#2967,.F.);
#2967 = EDGE_LOOP('',(#2968,#2969));
#2968 = ORIENTED_EDGE('',*,*,#2243,.T.);
#2969 = ORIENTED_EDGE('',*,*,#2276,.T.);
#2970 = FACE_BOUND('',#2971,.F.);
#2971 = EDGE_LOOP('',(#2972,#2973));
#2972 = ORIENTED_EDGE('',*,*,#2309,.T.);
#2973 = ORIENTED_EDGE('',*,*,#2342,.T.);
#2974 = FACE_BOUND('',#2975,.F.);
#2975 = EDGE_LOOP('',(#2976,#2977));
#2976 = ORIENTED_EDGE('',*,*,#2375,.T.);
#2977 = ORIENTED_EDGE('',*,*,#2408,.T.);
#2978 = FACE_BOUND('',#2979,.F.);
#2979 = EDGE_LOOP('',(#2980,#2981));
#2980 = ORIENTED_EDGE('',*,*,#2441,.T.);
#2981 = ORIENTED_EDGE('',*,*,#2474,.T.);
#2982 = FACE_BOUND('',#2983,.F.);
#2983 = EDGE_LOOP('',(#2984,#2985));
#2984 = ORIENTED_EDGE('',*,*,#2507,.T.);
#2985 = ORIENTED_EDGE('',*,*,#2540,.T.);
#2986 = FACE_BOUND('',#2987,.F.);
#2987 = EDGE_LOOP('',(#2988,#2989));
#2988 = ORIENTED_EDGE('',*,*,#2573,.T.);
#2989 = ORIENTED_EDGE('',*,*,#2606,.T.);
#2990 = FACE_BOUND('',#2991,.F.);
#2991 = EDGE_LOOP('',(#2992,#2993));
#2992 = ORIENTED_EDGE('',*,*,#2639,.T.);
#2993 = ORIENTED_EDGE('',*,*,#2672,.T.);
#2994 = PLANE('',#2995);
#2995 = AXIS2_PLACEMENT_3D('',#2996,#2997,#2998);
#2996 = CARTESIAN_POINT('',(48.340589887913,-41.94185473344,
    1.600028244856));
#2997 = DIRECTION('',(-0.,-0.,-1.));
#2998 = DIRECTION('',(-1.,0.,0.));
#2999 = MANIFOLD_SOLID_BREP('',#3000);
#3000 = CLOSED_SHELL('',(#3001,#3041,#3072,#3105,#3136,#3167,#3198,#3229
    ,#3260,#3293,#3315,#3357,#3381,#3423,#3447,#3489,#3513,#3555,#3579,
    #3621,#3645,#3687,#3711,#3753,#3777,#3819,#3843,#3885,#3909,#3951,
    #3975,#4017,#4041,#4083,#4107,#4149,#4173,#4215,#4239,#4281,#4305,
    #4347,#4371,#4413,#4437,#4479,#4503,#4545,#4569,#4611,#4635,#4677,
    #4701,#4743,#4767,#4809,#4833,#4875,#4899,#4941,#4965,#5007,#5031,
    #5073,#5097,#5139,#5163,#5205,#5229,#5271,#5295,#5337,#5361,#5403,
    #5427,#5469,#5493,#5535,#5559,#5601,#5625,#5667,#5691,#5733,#5757,
    #5799,#5823,#5865,#5889,#5931,#5955,#5997,#6021,#6063,#6087,#6129,
    #6153,#6195,#6219,#6261,#6285,#6327,#6351,#6393,#6417,#6459,#6483,
    #6525,#6549,#6591,#6615,#6657,#6681,#6723,#6747,#6789,#6813,#6855,
    #6879,#6921,#6945,#6987,#7011,#7053,#7077,#7119,#7143,#7185,#7209,
    #7251,#7275,#7317,#7341,#7383,#7407,#7449,#7473,#7515,#7539,#7581,
    #7605,#7647,#7671,#7713,#7737,#7779,#7803,#7845,#7869,#7911,#7935,
    #7977,#8001,#8043,#8067,#8109,#8133,#8175,#8199,#8241,#8265,#8307,
    #8331,#8373,#8397,#8439,#8463,#8505,#8529,#8863));
#3001 = ADVANCED_FACE('',(#3002),#3036,.T.);
#3002 = FACE_BOUND('',#3003,.T.);
#3003 = EDGE_LOOP('',(#3004,#3014,#3022,#3030));
#3004 = ORIENTED_EDGE('',*,*,#3005,.T.);
#3005 = EDGE_CURVE('',#3006,#3008,#3010,.T.);
#3006 = VERTEX_POINT('',#3007);
#3007 = CARTESIAN_POINT('',(15.252730505461,-8.013716027432,0.));
#3008 = VERTEX_POINT('',#3009);
#3009 = CARTESIAN_POINT('',(15.252730505461,-8.013716027432,
    1.600028244856));
#3010 = LINE('',#3011,#3012);
#3011 = CARTESIAN_POINT('',(15.252730505461,-8.013716027432,0.));
#3012 = VECTOR('',#3013,1.);
#3013 = DIRECTION('',(0.,0.,1.));
#3014 = ORIENTED_EDGE('',*,*,#3015,.T.);
#3015 = EDGE_CURVE('',#3008,#3016,#3018,.T.);
#3016 = VERTEX_POINT('',#3017);
#3017 = CARTESIAN_POINT('',(86.347472694945,-8.013716027432,
    1.600028244856));
#3018 = LINE('',#3019,#3020);
#3019 = CARTESIAN_POINT('',(15.252730505461,-8.013716027432,
    1.600028244856));
#3020 = VECTOR('',#3021,1.);
#3021 = DIRECTION('',(1.,0.,0.));
#3022 = ORIENTED_EDGE('',*,*,#3023,.F.);
#3023 = EDGE_CURVE('',#3024,#3016,#3026,.T.);
#3024 = VERTEX_POINT('',#3025);
#3025 = CARTESIAN_POINT('',(86.347472694945,-8.013716027432,0.));
#3026 = LINE('',#3027,#3028);
#3027 = CARTESIAN_POINT('',(86.347472694945,-8.013716027432,0.));
#3028 = VECTOR('',#3029,1.);
#3029 = DIRECTION('',(0.,0.,1.));
#3030 = ORIENTED_EDGE('',*,*,#3031,.F.);
#3031 = EDGE_CURVE('',#3006,#3024,#3032,.T.);
#3032 = LINE('',#3033,#3034);
#3033 = CARTESIAN_POINT('',(15.252730505461,-8.013716027432,0.));
#3034 = VECTOR('',#3035,1.);
#3035 = DIRECTION('',(1.,0.,0.));
#3036 = PLANE('',#3037);
#3037 = AXIS2_PLACEMENT_3D('',#3038,#3039,#3040);
#3038 = CARTESIAN_POINT('',(15.252730505461,-8.013716027432,0.));
#3039 = DIRECTION('',(0.,1.,0.));
#3040 = DIRECTION('',(1.,0.,0.));
#3041 = ADVANCED_FACE('',(#3042),#3067,.T.);
#3042 = FACE_BOUND('',#3043,.T.);
#3043 = EDGE_LOOP('',(#3044,#3045,#3053,#3061));
#3044 = ORIENTED_EDGE('',*,*,#3023,.T.);
#3045 = ORIENTED_EDGE('',*,*,#3046,.T.);
#3046 = EDGE_CURVE('',#3016,#3047,#3049,.T.);
#3047 = VERTEX_POINT('',#3048);
#3048 = CARTESIAN_POINT('',(86.347472694945,-60.07112014224,
    1.600028244856));
#3049 = LINE('',#3050,#3051);
#3050 = CARTESIAN_POINT('',(86.347472694945,-8.013716027432,
    1.600028244856));
#3051 = VECTOR('',#3052,1.);
#3052 = DIRECTION('',(0.,-1.,0.));
#3053 = ORIENTED_EDGE('',*,*,#3054,.F.);
#3054 = EDGE_CURVE('',#3055,#3047,#3057,.T.);
#3055 = VERTEX_POINT('',#3056);
#3056 = CARTESIAN_POINT('',(86.347472694945,-60.07112014224,0.));
#3057 = LINE('',#3058,#3059);
#3058 = CARTESIAN_POINT('',(86.347472694945,-60.07112014224,0.));
#3059 = VECTOR('',#3060,1.);
#3060 = DIRECTION('',(0.,0.,1.));
#3061 = ORIENTED_EDGE('',*,*,#3062,.F.);
#3062 = EDGE_CURVE('',#3024,#3055,#3063,.T.);
#3063 = LINE('',#3064,#3065);
#3064 = CARTESIAN_POINT('',(86.347472694945,-8.013716027432,0.));
#3065 = VECTOR('',#3066,1.);
#3066 = DIRECTION('',(0.,-1.,0.));
#3067 = PLANE('',#3068);
#3068 = AXIS2_PLACEMENT_3D('',#3069,#3070,#3071);
#3069 = CARTESIAN_POINT('',(86.347472694945,-8.013716027432,0.));
#3070 = DIRECTION('',(1.,0.,-0.));
#3071 = DIRECTION('',(0.,-1.,0.));
#3072 = ADVANCED_FACE('',(#3073),#3100,.T.);
#3073 = FACE_BOUND('',#3074,.T.);
#3074 = EDGE_LOOP('',(#3075,#3076,#3085,#3093));
#3075 = ORIENTED_EDGE('',*,*,#3054,.T.);
#3076 = ORIENTED_EDGE('',*,*,#3077,.T.);
#3077 = EDGE_CURVE('',#3047,#3078,#3080,.T.);
#3078 = VERTEX_POINT('',#3079);
#3079 = CARTESIAN_POINT('',(83.820167640335,-62.59842519685,
    1.600028244856));
#3080 = CIRCLE('',#3081,2.52730505461);
#3081 = AXIS2_PLACEMENT_3D('',#3082,#3083,#3084);
#3082 = CARTESIAN_POINT('',(83.820167640335,-60.07112014224,
    1.600028244856));
#3083 = DIRECTION('',(0.,0.,-1.));
#3084 = DIRECTION('',(1.,-1.24250331856E-16,0.));
#3085 = ORIENTED_EDGE('',*,*,#3086,.F.);
#3086 = EDGE_CURVE('',#3087,#3078,#3089,.T.);
#3087 = VERTEX_POINT('',#3088);
#3088 = CARTESIAN_POINT('',(83.820167640335,-62.59842519685,0.));
#3089 = LINE('',#3090,#3091);
#3090 = CARTESIAN_POINT('',(83.820167640335,-62.59842519685,0.));
#3091 = VECTOR('',#3092,1.);
#3092 = DIRECTION('',(0.,0.,1.));
#3093 = ORIENTED_EDGE('',*,*,#3094,.F.);
#3094 = EDGE_CURVE('',#3055,#3087,#3095,.T.);
#3095 = CIRCLE('',#3096,2.52730505461);
#3096 = AXIS2_PLACEMENT_3D('',#3097,#3098,#3099);
#3097 = CARTESIAN_POINT('',(83.820167640335,-60.07112014224,0.));
#3098 = DIRECTION('',(0.,0.,-1.));
#3099 = DIRECTION('',(1.,-1.24250331856E-16,0.));
#3100 = CYLINDRICAL_SURFACE('',#3101,2.52730505461);
#3101 = AXIS2_PLACEMENT_3D('',#3102,#3103,#3104);
#3102 = CARTESIAN_POINT('',(83.820167640335,-60.07112014224,0.));
#3103 = DIRECTION('',(0.,0.,-1.));
#3104 = DIRECTION('',(1.,-1.24250331856E-16,0.));
#3105 = ADVANCED_FACE('',(#3106),#3131,.T.);
#3106 = FACE_BOUND('',#3107,.T.);
#3107 = EDGE_LOOP('',(#3108,#3109,#3117,#3125));
#3108 = ORIENTED_EDGE('',*,*,#3086,.T.);
#3109 = ORIENTED_EDGE('',*,*,#3110,.T.);
#3110 = EDGE_CURVE('',#3078,#3111,#3113,.T.);
#3111 = VERTEX_POINT('',#3112);
#3112 = CARTESIAN_POINT('',(63.500127000254,-62.59842519685,
    1.600028244856));
#3113 = LINE('',#3114,#3115);
#3114 = CARTESIAN_POINT('',(83.820167640335,-62.59842519685,
    1.600028244856));
#3115 = VECTOR('',#3116,1.);
#3116 = DIRECTION('',(-1.,0.,0.));
#3117 = ORIENTED_EDGE('',*,*,#3118,.F.);
#3118 = EDGE_CURVE('',#3119,#3111,#3121,.T.);
#3119 = VERTEX_POINT('',#3120);
#3120 = CARTESIAN_POINT('',(63.500127000254,-62.59842519685,0.));
#3121 = LINE('',#3122,#3123);
#3122 = CARTESIAN_POINT('',(63.500127000254,-62.59842519685,0.));
#3123 = VECTOR('',#3124,1.);
#3124 = DIRECTION('',(0.,0.,1.));
#3125 = ORIENTED_EDGE('',*,*,#3126,.F.);
#3126 = EDGE_CURVE('',#3087,#3119,#3127,.T.);
#3127 = LINE('',#3128,#3129);
#3128 = CARTESIAN_POINT('',(83.820167640335,-62.59842519685,0.));
#3129 = VECTOR('',#3130,1.);
#3130 = DIRECTION('',(-1.,0.,0.));
#3131 = PLANE('',#3132);
#3132 = AXIS2_PLACEMENT_3D('',#3133,#3134,#3135);
#3133 = CARTESIAN_POINT('',(83.820167640335,-62.59842519685,0.));
#3134 = DIRECTION('',(0.,-1.,0.));
#3135 = DIRECTION('',(-1.,0.,0.));
#3136 = ADVANCED_FACE('',(#3137),#3162,.T.);
#3137 = FACE_BOUND('',#3138,.T.);
#3138 = EDGE_LOOP('',(#3139,#3140,#3148,#3156));
#3139 = ORIENTED_EDGE('',*,*,#3118,.T.);
#3140 = ORIENTED_EDGE('',*,*,#3141,.T.);
#3141 = EDGE_CURVE('',#3111,#3142,#3144,.T.);
#3142 = VERTEX_POINT('',#3143);
#3143 = CARTESIAN_POINT('',(60.954861397481,-65.13843027686,
    1.600028244856));
#3144 = LINE('',#3145,#3146);
#3145 = CARTESIAN_POINT('',(63.500127000254,-62.59842519685,
    1.600028244856));
#3146 = VECTOR('',#3147,1.);
#3147 = DIRECTION('',(-0.707837878033,-0.706374927657,0.));
#3148 = ORIENTED_EDGE('',*,*,#3149,.F.);
#3149 = EDGE_CURVE('',#3150,#3142,#3152,.T.);
#3150 = VERTEX_POINT('',#3151);
#3151 = CARTESIAN_POINT('',(60.954861397481,-65.13843027686,0.));
#3152 = LINE('',#3153,#3154);
#3153 = CARTESIAN_POINT('',(60.954861397481,-65.13843027686,0.));
#3154 = VECTOR('',#3155,1.);
#3155 = DIRECTION('',(0.,0.,1.));
#3156 = ORIENTED_EDGE('',*,*,#3157,.F.);
#3157 = EDGE_CURVE('',#3119,#3150,#3158,.T.);
#3158 = LINE('',#3159,#3160);
#3159 = CARTESIAN_POINT('',(63.500127000254,-62.59842519685,0.));
#3160 = VECTOR('',#3161,1.);
#3161 = DIRECTION('',(-0.707837878033,-0.706374927657,0.));
#3162 = PLANE('',#3163);
#3163 = AXIS2_PLACEMENT_3D('',#3164,#3165,#3166);
#3164 = CARTESIAN_POINT('',(63.500127000254,-62.59842519685,0.));
#3165 = DIRECTION('',(0.706374927657,-0.707837878033,0.));
#3166 = DIRECTION('',(-0.707837878033,-0.706374927657,0.));
#3167 = ADVANCED_FACE('',(#3168),#3193,.T.);
#3168 = FACE_BOUND('',#3169,.T.);
#3169 = EDGE_LOOP('',(#3170,#3171,#3179,#3187));
#3170 = ORIENTED_EDGE('',*,*,#3149,.T.);
#3171 = ORIENTED_EDGE('',*,*,#3172,.T.);
#3172 = EDGE_CURVE('',#3142,#3173,#3175,.T.);
#3173 = VERTEX_POINT('',#3174);
#3174 = CARTESIAN_POINT('',(30.485321482885,-65.13843027686,
    1.600028244856));
#3175 = LINE('',#3176,#3177);
#3176 = CARTESIAN_POINT('',(60.954861397481,-65.13843027686,
    1.600028244856));
#3177 = VECTOR('',#3178,1.);
#3178 = DIRECTION('',(-1.,0.,0.));
#3179 = ORIENTED_EDGE('',*,*,#3180,.F.);
#3180 = EDGE_CURVE('',#3181,#3173,#3183,.T.);
#3181 = VERTEX_POINT('',#3182);
#3182 = CARTESIAN_POINT('',(30.485321482885,-65.13843027686,0.));
#3183 = LINE('',#3184,#3185);
#3184 = CARTESIAN_POINT('',(30.485321482885,-65.13843027686,0.));
#3185 = VECTOR('',#3186,1.);
#3186 = DIRECTION('',(0.,0.,1.));
#3187 = ORIENTED_EDGE('',*,*,#3188,.F.);
#3188 = EDGE_CURVE('',#3150,#3181,#3189,.T.);
#3189 = LINE('',#3190,#3191);
#3190 = CARTESIAN_POINT('',(60.954861397481,-65.13843027686,0.));
#3191 = VECTOR('',#3192,1.);
#3192 = DIRECTION('',(-1.,0.,0.));
#3193 = PLANE('',#3194);
#3194 = AXIS2_PLACEMENT_3D('',#3195,#3196,#3197);
#3195 = CARTESIAN_POINT('',(60.954861397481,-65.13843027686,0.));
#3196 = DIRECTION('',(0.,-1.,0.));
#3197 = DIRECTION('',(-1.,0.,0.));
#3198 = ADVANCED_FACE('',(#3199),#3224,.T.);
#3199 = FACE_BOUND('',#3200,.T.);
#3200 = EDGE_LOOP('',(#3201,#3202,#3210,#3218));
#3201 = ORIENTED_EDGE('',*,*,#3180,.T.);
#3202 = ORIENTED_EDGE('',*,*,#3203,.T.);
#3203 = EDGE_CURVE('',#3173,#3204,#3206,.T.);
#3204 = VERTEX_POINT('',#3205);
#3205 = CARTESIAN_POINT('',(27.949036154193,-62.60214494816,
    1.600028244856));
#3206 = LINE('',#3207,#3208);
#3207 = CARTESIAN_POINT('',(30.485321482885,-65.13843027686,
    1.600028244856));
#3208 = VECTOR('',#3209,1.);
#3209 = DIRECTION('',(-0.707106781187,0.707106781187,0.));
#3210 = ORIENTED_EDGE('',*,*,#3211,.F.);
#3211 = EDGE_CURVE('',#3212,#3204,#3214,.T.);
#3212 = VERTEX_POINT('',#3213);
#3213 = CARTESIAN_POINT('',(27.949036154193,-62.60214494816,0.));
#3214 = LINE('',#3215,#3216);
#3215 = CARTESIAN_POINT('',(27.949036154193,-62.60214494816,0.));
#3216 = VECTOR('',#3217,1.);
#3217 = DIRECTION('',(0.,0.,1.));
#3218 = ORIENTED_EDGE('',*,*,#3219,.F.);
#3219 = EDGE_CURVE('',#3181,#3212,#3220,.T.);
#3220 = LINE('',#3221,#3222);
#3221 = CARTESIAN_POINT('',(30.485321482885,-65.13843027686,0.));
#3222 = VECTOR('',#3223,1.);
#3223 = DIRECTION('',(-0.707106781187,0.707106781187,0.));
#3224 = PLANE('',#3225);
#3225 = AXIS2_PLACEMENT_3D('',#3226,#3227,#3228);
#3226 = CARTESIAN_POINT('',(30.485321482885,-65.13843027686,0.));
#3227 = DIRECTION('',(-0.707106781187,-0.707106781187,0.));
#3228 = DIRECTION('',(-0.707106781187,0.707106781187,0.));
#3229 = ADVANCED_FACE('',(#3230),#3255,.T.);
#3230 = FACE_BOUND('',#3231,.T.);
#3231 = EDGE_LOOP('',(#3232,#3233,#3241,#3249));
#3232 = ORIENTED_EDGE('',*,*,#3211,.T.);
#3233 = ORIENTED_EDGE('',*,*,#3234,.T.);
#3234 = EDGE_CURVE('',#3204,#3235,#3237,.T.);
#3235 = VERTEX_POINT('',#3236);
#3236 = CARTESIAN_POINT('',(17.780035560071,-62.59842519685,
    1.600028244856));
#3237 = LINE('',#3238,#3239);
#3238 = CARTESIAN_POINT('',(27.949036154193,-62.60214494816,
    1.600028244856));
#3239 = VECTOR('',#3240,1.);
#3240 = DIRECTION('',(-0.999999933098,3.657931804749E-04,0.));
#3241 = ORIENTED_EDGE('',*,*,#3242,.F.);
#3242 = EDGE_CURVE('',#3243,#3235,#3245,.T.);
#3243 = VERTEX_POINT('',#3244);
#3244 = CARTESIAN_POINT('',(17.780035560071,-62.59842519685,0.));
#3245 = LINE('',#3246,#3247);
#3246 = CARTESIAN_POINT('',(17.780035560071,-62.59842519685,0.));
#3247 = VECTOR('',#3248,1.);
#3248 = DIRECTION('',(0.,0.,1.));
#3249 = ORIENTED_EDGE('',*,*,#3250,.F.);
#3250 = EDGE_CURVE('',#3212,#3243,#3251,.T.);
#3251 = LINE('',#3252,#3253);
#3252 = CARTESIAN_POINT('',(27.949036154193,-62.60214494816,0.));
#3253 = VECTOR('',#3254,1.);
#3254 = DIRECTION('',(-0.999999933098,3.657931804749E-04,0.));
#3255 = PLANE('',#3256);
#3256 = AXIS2_PLACEMENT_3D('',#3257,#3258,#3259);
#3257 = CARTESIAN_POINT('',(27.949036154193,-62.60214494816,0.));
#3258 = DIRECTION('',(-3.657931804749E-04,-0.999999933098,0.));
#3259 = DIRECTION('',(-0.999999933098,3.657931804749E-04,0.));
#3260 = ADVANCED_FACE('',(#3261),#3288,.T.);
#3261 = FACE_BOUND('',#3262,.T.);
#3262 = EDGE_LOOP('',(#3263,#3264,#3273,#3281));
#3263 = ORIENTED_EDGE('',*,*,#3242,.T.);
#3264 = ORIENTED_EDGE('',*,*,#3265,.T.);
#3265 = EDGE_CURVE('',#3235,#3266,#3268,.T.);
#3266 = VERTEX_POINT('',#3267);
#3267 = CARTESIAN_POINT('',(15.252676612234,-60.07228889637,
    1.600028244856));
#3268 = CIRCLE('',#3269,2.322839234908);
#3269 = AXIS2_PLACEMENT_3D('',#3270,#3271,#3272);
#3270 = CARTESIAN_POINT('',(17.565710407327,-60.28549483903,
    1.600028244856));
#3271 = DIRECTION('',(-0.,0.,-1.));
#3272 = DIRECTION('',(9.226861227542E-02,-0.995734152869,-0.));
#3273 = ORIENTED_EDGE('',*,*,#3274,.F.);
#3274 = EDGE_CURVE('',#3275,#3266,#3277,.T.);
#3275 = VERTEX_POINT('',#3276);
#3276 = CARTESIAN_POINT('',(15.252676612234,-60.07228889637,0.));
#3277 = LINE('',#3278,#3279);
#3278 = CARTESIAN_POINT('',(15.252676612234,-60.07228889637,0.));
#3279 = VECTOR('',#3280,1.);
#3280 = DIRECTION('',(0.,0.,1.));
#3281 = ORIENTED_EDGE('',*,*,#3282,.F.);
#3282 = EDGE_CURVE('',#3243,#3275,#3283,.T.);
#3283 = CIRCLE('',#3284,2.322839234908);
#3284 = AXIS2_PLACEMENT_3D('',#3285,#3286,#3287);
#3285 = CARTESIAN_POINT('',(17.565710407327,-60.28549483903,0.));
#3286 = DIRECTION('',(-0.,0.,-1.));
#3287 = DIRECTION('',(9.226861227542E-02,-0.995734152869,-0.));
#3288 = CYLINDRICAL_SURFACE('',#3289,2.322839234908);
#3289 = AXIS2_PLACEMENT_3D('',#3290,#3291,#3292);
#3290 = CARTESIAN_POINT('',(17.565710407327,-60.28549483903,0.));
#3291 = DIRECTION('',(-0.,0.,-1.));
#3292 = DIRECTION('',(9.226861227542E-02,-0.995734152869,-0.));
#3293 = ADVANCED_FACE('',(#3294),#3310,.T.);
#3294 = FACE_BOUND('',#3295,.T.);
#3295 = EDGE_LOOP('',(#3296,#3297,#3303,#3304));
#3296 = ORIENTED_EDGE('',*,*,#3274,.T.);
#3297 = ORIENTED_EDGE('',*,*,#3298,.T.);
#3298 = EDGE_CURVE('',#3266,#3008,#3299,.T.);
#3299 = LINE('',#3300,#3301);
#3300 = CARTESIAN_POINT('',(15.252676612234,-60.07228889637,
    1.600028244856));
#3301 = VECTOR('',#3302,1.);
#3302 = DIRECTION('',(1.035242119953E-06,0.999999999999,0.));
#3303 = ORIENTED_EDGE('',*,*,#3005,.F.);
#3304 = ORIENTED_EDGE('',*,*,#3305,.F.);
#3305 = EDGE_CURVE('',#3275,#3006,#3306,.T.);
#3306 = LINE('',#3307,#3308);
#3307 = CARTESIAN_POINT('',(15.252676612234,-60.07228889637,0.));
#3308 = VECTOR('',#3309,1.);
#3309 = DIRECTION('',(1.035242119953E-06,0.999999999999,0.));
#3310 = PLANE('',#3311);
#3311 = AXIS2_PLACEMENT_3D('',#3312,#3313,#3314);
#3312 = CARTESIAN_POINT('',(15.252676612234,-60.07228889637,0.));
#3313 = DIRECTION('',(-0.999999999999,1.035242119953E-06,0.));
#3314 = DIRECTION('',(1.035242119953E-06,0.999999999999,0.));
#3315 = ADVANCED_FACE('',(#3316),#3352,.F.);
#3316 = FACE_BOUND('',#3317,.T.);
#3317 = EDGE_LOOP('',(#3318,#3328,#3337,#3345));
#3318 = ORIENTED_EDGE('',*,*,#3319,.T.);
#3319 = EDGE_CURVE('',#3320,#3322,#3324,.T.);
#3320 = VERTEX_POINT('',#3321);
#3321 = CARTESIAN_POINT('',(19.507239014478,-21.97104394208,0.));
#3322 = VERTEX_POINT('',#3323);
#3323 = CARTESIAN_POINT('',(19.507239014478,-21.97104394208,
    1.600028244856));
#3324 = LINE('',#3325,#3326);
#3325 = CARTESIAN_POINT('',(19.507239014478,-21.97104394208,0.));
#3326 = VECTOR('',#3327,1.);
#3327 = DIRECTION('',(0.,0.,1.));
#3328 = ORIENTED_EDGE('',*,*,#3329,.T.);
#3329 = EDGE_CURVE('',#3322,#3330,#3332,.T.);
#3330 = VERTEX_POINT('',#3331);
#3331 = CARTESIAN_POINT('',(18.592837185674,-21.97104394208,
    1.600028244856));
#3332 = CIRCLE('',#3333,0.457200914402);
#3333 = AXIS2_PLACEMENT_3D('',#3334,#3335,#3336);
#3334 = CARTESIAN_POINT('',(19.050038100076,-21.97104394208,
    1.600028244856));
#3335 = DIRECTION('',(0.,0.,1.));
#3336 = DIRECTION('',(1.,1.110223024625E-16,-0.));
#3337 = ORIENTED_EDGE('',*,*,#3338,.F.);
#3338 = EDGE_CURVE('',#3339,#3330,#3341,.T.);
#3339 = VERTEX_POINT('',#3340);
#3340 = CARTESIAN_POINT('',(18.592837185674,-21.97104394208,0.));
#3341 = LINE('',#3342,#3343);
#3342 = CARTESIAN_POINT('',(18.592837185674,-21.97104394208,0.));
#3343 = VECTOR('',#3344,1.);
#3344 = DIRECTION('',(0.,0.,1.));
#3345 = ORIENTED_EDGE('',*,*,#3346,.F.);
#3346 = EDGE_CURVE('',#3320,#3339,#3347,.T.);
#3347 = CIRCLE('',#3348,0.457200914402);
#3348 = AXIS2_PLACEMENT_3D('',#3349,#3350,#3351);
#3349 = CARTESIAN_POINT('',(19.050038100076,-21.97104394208,0.));
#3350 = DIRECTION('',(0.,0.,1.));
#3351 = DIRECTION('',(1.,1.110223024625E-16,-0.));
#3352 = CYLINDRICAL_SURFACE('',#3353,0.457200914402);
#3353 = AXIS2_PLACEMENT_3D('',#3354,#3355,#3356);
#3354 = CARTESIAN_POINT('',(19.050038100076,-21.97104394208,0.));
#3355 = DIRECTION('',(-0.,-0.,-1.));
#3356 = DIRECTION('',(1.,1.110223024625E-16,-0.));
#3357 = ADVANCED_FACE('',(#3358),#3376,.F.);
#3358 = FACE_BOUND('',#3359,.T.);
#3359 = EDGE_LOOP('',(#3360,#3361,#3368,#3369));
#3360 = ORIENTED_EDGE('',*,*,#3338,.T.);
#3361 = ORIENTED_EDGE('',*,*,#3362,.T.);
#3362 = EDGE_CURVE('',#3330,#3322,#3363,.T.);
#3363 = CIRCLE('',#3364,0.457200914402);
#3364 = AXIS2_PLACEMENT_3D('',#3365,#3366,#3367);
#3365 = CARTESIAN_POINT('',(19.050038100076,-21.97104394208,
    1.600028244856));
#3366 = DIRECTION('',(0.,0.,1.));
#3367 = DIRECTION('',(-1.,-1.110223024625E-16,0.));
#3368 = ORIENTED_EDGE('',*,*,#3319,.F.);
#3369 = ORIENTED_EDGE('',*,*,#3370,.F.);
#3370 = EDGE_CURVE('',#3339,#3320,#3371,.T.);
#3371 = CIRCLE('',#3372,0.457200914402);
#3372 = AXIS2_PLACEMENT_3D('',#3373,#3374,#3375);
#3373 = CARTESIAN_POINT('',(19.050038100076,-21.97104394208,0.));
#3374 = DIRECTION('',(0.,0.,1.));
#3375 = DIRECTION('',(-1.,-1.110223024625E-16,0.));
#3376 = CYLINDRICAL_SURFACE('',#3377,0.457200914402);
#3377 = AXIS2_PLACEMENT_3D('',#3378,#3379,#3380);
#3378 = CARTESIAN_POINT('',(19.050038100076,-21.97104394208,0.));
#3379 = DIRECTION('',(-0.,-0.,-1.));
#3380 = DIRECTION('',(-1.,-1.110223024625E-16,0.));
#3381 = ADVANCED_FACE('',(#3382),#3418,.F.);
#3382 = FACE_BOUND('',#3383,.T.);
#3383 = EDGE_LOOP('',(#3384,#3394,#3403,#3411));
#3384 = ORIENTED_EDGE('',*,*,#3385,.T.);
#3385 = EDGE_CURVE('',#3386,#3388,#3390,.T.);
#3386 = VERTEX_POINT('',#3387);
#3387 = CARTESIAN_POINT('',(19.507239014478,-24.51104902209,0.));
#3388 = VERTEX_POINT('',#3389);
#3389 = CARTESIAN_POINT('',(19.507239014478,-24.51104902209,
    1.600028244856));
#3390 = LINE('',#3391,#3392);
#3391 = CARTESIAN_POINT('',(19.507239014478,-24.51104902209,0.));
#3392 = VECTOR('',#3393,1.);
#3393 = DIRECTION('',(0.,0.,1.));
#3394 = ORIENTED_EDGE('',*,*,#3395,.T.);
#3395 = EDGE_CURVE('',#3388,#3396,#3398,.T.);
#3396 = VERTEX_POINT('',#3397);
#3397 = CARTESIAN_POINT('',(18.592837185674,-24.51104902209,
    1.600028244856));
#3398 = CIRCLE('',#3399,0.457200914402);
#3399 = AXIS2_PLACEMENT_3D('',#3400,#3401,#3402);
#3400 = CARTESIAN_POINT('',(19.050038100076,-24.51104902209,
    1.600028244856));
#3401 = DIRECTION('',(0.,0.,1.));
#3402 = DIRECTION('',(1.,1.110223024625E-16,-0.));
#3403 = ORIENTED_EDGE('',*,*,#3404,.F.);
#3404 = EDGE_CURVE('',#3405,#3396,#3407,.T.);
#3405 = VERTEX_POINT('',#3406);
#3406 = CARTESIAN_POINT('',(18.592837185674,-24.51104902209,0.));
#3407 = LINE('',#3408,#3409);
#3408 = CARTESIAN_POINT('',(18.592837185674,-24.51104902209,0.));
#3409 = VECTOR('',#3410,1.);
#3410 = DIRECTION('',(0.,0.,1.));
#3411 = ORIENTED_EDGE('',*,*,#3412,.F.);
#3412 = EDGE_CURVE('',#3386,#3405,#3413,.T.);
#3413 = CIRCLE('',#3414,0.457200914402);
#3414 = AXIS2_PLACEMENT_3D('',#3415,#3416,#3417);
#3415 = CARTESIAN_POINT('',(19.050038100076,-24.51104902209,0.));
#3416 = DIRECTION('',(0.,0.,1.));
#3417 = DIRECTION('',(1.,1.110223024625E-16,-0.));
#3418 = CYLINDRICAL_SURFACE('',#3419,0.457200914402);
#3419 = AXIS2_PLACEMENT_3D('',#3420,#3421,#3422);
#3420 = CARTESIAN_POINT('',(19.050038100076,-24.51104902209,0.));
#3421 = DIRECTION('',(-0.,-0.,-1.));
#3422 = DIRECTION('',(1.,1.110223024625E-16,-0.));
#3423 = ADVANCED_FACE('',(#3424),#3442,.F.);
#3424 = FACE_BOUND('',#3425,.T.);
#3425 = EDGE_LOOP('',(#3426,#3427,#3434,#3435));
#3426 = ORIENTED_EDGE('',*,*,#3404,.T.);
#3427 = ORIENTED_EDGE('',*,*,#3428,.T.);
#3428 = EDGE_CURVE('',#3396,#3388,#3429,.T.);
#3429 = CIRCLE('',#3430,0.457200914402);
#3430 = AXIS2_PLACEMENT_3D('',#3431,#3432,#3433);
#3431 = CARTESIAN_POINT('',(19.050038100076,-24.51104902209,
    1.600028244856));
#3432 = DIRECTION('',(0.,0.,1.));
#3433 = DIRECTION('',(-1.,-1.110223024625E-16,0.));
#3434 = ORIENTED_EDGE('',*,*,#3385,.F.);
#3435 = ORIENTED_EDGE('',*,*,#3436,.F.);
#3436 = EDGE_CURVE('',#3405,#3386,#3437,.T.);
#3437 = CIRCLE('',#3438,0.457200914402);
#3438 = AXIS2_PLACEMENT_3D('',#3439,#3440,#3441);
#3439 = CARTESIAN_POINT('',(19.050038100076,-24.51104902209,0.));
#3440 = DIRECTION('',(0.,0.,1.));
#3441 = DIRECTION('',(-1.,-1.110223024625E-16,0.));
#3442 = CYLINDRICAL_SURFACE('',#3443,0.457200914402);
#3443 = AXIS2_PLACEMENT_3D('',#3444,#3445,#3446);
#3444 = CARTESIAN_POINT('',(19.050038100076,-24.51104902209,0.));
#3445 = DIRECTION('',(-0.,-0.,-1.));
#3446 = DIRECTION('',(-1.,-1.110223024625E-16,0.));
#3447 = ADVANCED_FACE('',(#3448),#3484,.F.);
#3448 = FACE_BOUND('',#3449,.T.);
#3449 = EDGE_LOOP('',(#3450,#3460,#3469,#3477));
#3450 = ORIENTED_EDGE('',*,*,#3451,.T.);
#3451 = EDGE_CURVE('',#3452,#3454,#3456,.T.);
#3452 = VERTEX_POINT('',#3453);
#3453 = CARTESIAN_POINT('',(19.507239014478,-27.0510541021,0.));
#3454 = VERTEX_POINT('',#3455);
#3455 = CARTESIAN_POINT('',(19.507239014478,-27.0510541021,
    1.600028244856));
#3456 = LINE('',#3457,#3458);
#3457 = CARTESIAN_POINT('',(19.507239014478,-27.0510541021,0.));
#3458 = VECTOR('',#3459,1.);
#3459 = DIRECTION('',(0.,0.,1.));
#3460 = ORIENTED_EDGE('',*,*,#3461,.T.);
#3461 = EDGE_CURVE('',#3454,#3462,#3464,.T.);
#3462 = VERTEX_POINT('',#3463);
#3463 = CARTESIAN_POINT('',(18.592837185674,-27.0510541021,
    1.600028244856));
#3464 = CIRCLE('',#3465,0.457200914402);
#3465 = AXIS2_PLACEMENT_3D('',#3466,#3467,#3468);
#3466 = CARTESIAN_POINT('',(19.050038100076,-27.0510541021,
    1.600028244856));
#3467 = DIRECTION('',(0.,0.,1.));
#3468 = DIRECTION('',(1.,1.110223024625E-16,-0.));
#3469 = ORIENTED_EDGE('',*,*,#3470,.F.);
#3470 = EDGE_CURVE('',#3471,#3462,#3473,.T.);
#3471 = VERTEX_POINT('',#3472);
#3472 = CARTESIAN_POINT('',(18.592837185674,-27.0510541021,0.));
#3473 = LINE('',#3474,#3475);
#3474 = CARTESIAN_POINT('',(18.592837185674,-27.0510541021,0.));
#3475 = VECTOR('',#3476,1.);
#3476 = DIRECTION('',(0.,0.,1.));
#3477 = ORIENTED_EDGE('',*,*,#3478,.F.);
#3478 = EDGE_CURVE('',#3452,#3471,#3479,.T.);
#3479 = CIRCLE('',#3480,0.457200914402);
#3480 = AXIS2_PLACEMENT_3D('',#3481,#3482,#3483);
#3481 = CARTESIAN_POINT('',(19.050038100076,-27.0510541021,0.));
#3482 = DIRECTION('',(0.,0.,1.));
#3483 = DIRECTION('',(1.,1.110223024625E-16,-0.));
#3484 = CYLINDRICAL_SURFACE('',#3485,0.457200914402);
#3485 = AXIS2_PLACEMENT_3D('',#3486,#3487,#3488);
#3486 = CARTESIAN_POINT('',(19.050038100076,-27.0510541021,0.));
#3487 = DIRECTION('',(-0.,-0.,-1.));
#3488 = DIRECTION('',(1.,1.110223024625E-16,-0.));
#3489 = ADVANCED_FACE('',(#3490),#3508,.F.);
#3490 = FACE_BOUND('',#3491,.T.);
#3491 = EDGE_LOOP('',(#3492,#3493,#3500,#3501));
#3492 = ORIENTED_EDGE('',*,*,#3470,.T.);
#3493 = ORIENTED_EDGE('',*,*,#3494,.T.);
#3494 = EDGE_CURVE('',#3462,#3454,#3495,.T.);
#3495 = CIRCLE('',#3496,0.457200914402);
#3496 = AXIS2_PLACEMENT_3D('',#3497,#3498,#3499);
#3497 = CARTESIAN_POINT('',(19.050038100076,-27.0510541021,
    1.600028244856));
#3498 = DIRECTION('',(0.,0.,1.));
#3499 = DIRECTION('',(-1.,-1.110223024625E-16,0.));
#3500 = ORIENTED_EDGE('',*,*,#3451,.F.);
#3501 = ORIENTED_EDGE('',*,*,#3502,.F.);
#3502 = EDGE_CURVE('',#3471,#3452,#3503,.T.);
#3503 = CIRCLE('',#3504,0.457200914402);
#3504 = AXIS2_PLACEMENT_3D('',#3505,#3506,#3507);
#3505 = CARTESIAN_POINT('',(19.050038100076,-27.0510541021,0.));
#3506 = DIRECTION('',(0.,0.,1.));
#3507 = DIRECTION('',(-1.,-1.110223024625E-16,0.));
#3508 = CYLINDRICAL_SURFACE('',#3509,0.457200914402);
#3509 = AXIS2_PLACEMENT_3D('',#3510,#3511,#3512);
#3510 = CARTESIAN_POINT('',(19.050038100076,-27.0510541021,0.));
#3511 = DIRECTION('',(-0.,-0.,-1.));
#3512 = DIRECTION('',(-1.,-1.110223024625E-16,0.));
#3513 = ADVANCED_FACE('',(#3514),#3550,.F.);
#3514 = FACE_BOUND('',#3515,.T.);
#3515 = EDGE_LOOP('',(#3516,#3526,#3535,#3543));
#3516 = ORIENTED_EDGE('',*,*,#3517,.T.);
#3517 = EDGE_CURVE('',#3518,#3520,#3522,.T.);
#3518 = VERTEX_POINT('',#3519);
#3519 = CARTESIAN_POINT('',(19.507239014478,-29.59105918211,0.));
#3520 = VERTEX_POINT('',#3521);
#3521 = CARTESIAN_POINT('',(19.507239014478,-29.59105918211,
    1.600028244856));
#3522 = LINE('',#3523,#3524);
#3523 = CARTESIAN_POINT('',(19.507239014478,-29.59105918211,0.));
#3524 = VECTOR('',#3525,1.);
#3525 = DIRECTION('',(0.,0.,1.));
#3526 = ORIENTED_EDGE('',*,*,#3527,.T.);
#3527 = EDGE_CURVE('',#3520,#3528,#3530,.T.);
#3528 = VERTEX_POINT('',#3529);
#3529 = CARTESIAN_POINT('',(18.592837185674,-29.59105918211,
    1.600028244856));
#3530 = CIRCLE('',#3531,0.457200914402);
#3531 = AXIS2_PLACEMENT_3D('',#3532,#3533,#3534);
#3532 = CARTESIAN_POINT('',(19.050038100076,-29.59105918211,
    1.600028244856));
#3533 = DIRECTION('',(0.,0.,1.));
#3534 = DIRECTION('',(1.,1.110223024625E-16,-0.));
#3535 = ORIENTED_EDGE('',*,*,#3536,.F.);
#3536 = EDGE_CURVE('',#3537,#3528,#3539,.T.);
#3537 = VERTEX_POINT('',#3538);
#3538 = CARTESIAN_POINT('',(18.592837185674,-29.59105918211,0.));
#3539 = LINE('',#3540,#3541);
#3540 = CARTESIAN_POINT('',(18.592837185674,-29.59105918211,0.));
#3541 = VECTOR('',#3542,1.);
#3542 = DIRECTION('',(0.,0.,1.));
#3543 = ORIENTED_EDGE('',*,*,#3544,.F.);
#3544 = EDGE_CURVE('',#3518,#3537,#3545,.T.);
#3545 = CIRCLE('',#3546,0.457200914402);
#3546 = AXIS2_PLACEMENT_3D('',#3547,#3548,#3549);
#3547 = CARTESIAN_POINT('',(19.050038100076,-29.59105918211,0.));
#3548 = DIRECTION('',(0.,0.,1.));
#3549 = DIRECTION('',(1.,1.110223024625E-16,-0.));
#3550 = CYLINDRICAL_SURFACE('',#3551,0.457200914402);
#3551 = AXIS2_PLACEMENT_3D('',#3552,#3553,#3554);
#3552 = CARTESIAN_POINT('',(19.050038100076,-29.59105918211,0.));
#3553 = DIRECTION('',(-0.,-0.,-1.));
#3554 = DIRECTION('',(1.,1.110223024625E-16,-0.));
#3555 = ADVANCED_FACE('',(#3556),#3574,.F.);
#3556 = FACE_BOUND('',#3557,.T.);
#3557 = EDGE_LOOP('',(#3558,#3559,#3566,#3567));
#3558 = ORIENTED_EDGE('',*,*,#3536,.T.);
#3559 = ORIENTED_EDGE('',*,*,#3560,.T.);
#3560 = EDGE_CURVE('',#3528,#3520,#3561,.T.);
#3561 = CIRCLE('',#3562,0.457200914402);
#3562 = AXIS2_PLACEMENT_3D('',#3563,#3564,#3565);
#3563 = CARTESIAN_POINT('',(19.050038100076,-29.59105918211,
    1.600028244856));
#3564 = DIRECTION('',(0.,0.,1.));
#3565 = DIRECTION('',(-1.,-1.110223024625E-16,0.));
#3566 = ORIENTED_EDGE('',*,*,#3517,.F.);
#3567 = ORIENTED_EDGE('',*,*,#3568,.F.);
#3568 = EDGE_CURVE('',#3537,#3518,#3569,.T.);
#3569 = CIRCLE('',#3570,0.457200914402);
#3570 = AXIS2_PLACEMENT_3D('',#3571,#3572,#3573);
#3571 = CARTESIAN_POINT('',(19.050038100076,-29.59105918211,0.));
#3572 = DIRECTION('',(0.,0.,1.));
#3573 = DIRECTION('',(-1.,-1.110223024625E-16,0.));
#3574 = CYLINDRICAL_SURFACE('',#3575,0.457200914402);
#3575 = AXIS2_PLACEMENT_3D('',#3576,#3577,#3578);
#3576 = CARTESIAN_POINT('',(19.050038100076,-29.59105918211,0.));
#3577 = DIRECTION('',(-0.,-0.,-1.));
#3578 = DIRECTION('',(-1.,-1.110223024625E-16,0.));
#3579 = ADVANCED_FACE('',(#3580),#3616,.F.);
#3580 = FACE_BOUND('',#3581,.T.);
#3581 = EDGE_LOOP('',(#3582,#3592,#3601,#3609));
#3582 = ORIENTED_EDGE('',*,*,#3583,.T.);
#3583 = EDGE_CURVE('',#3584,#3586,#3588,.T.);
#3584 = VERTEX_POINT('',#3585);
#3585 = CARTESIAN_POINT('',(19.507239014478,-32.13106426212,0.));
#3586 = VERTEX_POINT('',#3587);
#3587 = CARTESIAN_POINT('',(19.507239014478,-32.13106426212,
    1.600028244856));
#3588 = LINE('',#3589,#3590);
#3589 = CARTESIAN_POINT('',(19.507239014478,-32.13106426212,0.));
#3590 = VECTOR('',#3591,1.);
#3591 = DIRECTION('',(0.,0.,1.));
#3592 = ORIENTED_EDGE('',*,*,#3593,.T.);
#3593 = EDGE_CURVE('',#3586,#3594,#3596,.T.);
#3594 = VERTEX_POINT('',#3595);
#3595 = CARTESIAN_POINT('',(18.592837185674,-32.13106426212,
    1.600028244856));
#3596 = CIRCLE('',#3597,0.457200914402);
#3597 = AXIS2_PLACEMENT_3D('',#3598,#3599,#3600);
#3598 = CARTESIAN_POINT('',(19.050038100076,-32.13106426212,
    1.600028244856));
#3599 = DIRECTION('',(0.,0.,1.));
#3600 = DIRECTION('',(1.,1.110223024625E-16,-0.));
#3601 = ORIENTED_EDGE('',*,*,#3602,.F.);
#3602 = EDGE_CURVE('',#3603,#3594,#3605,.T.);
#3603 = VERTEX_POINT('',#3604);
#3604 = CARTESIAN_POINT('',(18.592837185674,-32.13106426212,0.));
#3605 = LINE('',#3606,#3607);
#3606 = CARTESIAN_POINT('',(18.592837185674,-32.13106426212,0.));
#3607 = VECTOR('',#3608,1.);
#3608 = DIRECTION('',(0.,0.,1.));
#3609 = ORIENTED_EDGE('',*,*,#3610,.F.);
#3610 = EDGE_CURVE('',#3584,#3603,#3611,.T.);
#3611 = CIRCLE('',#3612,0.457200914402);
#3612 = AXIS2_PLACEMENT_3D('',#3613,#3614,#3615);
#3613 = CARTESIAN_POINT('',(19.050038100076,-32.13106426212,0.));
#3614 = DIRECTION('',(0.,0.,1.));
#3615 = DIRECTION('',(1.,1.110223024625E-16,-0.));
#3616 = CYLINDRICAL_SURFACE('',#3617,0.457200914402);
#3617 = AXIS2_PLACEMENT_3D('',#3618,#3619,#3620);
#3618 = CARTESIAN_POINT('',(19.050038100076,-32.13106426212,0.));
#3619 = DIRECTION('',(-0.,-0.,-1.));
#3620 = DIRECTION('',(1.,1.110223024625E-16,-0.));
#3621 = ADVANCED_FACE('',(#3622),#3640,.F.);
#3622 = FACE_BOUND('',#3623,.T.);
#3623 = EDGE_LOOP('',(#3624,#3625,#3632,#3633));
#3624 = ORIENTED_EDGE('',*,*,#3602,.T.);
#3625 = ORIENTED_EDGE('',*,*,#3626,.T.);
#3626 = EDGE_CURVE('',#3594,#3586,#3627,.T.);
#3627 = CIRCLE('',#3628,0.457200914402);
#3628 = AXIS2_PLACEMENT_3D('',#3629,#3630,#3631);
#3629 = CARTESIAN_POINT('',(19.050038100076,-32.13106426212,
    1.600028244856));
#3630 = DIRECTION('',(0.,0.,1.));
#3631 = DIRECTION('',(-1.,-1.110223024625E-16,0.));
#3632 = ORIENTED_EDGE('',*,*,#3583,.F.);
#3633 = ORIENTED_EDGE('',*,*,#3634,.F.);
#3634 = EDGE_CURVE('',#3603,#3584,#3635,.T.);
#3635 = CIRCLE('',#3636,0.457200914402);
#3636 = AXIS2_PLACEMENT_3D('',#3637,#3638,#3639);
#3637 = CARTESIAN_POINT('',(19.050038100076,-32.13106426212,0.));
#3638 = DIRECTION('',(0.,0.,1.));
#3639 = DIRECTION('',(-1.,-1.110223024625E-16,0.));
#3640 = CYLINDRICAL_SURFACE('',#3641,0.457200914402);
#3641 = AXIS2_PLACEMENT_3D('',#3642,#3643,#3644);
#3642 = CARTESIAN_POINT('',(19.050038100076,-32.13106426212,0.));
#3643 = DIRECTION('',(-0.,-0.,-1.));
#3644 = DIRECTION('',(-1.,-1.110223024625E-16,0.));
#3645 = ADVANCED_FACE('',(#3646),#3682,.F.);
#3646 = FACE_BOUND('',#3647,.T.);
#3647 = EDGE_LOOP('',(#3648,#3658,#3667,#3675));
#3648 = ORIENTED_EDGE('',*,*,#3649,.T.);
#3649 = EDGE_CURVE('',#3650,#3652,#3654,.T.);
#3650 = VERTEX_POINT('',#3651);
#3651 = CARTESIAN_POINT('',(19.507239014478,-34.67106934213,0.));
#3652 = VERTEX_POINT('',#3653);
#3653 = CARTESIAN_POINT('',(19.507239014478,-34.67106934213,
    1.600028244856));
#3654 = LINE('',#3655,#3656);
#3655 = CARTESIAN_POINT('',(19.507239014478,-34.67106934213,0.));
#3656 = VECTOR('',#3657,1.);
#3657 = DIRECTION('',(0.,0.,1.));
#3658 = ORIENTED_EDGE('',*,*,#3659,.T.);
#3659 = EDGE_CURVE('',#3652,#3660,#3662,.T.);
#3660 = VERTEX_POINT('',#3661);
#3661 = CARTESIAN_POINT('',(18.592837185674,-34.67106934213,
    1.600028244856));
#3662 = CIRCLE('',#3663,0.457200914402);
#3663 = AXIS2_PLACEMENT_3D('',#3664,#3665,#3666);
#3664 = CARTESIAN_POINT('',(19.050038100076,-34.67106934213,
    1.600028244856));
#3665 = DIRECTION('',(0.,0.,1.));
#3666 = DIRECTION('',(1.,1.110223024625E-16,-0.));
#3667 = ORIENTED_EDGE('',*,*,#3668,.F.);
#3668 = EDGE_CURVE('',#3669,#3660,#3671,.T.);
#3669 = VERTEX_POINT('',#3670);
#3670 = CARTESIAN_POINT('',(18.592837185674,-34.67106934213,0.));
#3671 = LINE('',#3672,#3673);
#3672 = CARTESIAN_POINT('',(18.592837185674,-34.67106934213,0.));
#3673 = VECTOR('',#3674,1.);
#3674 = DIRECTION('',(0.,0.,1.));
#3675 = ORIENTED_EDGE('',*,*,#3676,.F.);
#3676 = EDGE_CURVE('',#3650,#3669,#3677,.T.);
#3677 = CIRCLE('',#3678,0.457200914402);
#3678 = AXIS2_PLACEMENT_3D('',#3679,#3680,#3681);
#3679 = CARTESIAN_POINT('',(19.050038100076,-34.67106934213,0.));
#3680 = DIRECTION('',(0.,0.,1.));
#3681 = DIRECTION('',(1.,1.110223024625E-16,-0.));
#3682 = CYLINDRICAL_SURFACE('',#3683,0.457200914402);
#3683 = AXIS2_PLACEMENT_3D('',#3684,#3685,#3686);
#3684 = CARTESIAN_POINT('',(19.050038100076,-34.67106934213,0.));
#3685 = DIRECTION('',(-0.,-0.,-1.));
#3686 = DIRECTION('',(1.,1.110223024625E-16,-0.));
#3687 = ADVANCED_FACE('',(#3688),#3706,.F.);
#3688 = FACE_BOUND('',#3689,.T.);
#3689 = EDGE_LOOP('',(#3690,#3691,#3698,#3699));
#3690 = ORIENTED_EDGE('',*,*,#3668,.T.);
#3691 = ORIENTED_EDGE('',*,*,#3692,.T.);
#3692 = EDGE_CURVE('',#3660,#3652,#3693,.T.);
#3693 = CIRCLE('',#3694,0.457200914402);
#3694 = AXIS2_PLACEMENT_3D('',#3695,#3696,#3697);
#3695 = CARTESIAN_POINT('',(19.050038100076,-34.67106934213,
    1.600028244856));
#3696 = DIRECTION('',(0.,0.,1.));
#3697 = DIRECTION('',(-1.,-1.110223024625E-16,0.));
#3698 = ORIENTED_EDGE('',*,*,#3649,.F.);
#3699 = ORIENTED_EDGE('',*,*,#3700,.F.);
#3700 = EDGE_CURVE('',#3669,#3650,#3701,.T.);
#3701 = CIRCLE('',#3702,0.457200914402);
#3702 = AXIS2_PLACEMENT_3D('',#3703,#3704,#3705);
#3703 = CARTESIAN_POINT('',(19.050038100076,-34.67106934213,0.));
#3704 = DIRECTION('',(0.,0.,1.));
#3705 = DIRECTION('',(-1.,-1.110223024625E-16,0.));
#3706 = CYLINDRICAL_SURFACE('',#3707,0.457200914402);
#3707 = AXIS2_PLACEMENT_3D('',#3708,#3709,#3710);
#3708 = CARTESIAN_POINT('',(19.050038100076,-34.67106934213,0.));
#3709 = DIRECTION('',(-0.,-0.,-1.));
#3710 = DIRECTION('',(-1.,-1.110223024625E-16,0.));
#3711 = ADVANCED_FACE('',(#3712),#3748,.F.);
#3712 = FACE_BOUND('',#3713,.T.);
#3713 = EDGE_LOOP('',(#3714,#3724,#3733,#3741));
#3714 = ORIENTED_EDGE('',*,*,#3715,.T.);
#3715 = EDGE_CURVE('',#3716,#3718,#3720,.T.);
#3716 = VERTEX_POINT('',#3717);
#3717 = CARTESIAN_POINT('',(19.507239014478,-37.21107442214,0.));
#3718 = VERTEX_POINT('',#3719);
#3719 = CARTESIAN_POINT('',(19.507239014478,-37.21107442214,
    1.600028244856));
#3720 = LINE('',#3721,#3722);
#3721 = CARTESIAN_POINT('',(19.507239014478,-37.21107442214,0.));
#3722 = VECTOR('',#3723,1.);
#3723 = DIRECTION('',(0.,0.,1.));
#3724 = ORIENTED_EDGE('',*,*,#3725,.T.);
#3725 = EDGE_CURVE('',#3718,#3726,#3728,.T.);
#3726 = VERTEX_POINT('',#3727);
#3727 = CARTESIAN_POINT('',(18.592837185674,-37.21107442214,
    1.600028244856));
#3728 = CIRCLE('',#3729,0.457200914402);
#3729 = AXIS2_PLACEMENT_3D('',#3730,#3731,#3732);
#3730 = CARTESIAN_POINT('',(19.050038100076,-37.21107442214,
    1.600028244856));
#3731 = DIRECTION('',(0.,0.,1.));
#3732 = DIRECTION('',(1.,1.110223024625E-16,-0.));
#3733 = ORIENTED_EDGE('',*,*,#3734,.F.);
#3734 = EDGE_CURVE('',#3735,#3726,#3737,.T.);
#3735 = VERTEX_POINT('',#3736);
#3736 = CARTESIAN_POINT('',(18.592837185674,-37.21107442214,0.));
#3737 = LINE('',#3738,#3739);
#3738 = CARTESIAN_POINT('',(18.592837185674,-37.21107442214,0.));
#3739 = VECTOR('',#3740,1.);
#3740 = DIRECTION('',(0.,0.,1.));
#3741 = ORIENTED_EDGE('',*,*,#3742,.F.);
#3742 = EDGE_CURVE('',#3716,#3735,#3743,.T.);
#3743 = CIRCLE('',#3744,0.457200914402);
#3744 = AXIS2_PLACEMENT_3D('',#3745,#3746,#3747);
#3745 = CARTESIAN_POINT('',(19.050038100076,-37.21107442214,0.));
#3746 = DIRECTION('',(0.,0.,1.));
#3747 = DIRECTION('',(1.,1.110223024625E-16,-0.));
#3748 = CYLINDRICAL_SURFACE('',#3749,0.457200914402);
#3749 = AXIS2_PLACEMENT_3D('',#3750,#3751,#3752);
#3750 = CARTESIAN_POINT('',(19.050038100076,-37.21107442214,0.));
#3751 = DIRECTION('',(-0.,-0.,-1.));
#3752 = DIRECTION('',(1.,1.110223024625E-16,-0.));
#3753 = ADVANCED_FACE('',(#3754),#3772,.F.);
#3754 = FACE_BOUND('',#3755,.T.);
#3755 = EDGE_LOOP('',(#3756,#3757,#3764,#3765));
#3756 = ORIENTED_EDGE('',*,*,#3734,.T.);
#3757 = ORIENTED_EDGE('',*,*,#3758,.T.);
#3758 = EDGE_CURVE('',#3726,#3718,#3759,.T.);
#3759 = CIRCLE('',#3760,0.457200914402);
#3760 = AXIS2_PLACEMENT_3D('',#3761,#3762,#3763);
#3761 = CARTESIAN_POINT('',(19.050038100076,-37.21107442214,
    1.600028244856));
#3762 = DIRECTION('',(0.,0.,1.));
#3763 = DIRECTION('',(-1.,-1.110223024625E-16,0.));
#3764 = ORIENTED_EDGE('',*,*,#3715,.F.);
#3765 = ORIENTED_EDGE('',*,*,#3766,.F.);
#3766 = EDGE_CURVE('',#3735,#3716,#3767,.T.);
#3767 = CIRCLE('',#3768,0.457200914402);
#3768 = AXIS2_PLACEMENT_3D('',#3769,#3770,#3771);
#3769 = CARTESIAN_POINT('',(19.050038100076,-37.21107442214,0.));
#3770 = DIRECTION('',(0.,0.,1.));
#3771 = DIRECTION('',(-1.,-1.110223024625E-16,0.));
#3772 = CYLINDRICAL_SURFACE('',#3773,0.457200914402);
#3773 = AXIS2_PLACEMENT_3D('',#3774,#3775,#3776);
#3774 = CARTESIAN_POINT('',(19.050038100076,-37.21107442214,0.));
#3775 = DIRECTION('',(-0.,-0.,-1.));
#3776 = DIRECTION('',(-1.,-1.110223024625E-16,0.));
#3777 = ADVANCED_FACE('',(#3778),#3814,.F.);
#3778 = FACE_BOUND('',#3779,.T.);
#3779 = EDGE_LOOP('',(#3780,#3790,#3799,#3807));
#3780 = ORIENTED_EDGE('',*,*,#3781,.T.);
#3781 = EDGE_CURVE('',#3782,#3784,#3786,.T.);
#3782 = VERTEX_POINT('',#3783);
#3783 = CARTESIAN_POINT('',(19.507239014478,-39.75107950215,0.));
#3784 = VERTEX_POINT('',#3785);
#3785 = CARTESIAN_POINT('',(19.507239014478,-39.75107950215,
    1.600028244856));
#3786 = LINE('',#3787,#3788);
#3787 = CARTESIAN_POINT('',(19.507239014478,-39.75107950215,0.));
#3788 = VECTOR('',#3789,1.);
#3789 = DIRECTION('',(0.,0.,1.));
#3790 = ORIENTED_EDGE('',*,*,#3791,.T.);
#3791 = EDGE_CURVE('',#3784,#3792,#3794,.T.);
#3792 = VERTEX_POINT('',#3793);
#3793 = CARTESIAN_POINT('',(18.592837185674,-39.75107950215,
    1.600028244856));
#3794 = CIRCLE('',#3795,0.457200914402);
#3795 = AXIS2_PLACEMENT_3D('',#3796,#3797,#3798);
#3796 = CARTESIAN_POINT('',(19.050038100076,-39.75107950215,
    1.600028244856));
#3797 = DIRECTION('',(0.,0.,1.));
#3798 = DIRECTION('',(1.,1.110223024625E-16,-0.));
#3799 = ORIENTED_EDGE('',*,*,#3800,.F.);
#3800 = EDGE_CURVE('',#3801,#3792,#3803,.T.);
#3801 = VERTEX_POINT('',#3802);
#3802 = CARTESIAN_POINT('',(18.592837185674,-39.75107950215,0.));
#3803 = LINE('',#3804,#3805);
#3804 = CARTESIAN_POINT('',(18.592837185674,-39.75107950215,0.));
#3805 = VECTOR('',#3806,1.);
#3806 = DIRECTION('',(0.,0.,1.));
#3807 = ORIENTED_EDGE('',*,*,#3808,.F.);
#3808 = EDGE_CURVE('',#3782,#3801,#3809,.T.);
#3809 = CIRCLE('',#3810,0.457200914402);
#3810 = AXIS2_PLACEMENT_3D('',#3811,#3812,#3813);
#3811 = CARTESIAN_POINT('',(19.050038100076,-39.75107950215,0.));
#3812 = DIRECTION('',(0.,0.,1.));
#3813 = DIRECTION('',(1.,1.110223024625E-16,-0.));
#3814 = CYLINDRICAL_SURFACE('',#3815,0.457200914402);
#3815 = AXIS2_PLACEMENT_3D('',#3816,#3817,#3818);
#3816 = CARTESIAN_POINT('',(19.050038100076,-39.75107950215,0.));
#3817 = DIRECTION('',(-0.,-0.,-1.));
#3818 = DIRECTION('',(1.,1.110223024625E-16,-0.));
#3819 = ADVANCED_FACE('',(#3820),#3838,.F.);
#3820 = FACE_BOUND('',#3821,.T.);
#3821 = EDGE_LOOP('',(#3822,#3823,#3830,#3831));
#3822 = ORIENTED_EDGE('',*,*,#3800,.T.);
#3823 = ORIENTED_EDGE('',*,*,#3824,.T.);
#3824 = EDGE_CURVE('',#3792,#3784,#3825,.T.);
#3825 = CIRCLE('',#3826,0.457200914402);
#3826 = AXIS2_PLACEMENT_3D('',#3827,#3828,#3829);
#3827 = CARTESIAN_POINT('',(19.050038100076,-39.75107950215,
    1.600028244856));
#3828 = DIRECTION('',(0.,0.,1.));
#3829 = DIRECTION('',(-1.,-1.110223024625E-16,0.));
#3830 = ORIENTED_EDGE('',*,*,#3781,.F.);
#3831 = ORIENTED_EDGE('',*,*,#3832,.F.);
#3832 = EDGE_CURVE('',#3801,#3782,#3833,.T.);
#3833 = CIRCLE('',#3834,0.457200914402);
#3834 = AXIS2_PLACEMENT_3D('',#3835,#3836,#3837);
#3835 = CARTESIAN_POINT('',(19.050038100076,-39.75107950215,0.));
#3836 = DIRECTION('',(0.,0.,1.));
#3837 = DIRECTION('',(-1.,-1.110223024625E-16,0.));
#3838 = CYLINDRICAL_SURFACE('',#3839,0.457200914402);
#3839 = AXIS2_PLACEMENT_3D('',#3840,#3841,#3842);
#3840 = CARTESIAN_POINT('',(19.050038100076,-39.75107950215,0.));
#3841 = DIRECTION('',(-0.,-0.,-1.));
#3842 = DIRECTION('',(-1.,-1.110223024625E-16,0.));
#3843 = ADVANCED_FACE('',(#3844),#3880,.F.);
#3844 = FACE_BOUND('',#3845,.T.);
#3845 = EDGE_LOOP('',(#3846,#3856,#3865,#3873));
#3846 = ORIENTED_EDGE('',*,*,#3847,.T.);
#3847 = EDGE_CURVE('',#3848,#3850,#3852,.T.);
#3848 = VERTEX_POINT('',#3849);
#3849 = CARTESIAN_POINT('',(19.507239014478,-14.35102870205,0.));
#3850 = VERTEX_POINT('',#3851);
#3851 = CARTESIAN_POINT('',(19.507239014478,-14.35102870205,
    1.600028244856));
#3852 = LINE('',#3853,#3854);
#3853 = CARTESIAN_POINT('',(19.507239014478,-14.35102870205,0.));
#3854 = VECTOR('',#3855,1.);
#3855 = DIRECTION('',(0.,0.,1.));
#3856 = ORIENTED_EDGE('',*,*,#3857,.T.);
#3857 = EDGE_CURVE('',#3850,#3858,#3860,.T.);
#3858 = VERTEX_POINT('',#3859);
#3859 = CARTESIAN_POINT('',(18.592837185674,-14.35102870205,
    1.600028244856));
#3860 = CIRCLE('',#3861,0.457200914402);
#3861 = AXIS2_PLACEMENT_3D('',#3862,#3863,#3864);
#3862 = CARTESIAN_POINT('',(19.050038100076,-14.35102870205,
    1.600028244856));
#3863 = DIRECTION('',(0.,0.,1.));
#3864 = DIRECTION('',(1.,1.110223024625E-16,-0.));
#3865 = ORIENTED_EDGE('',*,*,#3866,.F.);
#3866 = EDGE_CURVE('',#3867,#3858,#3869,.T.);
#3867 = VERTEX_POINT('',#3868);
#3868 = CARTESIAN_POINT('',(18.592837185674,-14.35102870205,0.));
#3869 = LINE('',#3870,#3871);
#3870 = CARTESIAN_POINT('',(18.592837185674,-14.35102870205,0.));
#3871 = VECTOR('',#3872,1.);
#3872 = DIRECTION('',(0.,0.,1.));
#3873 = ORIENTED_EDGE('',*,*,#3874,.F.);
#3874 = EDGE_CURVE('',#3848,#3867,#3875,.T.);
#3875 = CIRCLE('',#3876,0.457200914402);
#3876 = AXIS2_PLACEMENT_3D('',#3877,#3878,#3879);
#3877 = CARTESIAN_POINT('',(19.050038100076,-14.35102870205,0.));
#3878 = DIRECTION('',(0.,0.,1.));
#3879 = DIRECTION('',(1.,1.110223024625E-16,-0.));
#3880 = CYLINDRICAL_SURFACE('',#3881,0.457200914402);
#3881 = AXIS2_PLACEMENT_3D('',#3882,#3883,#3884);
#3882 = CARTESIAN_POINT('',(19.050038100076,-14.35102870205,0.));
#3883 = DIRECTION('',(-0.,-0.,-1.));
#3884 = DIRECTION('',(1.,1.110223024625E-16,-0.));
#3885 = ADVANCED_FACE('',(#3886),#3904,.F.);
#3886 = FACE_BOUND('',#3887,.T.);
#3887 = EDGE_LOOP('',(#3888,#3889,#3896,#3897));
#3888 = ORIENTED_EDGE('',*,*,#3866,.T.);
#3889 = ORIENTED_EDGE('',*,*,#3890,.T.);
#3890 = EDGE_CURVE('',#3858,#3850,#3891,.T.);
#3891 = CIRCLE('',#3892,0.457200914402);
#3892 = AXIS2_PLACEMENT_3D('',#3893,#3894,#3895);
#3893 = CARTESIAN_POINT('',(19.050038100076,-14.35102870205,
    1.600028244856));
#3894 = DIRECTION('',(0.,0.,1.));
#3895 = DIRECTION('',(-1.,-1.110223024625E-16,0.));
#3896 = ORIENTED_EDGE('',*,*,#3847,.F.);
#3897 = ORIENTED_EDGE('',*,*,#3898,.F.);
#3898 = EDGE_CURVE('',#3867,#3848,#3899,.T.);
#3899 = CIRCLE('',#3900,0.457200914402);
#3900 = AXIS2_PLACEMENT_3D('',#3901,#3902,#3903);
#3901 = CARTESIAN_POINT('',(19.050038100076,-14.35102870205,0.));
#3902 = DIRECTION('',(0.,0.,1.));
#3903 = DIRECTION('',(-1.,-1.110223024625E-16,0.));
#3904 = CYLINDRICAL_SURFACE('',#3905,0.457200914402);
#3905 = AXIS2_PLACEMENT_3D('',#3906,#3907,#3908);
#3906 = CARTESIAN_POINT('',(19.050038100076,-14.35102870205,0.));
#3907 = DIRECTION('',(-0.,-0.,-1.));
#3908 = DIRECTION('',(-1.,-1.110223024625E-16,0.));
#3909 = ADVANCED_FACE('',(#3910),#3946,.F.);
#3910 = FACE_BOUND('',#3911,.T.);
#3911 = EDGE_LOOP('',(#3912,#3922,#3931,#3939));
#3912 = ORIENTED_EDGE('',*,*,#3913,.T.);
#3913 = EDGE_CURVE('',#3914,#3916,#3918,.T.);
#3914 = VERTEX_POINT('',#3915);
#3915 = CARTESIAN_POINT('',(19.507239014478,-16.89103378206,0.));
#3916 = VERTEX_POINT('',#3917);
#3917 = CARTESIAN_POINT('',(19.507239014478,-16.89103378206,
    1.600028244856));
#3918 = LINE('',#3919,#3920);
#3919 = CARTESIAN_POINT('',(19.507239014478,-16.89103378206,0.));
#3920 = VECTOR('',#3921,1.);
#3921 = DIRECTION('',(0.,0.,1.));
#3922 = ORIENTED_EDGE('',*,*,#3923,.T.);
#3923 = EDGE_CURVE('',#3916,#3924,#3926,.T.);
#3924 = VERTEX_POINT('',#3925);
#3925 = CARTESIAN_POINT('',(18.592837185674,-16.89103378206,
    1.600028244856));
#3926 = CIRCLE('',#3927,0.457200914402);
#3927 = AXIS2_PLACEMENT_3D('',#3928,#3929,#3930);
#3928 = CARTESIAN_POINT('',(19.050038100076,-16.89103378206,
    1.600028244856));
#3929 = DIRECTION('',(0.,0.,1.));
#3930 = DIRECTION('',(1.,1.110223024625E-16,-0.));
#3931 = ORIENTED_EDGE('',*,*,#3932,.F.);
#3932 = EDGE_CURVE('',#3933,#3924,#3935,.T.);
#3933 = VERTEX_POINT('',#3934);
#3934 = CARTESIAN_POINT('',(18.592837185674,-16.89103378206,0.));
#3935 = LINE('',#3936,#3937);
#3936 = CARTESIAN_POINT('',(18.592837185674,-16.89103378206,0.));
#3937 = VECTOR('',#3938,1.);
#3938 = DIRECTION('',(0.,0.,1.));
#3939 = ORIENTED_EDGE('',*,*,#3940,.F.);
#3940 = EDGE_CURVE('',#3914,#3933,#3941,.T.);
#3941 = CIRCLE('',#3942,0.457200914402);
#3942 = AXIS2_PLACEMENT_3D('',#3943,#3944,#3945);
#3943 = CARTESIAN_POINT('',(19.050038100076,-16.89103378206,0.));
#3944 = DIRECTION('',(0.,0.,1.));
#3945 = DIRECTION('',(1.,1.110223024625E-16,-0.));
#3946 = CYLINDRICAL_SURFACE('',#3947,0.457200914402);
#3947 = AXIS2_PLACEMENT_3D('',#3948,#3949,#3950);
#3948 = CARTESIAN_POINT('',(19.050038100076,-16.89103378206,0.));
#3949 = DIRECTION('',(-0.,-0.,-1.));
#3950 = DIRECTION('',(1.,1.110223024625E-16,-0.));
#3951 = ADVANCED_FACE('',(#3952),#3970,.F.);
#3952 = FACE_BOUND('',#3953,.T.);
#3953 = EDGE_LOOP('',(#3954,#3955,#3962,#3963));
#3954 = ORIENTED_EDGE('',*,*,#3932,.T.);
#3955 = ORIENTED_EDGE('',*,*,#3956,.T.);
#3956 = EDGE_CURVE('',#3924,#3916,#3957,.T.);
#3957 = CIRCLE('',#3958,0.457200914402);
#3958 = AXIS2_PLACEMENT_3D('',#3959,#3960,#3961);
#3959 = CARTESIAN_POINT('',(19.050038100076,-16.89103378206,
    1.600028244856));
#3960 = DIRECTION('',(0.,0.,1.));
#3961 = DIRECTION('',(-1.,-1.110223024625E-16,0.));
#3962 = ORIENTED_EDGE('',*,*,#3913,.F.);
#3963 = ORIENTED_EDGE('',*,*,#3964,.F.);
#3964 = EDGE_CURVE('',#3933,#3914,#3965,.T.);
#3965 = CIRCLE('',#3966,0.457200914402);
#3966 = AXIS2_PLACEMENT_3D('',#3967,#3968,#3969);
#3967 = CARTESIAN_POINT('',(19.050038100076,-16.89103378206,0.));
#3968 = DIRECTION('',(0.,0.,1.));
#3969 = DIRECTION('',(-1.,-1.110223024625E-16,0.));
#3970 = CYLINDRICAL_SURFACE('',#3971,0.457200914402);
#3971 = AXIS2_PLACEMENT_3D('',#3972,#3973,#3974);
#3972 = CARTESIAN_POINT('',(19.050038100076,-16.89103378206,0.));
#3973 = DIRECTION('',(-0.,-0.,-1.));
#3974 = DIRECTION('',(-1.,-1.110223024625E-16,0.));
#3975 = ADVANCED_FACE('',(#3976),#4012,.F.);
#3976 = FACE_BOUND('',#3977,.T.);
#3977 = EDGE_LOOP('',(#3978,#3988,#3997,#4005));
#3978 = ORIENTED_EDGE('',*,*,#3979,.T.);
#3979 = EDGE_CURVE('',#3980,#3982,#3984,.T.);
#3980 = VERTEX_POINT('',#3981);
#3981 = CARTESIAN_POINT('',(19.507239014478,-19.43103886207,0.));
#3982 = VERTEX_POINT('',#3983);
#3983 = CARTESIAN_POINT('',(19.507239014478,-19.43103886207,
    1.600028244856));
#3984 = LINE('',#3985,#3986);
#3985 = CARTESIAN_POINT('',(19.507239014478,-19.43103886207,0.));
#3986 = VECTOR('',#3987,1.);
#3987 = DIRECTION('',(0.,0.,1.));
#3988 = ORIENTED_EDGE('',*,*,#3989,.T.);
#3989 = EDGE_CURVE('',#3982,#3990,#3992,.T.);
#3990 = VERTEX_POINT('',#3991);
#3991 = CARTESIAN_POINT('',(18.592837185674,-19.43103886207,
    1.600028244856));
#3992 = CIRCLE('',#3993,0.457200914402);
#3993 = AXIS2_PLACEMENT_3D('',#3994,#3995,#3996);
#3994 = CARTESIAN_POINT('',(19.050038100076,-19.43103886207,
    1.600028244856));
#3995 = DIRECTION('',(0.,0.,1.));
#3996 = DIRECTION('',(1.,1.110223024625E-16,-0.));
#3997 = ORIENTED_EDGE('',*,*,#3998,.F.);
#3998 = EDGE_CURVE('',#3999,#3990,#4001,.T.);
#3999 = VERTEX_POINT('',#4000);
#4000 = CARTESIAN_POINT('',(18.592837185674,-19.43103886207,0.));
#4001 = LINE('',#4002,#4003);
#4002 = CARTESIAN_POINT('',(18.592837185674,-19.43103886207,0.));
#4003 = VECTOR('',#4004,1.);
#4004 = DIRECTION('',(0.,0.,1.));
#4005 = ORIENTED_EDGE('',*,*,#4006,.F.);
#4006 = EDGE_CURVE('',#3980,#3999,#4007,.T.);
#4007 = CIRCLE('',#4008,0.457200914402);
#4008 = AXIS2_PLACEMENT_3D('',#4009,#4010,#4011);
#4009 = CARTESIAN_POINT('',(19.050038100076,-19.43103886207,0.));
#4010 = DIRECTION('',(0.,0.,1.));
#4011 = DIRECTION('',(1.,1.110223024625E-16,-0.));
#4012 = CYLINDRICAL_SURFACE('',#4013,0.457200914402);
#4013 = AXIS2_PLACEMENT_3D('',#4014,#4015,#4016);
#4014 = CARTESIAN_POINT('',(19.050038100076,-19.43103886207,0.));
#4015 = DIRECTION('',(-0.,-0.,-1.));
#4016 = DIRECTION('',(1.,1.110223024625E-16,-0.));
#4017 = ADVANCED_FACE('',(#4018),#4036,.F.);
#4018 = FACE_BOUND('',#4019,.T.);
#4019 = EDGE_LOOP('',(#4020,#4021,#4028,#4029));
#4020 = ORIENTED_EDGE('',*,*,#3998,.T.);
#4021 = ORIENTED_EDGE('',*,*,#4022,.T.);
#4022 = EDGE_CURVE('',#3990,#3982,#4023,.T.);
#4023 = CIRCLE('',#4024,0.457200914402);
#4024 = AXIS2_PLACEMENT_3D('',#4025,#4026,#4027);
#4025 = CARTESIAN_POINT('',(19.050038100076,-19.43103886207,
    1.600028244856));
#4026 = DIRECTION('',(0.,0.,1.));
#4027 = DIRECTION('',(-1.,-1.110223024625E-16,0.));
#4028 = ORIENTED_EDGE('',*,*,#3979,.F.);
#4029 = ORIENTED_EDGE('',*,*,#4030,.F.);
#4030 = EDGE_CURVE('',#3999,#3980,#4031,.T.);
#4031 = CIRCLE('',#4032,0.457200914402);
#4032 = AXIS2_PLACEMENT_3D('',#4033,#4034,#4035);
#4033 = CARTESIAN_POINT('',(19.050038100076,-19.43103886207,0.));
#4034 = DIRECTION('',(0.,0.,1.));
#4035 = DIRECTION('',(-1.,-1.110223024625E-16,0.));
#4036 = CYLINDRICAL_SURFACE('',#4037,0.457200914402);
#4037 = AXIS2_PLACEMENT_3D('',#4038,#4039,#4040);
#4038 = CARTESIAN_POINT('',(19.050038100076,-19.43103886207,0.));
#4039 = DIRECTION('',(-0.,-0.,-1.));
#4040 = DIRECTION('',(-1.,-1.110223024625E-16,0.));
#4041 = ADVANCED_FACE('',(#4042),#4078,.F.);
#4042 = FACE_BOUND('',#4043,.T.);
#4043 = EDGE_LOOP('',(#4044,#4054,#4063,#4071));
#4044 = ORIENTED_EDGE('',*,*,#4045,.T.);
#4045 = EDGE_CURVE('',#4046,#4048,#4050,.T.);
#4046 = VERTEX_POINT('',#4047);
#4047 = CARTESIAN_POINT('',(19.507239014478,-42.29108458216,0.));
#4048 = VERTEX_POINT('',#4049);
#4049 = CARTESIAN_POINT('',(19.507239014478,-42.29108458216,
    1.600028244856));
#4050 = LINE('',#4051,#4052);
#4051 = CARTESIAN_POINT('',(19.507239014478,-42.29108458216,0.));
#4052 = VECTOR('',#4053,1.);
#4053 = DIRECTION('',(0.,0.,1.));
#4054 = ORIENTED_EDGE('',*,*,#4055,.T.);
#4055 = EDGE_CURVE('',#4048,#4056,#4058,.T.);
#4056 = VERTEX_POINT('',#4057);
#4057 = CARTESIAN_POINT('',(18.592837185674,-42.29108458216,
    1.600028244856));
#4058 = CIRCLE('',#4059,0.457200914402);
#4059 = AXIS2_PLACEMENT_3D('',#4060,#4061,#4062);
#4060 = CARTESIAN_POINT('',(19.050038100076,-42.29108458216,
    1.600028244856));
#4061 = DIRECTION('',(0.,0.,1.));
#4062 = DIRECTION('',(1.,1.110223024625E-16,-0.));
#4063 = ORIENTED_EDGE('',*,*,#4064,.F.);
#4064 = EDGE_CURVE('',#4065,#4056,#4067,.T.);
#4065 = VERTEX_POINT('',#4066);
#4066 = CARTESIAN_POINT('',(18.592837185674,-42.29108458216,0.));
#4067 = LINE('',#4068,#4069);
#4068 = CARTESIAN_POINT('',(18.592837185674,-42.29108458216,0.));
#4069 = VECTOR('',#4070,1.);
#4070 = DIRECTION('',(0.,0.,1.));
#4071 = ORIENTED_EDGE('',*,*,#4072,.F.);
#4072 = EDGE_CURVE('',#4046,#4065,#4073,.T.);
#4073 = CIRCLE('',#4074,0.457200914402);
#4074 = AXIS2_PLACEMENT_3D('',#4075,#4076,#4077);
#4075 = CARTESIAN_POINT('',(19.050038100076,-42.29108458216,0.));
#4076 = DIRECTION('',(0.,0.,1.));
#4077 = DIRECTION('',(1.,1.110223024625E-16,-0.));
#4078 = CYLINDRICAL_SURFACE('',#4079,0.457200914402);
#4079 = AXIS2_PLACEMENT_3D('',#4080,#4081,#4082);
#4080 = CARTESIAN_POINT('',(19.050038100076,-42.29108458216,0.));
#4081 = DIRECTION('',(-0.,-0.,-1.));
#4082 = DIRECTION('',(1.,1.110223024625E-16,-0.));
#4083 = ADVANCED_FACE('',(#4084),#4102,.F.);
#4084 = FACE_BOUND('',#4085,.T.);
#4085 = EDGE_LOOP('',(#4086,#4087,#4094,#4095));
#4086 = ORIENTED_EDGE('',*,*,#4064,.T.);
#4087 = ORIENTED_EDGE('',*,*,#4088,.T.);
#4088 = EDGE_CURVE('',#4056,#4048,#4089,.T.);
#4089 = CIRCLE('',#4090,0.457200914402);
#4090 = AXIS2_PLACEMENT_3D('',#4091,#4092,#4093);
#4091 = CARTESIAN_POINT('',(19.050038100076,-42.29108458216,
    1.600028244856));
#4092 = DIRECTION('',(0.,0.,1.));
#4093 = DIRECTION('',(-1.,-1.110223024625E-16,0.));
#4094 = ORIENTED_EDGE('',*,*,#4045,.F.);
#4095 = ORIENTED_EDGE('',*,*,#4096,.F.);
#4096 = EDGE_CURVE('',#4065,#4046,#4097,.T.);
#4097 = CIRCLE('',#4098,0.457200914402);
#4098 = AXIS2_PLACEMENT_3D('',#4099,#4100,#4101);
#4099 = CARTESIAN_POINT('',(19.050038100076,-42.29108458216,0.));
#4100 = DIRECTION('',(0.,0.,1.));
#4101 = DIRECTION('',(-1.,-1.110223024625E-16,0.));
#4102 = CYLINDRICAL_SURFACE('',#4103,0.457200914402);
#4103 = AXIS2_PLACEMENT_3D('',#4104,#4105,#4106);
#4104 = CARTESIAN_POINT('',(19.050038100076,-42.29108458216,0.));
#4105 = DIRECTION('',(-0.,-0.,-1.));
#4106 = DIRECTION('',(-1.,-1.110223024625E-16,0.));
#4107 = ADVANCED_FACE('',(#4108),#4144,.F.);
#4108 = FACE_BOUND('',#4109,.T.);
#4109 = EDGE_LOOP('',(#4110,#4120,#4129,#4137));
#4110 = ORIENTED_EDGE('',*,*,#4111,.T.);
#4111 = EDGE_CURVE('',#4112,#4114,#4116,.T.);
#4112 = VERTEX_POINT('',#4113);
#4113 = CARTESIAN_POINT('',(19.507239014478,-44.83108966217,0.));
#4114 = VERTEX_POINT('',#4115);
#4115 = CARTESIAN_POINT('',(19.507239014478,-44.83108966217,
    1.600028244856));
#4116 = LINE('',#4117,#4118);
#4117 = CARTESIAN_POINT('',(19.507239014478,-44.83108966217,0.));
#4118 = VECTOR('',#4119,1.);
#4119 = DIRECTION('',(0.,0.,1.));
#4120 = ORIENTED_EDGE('',*,*,#4121,.T.);
#4121 = EDGE_CURVE('',#4114,#4122,#4124,.T.);
#4122 = VERTEX_POINT('',#4123);
#4123 = CARTESIAN_POINT('',(18.592837185674,-44.83108966217,
    1.600028244856));
#4124 = CIRCLE('',#4125,0.457200914402);
#4125 = AXIS2_PLACEMENT_3D('',#4126,#4127,#4128);
#4126 = CARTESIAN_POINT('',(19.050038100076,-44.83108966217,
    1.600028244856));
#4127 = DIRECTION('',(0.,0.,1.));
#4128 = DIRECTION('',(1.,1.110223024625E-16,-0.));
#4129 = ORIENTED_EDGE('',*,*,#4130,.F.);
#4130 = EDGE_CURVE('',#4131,#4122,#4133,.T.);
#4131 = VERTEX_POINT('',#4132);
#4132 = CARTESIAN_POINT('',(18.592837185674,-44.83108966217,0.));
#4133 = LINE('',#4134,#4135);
#4134 = CARTESIAN_POINT('',(18.592837185674,-44.83108966217,0.));
#4135 = VECTOR('',#4136,1.);
#4136 = DIRECTION('',(0.,0.,1.));
#4137 = ORIENTED_EDGE('',*,*,#4138,.F.);
#4138 = EDGE_CURVE('',#4112,#4131,#4139,.T.);
#4139 = CIRCLE('',#4140,0.457200914402);
#4140 = AXIS2_PLACEMENT_3D('',#4141,#4142,#4143);
#4141 = CARTESIAN_POINT('',(19.050038100076,-44.83108966217,0.));
#4142 = DIRECTION('',(0.,0.,1.));
#4143 = DIRECTION('',(1.,1.110223024625E-16,-0.));
#4144 = CYLINDRICAL_SURFACE('',#4145,0.457200914402);
#4145 = AXIS2_PLACEMENT_3D('',#4146,#4147,#4148);
#4146 = CARTESIAN_POINT('',(19.050038100076,-44.83108966217,0.));
#4147 = DIRECTION('',(-0.,-0.,-1.));
#4148 = DIRECTION('',(1.,1.110223024625E-16,-0.));
#4149 = ADVANCED_FACE('',(#4150),#4168,.F.);
#4150 = FACE_BOUND('',#4151,.T.);
#4151 = EDGE_LOOP('',(#4152,#4153,#4160,#4161));
#4152 = ORIENTED_EDGE('',*,*,#4130,.T.);
#4153 = ORIENTED_EDGE('',*,*,#4154,.T.);
#4154 = EDGE_CURVE('',#4122,#4114,#4155,.T.);
#4155 = CIRCLE('',#4156,0.457200914402);
#4156 = AXIS2_PLACEMENT_3D('',#4157,#4158,#4159);
#4157 = CARTESIAN_POINT('',(19.050038100076,-44.83108966217,
    1.600028244856));
#4158 = DIRECTION('',(0.,0.,1.));
#4159 = DIRECTION('',(-1.,-1.110223024625E-16,0.));
#4160 = ORIENTED_EDGE('',*,*,#4111,.F.);
#4161 = ORIENTED_EDGE('',*,*,#4162,.F.);
#4162 = EDGE_CURVE('',#4131,#4112,#4163,.T.);
#4163 = CIRCLE('',#4164,0.457200914402);
#4164 = AXIS2_PLACEMENT_3D('',#4165,#4166,#4167);
#4165 = CARTESIAN_POINT('',(19.050038100076,-44.83108966217,0.));
#4166 = DIRECTION('',(0.,0.,1.));
#4167 = DIRECTION('',(-1.,-1.110223024625E-16,0.));
#4168 = CYLINDRICAL_SURFACE('',#4169,0.457200914402);
#4169 = AXIS2_PLACEMENT_3D('',#4170,#4171,#4172);
#4170 = CARTESIAN_POINT('',(19.050038100076,-44.83108966217,0.));
#4171 = DIRECTION('',(-0.,-0.,-1.));
#4172 = DIRECTION('',(-1.,-1.110223024625E-16,0.));
#4173 = ADVANCED_FACE('',(#4174),#4210,.F.);
#4174 = FACE_BOUND('',#4175,.T.);
#4175 = EDGE_LOOP('',(#4176,#4186,#4195,#4203));
#4176 = ORIENTED_EDGE('',*,*,#4177,.T.);
#4177 = EDGE_CURVE('',#4178,#4180,#4182,.T.);
#4178 = VERTEX_POINT('',#4179);
#4179 = CARTESIAN_POINT('',(19.507239014478,-47.37109474218,0.));
#4180 = VERTEX_POINT('',#4181);
#4181 = CARTESIAN_POINT('',(19.507239014478,-47.37109474218,
    1.600028244856));
#4182 = LINE('',#4183,#4184);
#4183 = CARTESIAN_POINT('',(19.507239014478,-47.37109474218,0.));
#4184 = VECTOR('',#4185,1.);
#4185 = DIRECTION('',(0.,0.,1.));
#4186 = ORIENTED_EDGE('',*,*,#4187,.T.);
#4187 = EDGE_CURVE('',#4180,#4188,#4190,.T.);
#4188 = VERTEX_POINT('',#4189);
#4189 = CARTESIAN_POINT('',(18.592837185674,-47.37109474218,
    1.600028244856));
#4190 = CIRCLE('',#4191,0.457200914402);
#4191 = AXIS2_PLACEMENT_3D('',#4192,#4193,#4194);
#4192 = CARTESIAN_POINT('',(19.050038100076,-47.37109474218,
    1.600028244856));
#4193 = DIRECTION('',(0.,0.,1.));
#4194 = DIRECTION('',(1.,1.110223024625E-16,-0.));
#4195 = ORIENTED_EDGE('',*,*,#4196,.F.);
#4196 = EDGE_CURVE('',#4197,#4188,#4199,.T.);
#4197 = VERTEX_POINT('',#4198);
#4198 = CARTESIAN_POINT('',(18.592837185674,-47.37109474218,0.));
#4199 = LINE('',#4200,#4201);
#4200 = CARTESIAN_POINT('',(18.592837185674,-47.37109474218,0.));
#4201 = VECTOR('',#4202,1.);
#4202 = DIRECTION('',(0.,0.,1.));
#4203 = ORIENTED_EDGE('',*,*,#4204,.F.);
#4204 = EDGE_CURVE('',#4178,#4197,#4205,.T.);
#4205 = CIRCLE('',#4206,0.457200914402);
#4206 = AXIS2_PLACEMENT_3D('',#4207,#4208,#4209);
#4207 = CARTESIAN_POINT('',(19.050038100076,-47.37109474218,0.));
#4208 = DIRECTION('',(0.,0.,1.));
#4209 = DIRECTION('',(1.,1.110223024625E-16,-0.));
#4210 = CYLINDRICAL_SURFACE('',#4211,0.457200914402);
#4211 = AXIS2_PLACEMENT_3D('',#4212,#4213,#4214);
#4212 = CARTESIAN_POINT('',(19.050038100076,-47.37109474218,0.));
#4213 = DIRECTION('',(-0.,-0.,-1.));
#4214 = DIRECTION('',(1.,1.110223024625E-16,-0.));
#4215 = ADVANCED_FACE('',(#4216),#4234,.F.);
#4216 = FACE_BOUND('',#4217,.T.);
#4217 = EDGE_LOOP('',(#4218,#4219,#4226,#4227));
#4218 = ORIENTED_EDGE('',*,*,#4196,.T.);
#4219 = ORIENTED_EDGE('',*,*,#4220,.T.);
#4220 = EDGE_CURVE('',#4188,#4180,#4221,.T.);
#4221 = CIRCLE('',#4222,0.457200914402);
#4222 = AXIS2_PLACEMENT_3D('',#4223,#4224,#4225);
#4223 = CARTESIAN_POINT('',(19.050038100076,-47.37109474218,
    1.600028244856));
#4224 = DIRECTION('',(0.,0.,1.));
#4225 = DIRECTION('',(-1.,-1.110223024625E-16,0.));
#4226 = ORIENTED_EDGE('',*,*,#4177,.F.);
#4227 = ORIENTED_EDGE('',*,*,#4228,.F.);
#4228 = EDGE_CURVE('',#4197,#4178,#4229,.T.);
#4229 = CIRCLE('',#4230,0.457200914402);
#4230 = AXIS2_PLACEMENT_3D('',#4231,#4232,#4233);
#4231 = CARTESIAN_POINT('',(19.050038100076,-47.37109474218,0.));
#4232 = DIRECTION('',(0.,0.,1.));
#4233 = DIRECTION('',(-1.,-1.110223024625E-16,0.));
#4234 = CYLINDRICAL_SURFACE('',#4235,0.457200914402);
#4235 = AXIS2_PLACEMENT_3D('',#4236,#4237,#4238);
#4236 = CARTESIAN_POINT('',(19.050038100076,-47.37109474218,0.));
#4237 = DIRECTION('',(-0.,-0.,-1.));
#4238 = DIRECTION('',(-1.,-1.110223024625E-16,0.));
#4239 = ADVANCED_FACE('',(#4240),#4276,.F.);
#4240 = FACE_BOUND('',#4241,.T.);
#4241 = EDGE_LOOP('',(#4242,#4252,#4261,#4269));
#4242 = ORIENTED_EDGE('',*,*,#4243,.T.);
#4243 = EDGE_CURVE('',#4244,#4246,#4248,.T.);
#4244 = VERTEX_POINT('',#4245);
#4245 = CARTESIAN_POINT('',(19.507239014478,-49.9110998222,0.));
#4246 = VERTEX_POINT('',#4247);
#4247 = CARTESIAN_POINT('',(19.507239014478,-49.9110998222,
    1.600028244856));
#4248 = LINE('',#4249,#4250);
#4249 = CARTESIAN_POINT('',(19.507239014478,-49.9110998222,0.));
#4250 = VECTOR('',#4251,1.);
#4251 = DIRECTION('',(0.,0.,1.));
#4252 = ORIENTED_EDGE('',*,*,#4253,.T.);
#4253 = EDGE_CURVE('',#4246,#4254,#4256,.T.);
#4254 = VERTEX_POINT('',#4255);
#4255 = CARTESIAN_POINT('',(18.592837185674,-49.9110998222,
    1.600028244856));
#4256 = CIRCLE('',#4257,0.457200914402);
#4257 = AXIS2_PLACEMENT_3D('',#4258,#4259,#4260);
#4258 = CARTESIAN_POINT('',(19.050038100076,-49.9110998222,
    1.600028244856));
#4259 = DIRECTION('',(0.,0.,1.));
#4260 = DIRECTION('',(1.,1.110223024625E-16,-0.));
#4261 = ORIENTED_EDGE('',*,*,#4262,.F.);
#4262 = EDGE_CURVE('',#4263,#4254,#4265,.T.);
#4263 = VERTEX_POINT('',#4264);
#4264 = CARTESIAN_POINT('',(18.592837185674,-49.9110998222,0.));
#4265 = LINE('',#4266,#4267);
#4266 = CARTESIAN_POINT('',(18.592837185674,-49.9110998222,0.));
#4267 = VECTOR('',#4268,1.);
#4268 = DIRECTION('',(0.,0.,1.));
#4269 = ORIENTED_EDGE('',*,*,#4270,.F.);
#4270 = EDGE_CURVE('',#4244,#4263,#4271,.T.);
#4271 = CIRCLE('',#4272,0.457200914402);
#4272 = AXIS2_PLACEMENT_3D('',#4273,#4274,#4275);
#4273 = CARTESIAN_POINT('',(19.050038100076,-49.9110998222,0.));
#4274 = DIRECTION('',(0.,0.,1.));
#4275 = DIRECTION('',(1.,1.110223024625E-16,-0.));
#4276 = CYLINDRICAL_SURFACE('',#4277,0.457200914402);
#4277 = AXIS2_PLACEMENT_3D('',#4278,#4279,#4280);
#4278 = CARTESIAN_POINT('',(19.050038100076,-49.9110998222,0.));
#4279 = DIRECTION('',(-0.,-0.,-1.));
#4280 = DIRECTION('',(1.,1.110223024625E-16,-0.));
#4281 = ADVANCED_FACE('',(#4282),#4300,.F.);
#4282 = FACE_BOUND('',#4283,.T.);
#4283 = EDGE_LOOP('',(#4284,#4285,#4292,#4293));
#4284 = ORIENTED_EDGE('',*,*,#4262,.T.);
#4285 = ORIENTED_EDGE('',*,*,#4286,.T.);
#4286 = EDGE_CURVE('',#4254,#4246,#4287,.T.);
#4287 = CIRCLE('',#4288,0.457200914402);
#4288 = AXIS2_PLACEMENT_3D('',#4289,#4290,#4291);
#4289 = CARTESIAN_POINT('',(19.050038100076,-49.9110998222,
    1.600028244856));
#4290 = DIRECTION('',(0.,0.,1.));
#4291 = DIRECTION('',(-1.,-1.110223024625E-16,0.));
#4292 = ORIENTED_EDGE('',*,*,#4243,.F.);
#4293 = ORIENTED_EDGE('',*,*,#4294,.F.);
#4294 = EDGE_CURVE('',#4263,#4244,#4295,.T.);
#4295 = CIRCLE('',#4296,0.457200914402);
#4296 = AXIS2_PLACEMENT_3D('',#4297,#4298,#4299);
#4297 = CARTESIAN_POINT('',(19.050038100076,-49.9110998222,0.));
#4298 = DIRECTION('',(0.,0.,1.));
#4299 = DIRECTION('',(-1.,-1.110223024625E-16,0.));
#4300 = CYLINDRICAL_SURFACE('',#4301,0.457200914402);
#4301 = AXIS2_PLACEMENT_3D('',#4302,#4303,#4304);
#4302 = CARTESIAN_POINT('',(19.050038100076,-49.9110998222,0.));
#4303 = DIRECTION('',(-0.,-0.,-1.));
#4304 = DIRECTION('',(-1.,-1.110223024625E-16,0.));
#4305 = ADVANCED_FACE('',(#4306),#4342,.F.);
#4306 = FACE_BOUND('',#4307,.T.);
#4307 = EDGE_LOOP('',(#4308,#4318,#4327,#4335));
#4308 = ORIENTED_EDGE('',*,*,#4309,.T.);
#4309 = EDGE_CURVE('',#4310,#4312,#4314,.T.);
#4310 = VERTEX_POINT('',#4311);
#4311 = CARTESIAN_POINT('',(19.507239014478,-52.45110490221,0.));
#4312 = VERTEX_POINT('',#4313);
#4313 = CARTESIAN_POINT('',(19.507239014478,-52.45110490221,
    1.600028244856));
#4314 = LINE('',#4315,#4316);
#4315 = CARTESIAN_POINT('',(19.507239014478,-52.45110490221,0.));
#4316 = VECTOR('',#4317,1.);
#4317 = DIRECTION('',(0.,0.,1.));
#4318 = ORIENTED_EDGE('',*,*,#4319,.T.);
#4319 = EDGE_CURVE('',#4312,#4320,#4322,.T.);
#4320 = VERTEX_POINT('',#4321);
#4321 = CARTESIAN_POINT('',(18.592837185674,-52.45110490221,
    1.600028244856));
#4322 = CIRCLE('',#4323,0.457200914402);
#4323 = AXIS2_PLACEMENT_3D('',#4324,#4325,#4326);
#4324 = CARTESIAN_POINT('',(19.050038100076,-52.45110490221,
    1.600028244856));
#4325 = DIRECTION('',(0.,0.,1.));
#4326 = DIRECTION('',(1.,1.110223024625E-16,-0.));
#4327 = ORIENTED_EDGE('',*,*,#4328,.F.);
#4328 = EDGE_CURVE('',#4329,#4320,#4331,.T.);
#4329 = VERTEX_POINT('',#4330);
#4330 = CARTESIAN_POINT('',(18.592837185674,-52.45110490221,0.));
#4331 = LINE('',#4332,#4333);
#4332 = CARTESIAN_POINT('',(18.592837185674,-52.45110490221,0.));
#4333 = VECTOR('',#4334,1.);
#4334 = DIRECTION('',(0.,0.,1.));
#4335 = ORIENTED_EDGE('',*,*,#4336,.F.);
#4336 = EDGE_CURVE('',#4310,#4329,#4337,.T.);
#4337 = CIRCLE('',#4338,0.457200914402);
#4338 = AXIS2_PLACEMENT_3D('',#4339,#4340,#4341);
#4339 = CARTESIAN_POINT('',(19.050038100076,-52.45110490221,0.));
#4340 = DIRECTION('',(0.,0.,1.));
#4341 = DIRECTION('',(1.,1.110223024625E-16,-0.));
#4342 = CYLINDRICAL_SURFACE('',#4343,0.457200914402);
#4343 = AXIS2_PLACEMENT_3D('',#4344,#4345,#4346);
#4344 = CARTESIAN_POINT('',(19.050038100076,-52.45110490221,0.));
#4345 = DIRECTION('',(-0.,-0.,-1.));
#4346 = DIRECTION('',(1.,1.110223024625E-16,-0.));
#4347 = ADVANCED_FACE('',(#4348),#4366,.F.);
#4348 = FACE_BOUND('',#4349,.T.);
#4349 = EDGE_LOOP('',(#4350,#4351,#4358,#4359));
#4350 = ORIENTED_EDGE('',*,*,#4328,.T.);
#4351 = ORIENTED_EDGE('',*,*,#4352,.T.);
#4352 = EDGE_CURVE('',#4320,#4312,#4353,.T.);
#4353 = CIRCLE('',#4354,0.457200914402);
#4354 = AXIS2_PLACEMENT_3D('',#4355,#4356,#4357);
#4355 = CARTESIAN_POINT('',(19.050038100076,-52.45110490221,
    1.600028244856));
#4356 = DIRECTION('',(0.,0.,1.));
#4357 = DIRECTION('',(-1.,-1.110223024625E-16,0.));
#4358 = ORIENTED_EDGE('',*,*,#4309,.F.);
#4359 = ORIENTED_EDGE('',*,*,#4360,.F.);
#4360 = EDGE_CURVE('',#4329,#4310,#4361,.T.);
#4361 = CIRCLE('',#4362,0.457200914402);
#4362 = AXIS2_PLACEMENT_3D('',#4363,#4364,#4365);
#4363 = CARTESIAN_POINT('',(19.050038100076,-52.45110490221,0.));
#4364 = DIRECTION('',(0.,0.,1.));
#4365 = DIRECTION('',(-1.,-1.110223024625E-16,0.));
#4366 = CYLINDRICAL_SURFACE('',#4367,0.457200914402);
#4367 = AXIS2_PLACEMENT_3D('',#4368,#4369,#4370);
#4368 = CARTESIAN_POINT('',(19.050038100076,-52.45110490221,0.));
#4369 = DIRECTION('',(-0.,-0.,-1.));
#4370 = DIRECTION('',(-1.,-1.110223024625E-16,0.));
#4371 = ADVANCED_FACE('',(#4372),#4408,.F.);
#4372 = FACE_BOUND('',#4373,.T.);
#4373 = EDGE_LOOP('',(#4374,#4384,#4393,#4401));
#4374 = ORIENTED_EDGE('',*,*,#4375,.T.);
#4375 = EDGE_CURVE('',#4376,#4378,#4380,.T.);
#4376 = VERTEX_POINT('',#4377);
#4377 = CARTESIAN_POINT('',(19.507239014478,-60.07112014224,0.));
#4378 = VERTEX_POINT('',#4379);
#4379 = CARTESIAN_POINT('',(19.507239014478,-60.07112014224,
    1.600028244856));
#4380 = LINE('',#4381,#4382);
#4381 = CARTESIAN_POINT('',(19.507239014478,-60.07112014224,0.));
#4382 = VECTOR('',#4383,1.);
#4383 = DIRECTION('',(0.,0.,1.));
#4384 = ORIENTED_EDGE('',*,*,#4385,.T.);
#4385 = EDGE_CURVE('',#4378,#4386,#4388,.T.);
#4386 = VERTEX_POINT('',#4387);
#4387 = CARTESIAN_POINT('',(18.592837185674,-60.07112014224,
    1.600028244856));
#4388 = CIRCLE('',#4389,0.457200914402);
#4389 = AXIS2_PLACEMENT_3D('',#4390,#4391,#4392);
#4390 = CARTESIAN_POINT('',(19.050038100076,-60.07112014224,
    1.600028244856));
#4391 = DIRECTION('',(0.,0.,1.));
#4392 = DIRECTION('',(1.,1.110223024625E-16,-0.));
#4393 = ORIENTED_EDGE('',*,*,#4394,.F.);
#4394 = EDGE_CURVE('',#4395,#4386,#4397,.T.);
#4395 = VERTEX_POINT('',#4396);
#4396 = CARTESIAN_POINT('',(18.592837185674,-60.07112014224,0.));
#4397 = LINE('',#4398,#4399);
#4398 = CARTESIAN_POINT('',(18.592837185674,-60.07112014224,0.));
#4399 = VECTOR('',#4400,1.);
#4400 = DIRECTION('',(0.,0.,1.));
#4401 = ORIENTED_EDGE('',*,*,#4402,.F.);
#4402 = EDGE_CURVE('',#4376,#4395,#4403,.T.);
#4403 = CIRCLE('',#4404,0.457200914402);
#4404 = AXIS2_PLACEMENT_3D('',#4405,#4406,#4407);
#4405 = CARTESIAN_POINT('',(19.050038100076,-60.07112014224,0.));
#4406 = DIRECTION('',(0.,0.,1.));
#4407 = DIRECTION('',(1.,1.110223024625E-16,-0.));
#4408 = CYLINDRICAL_SURFACE('',#4409,0.457200914402);
#4409 = AXIS2_PLACEMENT_3D('',#4410,#4411,#4412);
#4410 = CARTESIAN_POINT('',(19.050038100076,-60.07112014224,0.));
#4411 = DIRECTION('',(-0.,-0.,-1.));
#4412 = DIRECTION('',(1.,1.110223024625E-16,-0.));
#4413 = ADVANCED_FACE('',(#4414),#4432,.F.);
#4414 = FACE_BOUND('',#4415,.T.);
#4415 = EDGE_LOOP('',(#4416,#4417,#4424,#4425));
#4416 = ORIENTED_EDGE('',*,*,#4394,.T.);
#4417 = ORIENTED_EDGE('',*,*,#4418,.T.);
#4418 = EDGE_CURVE('',#4386,#4378,#4419,.T.);
#4419 = CIRCLE('',#4420,0.457200914402);
#4420 = AXIS2_PLACEMENT_3D('',#4421,#4422,#4423);
#4421 = CARTESIAN_POINT('',(19.050038100076,-60.07112014224,
    1.600028244856));
#4422 = DIRECTION('',(0.,0.,1.));
#4423 = DIRECTION('',(-1.,-1.110223024625E-16,0.));
#4424 = ORIENTED_EDGE('',*,*,#4375,.F.);
#4425 = ORIENTED_EDGE('',*,*,#4426,.F.);
#4426 = EDGE_CURVE('',#4395,#4376,#4427,.T.);
#4427 = CIRCLE('',#4428,0.457200914402);
#4428 = AXIS2_PLACEMENT_3D('',#4429,#4430,#4431);
#4429 = CARTESIAN_POINT('',(19.050038100076,-60.07112014224,0.));
#4430 = DIRECTION('',(0.,0.,1.));
#4431 = DIRECTION('',(-1.,-1.110223024625E-16,0.));
#4432 = CYLINDRICAL_SURFACE('',#4433,0.457200914402);
#4433 = AXIS2_PLACEMENT_3D('',#4434,#4435,#4436);
#4434 = CARTESIAN_POINT('',(19.050038100076,-60.07112014224,0.));
#4435 = DIRECTION('',(-0.,-0.,-1.));
#4436 = DIRECTION('',(-1.,-1.110223024625E-16,0.));
#4437 = ADVANCED_FACE('',(#4438),#4474,.F.);
#4438 = FACE_BOUND('',#4439,.T.);
#4439 = EDGE_LOOP('',(#4440,#4450,#4459,#4467));
#4440 = ORIENTED_EDGE('',*,*,#4441,.T.);
#4441 = EDGE_CURVE('',#4442,#4444,#4446,.T.);
#4442 = VERTEX_POINT('',#4443);
#4443 = CARTESIAN_POINT('',(19.507239014478,-54.99110998222,0.));
#4444 = VERTEX_POINT('',#4445);
#4445 = CARTESIAN_POINT('',(19.507239014478,-54.99110998222,
    1.600028244856));
#4446 = LINE('',#4447,#4448);
#4447 = CARTESIAN_POINT('',(19.507239014478,-54.99110998222,0.));
#4448 = VECTOR('',#4449,1.);
#4449 = DIRECTION('',(0.,0.,1.));
#4450 = ORIENTED_EDGE('',*,*,#4451,.T.);
#4451 = EDGE_CURVE('',#4444,#4452,#4454,.T.);
#4452 = VERTEX_POINT('',#4453);
#4453 = CARTESIAN_POINT('',(18.592837185674,-54.99110998222,
    1.600028244856));
#4454 = CIRCLE('',#4455,0.457200914402);
#4455 = AXIS2_PLACEMENT_3D('',#4456,#4457,#4458);
#4456 = CARTESIAN_POINT('',(19.050038100076,-54.99110998222,
    1.600028244856));
#4457 = DIRECTION('',(0.,0.,1.));
#4458 = DIRECTION('',(1.,1.110223024625E-16,-0.));
#4459 = ORIENTED_EDGE('',*,*,#4460,.F.);
#4460 = EDGE_CURVE('',#4461,#4452,#4463,.T.);
#4461 = VERTEX_POINT('',#4462);
#4462 = CARTESIAN_POINT('',(18.592837185674,-54.99110998222,0.));
#4463 = LINE('',#4464,#4465);
#4464 = CARTESIAN_POINT('',(18.592837185674,-54.99110998222,0.));
#4465 = VECTOR('',#4466,1.);
#4466 = DIRECTION('',(0.,0.,1.));
#4467 = ORIENTED_EDGE('',*,*,#4468,.F.);
#4468 = EDGE_CURVE('',#4442,#4461,#4469,.T.);
#4469 = CIRCLE('',#4470,0.457200914402);
#4470 = AXIS2_PLACEMENT_3D('',#4471,#4472,#4473);
#4471 = CARTESIAN_POINT('',(19.050038100076,-54.99110998222,0.));
#4472 = DIRECTION('',(0.,0.,1.));
#4473 = DIRECTION('',(1.,1.110223024625E-16,-0.));
#4474 = CYLINDRICAL_SURFACE('',#4475,0.457200914402);
#4475 = AXIS2_PLACEMENT_3D('',#4476,#4477,#4478);
#4476 = CARTESIAN_POINT('',(19.050038100076,-54.99110998222,0.));
#4477 = DIRECTION('',(-0.,-0.,-1.));
#4478 = DIRECTION('',(1.,1.110223024625E-16,-0.));
#4479 = ADVANCED_FACE('',(#4480),#4498,.F.);
#4480 = FACE_BOUND('',#4481,.T.);
#4481 = EDGE_LOOP('',(#4482,#4483,#4490,#4491));
#4482 = ORIENTED_EDGE('',*,*,#4460,.T.);
#4483 = ORIENTED_EDGE('',*,*,#4484,.T.);
#4484 = EDGE_CURVE('',#4452,#4444,#4485,.T.);
#4485 = CIRCLE('',#4486,0.457200914402);
#4486 = AXIS2_PLACEMENT_3D('',#4487,#4488,#4489);
#4487 = CARTESIAN_POINT('',(19.050038100076,-54.99110998222,
    1.600028244856));
#4488 = DIRECTION('',(0.,0.,1.));
#4489 = DIRECTION('',(-1.,-1.110223024625E-16,0.));
#4490 = ORIENTED_EDGE('',*,*,#4441,.F.);
#4491 = ORIENTED_EDGE('',*,*,#4492,.F.);
#4492 = EDGE_CURVE('',#4461,#4442,#4493,.T.);
#4493 = CIRCLE('',#4494,0.457200914402);
#4494 = AXIS2_PLACEMENT_3D('',#4495,#4496,#4497);
#4495 = CARTESIAN_POINT('',(19.050038100076,-54.99110998222,0.));
#4496 = DIRECTION('',(0.,0.,1.));
#4497 = DIRECTION('',(-1.,-1.110223024625E-16,0.));
#4498 = CYLINDRICAL_SURFACE('',#4499,0.457200914402);
#4499 = AXIS2_PLACEMENT_3D('',#4500,#4501,#4502);
#4500 = CARTESIAN_POINT('',(19.050038100076,-54.99110998222,0.));
#4501 = DIRECTION('',(-0.,-0.,-1.));
#4502 = DIRECTION('',(-1.,-1.110223024625E-16,0.));
#4503 = ADVANCED_FACE('',(#4504),#4540,.F.);
#4504 = FACE_BOUND('',#4505,.T.);
#4505 = EDGE_LOOP('',(#4506,#4516,#4525,#4533));
#4506 = ORIENTED_EDGE('',*,*,#4507,.T.);
#4507 = EDGE_CURVE('',#4508,#4510,#4512,.T.);
#4508 = VERTEX_POINT('',#4509);
#4509 = CARTESIAN_POINT('',(19.507239014478,-57.53111506223,0.));
#4510 = VERTEX_POINT('',#4511);
#4511 = CARTESIAN_POINT('',(19.507239014478,-57.53111506223,
    1.600028244856));
#4512 = LINE('',#4513,#4514);
#4513 = CARTESIAN_POINT('',(19.507239014478,-57.53111506223,0.));
#4514 = VECTOR('',#4515,1.);
#4515 = DIRECTION('',(0.,0.,1.));
#4516 = ORIENTED_EDGE('',*,*,#4517,.T.);
#4517 = EDGE_CURVE('',#4510,#4518,#4520,.T.);
#4518 = VERTEX_POINT('',#4519);
#4519 = CARTESIAN_POINT('',(18.592837185674,-57.53111506223,
    1.600028244856));
#4520 = CIRCLE('',#4521,0.457200914402);
#4521 = AXIS2_PLACEMENT_3D('',#4522,#4523,#4524);
#4522 = CARTESIAN_POINT('',(19.050038100076,-57.53111506223,
    1.600028244856));
#4523 = DIRECTION('',(0.,0.,1.));
#4524 = DIRECTION('',(1.,1.110223024625E-16,-0.));
#4525 = ORIENTED_EDGE('',*,*,#4526,.F.);
#4526 = EDGE_CURVE('',#4527,#4518,#4529,.T.);
#4527 = VERTEX_POINT('',#4528);
#4528 = CARTESIAN_POINT('',(18.592837185674,-57.53111506223,0.));
#4529 = LINE('',#4530,#4531);
#4530 = CARTESIAN_POINT('',(18.592837185674,-57.53111506223,0.));
#4531 = VECTOR('',#4532,1.);
#4532 = DIRECTION('',(0.,0.,1.));
#4533 = ORIENTED_EDGE('',*,*,#4534,.F.);
#4534 = EDGE_CURVE('',#4508,#4527,#4535,.T.);
#4535 = CIRCLE('',#4536,0.457200914402);
#4536 = AXIS2_PLACEMENT_3D('',#4537,#4538,#4539);
#4537 = CARTESIAN_POINT('',(19.050038100076,-57.53111506223,0.));
#4538 = DIRECTION('',(0.,0.,1.));
#4539 = DIRECTION('',(1.,1.110223024625E-16,-0.));
#4540 = CYLINDRICAL_SURFACE('',#4541,0.457200914402);
#4541 = AXIS2_PLACEMENT_3D('',#4542,#4543,#4544);
#4542 = CARTESIAN_POINT('',(19.050038100076,-57.53111506223,0.));
#4543 = DIRECTION('',(-0.,-0.,-1.));
#4544 = DIRECTION('',(1.,1.110223024625E-16,-0.));
#4545 = ADVANCED_FACE('',(#4546),#4564,.F.);
#4546 = FACE_BOUND('',#4547,.T.);
#4547 = EDGE_LOOP('',(#4548,#4549,#4556,#4557));
#4548 = ORIENTED_EDGE('',*,*,#4526,.T.);
#4549 = ORIENTED_EDGE('',*,*,#4550,.T.);
#4550 = EDGE_CURVE('',#4518,#4510,#4551,.T.);
#4551 = CIRCLE('',#4552,0.457200914402);
#4552 = AXIS2_PLACEMENT_3D('',#4553,#4554,#4555);
#4553 = CARTESIAN_POINT('',(19.050038100076,-57.53111506223,
    1.600028244856));
#4554 = DIRECTION('',(0.,0.,1.));
#4555 = DIRECTION('',(-1.,-1.110223024625E-16,0.));
#4556 = ORIENTED_EDGE('',*,*,#4507,.F.);
#4557 = ORIENTED_EDGE('',*,*,#4558,.F.);
#4558 = EDGE_CURVE('',#4527,#4508,#4559,.T.);
#4559 = CIRCLE('',#4560,0.457200914402);
#4560 = AXIS2_PLACEMENT_3D('',#4561,#4562,#4563);
#4561 = CARTESIAN_POINT('',(19.050038100076,-57.53111506223,0.));
#4562 = DIRECTION('',(0.,0.,1.));
#4563 = DIRECTION('',(-1.,-1.110223024625E-16,0.));
#4564 = CYLINDRICAL_SURFACE('',#4565,0.457200914402);
#4565 = AXIS2_PLACEMENT_3D('',#4566,#4567,#4568);
#4566 = CARTESIAN_POINT('',(19.050038100076,-57.53111506223,0.));
#4567 = DIRECTION('',(-0.,-0.,-1.));
#4568 = DIRECTION('',(-1.,-1.110223024625E-16,0.));
#4569 = ADVANCED_FACE('',(#4570),#4606,.F.);
#4570 = FACE_BOUND('',#4571,.T.);
#4571 = EDGE_LOOP('',(#4572,#4582,#4591,#4599));
#4572 = ORIENTED_EDGE('',*,*,#4573,.T.);
#4573 = EDGE_CURVE('',#4574,#4576,#4578,.T.);
#4574 = VERTEX_POINT('',#4575);
#4575 = CARTESIAN_POINT('',(22.047244094488,-21.97104394208,0.));
#4576 = VERTEX_POINT('',#4577);
#4577 = CARTESIAN_POINT('',(22.047244094488,-21.97104394208,
    1.600028244856));
#4578 = LINE('',#4579,#4580);
#4579 = CARTESIAN_POINT('',(22.047244094488,-21.97104394208,0.));
#4580 = VECTOR('',#4581,1.);
#4581 = DIRECTION('',(0.,0.,1.));
#4582 = ORIENTED_EDGE('',*,*,#4583,.T.);
#4583 = EDGE_CURVE('',#4576,#4584,#4586,.T.);
#4584 = VERTEX_POINT('',#4585);
#4585 = CARTESIAN_POINT('',(21.132842265685,-21.97104394208,
    1.600028244856));
#4586 = CIRCLE('',#4587,0.457200914402);
#4587 = AXIS2_PLACEMENT_3D('',#4588,#4589,#4590);
#4588 = CARTESIAN_POINT('',(21.590043180086,-21.97104394208,
    1.600028244856));
#4589 = DIRECTION('',(0.,0.,1.));
#4590 = DIRECTION('',(1.,1.110223024625E-16,-0.));
#4591 = ORIENTED_EDGE('',*,*,#4592,.F.);
#4592 = EDGE_CURVE('',#4593,#4584,#4595,.T.);
#4593 = VERTEX_POINT('',#4594);
#4594 = CARTESIAN_POINT('',(21.132842265685,-21.97104394208,0.));
#4595 = LINE('',#4596,#4597);
#4596 = CARTESIAN_POINT('',(21.132842265685,-21.97104394208,0.));
#4597 = VECTOR('',#4598,1.);
#4598 = DIRECTION('',(0.,0.,1.));
#4599 = ORIENTED_EDGE('',*,*,#4600,.F.);
#4600 = EDGE_CURVE('',#4574,#4593,#4601,.T.);
#4601 = CIRCLE('',#4602,0.457200914402);
#4602 = AXIS2_PLACEMENT_3D('',#4603,#4604,#4605);
#4603 = CARTESIAN_POINT('',(21.590043180086,-21.97104394208,0.));
#4604 = DIRECTION('',(0.,0.,1.));
#4605 = DIRECTION('',(1.,1.110223024625E-16,-0.));
#4606 = CYLINDRICAL_SURFACE('',#4607,0.457200914402);
#4607 = AXIS2_PLACEMENT_3D('',#4608,#4609,#4610);
#4608 = CARTESIAN_POINT('',(21.590043180086,-21.97104394208,0.));
#4609 = DIRECTION('',(-0.,-0.,-1.));
#4610 = DIRECTION('',(1.,1.110223024625E-16,-0.));
#4611 = ADVANCED_FACE('',(#4612),#4630,.F.);
#4612 = FACE_BOUND('',#4613,.T.);
#4613 = EDGE_LOOP('',(#4614,#4615,#4622,#4623));
#4614 = ORIENTED_EDGE('',*,*,#4592,.T.);
#4615 = ORIENTED_EDGE('',*,*,#4616,.T.);
#4616 = EDGE_CURVE('',#4584,#4576,#4617,.T.);
#4617 = CIRCLE('',#4618,0.457200914402);
#4618 = AXIS2_PLACEMENT_3D('',#4619,#4620,#4621);
#4619 = CARTESIAN_POINT('',(21.590043180086,-21.97104394208,
    1.600028244856));
#4620 = DIRECTION('',(0.,0.,1.));
#4621 = DIRECTION('',(-1.,-1.110223024625E-16,0.));
#4622 = ORIENTED_EDGE('',*,*,#4573,.F.);
#4623 = ORIENTED_EDGE('',*,*,#4624,.F.);
#4624 = EDGE_CURVE('',#4593,#4574,#4625,.T.);
#4625 = CIRCLE('',#4626,0.457200914402);
#4626 = AXIS2_PLACEMENT_3D('',#4627,#4628,#4629);
#4627 = CARTESIAN_POINT('',(21.590043180086,-21.97104394208,0.));
#4628 = DIRECTION('',(0.,0.,1.));
#4629 = DIRECTION('',(-1.,-1.110223024625E-16,0.));
#4630 = CYLINDRICAL_SURFACE('',#4631,0.457200914402);
#4631 = AXIS2_PLACEMENT_3D('',#4632,#4633,#4634);
#4632 = CARTESIAN_POINT('',(21.590043180086,-21.97104394208,0.));
#4633 = DIRECTION('',(-0.,-0.,-1.));
#4634 = DIRECTION('',(-1.,-1.110223024625E-16,0.));
#4635 = ADVANCED_FACE('',(#4636),#4672,.F.);
#4636 = FACE_BOUND('',#4637,.T.);
#4637 = EDGE_LOOP('',(#4638,#4648,#4657,#4665));
#4638 = ORIENTED_EDGE('',*,*,#4639,.T.);
#4639 = EDGE_CURVE('',#4640,#4642,#4644,.T.);
#4640 = VERTEX_POINT('',#4641);
#4641 = CARTESIAN_POINT('',(22.047244094488,-24.51104902209,0.));
#4642 = VERTEX_POINT('',#4643);
#4643 = CARTESIAN_POINT('',(22.047244094488,-24.51104902209,
    1.600028244856));
#4644 = LINE('',#4645,#4646);
#4645 = CARTESIAN_POINT('',(22.047244094488,-24.51104902209,0.));
#4646 = VECTOR('',#4647,1.);
#4647 = DIRECTION('',(0.,0.,1.));
#4648 = ORIENTED_EDGE('',*,*,#4649,.T.);
#4649 = EDGE_CURVE('',#4642,#4650,#4652,.T.);
#4650 = VERTEX_POINT('',#4651);
#4651 = CARTESIAN_POINT('',(21.132842265685,-24.51104902209,
    1.600028244856));
#4652 = CIRCLE('',#4653,0.457200914402);
#4653 = AXIS2_PLACEMENT_3D('',#4654,#4655,#4656);
#4654 = CARTESIAN_POINT('',(21.590043180086,-24.51104902209,
    1.600028244856));
#4655 = DIRECTION('',(0.,0.,1.));
#4656 = DIRECTION('',(1.,1.110223024625E-16,-0.));
#4657 = ORIENTED_EDGE('',*,*,#4658,.F.);
#4658 = EDGE_CURVE('',#4659,#4650,#4661,.T.);
#4659 = VERTEX_POINT('',#4660);
#4660 = CARTESIAN_POINT('',(21.132842265685,-24.51104902209,0.));
#4661 = LINE('',#4662,#4663);
#4662 = CARTESIAN_POINT('',(21.132842265685,-24.51104902209,0.));
#4663 = VECTOR('',#4664,1.);
#4664 = DIRECTION('',(0.,0.,1.));
#4665 = ORIENTED_EDGE('',*,*,#4666,.F.);
#4666 = EDGE_CURVE('',#4640,#4659,#4667,.T.);
#4667 = CIRCLE('',#4668,0.457200914402);
#4668 = AXIS2_PLACEMENT_3D('',#4669,#4670,#4671);
#4669 = CARTESIAN_POINT('',(21.590043180086,-24.51104902209,0.));
#4670 = DIRECTION('',(0.,0.,1.));
#4671 = DIRECTION('',(1.,1.110223024625E-16,-0.));
#4672 = CYLINDRICAL_SURFACE('',#4673,0.457200914402);
#4673 = AXIS2_PLACEMENT_3D('',#4674,#4675,#4676);
#4674 = CARTESIAN_POINT('',(21.590043180086,-24.51104902209,0.));
#4675 = DIRECTION('',(-0.,-0.,-1.));
#4676 = DIRECTION('',(1.,1.110223024625E-16,-0.));
#4677 = ADVANCED_FACE('',(#4678),#4696,.F.);
#4678 = FACE_BOUND('',#4679,.T.);
#4679 = EDGE_LOOP('',(#4680,#4681,#4688,#4689));
#4680 = ORIENTED_EDGE('',*,*,#4658,.T.);
#4681 = ORIENTED_EDGE('',*,*,#4682,.T.);
#4682 = EDGE_CURVE('',#4650,#4642,#4683,.T.);
#4683 = CIRCLE('',#4684,0.457200914402);
#4684 = AXIS2_PLACEMENT_3D('',#4685,#4686,#4687);
#4685 = CARTESIAN_POINT('',(21.590043180086,-24.51104902209,
    1.600028244856));
#4686 = DIRECTION('',(0.,0.,1.));
#4687 = DIRECTION('',(-1.,-1.110223024625E-16,0.));
#4688 = ORIENTED_EDGE('',*,*,#4639,.F.);
#4689 = ORIENTED_EDGE('',*,*,#4690,.F.);
#4690 = EDGE_CURVE('',#4659,#4640,#4691,.T.);
#4691 = CIRCLE('',#4692,0.457200914402);
#4692 = AXIS2_PLACEMENT_3D('',#4693,#4694,#4695);
#4693 = CARTESIAN_POINT('',(21.590043180086,-24.51104902209,0.));
#4694 = DIRECTION('',(0.,0.,1.));
#4695 = DIRECTION('',(-1.,-1.110223024625E-16,0.));
#4696 = CYLINDRICAL_SURFACE('',#4697,0.457200914402);
#4697 = AXIS2_PLACEMENT_3D('',#4698,#4699,#4700);
#4698 = CARTESIAN_POINT('',(21.590043180086,-24.51104902209,0.));
#4699 = DIRECTION('',(-0.,-0.,-1.));
#4700 = DIRECTION('',(-1.,-1.110223024625E-16,0.));
#4701 = ADVANCED_FACE('',(#4702),#4738,.F.);
#4702 = FACE_BOUND('',#4703,.T.);
#4703 = EDGE_LOOP('',(#4704,#4714,#4723,#4731));
#4704 = ORIENTED_EDGE('',*,*,#4705,.T.);
#4705 = EDGE_CURVE('',#4706,#4708,#4710,.T.);
#4706 = VERTEX_POINT('',#4707);
#4707 = CARTESIAN_POINT('',(22.047244094488,-27.0510541021,0.));
#4708 = VERTEX_POINT('',#4709);
#4709 = CARTESIAN_POINT('',(22.047244094488,-27.0510541021,
    1.600028244856));
#4710 = LINE('',#4711,#4712);
#4711 = CARTESIAN_POINT('',(22.047244094488,-27.0510541021,0.));
#4712 = VECTOR('',#4713,1.);
#4713 = DIRECTION('',(0.,0.,1.));
#4714 = ORIENTED_EDGE('',*,*,#4715,.T.);
#4715 = EDGE_CURVE('',#4708,#4716,#4718,.T.);
#4716 = VERTEX_POINT('',#4717);
#4717 = CARTESIAN_POINT('',(21.132842265685,-27.0510541021,
    1.600028244856));
#4718 = CIRCLE('',#4719,0.457200914402);
#4719 = AXIS2_PLACEMENT_3D('',#4720,#4721,#4722);
#4720 = CARTESIAN_POINT('',(21.590043180086,-27.0510541021,
    1.600028244856));
#4721 = DIRECTION('',(0.,0.,1.));
#4722 = DIRECTION('',(1.,1.110223024625E-16,-0.));
#4723 = ORIENTED_EDGE('',*,*,#4724,.F.);
#4724 = EDGE_CURVE('',#4725,#4716,#4727,.T.);
#4725 = VERTEX_POINT('',#4726);
#4726 = CARTESIAN_POINT('',(21.132842265685,-27.0510541021,0.));
#4727 = LINE('',#4728,#4729);
#4728 = CARTESIAN_POINT('',(21.132842265685,-27.0510541021,0.));
#4729 = VECTOR('',#4730,1.);
#4730 = DIRECTION('',(0.,0.,1.));
#4731 = ORIENTED_EDGE('',*,*,#4732,.F.);
#4732 = EDGE_CURVE('',#4706,#4725,#4733,.T.);
#4733 = CIRCLE('',#4734,0.457200914402);
#4734 = AXIS2_PLACEMENT_3D('',#4735,#4736,#4737);
#4735 = CARTESIAN_POINT('',(21.590043180086,-27.0510541021,0.));
#4736 = DIRECTION('',(0.,0.,1.));
#4737 = DIRECTION('',(1.,1.110223024625E-16,-0.));
#4738 = CYLINDRICAL_SURFACE('',#4739,0.457200914402);
#4739 = AXIS2_PLACEMENT_3D('',#4740,#4741,#4742);
#4740 = CARTESIAN_POINT('',(21.590043180086,-27.0510541021,0.));
#4741 = DIRECTION('',(-0.,-0.,-1.));
#4742 = DIRECTION('',(1.,1.110223024625E-16,-0.));
#4743 = ADVANCED_FACE('',(#4744),#4762,.F.);
#4744 = FACE_BOUND('',#4745,.T.);
#4745 = EDGE_LOOP('',(#4746,#4747,#4754,#4755));
#4746 = ORIENTED_EDGE('',*,*,#4724,.T.);
#4747 = ORIENTED_EDGE('',*,*,#4748,.T.);
#4748 = EDGE_CURVE('',#4716,#4708,#4749,.T.);
#4749 = CIRCLE('',#4750,0.457200914402);
#4750 = AXIS2_PLACEMENT_3D('',#4751,#4752,#4753);
#4751 = CARTESIAN_POINT('',(21.590043180086,-27.0510541021,
    1.600028244856));
#4752 = DIRECTION('',(0.,0.,1.));
#4753 = DIRECTION('',(-1.,-1.110223024625E-16,0.));
#4754 = ORIENTED_EDGE('',*,*,#4705,.F.);
#4755 = ORIENTED_EDGE('',*,*,#4756,.F.);
#4756 = EDGE_CURVE('',#4725,#4706,#4757,.T.);
#4757 = CIRCLE('',#4758,0.457200914402);
#4758 = AXIS2_PLACEMENT_3D('',#4759,#4760,#4761);
#4759 = CARTESIAN_POINT('',(21.590043180086,-27.0510541021,0.));
#4760 = DIRECTION('',(0.,0.,1.));
#4761 = DIRECTION('',(-1.,-1.110223024625E-16,0.));
#4762 = CYLINDRICAL_SURFACE('',#4763,0.457200914402);
#4763 = AXIS2_PLACEMENT_3D('',#4764,#4765,#4766);
#4764 = CARTESIAN_POINT('',(21.590043180086,-27.0510541021,0.));
#4765 = DIRECTION('',(-0.,-0.,-1.));
#4766 = DIRECTION('',(-1.,-1.110223024625E-16,0.));
#4767 = ADVANCED_FACE('',(#4768),#4804,.F.);
#4768 = FACE_BOUND('',#4769,.T.);
#4769 = EDGE_LOOP('',(#4770,#4780,#4789,#4797));
#4770 = ORIENTED_EDGE('',*,*,#4771,.T.);
#4771 = EDGE_CURVE('',#4772,#4774,#4776,.T.);
#4772 = VERTEX_POINT('',#4773);
#4773 = CARTESIAN_POINT('',(22.047244094488,-29.59105918211,0.));
#4774 = VERTEX_POINT('',#4775);
#4775 = CARTESIAN_POINT('',(22.047244094488,-29.59105918211,
    1.600028244856));
#4776 = LINE('',#4777,#4778);
#4777 = CARTESIAN_POINT('',(22.047244094488,-29.59105918211,0.));
#4778 = VECTOR('',#4779,1.);
#4779 = DIRECTION('',(0.,0.,1.));
#4780 = ORIENTED_EDGE('',*,*,#4781,.T.);
#4781 = EDGE_CURVE('',#4774,#4782,#4784,.T.);
#4782 = VERTEX_POINT('',#4783);
#4783 = CARTESIAN_POINT('',(21.132842265685,-29.59105918211,
    1.600028244856));
#4784 = CIRCLE('',#4785,0.457200914402);
#4785 = AXIS2_PLACEMENT_3D('',#4786,#4787,#4788);
#4786 = CARTESIAN_POINT('',(21.590043180086,-29.59105918211,
    1.600028244856));
#4787 = DIRECTION('',(0.,0.,1.));
#4788 = DIRECTION('',(1.,1.110223024625E-16,-0.));
#4789 = ORIENTED_EDGE('',*,*,#4790,.F.);
#4790 = EDGE_CURVE('',#4791,#4782,#4793,.T.);
#4791 = VERTEX_POINT('',#4792);
#4792 = CARTESIAN_POINT('',(21.132842265685,-29.59105918211,0.));
#4793 = LINE('',#4794,#4795);
#4794 = CARTESIAN_POINT('',(21.132842265685,-29.59105918211,0.));
#4795 = VECTOR('',#4796,1.);
#4796 = DIRECTION('',(0.,0.,1.));
#4797 = ORIENTED_EDGE('',*,*,#4798,.F.);
#4798 = EDGE_CURVE('',#4772,#4791,#4799,.T.);
#4799 = CIRCLE('',#4800,0.457200914402);
#4800 = AXIS2_PLACEMENT_3D('',#4801,#4802,#4803);
#4801 = CARTESIAN_POINT('',(21.590043180086,-29.59105918211,0.));
#4802 = DIRECTION('',(0.,0.,1.));
#4803 = DIRECTION('',(1.,1.110223024625E-16,-0.));
#4804 = CYLINDRICAL_SURFACE('',#4805,0.457200914402);
#4805 = AXIS2_PLACEMENT_3D('',#4806,#4807,#4808);
#4806 = CARTESIAN_POINT('',(21.590043180086,-29.59105918211,0.));
#4807 = DIRECTION('',(-0.,-0.,-1.));
#4808 = DIRECTION('',(1.,1.110223024625E-16,-0.));
#4809 = ADVANCED_FACE('',(#4810),#4828,.F.);
#4810 = FACE_BOUND('',#4811,.T.);
#4811 = EDGE_LOOP('',(#4812,#4813,#4820,#4821));
#4812 = ORIENTED_EDGE('',*,*,#4790,.T.);
#4813 = ORIENTED_EDGE('',*,*,#4814,.T.);
#4814 = EDGE_CURVE('',#4782,#4774,#4815,.T.);
#4815 = CIRCLE('',#4816,0.457200914402);
#4816 = AXIS2_PLACEMENT_3D('',#4817,#4818,#4819);
#4817 = CARTESIAN_POINT('',(21.590043180086,-29.59105918211,
    1.600028244856));
#4818 = DIRECTION('',(0.,0.,1.));
#4819 = DIRECTION('',(-1.,-1.110223024625E-16,0.));
#4820 = ORIENTED_EDGE('',*,*,#4771,.F.);
#4821 = ORIENTED_EDGE('',*,*,#4822,.F.);
#4822 = EDGE_CURVE('',#4791,#4772,#4823,.T.);
#4823 = CIRCLE('',#4824,0.457200914402);
#4824 = AXIS2_PLACEMENT_3D('',#4825,#4826,#4827);
#4825 = CARTESIAN_POINT('',(21.590043180086,-29.59105918211,0.));
#4826 = DIRECTION('',(0.,0.,1.));
#4827 = DIRECTION('',(-1.,-1.110223024625E-16,0.));
#4828 = CYLINDRICAL_SURFACE('',#4829,0.457200914402);
#4829 = AXIS2_PLACEMENT_3D('',#4830,#4831,#4832);
#4830 = CARTESIAN_POINT('',(21.590043180086,-29.59105918211,0.));
#4831 = DIRECTION('',(-0.,-0.,-1.));
#4832 = DIRECTION('',(-1.,-1.110223024625E-16,0.));
#4833 = ADVANCED_FACE('',(#4834),#4870,.F.);
#4834 = FACE_BOUND('',#4835,.T.);
#4835 = EDGE_LOOP('',(#4836,#4846,#4855,#4863));
#4836 = ORIENTED_EDGE('',*,*,#4837,.T.);
#4837 = EDGE_CURVE('',#4838,#4840,#4842,.T.);
#4838 = VERTEX_POINT('',#4839);
#4839 = CARTESIAN_POINT('',(22.047244094488,-32.13106426212,0.));
#4840 = VERTEX_POINT('',#4841);
#4841 = CARTESIAN_POINT('',(22.047244094488,-32.13106426212,
    1.600028244856));
#4842 = LINE('',#4843,#4844);
#4843 = CARTESIAN_POINT('',(22.047244094488,-32.13106426212,0.));
#4844 = VECTOR('',#4845,1.);
#4845 = DIRECTION('',(0.,0.,1.));
#4846 = ORIENTED_EDGE('',*,*,#4847,.T.);
#4847 = EDGE_CURVE('',#4840,#4848,#4850,.T.);
#4848 = VERTEX_POINT('',#4849);
#4849 = CARTESIAN_POINT('',(21.132842265685,-32.13106426212,
    1.600028244856));
#4850 = CIRCLE('',#4851,0.457200914402);
#4851 = AXIS2_PLACEMENT_3D('',#4852,#4853,#4854);
#4852 = CARTESIAN_POINT('',(21.590043180086,-32.13106426212,
    1.600028244856));
#4853 = DIRECTION('',(0.,0.,1.));
#4854 = DIRECTION('',(1.,1.110223024625E-16,-0.));
#4855 = ORIENTED_EDGE('',*,*,#4856,.F.);
#4856 = EDGE_CURVE('',#4857,#4848,#4859,.T.);
#4857 = VERTEX_POINT('',#4858);
#4858 = CARTESIAN_POINT('',(21.132842265685,-32.13106426212,0.));
#4859 = LINE('',#4860,#4861);
#4860 = CARTESIAN_POINT('',(21.132842265685,-32.13106426212,0.));
#4861 = VECTOR('',#4862,1.);
#4862 = DIRECTION('',(0.,0.,1.));
#4863 = ORIENTED_EDGE('',*,*,#4864,.F.);
#4864 = EDGE_CURVE('',#4838,#4857,#4865,.T.);
#4865 = CIRCLE('',#4866,0.457200914402);
#4866 = AXIS2_PLACEMENT_3D('',#4867,#4868,#4869);
#4867 = CARTESIAN_POINT('',(21.590043180086,-32.13106426212,0.));
#4868 = DIRECTION('',(0.,0.,1.));
#4869 = DIRECTION('',(1.,1.110223024625E-16,-0.));
#4870 = CYLINDRICAL_SURFACE('',#4871,0.457200914402);
#4871 = AXIS2_PLACEMENT_3D('',#4872,#4873,#4874);
#4872 = CARTESIAN_POINT('',(21.590043180086,-32.13106426212,0.));
#4873 = DIRECTION('',(-0.,-0.,-1.));
#4874 = DIRECTION('',(1.,1.110223024625E-16,-0.));
#4875 = ADVANCED_FACE('',(#4876),#4894,.F.);
#4876 = FACE_BOUND('',#4877,.T.);
#4877 = EDGE_LOOP('',(#4878,#4879,#4886,#4887));
#4878 = ORIENTED_EDGE('',*,*,#4856,.T.);
#4879 = ORIENTED_EDGE('',*,*,#4880,.T.);
#4880 = EDGE_CURVE('',#4848,#4840,#4881,.T.);
#4881 = CIRCLE('',#4882,0.457200914402);
#4882 = AXIS2_PLACEMENT_3D('',#4883,#4884,#4885);
#4883 = CARTESIAN_POINT('',(21.590043180086,-32.13106426212,
    1.600028244856));
#4884 = DIRECTION('',(0.,0.,1.));
#4885 = DIRECTION('',(-1.,-1.110223024625E-16,0.));
#4886 = ORIENTED_EDGE('',*,*,#4837,.F.);
#4887 = ORIENTED_EDGE('',*,*,#4888,.F.);
#4888 = EDGE_CURVE('',#4857,#4838,#4889,.T.);
#4889 = CIRCLE('',#4890,0.457200914402);
#4890 = AXIS2_PLACEMENT_3D('',#4891,#4892,#4893);
#4891 = CARTESIAN_POINT('',(21.590043180086,-32.13106426212,0.));
#4892 = DIRECTION('',(0.,0.,1.));
#4893 = DIRECTION('',(-1.,-1.110223024625E-16,0.));
#4894 = CYLINDRICAL_SURFACE('',#4895,0.457200914402);
#4895 = AXIS2_PLACEMENT_3D('',#4896,#4897,#4898);
#4896 = CARTESIAN_POINT('',(21.590043180086,-32.13106426212,0.));
#4897 = DIRECTION('',(-0.,-0.,-1.));
#4898 = DIRECTION('',(-1.,-1.110223024625E-16,0.));
#4899 = ADVANCED_FACE('',(#4900),#4936,.F.);
#4900 = FACE_BOUND('',#4901,.T.);
#4901 = EDGE_LOOP('',(#4902,#4912,#4921,#4929));
#4902 = ORIENTED_EDGE('',*,*,#4903,.T.);
#4903 = EDGE_CURVE('',#4904,#4906,#4908,.T.);
#4904 = VERTEX_POINT('',#4905);
#4905 = CARTESIAN_POINT('',(22.047244094488,-34.67106934213,0.));
#4906 = VERTEX_POINT('',#4907);
#4907 = CARTESIAN_POINT('',(22.047244094488,-34.67106934213,
    1.600028244856));
#4908 = LINE('',#4909,#4910);
#4909 = CARTESIAN_POINT('',(22.047244094488,-34.67106934213,0.));
#4910 = VECTOR('',#4911,1.);
#4911 = DIRECTION('',(0.,0.,1.));
#4912 = ORIENTED_EDGE('',*,*,#4913,.T.);
#4913 = EDGE_CURVE('',#4906,#4914,#4916,.T.);
#4914 = VERTEX_POINT('',#4915);
#4915 = CARTESIAN_POINT('',(21.132842265685,-34.67106934213,
    1.600028244856));
#4916 = CIRCLE('',#4917,0.457200914402);
#4917 = AXIS2_PLACEMENT_3D('',#4918,#4919,#4920);
#4918 = CARTESIAN_POINT('',(21.590043180086,-34.67106934213,
    1.600028244856));
#4919 = DIRECTION('',(0.,0.,1.));
#4920 = DIRECTION('',(1.,1.110223024625E-16,-0.));
#4921 = ORIENTED_EDGE('',*,*,#4922,.F.);
#4922 = EDGE_CURVE('',#4923,#4914,#4925,.T.);
#4923 = VERTEX_POINT('',#4924);
#4924 = CARTESIAN_POINT('',(21.132842265685,-34.67106934213,0.));
#4925 = LINE('',#4926,#4927);
#4926 = CARTESIAN_POINT('',(21.132842265685,-34.67106934213,0.));
#4927 = VECTOR('',#4928,1.);
#4928 = DIRECTION('',(0.,0.,1.));
#4929 = ORIENTED_EDGE('',*,*,#4930,.F.);
#4930 = EDGE_CURVE('',#4904,#4923,#4931,.T.);
#4931 = CIRCLE('',#4932,0.457200914402);
#4932 = AXIS2_PLACEMENT_3D('',#4933,#4934,#4935);
#4933 = CARTESIAN_POINT('',(21.590043180086,-34.67106934213,0.));
#4934 = DIRECTION('',(0.,0.,1.));
#4935 = DIRECTION('',(1.,1.110223024625E-16,-0.));
#4936 = CYLINDRICAL_SURFACE('',#4937,0.457200914402);
#4937 = AXIS2_PLACEMENT_3D('',#4938,#4939,#4940);
#4938 = CARTESIAN_POINT('',(21.590043180086,-34.67106934213,0.));
#4939 = DIRECTION('',(-0.,-0.,-1.));
#4940 = DIRECTION('',(1.,1.110223024625E-16,-0.));
#4941 = ADVANCED_FACE('',(#4942),#4960,.F.);
#4942 = FACE_BOUND('',#4943,.T.);
#4943 = EDGE_LOOP('',(#4944,#4945,#4952,#4953));
#4944 = ORIENTED_EDGE('',*,*,#4922,.T.);
#4945 = ORIENTED_EDGE('',*,*,#4946,.T.);
#4946 = EDGE_CURVE('',#4914,#4906,#4947,.T.);
#4947 = CIRCLE('',#4948,0.457200914402);
#4948 = AXIS2_PLACEMENT_3D('',#4949,#4950,#4951);
#4949 = CARTESIAN_POINT('',(21.590043180086,-34.67106934213,
    1.600028244856));
#4950 = DIRECTION('',(0.,0.,1.));
#4951 = DIRECTION('',(-1.,-1.110223024625E-16,0.));
#4952 = ORIENTED_EDGE('',*,*,#4903,.F.);
#4953 = ORIENTED_EDGE('',*,*,#4954,.F.);
#4954 = EDGE_CURVE('',#4923,#4904,#4955,.T.);
#4955 = CIRCLE('',#4956,0.457200914402);
#4956 = AXIS2_PLACEMENT_3D('',#4957,#4958,#4959);
#4957 = CARTESIAN_POINT('',(21.590043180086,-34.67106934213,0.));
#4958 = DIRECTION('',(0.,0.,1.));
#4959 = DIRECTION('',(-1.,-1.110223024625E-16,0.));
#4960 = CYLINDRICAL_SURFACE('',#4961,0.457200914402);
#4961 = AXIS2_PLACEMENT_3D('',#4962,#4963,#4964);
#4962 = CARTESIAN_POINT('',(21.590043180086,-34.67106934213,0.));
#4963 = DIRECTION('',(-0.,-0.,-1.));
#4964 = DIRECTION('',(-1.,-1.110223024625E-16,0.));
#4965 = ADVANCED_FACE('',(#4966),#5002,.F.);
#4966 = FACE_BOUND('',#4967,.T.);
#4967 = EDGE_LOOP('',(#4968,#4978,#4987,#4995));
#4968 = ORIENTED_EDGE('',*,*,#4969,.T.);
#4969 = EDGE_CURVE('',#4970,#4972,#4974,.T.);
#4970 = VERTEX_POINT('',#4971);
#4971 = CARTESIAN_POINT('',(22.047244094488,-37.21107442214,0.));
#4972 = VERTEX_POINT('',#4973);
#4973 = CARTESIAN_POINT('',(22.047244094488,-37.21107442214,
    1.600028244856));
#4974 = LINE('',#4975,#4976);
#4975 = CARTESIAN_POINT('',(22.047244094488,-37.21107442214,0.));
#4976 = VECTOR('',#4977,1.);
#4977 = DIRECTION('',(0.,0.,1.));
#4978 = ORIENTED_EDGE('',*,*,#4979,.T.);
#4979 = EDGE_CURVE('',#4972,#4980,#4982,.T.);
#4980 = VERTEX_POINT('',#4981);
#4981 = CARTESIAN_POINT('',(21.132842265685,-37.21107442214,
    1.600028244856));
#4982 = CIRCLE('',#4983,0.457200914402);
#4983 = AXIS2_PLACEMENT_3D('',#4984,#4985,#4986);
#4984 = CARTESIAN_POINT('',(21.590043180086,-37.21107442214,
    1.600028244856));
#4985 = DIRECTION('',(0.,0.,1.));
#4986 = DIRECTION('',(1.,1.110223024625E-16,-0.));
#4987 = ORIENTED_EDGE('',*,*,#4988,.F.);
#4988 = EDGE_CURVE('',#4989,#4980,#4991,.T.);
#4989 = VERTEX_POINT('',#4990);
#4990 = CARTESIAN_POINT('',(21.132842265685,-37.21107442214,0.));
#4991 = LINE('',#4992,#4993);
#4992 = CARTESIAN_POINT('',(21.132842265685,-37.21107442214,0.));
#4993 = VECTOR('',#4994,1.);
#4994 = DIRECTION('',(0.,0.,1.));
#4995 = ORIENTED_EDGE('',*,*,#4996,.F.);
#4996 = EDGE_CURVE('',#4970,#4989,#4997,.T.);
#4997 = CIRCLE('',#4998,0.457200914402);
#4998 = AXIS2_PLACEMENT_3D('',#4999,#5000,#5001);
#4999 = CARTESIAN_POINT('',(21.590043180086,-37.21107442214,0.));
#5000 = DIRECTION('',(0.,0.,1.));
#5001 = DIRECTION('',(1.,1.110223024625E-16,-0.));
#5002 = CYLINDRICAL_SURFACE('',#5003,0.457200914402);
#5003 = AXIS2_PLACEMENT_3D('',#5004,#5005,#5006);
#5004 = CARTESIAN_POINT('',(21.590043180086,-37.21107442214,0.));
#5005 = DIRECTION('',(-0.,-0.,-1.));
#5006 = DIRECTION('',(1.,1.110223024625E-16,-0.));
#5007 = ADVANCED_FACE('',(#5008),#5026,.F.);
#5008 = FACE_BOUND('',#5009,.T.);
#5009 = EDGE_LOOP('',(#5010,#5011,#5018,#5019));
#5010 = ORIENTED_EDGE('',*,*,#4988,.T.);
#5011 = ORIENTED_EDGE('',*,*,#5012,.T.);
#5012 = EDGE_CURVE('',#4980,#4972,#5013,.T.);
#5013 = CIRCLE('',#5014,0.457200914402);
#5014 = AXIS2_PLACEMENT_3D('',#5015,#5016,#5017);
#5015 = CARTESIAN_POINT('',(21.590043180086,-37.21107442214,
    1.600028244856));
#5016 = DIRECTION('',(0.,0.,1.));
#5017 = DIRECTION('',(-1.,-1.110223024625E-16,0.));
#5018 = ORIENTED_EDGE('',*,*,#4969,.F.);
#5019 = ORIENTED_EDGE('',*,*,#5020,.F.);
#5020 = EDGE_CURVE('',#4989,#4970,#5021,.T.);
#5021 = CIRCLE('',#5022,0.457200914402);
#5022 = AXIS2_PLACEMENT_3D('',#5023,#5024,#5025);
#5023 = CARTESIAN_POINT('',(21.590043180086,-37.21107442214,0.));
#5024 = DIRECTION('',(0.,0.,1.));
#5025 = DIRECTION('',(-1.,-1.110223024625E-16,0.));
#5026 = CYLINDRICAL_SURFACE('',#5027,0.457200914402);
#5027 = AXIS2_PLACEMENT_3D('',#5028,#5029,#5030);
#5028 = CARTESIAN_POINT('',(21.590043180086,-37.21107442214,0.));
#5029 = DIRECTION('',(-0.,-0.,-1.));
#5030 = DIRECTION('',(-1.,-1.110223024625E-16,0.));
#5031 = ADVANCED_FACE('',(#5032),#5068,.F.);
#5032 = FACE_BOUND('',#5033,.T.);
#5033 = EDGE_LOOP('',(#5034,#5044,#5053,#5061));
#5034 = ORIENTED_EDGE('',*,*,#5035,.T.);
#5035 = EDGE_CURVE('',#5036,#5038,#5040,.T.);
#5036 = VERTEX_POINT('',#5037);
#5037 = CARTESIAN_POINT('',(22.047244094488,-39.75107950215,0.));
#5038 = VERTEX_POINT('',#5039);
#5039 = CARTESIAN_POINT('',(22.047244094488,-39.75107950215,
    1.600028244856));
#5040 = LINE('',#5041,#5042);
#5041 = CARTESIAN_POINT('',(22.047244094488,-39.75107950215,0.));
#5042 = VECTOR('',#5043,1.);
#5043 = DIRECTION('',(0.,0.,1.));
#5044 = ORIENTED_EDGE('',*,*,#5045,.T.);
#5045 = EDGE_CURVE('',#5038,#5046,#5048,.T.);
#5046 = VERTEX_POINT('',#5047);
#5047 = CARTESIAN_POINT('',(21.132842265685,-39.75107950215,
    1.600028244856));
#5048 = CIRCLE('',#5049,0.457200914402);
#5049 = AXIS2_PLACEMENT_3D('',#5050,#5051,#5052);
#5050 = CARTESIAN_POINT('',(21.590043180086,-39.75107950215,
    1.600028244856));
#5051 = DIRECTION('',(0.,0.,1.));
#5052 = DIRECTION('',(1.,1.110223024625E-16,-0.));
#5053 = ORIENTED_EDGE('',*,*,#5054,.F.);
#5054 = EDGE_CURVE('',#5055,#5046,#5057,.T.);
#5055 = VERTEX_POINT('',#5056);
#5056 = CARTESIAN_POINT('',(21.132842265685,-39.75107950215,0.));
#5057 = LINE('',#5058,#5059);
#5058 = CARTESIAN_POINT('',(21.132842265685,-39.75107950215,0.));
#5059 = VECTOR('',#5060,1.);
#5060 = DIRECTION('',(0.,0.,1.));
#5061 = ORIENTED_EDGE('',*,*,#5062,.F.);
#5062 = EDGE_CURVE('',#5036,#5055,#5063,.T.);
#5063 = CIRCLE('',#5064,0.457200914402);
#5064 = AXIS2_PLACEMENT_3D('',#5065,#5066,#5067);
#5065 = CARTESIAN_POINT('',(21.590043180086,-39.75107950215,0.));
#5066 = DIRECTION('',(0.,0.,1.));
#5067 = DIRECTION('',(1.,1.110223024625E-16,-0.));
#5068 = CYLINDRICAL_SURFACE('',#5069,0.457200914402);
#5069 = AXIS2_PLACEMENT_3D('',#5070,#5071,#5072);
#5070 = CARTESIAN_POINT('',(21.590043180086,-39.75107950215,0.));
#5071 = DIRECTION('',(-0.,-0.,-1.));
#5072 = DIRECTION('',(1.,1.110223024625E-16,-0.));
#5073 = ADVANCED_FACE('',(#5074),#5092,.F.);
#5074 = FACE_BOUND('',#5075,.T.);
#5075 = EDGE_LOOP('',(#5076,#5077,#5084,#5085));
#5076 = ORIENTED_EDGE('',*,*,#5054,.T.);
#5077 = ORIENTED_EDGE('',*,*,#5078,.T.);
#5078 = EDGE_CURVE('',#5046,#5038,#5079,.T.);
#5079 = CIRCLE('',#5080,0.457200914402);
#5080 = AXIS2_PLACEMENT_3D('',#5081,#5082,#5083);
#5081 = CARTESIAN_POINT('',(21.590043180086,-39.75107950215,
    1.600028244856));
#5082 = DIRECTION('',(0.,0.,1.));
#5083 = DIRECTION('',(-1.,-1.110223024625E-16,0.));
#5084 = ORIENTED_EDGE('',*,*,#5035,.F.);
#5085 = ORIENTED_EDGE('',*,*,#5086,.F.);
#5086 = EDGE_CURVE('',#5055,#5036,#5087,.T.);
#5087 = CIRCLE('',#5088,0.457200914402);
#5088 = AXIS2_PLACEMENT_3D('',#5089,#5090,#5091);
#5089 = CARTESIAN_POINT('',(21.590043180086,-39.75107950215,0.));
#5090 = DIRECTION('',(0.,0.,1.));
#5091 = DIRECTION('',(-1.,-1.110223024625E-16,0.));
#5092 = CYLINDRICAL_SURFACE('',#5093,0.457200914402);
#5093 = AXIS2_PLACEMENT_3D('',#5094,#5095,#5096);
#5094 = CARTESIAN_POINT('',(21.590043180086,-39.75107950215,0.));
#5095 = DIRECTION('',(-0.,-0.,-1.));
#5096 = DIRECTION('',(-1.,-1.110223024625E-16,0.));
#5097 = ADVANCED_FACE('',(#5098),#5134,.F.);
#5098 = FACE_BOUND('',#5099,.T.);
#5099 = EDGE_LOOP('',(#5100,#5110,#5119,#5127));
#5100 = ORIENTED_EDGE('',*,*,#5101,.T.);
#5101 = EDGE_CURVE('',#5102,#5104,#5106,.T.);
#5102 = VERTEX_POINT('',#5103);
#5103 = CARTESIAN_POINT('',(22.047244094488,-14.35102870205,0.));
#5104 = VERTEX_POINT('',#5105);
#5105 = CARTESIAN_POINT('',(22.047244094488,-14.35102870205,
    1.600028244856));
#5106 = LINE('',#5107,#5108);
#5107 = CARTESIAN_POINT('',(22.047244094488,-14.35102870205,0.));
#5108 = VECTOR('',#5109,1.);
#5109 = DIRECTION('',(0.,0.,1.));
#5110 = ORIENTED_EDGE('',*,*,#5111,.T.);
#5111 = EDGE_CURVE('',#5104,#5112,#5114,.T.);
#5112 = VERTEX_POINT('',#5113);
#5113 = CARTESIAN_POINT('',(21.132842265685,-14.35102870205,
    1.600028244856));
#5114 = CIRCLE('',#5115,0.457200914402);
#5115 = AXIS2_PLACEMENT_3D('',#5116,#5117,#5118);
#5116 = CARTESIAN_POINT('',(21.590043180086,-14.35102870205,
    1.600028244856));
#5117 = DIRECTION('',(0.,0.,1.));
#5118 = DIRECTION('',(1.,1.110223024625E-16,-0.));
#5119 = ORIENTED_EDGE('',*,*,#5120,.F.);
#5120 = EDGE_CURVE('',#5121,#5112,#5123,.T.);
#5121 = VERTEX_POINT('',#5122);
#5122 = CARTESIAN_POINT('',(21.132842265685,-14.35102870205,0.));
#5123 = LINE('',#5124,#5125);
#5124 = CARTESIAN_POINT('',(21.132842265685,-14.35102870205,0.));
#5125 = VECTOR('',#5126,1.);
#5126 = DIRECTION('',(0.,0.,1.));
#5127 = ORIENTED_EDGE('',*,*,#5128,.F.);
#5128 = EDGE_CURVE('',#5102,#5121,#5129,.T.);
#5129 = CIRCLE('',#5130,0.457200914402);
#5130 = AXIS2_PLACEMENT_3D('',#5131,#5132,#5133);
#5131 = CARTESIAN_POINT('',(21.590043180086,-14.35102870205,0.));
#5132 = DIRECTION('',(0.,0.,1.));
#5133 = DIRECTION('',(1.,1.110223024625E-16,-0.));
#5134 = CYLINDRICAL_SURFACE('',#5135,0.457200914402);
#5135 = AXIS2_PLACEMENT_3D('',#5136,#5137,#5138);
#5136 = CARTESIAN_POINT('',(21.590043180086,-14.35102870205,0.));
#5137 = DIRECTION('',(-0.,-0.,-1.));
#5138 = DIRECTION('',(1.,1.110223024625E-16,-0.));
#5139 = ADVANCED_FACE('',(#5140),#5158,.F.);
#5140 = FACE_BOUND('',#5141,.T.);
#5141 = EDGE_LOOP('',(#5142,#5143,#5150,#5151));
#5142 = ORIENTED_EDGE('',*,*,#5120,.T.);
#5143 = ORIENTED_EDGE('',*,*,#5144,.T.);
#5144 = EDGE_CURVE('',#5112,#5104,#5145,.T.);
#5145 = CIRCLE('',#5146,0.457200914402);
#5146 = AXIS2_PLACEMENT_3D('',#5147,#5148,#5149);
#5147 = CARTESIAN_POINT('',(21.590043180086,-14.35102870205,
    1.600028244856));
#5148 = DIRECTION('',(0.,0.,1.));
#5149 = DIRECTION('',(-1.,-1.110223024625E-16,0.));
#5150 = ORIENTED_EDGE('',*,*,#5101,.F.);
#5151 = ORIENTED_EDGE('',*,*,#5152,.F.);
#5152 = EDGE_CURVE('',#5121,#5102,#5153,.T.);
#5153 = CIRCLE('',#5154,0.457200914402);
#5154 = AXIS2_PLACEMENT_3D('',#5155,#5156,#5157);
#5155 = CARTESIAN_POINT('',(21.590043180086,-14.35102870205,0.));
#5156 = DIRECTION('',(0.,0.,1.));
#5157 = DIRECTION('',(-1.,-1.110223024625E-16,0.));
#5158 = CYLINDRICAL_SURFACE('',#5159,0.457200914402);
#5159 = AXIS2_PLACEMENT_3D('',#5160,#5161,#5162);
#5160 = CARTESIAN_POINT('',(21.590043180086,-14.35102870205,0.));
#5161 = DIRECTION('',(-0.,-0.,-1.));
#5162 = DIRECTION('',(-1.,-1.110223024625E-16,0.));
#5163 = ADVANCED_FACE('',(#5164),#5200,.F.);
#5164 = FACE_BOUND('',#5165,.T.);
#5165 = EDGE_LOOP('',(#5166,#5176,#5185,#5193));
#5166 = ORIENTED_EDGE('',*,*,#5167,.T.);
#5167 = EDGE_CURVE('',#5168,#5170,#5172,.T.);
#5168 = VERTEX_POINT('',#5169);
#5169 = CARTESIAN_POINT('',(22.047244094488,-16.89103378206,0.));
#5170 = VERTEX_POINT('',#5171);
#5171 = CARTESIAN_POINT('',(22.047244094488,-16.89103378206,
    1.600028244856));
#5172 = LINE('',#5173,#5174);
#5173 = CARTESIAN_POINT('',(22.047244094488,-16.89103378206,0.));
#5174 = VECTOR('',#5175,1.);
#5175 = DIRECTION('',(0.,0.,1.));
#5176 = ORIENTED_EDGE('',*,*,#5177,.T.);
#5177 = EDGE_CURVE('',#5170,#5178,#5180,.T.);
#5178 = VERTEX_POINT('',#5179);
#5179 = CARTESIAN_POINT('',(21.132842265685,-16.89103378206,
    1.600028244856));
#5180 = CIRCLE('',#5181,0.457200914402);
#5181 = AXIS2_PLACEMENT_3D('',#5182,#5183,#5184);
#5182 = CARTESIAN_POINT('',(21.590043180086,-16.89103378206,
    1.600028244856));
#5183 = DIRECTION('',(0.,0.,1.));
#5184 = DIRECTION('',(1.,1.110223024625E-16,-0.));
#5185 = ORIENTED_EDGE('',*,*,#5186,.F.);
#5186 = EDGE_CURVE('',#5187,#5178,#5189,.T.);
#5187 = VERTEX_POINT('',#5188);
#5188 = CARTESIAN_POINT('',(21.132842265685,-16.89103378206,0.));
#5189 = LINE('',#5190,#5191);
#5190 = CARTESIAN_POINT('',(21.132842265685,-16.89103378206,0.));
#5191 = VECTOR('',#5192,1.);
#5192 = DIRECTION('',(0.,0.,1.));
#5193 = ORIENTED_EDGE('',*,*,#5194,.F.);
#5194 = EDGE_CURVE('',#5168,#5187,#5195,.T.);
#5195 = CIRCLE('',#5196,0.457200914402);
#5196 = AXIS2_PLACEMENT_3D('',#5197,#5198,#5199);
#5197 = CARTESIAN_POINT('',(21.590043180086,-16.89103378206,0.));
#5198 = DIRECTION('',(0.,0.,1.));
#5199 = DIRECTION('',(1.,1.110223024625E-16,-0.));
#5200 = CYLINDRICAL_SURFACE('',#5201,0.457200914402);
#5201 = AXIS2_PLACEMENT_3D('',#5202,#5203,#5204);
#5202 = CARTESIAN_POINT('',(21.590043180086,-16.89103378206,0.));
#5203 = DIRECTION('',(-0.,-0.,-1.));
#5204 = DIRECTION('',(1.,1.110223024625E-16,-0.));
#5205 = ADVANCED_FACE('',(#5206),#5224,.F.);
#5206 = FACE_BOUND('',#5207,.T.);
#5207 = EDGE_LOOP('',(#5208,#5209,#5216,#5217));
#5208 = ORIENTED_EDGE('',*,*,#5186,.T.);
#5209 = ORIENTED_EDGE('',*,*,#5210,.T.);
#5210 = EDGE_CURVE('',#5178,#5170,#5211,.T.);
#5211 = CIRCLE('',#5212,0.457200914402);
#5212 = AXIS2_PLACEMENT_3D('',#5213,#5214,#5215);
#5213 = CARTESIAN_POINT('',(21.590043180086,-16.89103378206,
    1.600028244856));
#5214 = DIRECTION('',(0.,0.,1.));
#5215 = DIRECTION('',(-1.,-1.110223024625E-16,0.));
#5216 = ORIENTED_EDGE('',*,*,#5167,.F.);
#5217 = ORIENTED_EDGE('',*,*,#5218,.F.);
#5218 = EDGE_CURVE('',#5187,#5168,#5219,.T.);
#5219 = CIRCLE('',#5220,0.457200914402);
#5220 = AXIS2_PLACEMENT_3D('',#5221,#5222,#5223);
#5221 = CARTESIAN_POINT('',(21.590043180086,-16.89103378206,0.));
#5222 = DIRECTION('',(0.,0.,1.));
#5223 = DIRECTION('',(-1.,-1.110223024625E-16,0.));
#5224 = CYLINDRICAL_SURFACE('',#5225,0.457200914402);
#5225 = AXIS2_PLACEMENT_3D('',#5226,#5227,#5228);
#5226 = CARTESIAN_POINT('',(21.590043180086,-16.89103378206,0.));
#5227 = DIRECTION('',(-0.,-0.,-1.));
#5228 = DIRECTION('',(-1.,-1.110223024625E-16,0.));
#5229 = ADVANCED_FACE('',(#5230),#5266,.F.);
#5230 = FACE_BOUND('',#5231,.T.);
#5231 = EDGE_LOOP('',(#5232,#5242,#5251,#5259));
#5232 = ORIENTED_EDGE('',*,*,#5233,.T.);
#5233 = EDGE_CURVE('',#5234,#5236,#5238,.T.);
#5234 = VERTEX_POINT('',#5235);
#5235 = CARTESIAN_POINT('',(22.047244094488,-19.43103886207,0.));
#5236 = VERTEX_POINT('',#5237);
#5237 = CARTESIAN_POINT('',(22.047244094488,-19.43103886207,
    1.600028244856));
#5238 = LINE('',#5239,#5240);
#5239 = CARTESIAN_POINT('',(22.047244094488,-19.43103886207,0.));
#5240 = VECTOR('',#5241,1.);
#5241 = DIRECTION('',(0.,0.,1.));
#5242 = ORIENTED_EDGE('',*,*,#5243,.T.);
#5243 = EDGE_CURVE('',#5236,#5244,#5246,.T.);
#5244 = VERTEX_POINT('',#5245);
#5245 = CARTESIAN_POINT('',(21.132842265685,-19.43103886207,
    1.600028244856));
#5246 = CIRCLE('',#5247,0.457200914402);
#5247 = AXIS2_PLACEMENT_3D('',#5248,#5249,#5250);
#5248 = CARTESIAN_POINT('',(21.590043180086,-19.43103886207,
    1.600028244856));
#5249 = DIRECTION('',(0.,0.,1.));
#5250 = DIRECTION('',(1.,1.110223024625E-16,-0.));
#5251 = ORIENTED_EDGE('',*,*,#5252,.F.);
#5252 = EDGE_CURVE('',#5253,#5244,#5255,.T.);
#5253 = VERTEX_POINT('',#5254);
#5254 = CARTESIAN_POINT('',(21.132842265685,-19.43103886207,0.));
#5255 = LINE('',#5256,#5257);
#5256 = CARTESIAN_POINT('',(21.132842265685,-19.43103886207,0.));
#5257 = VECTOR('',#5258,1.);
#5258 = DIRECTION('',(0.,0.,1.));
#5259 = ORIENTED_EDGE('',*,*,#5260,.F.);
#5260 = EDGE_CURVE('',#5234,#5253,#5261,.T.);
#5261 = CIRCLE('',#5262,0.457200914402);
#5262 = AXIS2_PLACEMENT_3D('',#5263,#5264,#5265);
#5263 = CARTESIAN_POINT('',(21.590043180086,-19.43103886207,0.));
#5264 = DIRECTION('',(0.,0.,1.));
#5265 = DIRECTION('',(1.,1.110223024625E-16,-0.));
#5266 = CYLINDRICAL_SURFACE('',#5267,0.457200914402);
#5267 = AXIS2_PLACEMENT_3D('',#5268,#5269,#5270);
#5268 = CARTESIAN_POINT('',(21.590043180086,-19.43103886207,0.));
#5269 = DIRECTION('',(-0.,-0.,-1.));
#5270 = DIRECTION('',(1.,1.110223024625E-16,-0.));
#5271 = ADVANCED_FACE('',(#5272),#5290,.F.);
#5272 = FACE_BOUND('',#5273,.T.);
#5273 = EDGE_LOOP('',(#5274,#5275,#5282,#5283));
#5274 = ORIENTED_EDGE('',*,*,#5252,.T.);
#5275 = ORIENTED_EDGE('',*,*,#5276,.T.);
#5276 = EDGE_CURVE('',#5244,#5236,#5277,.T.);
#5277 = CIRCLE('',#5278,0.457200914402);
#5278 = AXIS2_PLACEMENT_3D('',#5279,#5280,#5281);
#5279 = CARTESIAN_POINT('',(21.590043180086,-19.43103886207,
    1.600028244856));
#5280 = DIRECTION('',(0.,0.,1.));
#5281 = DIRECTION('',(-1.,-1.110223024625E-16,0.));
#5282 = ORIENTED_EDGE('',*,*,#5233,.F.);
#5283 = ORIENTED_EDGE('',*,*,#5284,.F.);
#5284 = EDGE_CURVE('',#5253,#5234,#5285,.T.);
#5285 = CIRCLE('',#5286,0.457200914402);
#5286 = AXIS2_PLACEMENT_3D('',#5287,#5288,#5289);
#5287 = CARTESIAN_POINT('',(21.590043180086,-19.43103886207,0.));
#5288 = DIRECTION('',(0.,0.,1.));
#5289 = DIRECTION('',(-1.,-1.110223024625E-16,0.));
#5290 = CYLINDRICAL_SURFACE('',#5291,0.457200914402);
#5291 = AXIS2_PLACEMENT_3D('',#5292,#5293,#5294);
#5292 = CARTESIAN_POINT('',(21.590043180086,-19.43103886207,0.));
#5293 = DIRECTION('',(-0.,-0.,-1.));
#5294 = DIRECTION('',(-1.,-1.110223024625E-16,0.));
#5295 = ADVANCED_FACE('',(#5296),#5332,.F.);
#5296 = FACE_BOUND('',#5297,.T.);
#5297 = EDGE_LOOP('',(#5298,#5308,#5317,#5325));
#5298 = ORIENTED_EDGE('',*,*,#5299,.T.);
#5299 = EDGE_CURVE('',#5300,#5302,#5304,.T.);
#5300 = VERTEX_POINT('',#5301);
#5301 = CARTESIAN_POINT('',(22.047244094488,-42.29108458216,0.));
#5302 = VERTEX_POINT('',#5303);
#5303 = CARTESIAN_POINT('',(22.047244094488,-42.29108458216,
    1.600028244856));
#5304 = LINE('',#5305,#5306);
#5305 = CARTESIAN_POINT('',(22.047244094488,-42.29108458216,0.));
#5306 = VECTOR('',#5307,1.);
#5307 = DIRECTION('',(0.,0.,1.));
#5308 = ORIENTED_EDGE('',*,*,#5309,.T.);
#5309 = EDGE_CURVE('',#5302,#5310,#5312,.T.);
#5310 = VERTEX_POINT('',#5311);
#5311 = CARTESIAN_POINT('',(21.132842265685,-42.29108458216,
    1.600028244856));
#5312 = CIRCLE('',#5313,0.457200914402);
#5313 = AXIS2_PLACEMENT_3D('',#5314,#5315,#5316);
#5314 = CARTESIAN_POINT('',(21.590043180086,-42.29108458216,
    1.600028244856));
#5315 = DIRECTION('',(0.,0.,1.));
#5316 = DIRECTION('',(1.,1.110223024625E-16,-0.));
#5317 = ORIENTED_EDGE('',*,*,#5318,.F.);
#5318 = EDGE_CURVE('',#5319,#5310,#5321,.T.);
#5319 = VERTEX_POINT('',#5320);
#5320 = CARTESIAN_POINT('',(21.132842265685,-42.29108458216,0.));
#5321 = LINE('',#5322,#5323);
#5322 = CARTESIAN_POINT('',(21.132842265685,-42.29108458216,0.));
#5323 = VECTOR('',#5324,1.);
#5324 = DIRECTION('',(0.,0.,1.));
#5325 = ORIENTED_EDGE('',*,*,#5326,.F.);
#5326 = EDGE_CURVE('',#5300,#5319,#5327,.T.);
#5327 = CIRCLE('',#5328,0.457200914402);
#5328 = AXIS2_PLACEMENT_3D('',#5329,#5330,#5331);
#5329 = CARTESIAN_POINT('',(21.590043180086,-42.29108458216,0.));
#5330 = DIRECTION('',(0.,0.,1.));
#5331 = DIRECTION('',(1.,1.110223024625E-16,-0.));
#5332 = CYLINDRICAL_SURFACE('',#5333,0.457200914402);
#5333 = AXIS2_PLACEMENT_3D('',#5334,#5335,#5336);
#5334 = CARTESIAN_POINT('',(21.590043180086,-42.29108458216,0.));
#5335 = DIRECTION('',(-0.,-0.,-1.));
#5336 = DIRECTION('',(1.,1.110223024625E-16,-0.));
#5337 = ADVANCED_FACE('',(#5338),#5356,.F.);
#5338 = FACE_BOUND('',#5339,.T.);
#5339 = EDGE_LOOP('',(#5340,#5341,#5348,#5349));
#5340 = ORIENTED_EDGE('',*,*,#5318,.T.);
#5341 = ORIENTED_EDGE('',*,*,#5342,.T.);
#5342 = EDGE_CURVE('',#5310,#5302,#5343,.T.);
#5343 = CIRCLE('',#5344,0.457200914402);
#5344 = AXIS2_PLACEMENT_3D('',#5345,#5346,#5347);
#5345 = CARTESIAN_POINT('',(21.590043180086,-42.29108458216,
    1.600028244856));
#5346 = DIRECTION('',(0.,0.,1.));
#5347 = DIRECTION('',(-1.,-1.110223024625E-16,0.));
#5348 = ORIENTED_EDGE('',*,*,#5299,.F.);
#5349 = ORIENTED_EDGE('',*,*,#5350,.F.);
#5350 = EDGE_CURVE('',#5319,#5300,#5351,.T.);
#5351 = CIRCLE('',#5352,0.457200914402);
#5352 = AXIS2_PLACEMENT_3D('',#5353,#5354,#5355);
#5353 = CARTESIAN_POINT('',(21.590043180086,-42.29108458216,0.));
#5354 = DIRECTION('',(0.,0.,1.));
#5355 = DIRECTION('',(-1.,-1.110223024625E-16,0.));
#5356 = CYLINDRICAL_SURFACE('',#5357,0.457200914402);
#5357 = AXIS2_PLACEMENT_3D('',#5358,#5359,#5360);
#5358 = CARTESIAN_POINT('',(21.590043180086,-42.29108458216,0.));
#5359 = DIRECTION('',(-0.,-0.,-1.));
#5360 = DIRECTION('',(-1.,-1.110223024625E-16,0.));
#5361 = ADVANCED_FACE('',(#5362),#5398,.F.);
#5362 = FACE_BOUND('',#5363,.T.);
#5363 = EDGE_LOOP('',(#5364,#5374,#5383,#5391));
#5364 = ORIENTED_EDGE('',*,*,#5365,.T.);
#5365 = EDGE_CURVE('',#5366,#5368,#5370,.T.);
#5366 = VERTEX_POINT('',#5367);
#5367 = CARTESIAN_POINT('',(22.047244094488,-44.83108966217,0.));
#5368 = VERTEX_POINT('',#5369);
#5369 = CARTESIAN_POINT('',(22.047244094488,-44.83108966217,
    1.600028244856));
#5370 = LINE('',#5371,#5372);
#5371 = CARTESIAN_POINT('',(22.047244094488,-44.83108966217,0.));
#5372 = VECTOR('',#5373,1.);
#5373 = DIRECTION('',(0.,0.,1.));
#5374 = ORIENTED_EDGE('',*,*,#5375,.T.);
#5375 = EDGE_CURVE('',#5368,#5376,#5378,.T.);
#5376 = VERTEX_POINT('',#5377);
#5377 = CARTESIAN_POINT('',(21.132842265685,-44.83108966217,
    1.600028244856));
#5378 = CIRCLE('',#5379,0.457200914402);
#5379 = AXIS2_PLACEMENT_3D('',#5380,#5381,#5382);
#5380 = CARTESIAN_POINT('',(21.590043180086,-44.83108966217,
    1.600028244856));
#5381 = DIRECTION('',(0.,0.,1.));
#5382 = DIRECTION('',(1.,1.110223024625E-16,-0.));
#5383 = ORIENTED_EDGE('',*,*,#5384,.F.);
#5384 = EDGE_CURVE('',#5385,#5376,#5387,.T.);
#5385 = VERTEX_POINT('',#5386);
#5386 = CARTESIAN_POINT('',(21.132842265685,-44.83108966217,0.));
#5387 = LINE('',#5388,#5389);
#5388 = CARTESIAN_POINT('',(21.132842265685,-44.83108966217,0.));
#5389 = VECTOR('',#5390,1.);
#5390 = DIRECTION('',(0.,0.,1.));
#5391 = ORIENTED_EDGE('',*,*,#5392,.F.);
#5392 = EDGE_CURVE('',#5366,#5385,#5393,.T.);
#5393 = CIRCLE('',#5394,0.457200914402);
#5394 = AXIS2_PLACEMENT_3D('',#5395,#5396,#5397);
#5395 = CARTESIAN_POINT('',(21.590043180086,-44.83108966217,0.));
#5396 = DIRECTION('',(0.,0.,1.));
#5397 = DIRECTION('',(1.,1.110223024625E-16,-0.));
#5398 = CYLINDRICAL_SURFACE('',#5399,0.457200914402);
#5399 = AXIS2_PLACEMENT_3D('',#5400,#5401,#5402);
#5400 = CARTESIAN_POINT('',(21.590043180086,-44.83108966217,0.));
#5401 = DIRECTION('',(-0.,-0.,-1.));
#5402 = DIRECTION('',(1.,1.110223024625E-16,-0.));
#5403 = ADVANCED_FACE('',(#5404),#5422,.F.);
#5404 = FACE_BOUND('',#5405,.T.);
#5405 = EDGE_LOOP('',(#5406,#5407,#5414,#5415));
#5406 = ORIENTED_EDGE('',*,*,#5384,.T.);
#5407 = ORIENTED_EDGE('',*,*,#5408,.T.);
#5408 = EDGE_CURVE('',#5376,#5368,#5409,.T.);
#5409 = CIRCLE('',#5410,0.457200914402);
#5410 = AXIS2_PLACEMENT_3D('',#5411,#5412,#5413);
#5411 = CARTESIAN_POINT('',(21.590043180086,-44.83108966217,
    1.600028244856));
#5412 = DIRECTION('',(0.,0.,1.));
#5413 = DIRECTION('',(-1.,-1.110223024625E-16,0.));
#5414 = ORIENTED_EDGE('',*,*,#5365,.F.);
#5415 = ORIENTED_EDGE('',*,*,#5416,.F.);
#5416 = EDGE_CURVE('',#5385,#5366,#5417,.T.);
#5417 = CIRCLE('',#5418,0.457200914402);
#5418 = AXIS2_PLACEMENT_3D('',#5419,#5420,#5421);
#5419 = CARTESIAN_POINT('',(21.590043180086,-44.83108966217,0.));
#5420 = DIRECTION('',(0.,0.,1.));
#5421 = DIRECTION('',(-1.,-1.110223024625E-16,0.));
#5422 = CYLINDRICAL_SURFACE('',#5423,0.457200914402);
#5423 = AXIS2_PLACEMENT_3D('',#5424,#5425,#5426);
#5424 = CARTESIAN_POINT('',(21.590043180086,-44.83108966217,0.));
#5425 = DIRECTION('',(-0.,-0.,-1.));
#5426 = DIRECTION('',(-1.,-1.110223024625E-16,0.));
#5427 = ADVANCED_FACE('',(#5428),#5464,.F.);
#5428 = FACE_BOUND('',#5429,.T.);
#5429 = EDGE_LOOP('',(#5430,#5440,#5449,#5457));
#5430 = ORIENTED_EDGE('',*,*,#5431,.T.);
#5431 = EDGE_CURVE('',#5432,#5434,#5436,.T.);
#5432 = VERTEX_POINT('',#5433);
#5433 = CARTESIAN_POINT('',(22.047244094488,-47.37109474218,0.));
#5434 = VERTEX_POINT('',#5435);
#5435 = CARTESIAN_POINT('',(22.047244094488,-47.37109474218,
    1.600028244856));
#5436 = LINE('',#5437,#5438);
#5437 = CARTESIAN_POINT('',(22.047244094488,-47.37109474218,0.));
#5438 = VECTOR('',#5439,1.);
#5439 = DIRECTION('',(0.,0.,1.));
#5440 = ORIENTED_EDGE('',*,*,#5441,.T.);
#5441 = EDGE_CURVE('',#5434,#5442,#5444,.T.);
#5442 = VERTEX_POINT('',#5443);
#5443 = CARTESIAN_POINT('',(21.132842265685,-47.37109474218,
    1.600028244856));
#5444 = CIRCLE('',#5445,0.457200914402);
#5445 = AXIS2_PLACEMENT_3D('',#5446,#5447,#5448);
#5446 = CARTESIAN_POINT('',(21.590043180086,-47.37109474218,
    1.600028244856));
#5447 = DIRECTION('',(0.,0.,1.));
#5448 = DIRECTION('',(1.,1.110223024625E-16,-0.));
#5449 = ORIENTED_EDGE('',*,*,#5450,.F.);
#5450 = EDGE_CURVE('',#5451,#5442,#5453,.T.);
#5451 = VERTEX_POINT('',#5452);
#5452 = CARTESIAN_POINT('',(21.132842265685,-47.37109474218,0.));
#5453 = LINE('',#5454,#5455);
#5454 = CARTESIAN_POINT('',(21.132842265685,-47.37109474218,0.));
#5455 = VECTOR('',#5456,1.);
#5456 = DIRECTION('',(0.,0.,1.));
#5457 = ORIENTED_EDGE('',*,*,#5458,.F.);
#5458 = EDGE_CURVE('',#5432,#5451,#5459,.T.);
#5459 = CIRCLE('',#5460,0.457200914402);
#5460 = AXIS2_PLACEMENT_3D('',#5461,#5462,#5463);
#5461 = CARTESIAN_POINT('',(21.590043180086,-47.37109474218,0.));
#5462 = DIRECTION('',(0.,0.,1.));
#5463 = DIRECTION('',(1.,1.110223024625E-16,-0.));
#5464 = CYLINDRICAL_SURFACE('',#5465,0.457200914402);
#5465 = AXIS2_PLACEMENT_3D('',#5466,#5467,#5468);
#5466 = CARTESIAN_POINT('',(21.590043180086,-47.37109474218,0.));
#5467 = DIRECTION('',(-0.,-0.,-1.));
#5468 = DIRECTION('',(1.,1.110223024625E-16,-0.));
#5469 = ADVANCED_FACE('',(#5470),#5488,.F.);
#5470 = FACE_BOUND('',#5471,.T.);
#5471 = EDGE_LOOP('',(#5472,#5473,#5480,#5481));
#5472 = ORIENTED_EDGE('',*,*,#5450,.T.);
#5473 = ORIENTED_EDGE('',*,*,#5474,.T.);
#5474 = EDGE_CURVE('',#5442,#5434,#5475,.T.);
#5475 = CIRCLE('',#5476,0.457200914402);
#5476 = AXIS2_PLACEMENT_3D('',#5477,#5478,#5479);
#5477 = CARTESIAN_POINT('',(21.590043180086,-47.37109474218,
    1.600028244856));
#5478 = DIRECTION('',(0.,0.,1.));
#5479 = DIRECTION('',(-1.,-1.110223024625E-16,0.));
#5480 = ORIENTED_EDGE('',*,*,#5431,.F.);
#5481 = ORIENTED_EDGE('',*,*,#5482,.F.);
#5482 = EDGE_CURVE('',#5451,#5432,#5483,.T.);
#5483 = CIRCLE('',#5484,0.457200914402);
#5484 = AXIS2_PLACEMENT_3D('',#5485,#5486,#5487);
#5485 = CARTESIAN_POINT('',(21.590043180086,-47.37109474218,0.));
#5486 = DIRECTION('',(0.,0.,1.));
#5487 = DIRECTION('',(-1.,-1.110223024625E-16,0.));
#5488 = CYLINDRICAL_SURFACE('',#5489,0.457200914402);
#5489 = AXIS2_PLACEMENT_3D('',#5490,#5491,#5492);
#5490 = CARTESIAN_POINT('',(21.590043180086,-47.37109474218,0.));
#5491 = DIRECTION('',(-0.,-0.,-1.));
#5492 = DIRECTION('',(-1.,-1.110223024625E-16,0.));
#5493 = ADVANCED_FACE('',(#5494),#5530,.F.);
#5494 = FACE_BOUND('',#5495,.T.);
#5495 = EDGE_LOOP('',(#5496,#5506,#5515,#5523));
#5496 = ORIENTED_EDGE('',*,*,#5497,.T.);
#5497 = EDGE_CURVE('',#5498,#5500,#5502,.T.);
#5498 = VERTEX_POINT('',#5499);
#5499 = CARTESIAN_POINT('',(22.047244094488,-49.9110998222,0.));
#5500 = VERTEX_POINT('',#5501);
#5501 = CARTESIAN_POINT('',(22.047244094488,-49.9110998222,
    1.600028244856));
#5502 = LINE('',#5503,#5504);
#5503 = CARTESIAN_POINT('',(22.047244094488,-49.9110998222,0.));
#5504 = VECTOR('',#5505,1.);
#5505 = DIRECTION('',(0.,0.,1.));
#5506 = ORIENTED_EDGE('',*,*,#5507,.T.);
#5507 = EDGE_CURVE('',#5500,#5508,#5510,.T.);
#5508 = VERTEX_POINT('',#5509);
#5509 = CARTESIAN_POINT('',(21.132842265685,-49.9110998222,
    1.600028244856));
#5510 = CIRCLE('',#5511,0.457200914402);
#5511 = AXIS2_PLACEMENT_3D('',#5512,#5513,#5514);
#5512 = CARTESIAN_POINT('',(21.590043180086,-49.9110998222,
    1.600028244856));
#5513 = DIRECTION('',(0.,0.,1.));
#5514 = DIRECTION('',(1.,1.110223024625E-16,-0.));
#5515 = ORIENTED_EDGE('',*,*,#5516,.F.);
#5516 = EDGE_CURVE('',#5517,#5508,#5519,.T.);
#5517 = VERTEX_POINT('',#5518);
#5518 = CARTESIAN_POINT('',(21.132842265685,-49.9110998222,0.));
#5519 = LINE('',#5520,#5521);
#5520 = CARTESIAN_POINT('',(21.132842265685,-49.9110998222,0.));
#5521 = VECTOR('',#5522,1.);
#5522 = DIRECTION('',(0.,0.,1.));
#5523 = ORIENTED_EDGE('',*,*,#5524,.F.);
#5524 = EDGE_CURVE('',#5498,#5517,#5525,.T.);
#5525 = CIRCLE('',#5526,0.457200914402);
#5526 = AXIS2_PLACEMENT_3D('',#5527,#5528,#5529);
#5527 = CARTESIAN_POINT('',(21.590043180086,-49.9110998222,0.));
#5528 = DIRECTION('',(0.,0.,1.));
#5529 = DIRECTION('',(1.,1.110223024625E-16,-0.));
#5530 = CYLINDRICAL_SURFACE('',#5531,0.457200914402);
#5531 = AXIS2_PLACEMENT_3D('',#5532,#5533,#5534);
#5532 = CARTESIAN_POINT('',(21.590043180086,-49.9110998222,0.));
#5533 = DIRECTION('',(-0.,-0.,-1.));
#5534 = DIRECTION('',(1.,1.110223024625E-16,-0.));
#5535 = ADVANCED_FACE('',(#5536),#5554,.F.);
#5536 = FACE_BOUND('',#5537,.T.);
#5537 = EDGE_LOOP('',(#5538,#5539,#5546,#5547));
#5538 = ORIENTED_EDGE('',*,*,#5516,.T.);
#5539 = ORIENTED_EDGE('',*,*,#5540,.T.);
#5540 = EDGE_CURVE('',#5508,#5500,#5541,.T.);
#5541 = CIRCLE('',#5542,0.457200914402);
#5542 = AXIS2_PLACEMENT_3D('',#5543,#5544,#5545);
#5543 = CARTESIAN_POINT('',(21.590043180086,-49.9110998222,
    1.600028244856));
#5544 = DIRECTION('',(0.,0.,1.));
#5545 = DIRECTION('',(-1.,-1.110223024625E-16,0.));
#5546 = ORIENTED_EDGE('',*,*,#5497,.F.);
#5547 = ORIENTED_EDGE('',*,*,#5548,.F.);
#5548 = EDGE_CURVE('',#5517,#5498,#5549,.T.);
#5549 = CIRCLE('',#5550,0.457200914402);
#5550 = AXIS2_PLACEMENT_3D('',#5551,#5552,#5553);
#5551 = CARTESIAN_POINT('',(21.590043180086,-49.9110998222,0.));
#5552 = DIRECTION('',(0.,0.,1.));
#5553 = DIRECTION('',(-1.,-1.110223024625E-16,0.));
#5554 = CYLINDRICAL_SURFACE('',#5555,0.457200914402);
#5555 = AXIS2_PLACEMENT_3D('',#5556,#5557,#5558);
#5556 = CARTESIAN_POINT('',(21.590043180086,-49.9110998222,0.));
#5557 = DIRECTION('',(-0.,-0.,-1.));
#5558 = DIRECTION('',(-1.,-1.110223024625E-16,0.));
#5559 = ADVANCED_FACE('',(#5560),#5596,.F.);
#5560 = FACE_BOUND('',#5561,.T.);
#5561 = EDGE_LOOP('',(#5562,#5572,#5581,#5589));
#5562 = ORIENTED_EDGE('',*,*,#5563,.T.);
#5563 = EDGE_CURVE('',#5564,#5566,#5568,.T.);
#5564 = VERTEX_POINT('',#5565);
#5565 = CARTESIAN_POINT('',(22.047244094488,-52.45110490221,0.));
#5566 = VERTEX_POINT('',#5567);
#5567 = CARTESIAN_POINT('',(22.047244094488,-52.45110490221,
    1.600028244856));
#5568 = LINE('',#5569,#5570);
#5569 = CARTESIAN_POINT('',(22.047244094488,-52.45110490221,0.));
#5570 = VECTOR('',#5571,1.);
#5571 = DIRECTION('',(0.,0.,1.));
#5572 = ORIENTED_EDGE('',*,*,#5573,.T.);
#5573 = EDGE_CURVE('',#5566,#5574,#5576,.T.);
#5574 = VERTEX_POINT('',#5575);
#5575 = CARTESIAN_POINT('',(21.132842265685,-52.45110490221,
    1.600028244856));
#5576 = CIRCLE('',#5577,0.457200914402);
#5577 = AXIS2_PLACEMENT_3D('',#5578,#5579,#5580);
#5578 = CARTESIAN_POINT('',(21.590043180086,-52.45110490221,
    1.600028244856));
#5579 = DIRECTION('',(0.,0.,1.));
#5580 = DIRECTION('',(1.,1.110223024625E-16,-0.));
#5581 = ORIENTED_EDGE('',*,*,#5582,.F.);
#5582 = EDGE_CURVE('',#5583,#5574,#5585,.T.);
#5583 = VERTEX_POINT('',#5584);
#5584 = CARTESIAN_POINT('',(21.132842265685,-52.45110490221,0.));
#5585 = LINE('',#5586,#5587);
#5586 = CARTESIAN_POINT('',(21.132842265685,-52.45110490221,0.));
#5587 = VECTOR('',#5588,1.);
#5588 = DIRECTION('',(0.,0.,1.));
#5589 = ORIENTED_EDGE('',*,*,#5590,.F.);
#5590 = EDGE_CURVE('',#5564,#5583,#5591,.T.);
#5591 = CIRCLE('',#5592,0.457200914402);
#5592 = AXIS2_PLACEMENT_3D('',#5593,#5594,#5595);
#5593 = CARTESIAN_POINT('',(21.590043180086,-52.45110490221,0.));
#5594 = DIRECTION('',(0.,0.,1.));
#5595 = DIRECTION('',(1.,1.110223024625E-16,-0.));
#5596 = CYLINDRICAL_SURFACE('',#5597,0.457200914402);
#5597 = AXIS2_PLACEMENT_3D('',#5598,#5599,#5600);
#5598 = CARTESIAN_POINT('',(21.590043180086,-52.45110490221,0.));
#5599 = DIRECTION('',(-0.,-0.,-1.));
#5600 = DIRECTION('',(1.,1.110223024625E-16,-0.));
#5601 = ADVANCED_FACE('',(#5602),#5620,.F.);
#5602 = FACE_BOUND('',#5603,.T.);
#5603 = EDGE_LOOP('',(#5604,#5605,#5612,#5613));
#5604 = ORIENTED_EDGE('',*,*,#5582,.T.);
#5605 = ORIENTED_EDGE('',*,*,#5606,.T.);
#5606 = EDGE_CURVE('',#5574,#5566,#5607,.T.);
#5607 = CIRCLE('',#5608,0.457200914402);
#5608 = AXIS2_PLACEMENT_3D('',#5609,#5610,#5611);
#5609 = CARTESIAN_POINT('',(21.590043180086,-52.45110490221,
    1.600028244856));
#5610 = DIRECTION('',(0.,0.,1.));
#5611 = DIRECTION('',(-1.,-1.110223024625E-16,0.));
#5612 = ORIENTED_EDGE('',*,*,#5563,.F.);
#5613 = ORIENTED_EDGE('',*,*,#5614,.F.);
#5614 = EDGE_CURVE('',#5583,#5564,#5615,.T.);
#5615 = CIRCLE('',#5616,0.457200914402);
#5616 = AXIS2_PLACEMENT_3D('',#5617,#5618,#5619);
#5617 = CARTESIAN_POINT('',(21.590043180086,-52.45110490221,0.));
#5618 = DIRECTION('',(0.,0.,1.));
#5619 = DIRECTION('',(-1.,-1.110223024625E-16,0.));
#5620 = CYLINDRICAL_SURFACE('',#5621,0.457200914402);
#5621 = AXIS2_PLACEMENT_3D('',#5622,#5623,#5624);
#5622 = CARTESIAN_POINT('',(21.590043180086,-52.45110490221,0.));
#5623 = DIRECTION('',(-0.,-0.,-1.));
#5624 = DIRECTION('',(-1.,-1.110223024625E-16,0.));
#5625 = ADVANCED_FACE('',(#5626),#5662,.F.);
#5626 = FACE_BOUND('',#5627,.T.);
#5627 = EDGE_LOOP('',(#5628,#5638,#5647,#5655));
#5628 = ORIENTED_EDGE('',*,*,#5629,.T.);
#5629 = EDGE_CURVE('',#5630,#5632,#5634,.T.);
#5630 = VERTEX_POINT('',#5631);
#5631 = CARTESIAN_POINT('',(22.047244094488,-60.07112014224,0.));
#5632 = VERTEX_POINT('',#5633);
#5633 = CARTESIAN_POINT('',(22.047244094488,-60.07112014224,
    1.600028244856));
#5634 = LINE('',#5635,#5636);
#5635 = CARTESIAN_POINT('',(22.047244094488,-60.07112014224,0.));
#5636 = VECTOR('',#5637,1.);
#5637 = DIRECTION('',(0.,0.,1.));
#5638 = ORIENTED_EDGE('',*,*,#5639,.T.);
#5639 = EDGE_CURVE('',#5632,#5640,#5642,.T.);
#5640 = VERTEX_POINT('',#5641);
#5641 = CARTESIAN_POINT('',(21.132842265685,-60.07112014224,
    1.600028244856));
#5642 = CIRCLE('',#5643,0.457200914402);
#5643 = AXIS2_PLACEMENT_3D('',#5644,#5645,#5646);
#5644 = CARTESIAN_POINT('',(21.590043180086,-60.07112014224,
    1.600028244856));
#5645 = DIRECTION('',(0.,0.,1.));
#5646 = DIRECTION('',(1.,1.110223024625E-16,-0.));
#5647 = ORIENTED_EDGE('',*,*,#5648,.F.);
#5648 = EDGE_CURVE('',#5649,#5640,#5651,.T.);
#5649 = VERTEX_POINT('',#5650);
#5650 = CARTESIAN_POINT('',(21.132842265685,-60.07112014224,0.));
#5651 = LINE('',#5652,#5653);
#5652 = CARTESIAN_POINT('',(21.132842265685,-60.07112014224,0.));
#5653 = VECTOR('',#5654,1.);
#5654 = DIRECTION('',(0.,0.,1.));
#5655 = ORIENTED_EDGE('',*,*,#5656,.F.);
#5656 = EDGE_CURVE('',#5630,#5649,#5657,.T.);
#5657 = CIRCLE('',#5658,0.457200914402);
#5658 = AXIS2_PLACEMENT_3D('',#5659,#5660,#5661);
#5659 = CARTESIAN_POINT('',(21.590043180086,-60.07112014224,0.));
#5660 = DIRECTION('',(0.,0.,1.));
#5661 = DIRECTION('',(1.,1.110223024625E-16,-0.));
#5662 = CYLINDRICAL_SURFACE('',#5663,0.457200914402);
#5663 = AXIS2_PLACEMENT_3D('',#5664,#5665,#5666);
#5664 = CARTESIAN_POINT('',(21.590043180086,-60.07112014224,0.));
#5665 = DIRECTION('',(-0.,-0.,-1.));
#5666 = DIRECTION('',(1.,1.110223024625E-16,-0.));
#5667 = ADVANCED_FACE('',(#5668),#5686,.F.);
#5668 = FACE_BOUND('',#5669,.T.);
#5669 = EDGE_LOOP('',(#5670,#5671,#5678,#5679));
#5670 = ORIENTED_EDGE('',*,*,#5648,.T.);
#5671 = ORIENTED_EDGE('',*,*,#5672,.T.);
#5672 = EDGE_CURVE('',#5640,#5632,#5673,.T.);
#5673 = CIRCLE('',#5674,0.457200914402);
#5674 = AXIS2_PLACEMENT_3D('',#5675,#5676,#5677);
#5675 = CARTESIAN_POINT('',(21.590043180086,-60.07112014224,
    1.600028244856));
#5676 = DIRECTION('',(0.,0.,1.));
#5677 = DIRECTION('',(-1.,-1.110223024625E-16,0.));
#5678 = ORIENTED_EDGE('',*,*,#5629,.F.);
#5679 = ORIENTED_EDGE('',*,*,#5680,.F.);
#5680 = EDGE_CURVE('',#5649,#5630,#5681,.T.);
#5681 = CIRCLE('',#5682,0.457200914402);
#5682 = AXIS2_PLACEMENT_3D('',#5683,#5684,#5685);
#5683 = CARTESIAN_POINT('',(21.590043180086,-60.07112014224,0.));
#5684 = DIRECTION('',(0.,0.,1.));
#5685 = DIRECTION('',(-1.,-1.110223024625E-16,0.));
#5686 = CYLINDRICAL_SURFACE('',#5687,0.457200914402);
#5687 = AXIS2_PLACEMENT_3D('',#5688,#5689,#5690);
#5688 = CARTESIAN_POINT('',(21.590043180086,-60.07112014224,0.));
#5689 = DIRECTION('',(-0.,-0.,-1.));
#5690 = DIRECTION('',(-1.,-1.110223024625E-16,0.));
#5691 = ADVANCED_FACE('',(#5692),#5728,.F.);
#5692 = FACE_BOUND('',#5693,.T.);
#5693 = EDGE_LOOP('',(#5694,#5704,#5713,#5721));
#5694 = ORIENTED_EDGE('',*,*,#5695,.T.);
#5695 = EDGE_CURVE('',#5696,#5698,#5700,.T.);
#5696 = VERTEX_POINT('',#5697);
#5697 = CARTESIAN_POINT('',(22.047244094488,-54.99110998222,0.));
#5698 = VERTEX_POINT('',#5699);
#5699 = CARTESIAN_POINT('',(22.047244094488,-54.99110998222,
    1.600028244856));
#5700 = LINE('',#5701,#5702);
#5701 = CARTESIAN_POINT('',(22.047244094488,-54.99110998222,0.));
#5702 = VECTOR('',#5703,1.);
#5703 = DIRECTION('',(0.,0.,1.));
#5704 = ORIENTED_EDGE('',*,*,#5705,.T.);
#5705 = EDGE_CURVE('',#5698,#5706,#5708,.T.);
#5706 = VERTEX_POINT('',#5707);
#5707 = CARTESIAN_POINT('',(21.132842265685,-54.99110998222,
    1.600028244856));
#5708 = CIRCLE('',#5709,0.457200914402);
#5709 = AXIS2_PLACEMENT_3D('',#5710,#5711,#5712);
#5710 = CARTESIAN_POINT('',(21.590043180086,-54.99110998222,
    1.600028244856));
#5711 = DIRECTION('',(0.,0.,1.));
#5712 = DIRECTION('',(1.,1.110223024625E-16,-0.));
#5713 = ORIENTED_EDGE('',*,*,#5714,.F.);
#5714 = EDGE_CURVE('',#5715,#5706,#5717,.T.);
#5715 = VERTEX_POINT('',#5716);
#5716 = CARTESIAN_POINT('',(21.132842265685,-54.99110998222,0.));
#5717 = LINE('',#5718,#5719);
#5718 = CARTESIAN_POINT('',(21.132842265685,-54.99110998222,0.));
#5719 = VECTOR('',#5720,1.);
#5720 = DIRECTION('',(0.,0.,1.));
#5721 = ORIENTED_EDGE('',*,*,#5722,.F.);
#5722 = EDGE_CURVE('',#5696,#5715,#5723,.T.);
#5723 = CIRCLE('',#5724,0.457200914402);
#5724 = AXIS2_PLACEMENT_3D('',#5725,#5726,#5727);
#5725 = CARTESIAN_POINT('',(21.590043180086,-54.99110998222,0.));
#5726 = DIRECTION('',(0.,0.,1.));
#5727 = DIRECTION('',(1.,1.110223024625E-16,-0.));
#5728 = CYLINDRICAL_SURFACE('',#5729,0.457200914402);
#5729 = AXIS2_PLACEMENT_3D('',#5730,#5731,#5732);
#5730 = CARTESIAN_POINT('',(21.590043180086,-54.99110998222,0.));
#5731 = DIRECTION('',(-0.,-0.,-1.));
#5732 = DIRECTION('',(1.,1.110223024625E-16,-0.));
#5733 = ADVANCED_FACE('',(#5734),#5752,.F.);
#5734 = FACE_BOUND('',#5735,.T.);
#5735 = EDGE_LOOP('',(#5736,#5737,#5744,#5745));
#5736 = ORIENTED_EDGE('',*,*,#5714,.T.);
#5737 = ORIENTED_EDGE('',*,*,#5738,.T.);
#5738 = EDGE_CURVE('',#5706,#5698,#5739,.T.);
#5739 = CIRCLE('',#5740,0.457200914402);
#5740 = AXIS2_PLACEMENT_3D('',#5741,#5742,#5743);
#5741 = CARTESIAN_POINT('',(21.590043180086,-54.99110998222,
    1.600028244856));
#5742 = DIRECTION('',(0.,0.,1.));
#5743 = DIRECTION('',(-1.,-1.110223024625E-16,0.));
#5744 = ORIENTED_EDGE('',*,*,#5695,.F.);
#5745 = ORIENTED_EDGE('',*,*,#5746,.F.);
#5746 = EDGE_CURVE('',#5715,#5696,#5747,.T.);
#5747 = CIRCLE('',#5748,0.457200914402);
#5748 = AXIS2_PLACEMENT_3D('',#5749,#5750,#5751);
#5749 = CARTESIAN_POINT('',(21.590043180086,-54.99110998222,0.));
#5750 = DIRECTION('',(0.,0.,1.));
#5751 = DIRECTION('',(-1.,-1.110223024625E-16,0.));
#5752 = CYLINDRICAL_SURFACE('',#5753,0.457200914402);
#5753 = AXIS2_PLACEMENT_3D('',#5754,#5755,#5756);
#5754 = CARTESIAN_POINT('',(21.590043180086,-54.99110998222,0.));
#5755 = DIRECTION('',(-0.,-0.,-1.));
#5756 = DIRECTION('',(-1.,-1.110223024625E-16,0.));
#5757 = ADVANCED_FACE('',(#5758),#5794,.F.);
#5758 = FACE_BOUND('',#5759,.T.);
#5759 = EDGE_LOOP('',(#5760,#5770,#5779,#5787));
#5760 = ORIENTED_EDGE('',*,*,#5761,.T.);
#5761 = EDGE_CURVE('',#5762,#5764,#5766,.T.);
#5762 = VERTEX_POINT('',#5763);
#5763 = CARTESIAN_POINT('',(22.047244094488,-57.53111506223,0.));
#5764 = VERTEX_POINT('',#5765);
#5765 = CARTESIAN_POINT('',(22.047244094488,-57.53111506223,
    1.600028244856));
#5766 = LINE('',#5767,#5768);
#5767 = CARTESIAN_POINT('',(22.047244094488,-57.53111506223,0.));
#5768 = VECTOR('',#5769,1.);
#5769 = DIRECTION('',(0.,0.,1.));
#5770 = ORIENTED_EDGE('',*,*,#5771,.T.);
#5771 = EDGE_CURVE('',#5764,#5772,#5774,.T.);
#5772 = VERTEX_POINT('',#5773);
#5773 = CARTESIAN_POINT('',(21.132842265685,-57.53111506223,
    1.600028244856));
#5774 = CIRCLE('',#5775,0.457200914402);
#5775 = AXIS2_PLACEMENT_3D('',#5776,#5777,#5778);
#5776 = CARTESIAN_POINT('',(21.590043180086,-57.53111506223,
    1.600028244856));
#5777 = DIRECTION('',(0.,0.,1.));
#5778 = DIRECTION('',(1.,1.110223024625E-16,-0.));
#5779 = ORIENTED_EDGE('',*,*,#5780,.F.);
#5780 = EDGE_CURVE('',#5781,#5772,#5783,.T.);
#5781 = VERTEX_POINT('',#5782);
#5782 = CARTESIAN_POINT('',(21.132842265685,-57.53111506223,0.));
#5783 = LINE('',#5784,#5785);
#5784 = CARTESIAN_POINT('',(21.132842265685,-57.53111506223,0.));
#5785 = VECTOR('',#5786,1.);
#5786 = DIRECTION('',(0.,0.,1.));
#5787 = ORIENTED_EDGE('',*,*,#5788,.F.);
#5788 = EDGE_CURVE('',#5762,#5781,#5789,.T.);
#5789 = CIRCLE('',#5790,0.457200914402);
#5790 = AXIS2_PLACEMENT_3D('',#5791,#5792,#5793);
#5791 = CARTESIAN_POINT('',(21.590043180086,-57.53111506223,0.));
#5792 = DIRECTION('',(0.,0.,1.));
#5793 = DIRECTION('',(1.,1.110223024625E-16,-0.));
#5794 = CYLINDRICAL_SURFACE('',#5795,0.457200914402);
#5795 = AXIS2_PLACEMENT_3D('',#5796,#5797,#5798);
#5796 = CARTESIAN_POINT('',(21.590043180086,-57.53111506223,0.));
#5797 = DIRECTION('',(-0.,-0.,-1.));
#5798 = DIRECTION('',(1.,1.110223024625E-16,-0.));
#5799 = ADVANCED_FACE('',(#5800),#5818,.F.);
#5800 = FACE_BOUND('',#5801,.T.);
#5801 = EDGE_LOOP('',(#5802,#5803,#5810,#5811));
#5802 = ORIENTED_EDGE('',*,*,#5780,.T.);
#5803 = ORIENTED_EDGE('',*,*,#5804,.T.);
#5804 = EDGE_CURVE('',#5772,#5764,#5805,.T.);
#5805 = CIRCLE('',#5806,0.457200914402);
#5806 = AXIS2_PLACEMENT_3D('',#5807,#5808,#5809);
#5807 = CARTESIAN_POINT('',(21.590043180086,-57.53111506223,
    1.600028244856));
#5808 = DIRECTION('',(0.,0.,1.));
#5809 = DIRECTION('',(-1.,-1.110223024625E-16,0.));
#5810 = ORIENTED_EDGE('',*,*,#5761,.F.);
#5811 = ORIENTED_EDGE('',*,*,#5812,.F.);
#5812 = EDGE_CURVE('',#5781,#5762,#5813,.T.);
#5813 = CIRCLE('',#5814,0.457200914402);
#5814 = AXIS2_PLACEMENT_3D('',#5815,#5816,#5817);
#5815 = CARTESIAN_POINT('',(21.590043180086,-57.53111506223,0.));
#5816 = DIRECTION('',(0.,0.,1.));
#5817 = DIRECTION('',(-1.,-1.110223024625E-16,0.));
#5818 = CYLINDRICAL_SURFACE('',#5819,0.457200914402);
#5819 = AXIS2_PLACEMENT_3D('',#5820,#5821,#5822);
#5820 = CARTESIAN_POINT('',(21.590043180086,-57.53111506223,0.));
#5821 = DIRECTION('',(-0.,-0.,-1.));
#5822 = DIRECTION('',(-1.,-1.110223024625E-16,0.));
#5823 = ADVANCED_FACE('',(#5824),#5860,.F.);
#5824 = FACE_BOUND('',#5825,.T.);
#5825 = EDGE_LOOP('',(#5826,#5836,#5845,#5853));
#5826 = ORIENTED_EDGE('',*,*,#5827,.T.);
#5827 = EDGE_CURVE('',#5828,#5830,#5832,.T.);
#5828 = VERTEX_POINT('',#5829);
#5829 = CARTESIAN_POINT('',(28.170053340107,-10.54102108204,0.));
#5830 = VERTEX_POINT('',#5831);
#5831 = CARTESIAN_POINT('',(28.170053340107,-10.54102108204,
    1.600028244856));
#5832 = LINE('',#5833,#5834);
#5833 = CARTESIAN_POINT('',(28.170053340107,-10.54102108204,0.));
#5834 = VECTOR('',#5835,1.);
#5835 = DIRECTION('',(0.,0.,1.));
#5836 = ORIENTED_EDGE('',*,*,#5837,.T.);
#5837 = EDGE_CURVE('',#5830,#5838,#5840,.T.);
#5838 = VERTEX_POINT('',#5839);
#5839 = CARTESIAN_POINT('',(25.170053340107,-10.54102108204,
    1.600028244856));
#5840 = CIRCLE('',#5841,1.5);
#5841 = AXIS2_PLACEMENT_3D('',#5842,#5843,#5844);
#5842 = CARTESIAN_POINT('',(26.670053340107,-10.54102108204,
    1.600028244856));
#5843 = DIRECTION('',(0.,0.,1.));
#5844 = DIRECTION('',(1.,1.110223024625E-16,-0.));
#5845 = ORIENTED_EDGE('',*,*,#5846,.F.);
#5846 = EDGE_CURVE('',#5847,#5838,#5849,.T.);
#5847 = VERTEX_POINT('',#5848);
#5848 = CARTESIAN_POINT('',(25.170053340107,-10.54102108204,0.));
#5849 = LINE('',#5850,#5851);
#5850 = CARTESIAN_POINT('',(25.170053340107,-10.54102108204,0.));
#5851 = VECTOR('',#5852,1.);
#5852 = DIRECTION('',(0.,0.,1.));
#5853 = ORIENTED_EDGE('',*,*,#5854,.F.);
#5854 = EDGE_CURVE('',#5828,#5847,#5855,.T.);
#5855 = CIRCLE('',#5856,1.5);
#5856 = AXIS2_PLACEMENT_3D('',#5857,#5858,#5859);
#5857 = CARTESIAN_POINT('',(26.670053340107,-10.54102108204,0.));
#5858 = DIRECTION('',(0.,0.,1.));
#5859 = DIRECTION('',(1.,1.110223024625E-16,-0.));
#5860 = CYLINDRICAL_SURFACE('',#5861,1.5);
#5861 = AXIS2_PLACEMENT_3D('',#5862,#5863,#5864);
#5862 = CARTESIAN_POINT('',(26.670053340107,-10.54102108204,0.));
#5863 = DIRECTION('',(-0.,-0.,-1.));
#5864 = DIRECTION('',(1.,1.110223024625E-16,-0.));
#5865 = ADVANCED_FACE('',(#5866),#5884,.F.);
#5866 = FACE_BOUND('',#5867,.T.);
#5867 = EDGE_LOOP('',(#5868,#5869,#5876,#5877));
#5868 = ORIENTED_EDGE('',*,*,#5846,.T.);
#5869 = ORIENTED_EDGE('',*,*,#5870,.T.);
#5870 = EDGE_CURVE('',#5838,#5830,#5871,.T.);
#5871 = CIRCLE('',#5872,1.5);
#5872 = AXIS2_PLACEMENT_3D('',#5873,#5874,#5875);
#5873 = CARTESIAN_POINT('',(26.670053340107,-10.54102108204,
    1.600028244856));
#5874 = DIRECTION('',(0.,0.,1.));
#5875 = DIRECTION('',(-1.,-1.110223024625E-16,0.));
#5876 = ORIENTED_EDGE('',*,*,#5827,.F.);
#5877 = ORIENTED_EDGE('',*,*,#5878,.F.);
#5878 = EDGE_CURVE('',#5847,#5828,#5879,.T.);
#5879 = CIRCLE('',#5880,1.5);
#5880 = AXIS2_PLACEMENT_3D('',#5881,#5882,#5883);
#5881 = CARTESIAN_POINT('',(26.670053340107,-10.54102108204,0.));
#5882 = DIRECTION('',(0.,0.,1.));
#5883 = DIRECTION('',(-1.,-1.110223024625E-16,0.));
#5884 = CYLINDRICAL_SURFACE('',#5885,1.5);
#5885 = AXIS2_PLACEMENT_3D('',#5886,#5887,#5888);
#5886 = CARTESIAN_POINT('',(26.670053340107,-10.54102108204,0.));
#5887 = DIRECTION('',(-0.,-0.,-1.));
#5888 = DIRECTION('',(-1.,-1.110223024625E-16,0.));
#5889 = ADVANCED_FACE('',(#5890),#5926,.F.);
#5890 = FACE_BOUND('',#5891,.T.);
#5891 = EDGE_LOOP('',(#5892,#5902,#5911,#5919));
#5892 = ORIENTED_EDGE('',*,*,#5893,.T.);
#5893 = EDGE_CURVE('',#5894,#5896,#5898,.T.);
#5894 = VERTEX_POINT('',#5895);
#5895 = CARTESIAN_POINT('',(61.190119380239,-62.61112522225,0.));
#5896 = VERTEX_POINT('',#5897);
#5897 = CARTESIAN_POINT('',(61.190119380239,-62.61112522225,
    1.600028244856));
#5898 = LINE('',#5899,#5900);
#5899 = CARTESIAN_POINT('',(61.190119380239,-62.61112522225,0.));
#5900 = VECTOR('',#5901,1.);
#5901 = DIRECTION('',(0.,0.,1.));
#5902 = ORIENTED_EDGE('',*,*,#5903,.T.);
#5903 = EDGE_CURVE('',#5896,#5904,#5906,.T.);
#5904 = VERTEX_POINT('',#5905);
#5905 = CARTESIAN_POINT('',(58.190119380239,-62.61112522225,
    1.600028244856));
#5906 = CIRCLE('',#5907,1.5);
#5907 = AXIS2_PLACEMENT_3D('',#5908,#5909,#5910);
#5908 = CARTESIAN_POINT('',(59.690119380239,-62.61112522225,
    1.600028244856));
#5909 = DIRECTION('',(0.,0.,1.));
#5910 = DIRECTION('',(1.,1.110223024625E-16,-0.));
#5911 = ORIENTED_EDGE('',*,*,#5912,.F.);
#5912 = EDGE_CURVE('',#5913,#5904,#5915,.T.);
#5913 = VERTEX_POINT('',#5914);
#5914 = CARTESIAN_POINT('',(58.190119380239,-62.61112522225,0.));
#5915 = LINE('',#5916,#5917);
#5916 = CARTESIAN_POINT('',(58.190119380239,-62.61112522225,0.));
#5917 = VECTOR('',#5918,1.);
#5918 = DIRECTION('',(0.,0.,1.));
#5919 = ORIENTED_EDGE('',*,*,#5920,.F.);
#5920 = EDGE_CURVE('',#5894,#5913,#5921,.T.);
#5921 = CIRCLE('',#5922,1.5);
#5922 = AXIS2_PLACEMENT_3D('',#5923,#5924,#5925);
#5923 = CARTESIAN_POINT('',(59.690119380239,-62.61112522225,0.));
#5924 = DIRECTION('',(0.,0.,1.));
#5925 = DIRECTION('',(1.,1.110223024625E-16,-0.));
#5926 = CYLINDRICAL_SURFACE('',#5927,1.5);
#5927 = AXIS2_PLACEMENT_3D('',#5928,#5929,#5930);
#5928 = CARTESIAN_POINT('',(59.690119380239,-62.61112522225,0.));
#5929 = DIRECTION('',(-0.,-0.,-1.));
#5930 = DIRECTION('',(1.,1.110223024625E-16,-0.));
#5931 = ADVANCED_FACE('',(#5932),#5950,.F.);
#5932 = FACE_BOUND('',#5933,.T.);
#5933 = EDGE_LOOP('',(#5934,#5935,#5942,#5943));
#5934 = ORIENTED_EDGE('',*,*,#5912,.T.);
#5935 = ORIENTED_EDGE('',*,*,#5936,.T.);
#5936 = EDGE_CURVE('',#5904,#5896,#5937,.T.);
#5937 = CIRCLE('',#5938,1.5);
#5938 = AXIS2_PLACEMENT_3D('',#5939,#5940,#5941);
#5939 = CARTESIAN_POINT('',(59.690119380239,-62.61112522225,
    1.600028244856));
#5940 = DIRECTION('',(0.,0.,1.));
#5941 = DIRECTION('',(-1.,-1.110223024625E-16,0.));
#5942 = ORIENTED_EDGE('',*,*,#5893,.F.);
#5943 = ORIENTED_EDGE('',*,*,#5944,.F.);
#5944 = EDGE_CURVE('',#5913,#5894,#5945,.T.);
#5945 = CIRCLE('',#5946,1.5);
#5946 = AXIS2_PLACEMENT_3D('',#5947,#5948,#5949);
#5947 = CARTESIAN_POINT('',(59.690119380239,-62.61112522225,0.));
#5948 = DIRECTION('',(0.,0.,1.));
#5949 = DIRECTION('',(-1.,-1.110223024625E-16,0.));
#5950 = CYLINDRICAL_SURFACE('',#5951,1.5);
#5951 = AXIS2_PLACEMENT_3D('',#5952,#5953,#5954);
#5952 = CARTESIAN_POINT('',(59.690119380239,-62.61112522225,0.));
#5953 = DIRECTION('',(-0.,-0.,-1.));
#5954 = DIRECTION('',(-1.,-1.110223024625E-16,0.));
#5955 = ADVANCED_FACE('',(#5956),#5992,.F.);
#5956 = FACE_BOUND('',#5957,.T.);
#5957 = EDGE_LOOP('',(#5958,#5968,#5977,#5985));
#5958 = ORIENTED_EDGE('',*,*,#5959,.T.);
#5959 = EDGE_CURVE('',#5960,#5962,#5964,.T.);
#5960 = VERTEX_POINT('',#5961);
#5961 = CARTESIAN_POINT('',(76.4301498603,-11.81102362204,0.));
#5962 = VERTEX_POINT('',#5963);
#5963 = CARTESIAN_POINT('',(76.4301498603,-11.81102362204,1.600028244856
    ));
#5964 = LINE('',#5965,#5966);
#5965 = CARTESIAN_POINT('',(76.4301498603,-11.81102362204,0.));
#5966 = VECTOR('',#5967,1.);
#5967 = DIRECTION('',(0.,0.,1.));
#5968 = ORIENTED_EDGE('',*,*,#5969,.T.);
#5969 = EDGE_CURVE('',#5962,#5970,#5972,.T.);
#5970 = VERTEX_POINT('',#5971);
#5971 = CARTESIAN_POINT('',(73.4301498603,-11.81102362204,1.600028244856
    ));
#5972 = CIRCLE('',#5973,1.5);
#5973 = AXIS2_PLACEMENT_3D('',#5974,#5975,#5976);
#5974 = CARTESIAN_POINT('',(74.9301498603,-11.81102362204,1.600028244856
    ));
#5975 = DIRECTION('',(0.,0.,1.));
#5976 = DIRECTION('',(1.,1.110223024625E-16,-0.));
#5977 = ORIENTED_EDGE('',*,*,#5978,.F.);
#5978 = EDGE_CURVE('',#5979,#5970,#5981,.T.);
#5979 = VERTEX_POINT('',#5980);
#5980 = CARTESIAN_POINT('',(73.4301498603,-11.81102362204,0.));
#5981 = LINE('',#5982,#5983);
#5982 = CARTESIAN_POINT('',(73.4301498603,-11.81102362204,0.));
#5983 = VECTOR('',#5984,1.);
#5984 = DIRECTION('',(0.,0.,1.));
#5985 = ORIENTED_EDGE('',*,*,#5986,.F.);
#5986 = EDGE_CURVE('',#5960,#5979,#5987,.T.);
#5987 = CIRCLE('',#5988,1.5);
#5988 = AXIS2_PLACEMENT_3D('',#5989,#5990,#5991);
#5989 = CARTESIAN_POINT('',(74.9301498603,-11.81102362204,0.));
#5990 = DIRECTION('',(0.,0.,1.));
#5991 = DIRECTION('',(1.,1.110223024625E-16,-0.));
#5992 = CYLINDRICAL_SURFACE('',#5993,1.5);
#5993 = AXIS2_PLACEMENT_3D('',#5994,#5995,#5996);
#5994 = CARTESIAN_POINT('',(74.9301498603,-11.81102362204,0.));
#5995 = DIRECTION('',(-0.,-0.,-1.));
#5996 = DIRECTION('',(1.,1.110223024625E-16,-0.));
#5997 = ADVANCED_FACE('',(#5998),#6016,.F.);
#5998 = FACE_BOUND('',#5999,.T.);
#5999 = EDGE_LOOP('',(#6000,#6001,#6008,#6009));
#6000 = ORIENTED_EDGE('',*,*,#5978,.T.);
#6001 = ORIENTED_EDGE('',*,*,#6002,.T.);
#6002 = EDGE_CURVE('',#5970,#5962,#6003,.T.);
#6003 = CIRCLE('',#6004,1.5);
#6004 = AXIS2_PLACEMENT_3D('',#6005,#6006,#6007);
#6005 = CARTESIAN_POINT('',(74.9301498603,-11.81102362204,1.600028244856
    ));
#6006 = DIRECTION('',(0.,0.,1.));
#6007 = DIRECTION('',(-1.,-1.110223024625E-16,0.));
#6008 = ORIENTED_EDGE('',*,*,#5959,.F.);
#6009 = ORIENTED_EDGE('',*,*,#6010,.F.);
#6010 = EDGE_CURVE('',#5979,#5960,#6011,.T.);
#6011 = CIRCLE('',#6012,1.5);
#6012 = AXIS2_PLACEMENT_3D('',#6013,#6014,#6015);
#6013 = CARTESIAN_POINT('',(74.9301498603,-11.81102362204,0.));
#6014 = DIRECTION('',(0.,0.,1.));
#6015 = DIRECTION('',(-1.,-1.110223024625E-16,0.));
#6016 = CYLINDRICAL_SURFACE('',#6017,1.5);
#6017 = AXIS2_PLACEMENT_3D('',#6018,#6019,#6020);
#6018 = CARTESIAN_POINT('',(74.9301498603,-11.81102362204,0.));
#6019 = DIRECTION('',(-0.,-0.,-1.));
#6020 = DIRECTION('',(-1.,-1.110223024625E-16,0.));
#6021 = ADVANCED_FACE('',(#6022),#6058,.F.);
#6022 = FACE_BOUND('',#6023,.T.);
#6023 = EDGE_LOOP('',(#6024,#6034,#6043,#6051));
#6024 = ORIENTED_EDGE('',*,*,#6025,.T.);
#6025 = EDGE_CURVE('',#6026,#6028,#6030,.T.);
#6026 = VERTEX_POINT('',#6027);
#6027 = CARTESIAN_POINT('',(80.467360934722,-14.35102870205,0.));
#6028 = VERTEX_POINT('',#6029);
#6029 = CARTESIAN_POINT('',(80.467360934722,-14.35102870205,
    1.600028244856));
#6030 = LINE('',#6031,#6032);
#6031 = CARTESIAN_POINT('',(80.467360934722,-14.35102870205,0.));
#6032 = VECTOR('',#6033,1.);
#6033 = DIRECTION('',(0.,0.,1.));
#6034 = ORIENTED_EDGE('',*,*,#6035,.T.);
#6035 = EDGE_CURVE('',#6028,#6036,#6038,.T.);
#6036 = VERTEX_POINT('',#6037);
#6037 = CARTESIAN_POINT('',(79.552959105918,-14.35102870205,
    1.600028244856));
#6038 = CIRCLE('',#6039,0.457200914402);
#6039 = AXIS2_PLACEMENT_3D('',#6040,#6041,#6042);
#6040 = CARTESIAN_POINT('',(80.01016002032,-14.35102870205,
    1.600028244856));
#6041 = DIRECTION('',(0.,0.,1.));
#6042 = DIRECTION('',(1.,1.110223024625E-16,-0.));
#6043 = ORIENTED_EDGE('',*,*,#6044,.F.);
#6044 = EDGE_CURVE('',#6045,#6036,#6047,.T.);
#6045 = VERTEX_POINT('',#6046);
#6046 = CARTESIAN_POINT('',(79.552959105918,-14.35102870205,0.));
#6047 = LINE('',#6048,#6049);
#6048 = CARTESIAN_POINT('',(79.552959105918,-14.35102870205,0.));
#6049 = VECTOR('',#6050,1.);
#6050 = DIRECTION('',(0.,0.,1.));
#6051 = ORIENTED_EDGE('',*,*,#6052,.F.);
#6052 = EDGE_CURVE('',#6026,#6045,#6053,.T.);
#6053 = CIRCLE('',#6054,0.457200914402);
#6054 = AXIS2_PLACEMENT_3D('',#6055,#6056,#6057);
#6055 = CARTESIAN_POINT('',(80.01016002032,-14.35102870205,0.));
#6056 = DIRECTION('',(0.,0.,1.));
#6057 = DIRECTION('',(1.,1.110223024625E-16,-0.));
#6058 = CYLINDRICAL_SURFACE('',#6059,0.457200914402);
#6059 = AXIS2_PLACEMENT_3D('',#6060,#6061,#6062);
#6060 = CARTESIAN_POINT('',(80.01016002032,-14.35102870205,0.));
#6061 = DIRECTION('',(-0.,-0.,-1.));
#6062 = DIRECTION('',(1.,1.110223024625E-16,-0.));
#6063 = ADVANCED_FACE('',(#6064),#6082,.F.);
#6064 = FACE_BOUND('',#6065,.T.);
#6065 = EDGE_LOOP('',(#6066,#6067,#6074,#6075));
#6066 = ORIENTED_EDGE('',*,*,#6044,.T.);
#6067 = ORIENTED_EDGE('',*,*,#6068,.T.);
#6068 = EDGE_CURVE('',#6036,#6028,#6069,.T.);
#6069 = CIRCLE('',#6070,0.457200914402);
#6070 = AXIS2_PLACEMENT_3D('',#6071,#6072,#6073);
#6071 = CARTESIAN_POINT('',(80.01016002032,-14.35102870205,
    1.600028244856));
#6072 = DIRECTION('',(0.,0.,1.));
#6073 = DIRECTION('',(-1.,-1.110223024625E-16,0.));
#6074 = ORIENTED_EDGE('',*,*,#6025,.F.);
#6075 = ORIENTED_EDGE('',*,*,#6076,.F.);
#6076 = EDGE_CURVE('',#6045,#6026,#6077,.T.);
#6077 = CIRCLE('',#6078,0.457200914402);
#6078 = AXIS2_PLACEMENT_3D('',#6079,#6080,#6081);
#6079 = CARTESIAN_POINT('',(80.01016002032,-14.35102870205,0.));
#6080 = DIRECTION('',(0.,0.,1.));
#6081 = DIRECTION('',(-1.,-1.110223024625E-16,0.));
#6082 = CYLINDRICAL_SURFACE('',#6083,0.457200914402);
#6083 = AXIS2_PLACEMENT_3D('',#6084,#6085,#6086);
#6084 = CARTESIAN_POINT('',(80.01016002032,-14.35102870205,0.));
#6085 = DIRECTION('',(-0.,-0.,-1.));
#6086 = DIRECTION('',(-1.,-1.110223024625E-16,0.));
#6087 = ADVANCED_FACE('',(#6088),#6124,.F.);
#6088 = FACE_BOUND('',#6089,.T.);
#6089 = EDGE_LOOP('',(#6090,#6100,#6109,#6117));
#6090 = ORIENTED_EDGE('',*,*,#6091,.T.);
#6091 = EDGE_CURVE('',#6092,#6094,#6096,.T.);
#6092 = VERTEX_POINT('',#6093);
#6093 = CARTESIAN_POINT('',(80.467360934722,-16.89103378206,0.));
#6094 = VERTEX_POINT('',#6095);
#6095 = CARTESIAN_POINT('',(80.467360934722,-16.89103378206,
    1.600028244856));
#6096 = LINE('',#6097,#6098);
#6097 = CARTESIAN_POINT('',(80.467360934722,-16.89103378206,0.));
#6098 = VECTOR('',#6099,1.);
#6099 = DIRECTION('',(0.,0.,1.));
#6100 = ORIENTED_EDGE('',*,*,#6101,.T.);
#6101 = EDGE_CURVE('',#6094,#6102,#6104,.T.);
#6102 = VERTEX_POINT('',#6103);
#6103 = CARTESIAN_POINT('',(79.552959105918,-16.89103378206,
    1.600028244856));
#6104 = CIRCLE('',#6105,0.457200914402);
#6105 = AXIS2_PLACEMENT_3D('',#6106,#6107,#6108);
#6106 = CARTESIAN_POINT('',(80.01016002032,-16.89103378206,
    1.600028244856));
#6107 = DIRECTION('',(0.,0.,1.));
#6108 = DIRECTION('',(1.,1.110223024625E-16,-0.));
#6109 = ORIENTED_EDGE('',*,*,#6110,.F.);
#6110 = EDGE_CURVE('',#6111,#6102,#6113,.T.);
#6111 = VERTEX_POINT('',#6112);
#6112 = CARTESIAN_POINT('',(79.552959105918,-16.89103378206,0.));
#6113 = LINE('',#6114,#6115);
#6114 = CARTESIAN_POINT('',(79.552959105918,-16.89103378206,0.));
#6115 = VECTOR('',#6116,1.);
#6116 = DIRECTION('',(0.,0.,1.));
#6117 = ORIENTED_EDGE('',*,*,#6118,.F.);
#6118 = EDGE_CURVE('',#6092,#6111,#6119,.T.);
#6119 = CIRCLE('',#6120,0.457200914402);
#6120 = AXIS2_PLACEMENT_3D('',#6121,#6122,#6123);
#6121 = CARTESIAN_POINT('',(80.01016002032,-16.89103378206,0.));
#6122 = DIRECTION('',(0.,0.,1.));
#6123 = DIRECTION('',(1.,1.110223024625E-16,-0.));
#6124 = CYLINDRICAL_SURFACE('',#6125,0.457200914402);
#6125 = AXIS2_PLACEMENT_3D('',#6126,#6127,#6128);
#6126 = CARTESIAN_POINT('',(80.01016002032,-16.89103378206,0.));
#6127 = DIRECTION('',(-0.,-0.,-1.));
#6128 = DIRECTION('',(1.,1.110223024625E-16,-0.));
#6129 = ADVANCED_FACE('',(#6130),#6148,.F.);
#6130 = FACE_BOUND('',#6131,.T.);
#6131 = EDGE_LOOP('',(#6132,#6133,#6140,#6141));
#6132 = ORIENTED_EDGE('',*,*,#6110,.T.);
#6133 = ORIENTED_EDGE('',*,*,#6134,.T.);
#6134 = EDGE_CURVE('',#6102,#6094,#6135,.T.);
#6135 = CIRCLE('',#6136,0.457200914402);
#6136 = AXIS2_PLACEMENT_3D('',#6137,#6138,#6139);
#6137 = CARTESIAN_POINT('',(80.01016002032,-16.89103378206,
    1.600028244856));
#6138 = DIRECTION('',(0.,0.,1.));
#6139 = DIRECTION('',(-1.,-1.110223024625E-16,0.));
#6140 = ORIENTED_EDGE('',*,*,#6091,.F.);
#6141 = ORIENTED_EDGE('',*,*,#6142,.F.);
#6142 = EDGE_CURVE('',#6111,#6092,#6143,.T.);
#6143 = CIRCLE('',#6144,0.457200914402);
#6144 = AXIS2_PLACEMENT_3D('',#6145,#6146,#6147);
#6145 = CARTESIAN_POINT('',(80.01016002032,-16.89103378206,0.));
#6146 = DIRECTION('',(0.,0.,1.));
#6147 = DIRECTION('',(-1.,-1.110223024625E-16,0.));
#6148 = CYLINDRICAL_SURFACE('',#6149,0.457200914402);
#6149 = AXIS2_PLACEMENT_3D('',#6150,#6151,#6152);
#6150 = CARTESIAN_POINT('',(80.01016002032,-16.89103378206,0.));
#6151 = DIRECTION('',(-0.,-0.,-1.));
#6152 = DIRECTION('',(-1.,-1.110223024625E-16,0.));
#6153 = ADVANCED_FACE('',(#6154),#6190,.F.);
#6154 = FACE_BOUND('',#6155,.T.);
#6155 = EDGE_LOOP('',(#6156,#6166,#6175,#6183));
#6156 = ORIENTED_EDGE('',*,*,#6157,.T.);
#6157 = EDGE_CURVE('',#6158,#6160,#6162,.T.);
#6158 = VERTEX_POINT('',#6159);
#6159 = CARTESIAN_POINT('',(80.467360934722,-19.43103886207,0.));
#6160 = VERTEX_POINT('',#6161);
#6161 = CARTESIAN_POINT('',(80.467360934722,-19.43103886207,
    1.600028244856));
#6162 = LINE('',#6163,#6164);
#6163 = CARTESIAN_POINT('',(80.467360934722,-19.43103886207,0.));
#6164 = VECTOR('',#6165,1.);
#6165 = DIRECTION('',(0.,0.,1.));
#6166 = ORIENTED_EDGE('',*,*,#6167,.T.);
#6167 = EDGE_CURVE('',#6160,#6168,#6170,.T.);
#6168 = VERTEX_POINT('',#6169);
#6169 = CARTESIAN_POINT('',(79.552959105918,-19.43103886207,
    1.600028244856));
#6170 = CIRCLE('',#6171,0.457200914402);
#6171 = AXIS2_PLACEMENT_3D('',#6172,#6173,#6174);
#6172 = CARTESIAN_POINT('',(80.01016002032,-19.43103886207,
    1.600028244856));
#6173 = DIRECTION('',(0.,0.,1.));
#6174 = DIRECTION('',(1.,1.110223024625E-16,-0.));
#6175 = ORIENTED_EDGE('',*,*,#6176,.F.);
#6176 = EDGE_CURVE('',#6177,#6168,#6179,.T.);
#6177 = VERTEX_POINT('',#6178);
#6178 = CARTESIAN_POINT('',(79.552959105918,-19.43103886207,0.));
#6179 = LINE('',#6180,#6181);
#6180 = CARTESIAN_POINT('',(79.552959105918,-19.43103886207,0.));
#6181 = VECTOR('',#6182,1.);
#6182 = DIRECTION('',(0.,0.,1.));
#6183 = ORIENTED_EDGE('',*,*,#6184,.F.);
#6184 = EDGE_CURVE('',#6158,#6177,#6185,.T.);
#6185 = CIRCLE('',#6186,0.457200914402);
#6186 = AXIS2_PLACEMENT_3D('',#6187,#6188,#6189);
#6187 = CARTESIAN_POINT('',(80.01016002032,-19.43103886207,0.));
#6188 = DIRECTION('',(0.,0.,1.));
#6189 = DIRECTION('',(1.,1.110223024625E-16,-0.));
#6190 = CYLINDRICAL_SURFACE('',#6191,0.457200914402);
#6191 = AXIS2_PLACEMENT_3D('',#6192,#6193,#6194);
#6192 = CARTESIAN_POINT('',(80.01016002032,-19.43103886207,0.));
#6193 = DIRECTION('',(-0.,-0.,-1.));
#6194 = DIRECTION('',(1.,1.110223024625E-16,-0.));
#6195 = ADVANCED_FACE('',(#6196),#6214,.F.);
#6196 = FACE_BOUND('',#6197,.T.);
#6197 = EDGE_LOOP('',(#6198,#6199,#6206,#6207));
#6198 = ORIENTED_EDGE('',*,*,#6176,.T.);
#6199 = ORIENTED_EDGE('',*,*,#6200,.T.);
#6200 = EDGE_CURVE('',#6168,#6160,#6201,.T.);
#6201 = CIRCLE('',#6202,0.457200914402);
#6202 = AXIS2_PLACEMENT_3D('',#6203,#6204,#6205);
#6203 = CARTESIAN_POINT('',(80.01016002032,-19.43103886207,
    1.600028244856));
#6204 = DIRECTION('',(0.,0.,1.));
#6205 = DIRECTION('',(-1.,-1.110223024625E-16,0.));
#6206 = ORIENTED_EDGE('',*,*,#6157,.F.);
#6207 = ORIENTED_EDGE('',*,*,#6208,.F.);
#6208 = EDGE_CURVE('',#6177,#6158,#6209,.T.);
#6209 = CIRCLE('',#6210,0.457200914402);
#6210 = AXIS2_PLACEMENT_3D('',#6211,#6212,#6213);
#6211 = CARTESIAN_POINT('',(80.01016002032,-19.43103886207,0.));
#6212 = DIRECTION('',(0.,0.,1.));
#6213 = DIRECTION('',(-1.,-1.110223024625E-16,0.));
#6214 = CYLINDRICAL_SURFACE('',#6215,0.457200914402);
#6215 = AXIS2_PLACEMENT_3D('',#6216,#6217,#6218);
#6216 = CARTESIAN_POINT('',(80.01016002032,-19.43103886207,0.));
#6217 = DIRECTION('',(-0.,-0.,-1.));
#6218 = DIRECTION('',(-1.,-1.110223024625E-16,0.));
#6219 = ADVANCED_FACE('',(#6220),#6256,.F.);
#6220 = FACE_BOUND('',#6221,.T.);
#6221 = EDGE_LOOP('',(#6222,#6232,#6241,#6249));
#6222 = ORIENTED_EDGE('',*,*,#6223,.T.);
#6223 = EDGE_CURVE('',#6224,#6226,#6228,.T.);
#6224 = VERTEX_POINT('',#6225);
#6225 = CARTESIAN_POINT('',(80.467360934722,-37.21107442214,0.));
#6226 = VERTEX_POINT('',#6227);
#6227 = CARTESIAN_POINT('',(80.467360934722,-37.21107442214,
    1.600028244856));
#6228 = LINE('',#6229,#6230);
#6229 = CARTESIAN_POINT('',(80.467360934722,-37.21107442214,0.));
#6230 = VECTOR('',#6231,1.);
#6231 = DIRECTION('',(0.,0.,1.));
#6232 = ORIENTED_EDGE('',*,*,#6233,.T.);
#6233 = EDGE_CURVE('',#6226,#6234,#6236,.T.);
#6234 = VERTEX_POINT('',#6235);
#6235 = CARTESIAN_POINT('',(79.552959105918,-37.21107442214,
    1.600028244856));
#6236 = CIRCLE('',#6237,0.457200914402);
#6237 = AXIS2_PLACEMENT_3D('',#6238,#6239,#6240);
#6238 = CARTESIAN_POINT('',(80.01016002032,-37.21107442214,
    1.600028244856));
#6239 = DIRECTION('',(0.,0.,1.));
#6240 = DIRECTION('',(1.,1.110223024625E-16,-0.));
#6241 = ORIENTED_EDGE('',*,*,#6242,.F.);
#6242 = EDGE_CURVE('',#6243,#6234,#6245,.T.);
#6243 = VERTEX_POINT('',#6244);
#6244 = CARTESIAN_POINT('',(79.552959105918,-37.21107442214,0.));
#6245 = LINE('',#6246,#6247);
#6246 = CARTESIAN_POINT('',(79.552959105918,-37.21107442214,0.));
#6247 = VECTOR('',#6248,1.);
#6248 = DIRECTION('',(0.,0.,1.));
#6249 = ORIENTED_EDGE('',*,*,#6250,.F.);
#6250 = EDGE_CURVE('',#6224,#6243,#6251,.T.);
#6251 = CIRCLE('',#6252,0.457200914402);
#6252 = AXIS2_PLACEMENT_3D('',#6253,#6254,#6255);
#6253 = CARTESIAN_POINT('',(80.01016002032,-37.21107442214,0.));
#6254 = DIRECTION('',(0.,0.,1.));
#6255 = DIRECTION('',(1.,1.110223024625E-16,-0.));
#6256 = CYLINDRICAL_SURFACE('',#6257,0.457200914402);
#6257 = AXIS2_PLACEMENT_3D('',#6258,#6259,#6260);
#6258 = CARTESIAN_POINT('',(80.01016002032,-37.21107442214,0.));
#6259 = DIRECTION('',(-0.,-0.,-1.));
#6260 = DIRECTION('',(1.,1.110223024625E-16,-0.));
#6261 = ADVANCED_FACE('',(#6262),#6280,.F.);
#6262 = FACE_BOUND('',#6263,.T.);
#6263 = EDGE_LOOP('',(#6264,#6265,#6272,#6273));
#6264 = ORIENTED_EDGE('',*,*,#6242,.T.);
#6265 = ORIENTED_EDGE('',*,*,#6266,.T.);
#6266 = EDGE_CURVE('',#6234,#6226,#6267,.T.);
#6267 = CIRCLE('',#6268,0.457200914402);
#6268 = AXIS2_PLACEMENT_3D('',#6269,#6270,#6271);
#6269 = CARTESIAN_POINT('',(80.01016002032,-37.21107442214,
    1.600028244856));
#6270 = DIRECTION('',(0.,0.,1.));
#6271 = DIRECTION('',(-1.,-1.110223024625E-16,0.));
#6272 = ORIENTED_EDGE('',*,*,#6223,.F.);
#6273 = ORIENTED_EDGE('',*,*,#6274,.F.);
#6274 = EDGE_CURVE('',#6243,#6224,#6275,.T.);
#6275 = CIRCLE('',#6276,0.457200914402);
#6276 = AXIS2_PLACEMENT_3D('',#6277,#6278,#6279);
#6277 = CARTESIAN_POINT('',(80.01016002032,-37.21107442214,0.));
#6278 = DIRECTION('',(0.,0.,1.));
#6279 = DIRECTION('',(-1.,-1.110223024625E-16,0.));
#6280 = CYLINDRICAL_SURFACE('',#6281,0.457200914402);
#6281 = AXIS2_PLACEMENT_3D('',#6282,#6283,#6284);
#6282 = CARTESIAN_POINT('',(80.01016002032,-37.21107442214,0.));
#6283 = DIRECTION('',(-0.,-0.,-1.));
#6284 = DIRECTION('',(-1.,-1.110223024625E-16,0.));
#6285 = ADVANCED_FACE('',(#6286),#6322,.F.);
#6286 = FACE_BOUND('',#6287,.T.);
#6287 = EDGE_LOOP('',(#6288,#6298,#6307,#6315));
#6288 = ORIENTED_EDGE('',*,*,#6289,.T.);
#6289 = EDGE_CURVE('',#6290,#6292,#6294,.T.);
#6290 = VERTEX_POINT('',#6291);
#6291 = CARTESIAN_POINT('',(80.467360934722,-39.75107950215,0.));
#6292 = VERTEX_POINT('',#6293);
#6293 = CARTESIAN_POINT('',(80.467360934722,-39.75107950215,
    1.600028244856));
#6294 = LINE('',#6295,#6296);
#6295 = CARTESIAN_POINT('',(80.467360934722,-39.75107950215,0.));
#6296 = VECTOR('',#6297,1.);
#6297 = DIRECTION('',(0.,0.,1.));
#6298 = ORIENTED_EDGE('',*,*,#6299,.T.);
#6299 = EDGE_CURVE('',#6292,#6300,#6302,.T.);
#6300 = VERTEX_POINT('',#6301);
#6301 = CARTESIAN_POINT('',(79.552959105918,-39.75107950215,
    1.600028244856));
#6302 = CIRCLE('',#6303,0.457200914402);
#6303 = AXIS2_PLACEMENT_3D('',#6304,#6305,#6306);
#6304 = CARTESIAN_POINT('',(80.01016002032,-39.75107950215,
    1.600028244856));
#6305 = DIRECTION('',(0.,0.,1.));
#6306 = DIRECTION('',(1.,1.110223024625E-16,-0.));
#6307 = ORIENTED_EDGE('',*,*,#6308,.F.);
#6308 = EDGE_CURVE('',#6309,#6300,#6311,.T.);
#6309 = VERTEX_POINT('',#6310);
#6310 = CARTESIAN_POINT('',(79.552959105918,-39.75107950215,0.));
#6311 = LINE('',#6312,#6313);
#6312 = CARTESIAN_POINT('',(79.552959105918,-39.75107950215,0.));
#6313 = VECTOR('',#6314,1.);
#6314 = DIRECTION('',(0.,0.,1.));
#6315 = ORIENTED_EDGE('',*,*,#6316,.F.);
#6316 = EDGE_CURVE('',#6290,#6309,#6317,.T.);
#6317 = CIRCLE('',#6318,0.457200914402);
#6318 = AXIS2_PLACEMENT_3D('',#6319,#6320,#6321);
#6319 = CARTESIAN_POINT('',(80.01016002032,-39.75107950215,0.));
#6320 = DIRECTION('',(0.,0.,1.));
#6321 = DIRECTION('',(1.,1.110223024625E-16,-0.));
#6322 = CYLINDRICAL_SURFACE('',#6323,0.457200914402);
#6323 = AXIS2_PLACEMENT_3D('',#6324,#6325,#6326);
#6324 = CARTESIAN_POINT('',(80.01016002032,-39.75107950215,0.));
#6325 = DIRECTION('',(-0.,-0.,-1.));
#6326 = DIRECTION('',(1.,1.110223024625E-16,-0.));
#6327 = ADVANCED_FACE('',(#6328),#6346,.F.);
#6328 = FACE_BOUND('',#6329,.T.);
#6329 = EDGE_LOOP('',(#6330,#6331,#6338,#6339));
#6330 = ORIENTED_EDGE('',*,*,#6308,.T.);
#6331 = ORIENTED_EDGE('',*,*,#6332,.T.);
#6332 = EDGE_CURVE('',#6300,#6292,#6333,.T.);
#6333 = CIRCLE('',#6334,0.457200914402);
#6334 = AXIS2_PLACEMENT_3D('',#6335,#6336,#6337);
#6335 = CARTESIAN_POINT('',(80.01016002032,-39.75107950215,
    1.600028244856));
#6336 = DIRECTION('',(0.,0.,1.));
#6337 = DIRECTION('',(-1.,-1.110223024625E-16,0.));
#6338 = ORIENTED_EDGE('',*,*,#6289,.F.);
#6339 = ORIENTED_EDGE('',*,*,#6340,.F.);
#6340 = EDGE_CURVE('',#6309,#6290,#6341,.T.);
#6341 = CIRCLE('',#6342,0.457200914402);
#6342 = AXIS2_PLACEMENT_3D('',#6343,#6344,#6345);
#6343 = CARTESIAN_POINT('',(80.01016002032,-39.75107950215,0.));
#6344 = DIRECTION('',(0.,0.,1.));
#6345 = DIRECTION('',(-1.,-1.110223024625E-16,0.));
#6346 = CYLINDRICAL_SURFACE('',#6347,0.457200914402);
#6347 = AXIS2_PLACEMENT_3D('',#6348,#6349,#6350);
#6348 = CARTESIAN_POINT('',(80.01016002032,-39.75107950215,0.));
#6349 = DIRECTION('',(-0.,-0.,-1.));
#6350 = DIRECTION('',(-1.,-1.110223024625E-16,0.));
#6351 = ADVANCED_FACE('',(#6352),#6388,.F.);
#6352 = FACE_BOUND('',#6353,.T.);
#6353 = EDGE_LOOP('',(#6354,#6364,#6373,#6381));
#6354 = ORIENTED_EDGE('',*,*,#6355,.T.);
#6355 = EDGE_CURVE('',#6356,#6358,#6360,.T.);
#6356 = VERTEX_POINT('',#6357);
#6357 = CARTESIAN_POINT('',(80.467360934722,-27.0510541021,0.));
#6358 = VERTEX_POINT('',#6359);
#6359 = CARTESIAN_POINT('',(80.467360934722,-27.0510541021,
    1.600028244856));
#6360 = LINE('',#6361,#6362);
#6361 = CARTESIAN_POINT('',(80.467360934722,-27.0510541021,0.));
#6362 = VECTOR('',#6363,1.);
#6363 = DIRECTION('',(0.,0.,1.));
#6364 = ORIENTED_EDGE('',*,*,#6365,.T.);
#6365 = EDGE_CURVE('',#6358,#6366,#6368,.T.);
#6366 = VERTEX_POINT('',#6367);
#6367 = CARTESIAN_POINT('',(79.552959105918,-27.0510541021,
    1.600028244856));
#6368 = CIRCLE('',#6369,0.457200914402);
#6369 = AXIS2_PLACEMENT_3D('',#6370,#6371,#6372);
#6370 = CARTESIAN_POINT('',(80.01016002032,-27.0510541021,1.600028244856
    ));
#6371 = DIRECTION('',(0.,0.,1.));
#6372 = DIRECTION('',(1.,1.110223024625E-16,-0.));
#6373 = ORIENTED_EDGE('',*,*,#6374,.F.);
#6374 = EDGE_CURVE('',#6375,#6366,#6377,.T.);
#6375 = VERTEX_POINT('',#6376);
#6376 = CARTESIAN_POINT('',(79.552959105918,-27.0510541021,0.));
#6377 = LINE('',#6378,#6379);
#6378 = CARTESIAN_POINT('',(79.552959105918,-27.0510541021,0.));
#6379 = VECTOR('',#6380,1.);
#6380 = DIRECTION('',(0.,0.,1.));
#6381 = ORIENTED_EDGE('',*,*,#6382,.F.);
#6382 = EDGE_CURVE('',#6356,#6375,#6383,.T.);
#6383 = CIRCLE('',#6384,0.457200914402);
#6384 = AXIS2_PLACEMENT_3D('',#6385,#6386,#6387);
#6385 = CARTESIAN_POINT('',(80.01016002032,-27.0510541021,0.));
#6386 = DIRECTION('',(0.,0.,1.));
#6387 = DIRECTION('',(1.,1.110223024625E-16,-0.));
#6388 = CYLINDRICAL_SURFACE('',#6389,0.457200914402);
#6389 = AXIS2_PLACEMENT_3D('',#6390,#6391,#6392);
#6390 = CARTESIAN_POINT('',(80.01016002032,-27.0510541021,0.));
#6391 = DIRECTION('',(-0.,-0.,-1.));
#6392 = DIRECTION('',(1.,1.110223024625E-16,-0.));
#6393 = ADVANCED_FACE('',(#6394),#6412,.F.);
#6394 = FACE_BOUND('',#6395,.T.);
#6395 = EDGE_LOOP('',(#6396,#6397,#6404,#6405));
#6396 = ORIENTED_EDGE('',*,*,#6374,.T.);
#6397 = ORIENTED_EDGE('',*,*,#6398,.T.);
#6398 = EDGE_CURVE('',#6366,#6358,#6399,.T.);
#6399 = CIRCLE('',#6400,0.457200914402);
#6400 = AXIS2_PLACEMENT_3D('',#6401,#6402,#6403);
#6401 = CARTESIAN_POINT('',(80.01016002032,-27.0510541021,1.600028244856
    ));
#6402 = DIRECTION('',(0.,0.,1.));
#6403 = DIRECTION('',(-1.,-1.110223024625E-16,0.));
#6404 = ORIENTED_EDGE('',*,*,#6355,.F.);
#6405 = ORIENTED_EDGE('',*,*,#6406,.F.);
#6406 = EDGE_CURVE('',#6375,#6356,#6407,.T.);
#6407 = CIRCLE('',#6408,0.457200914402);
#6408 = AXIS2_PLACEMENT_3D('',#6409,#6410,#6411);
#6409 = CARTESIAN_POINT('',(80.01016002032,-27.0510541021,0.));
#6410 = DIRECTION('',(0.,0.,1.));
#6411 = DIRECTION('',(-1.,-1.110223024625E-16,0.));
#6412 = CYLINDRICAL_SURFACE('',#6413,0.457200914402);
#6413 = AXIS2_PLACEMENT_3D('',#6414,#6415,#6416);
#6414 = CARTESIAN_POINT('',(80.01016002032,-27.0510541021,0.));
#6415 = DIRECTION('',(-0.,-0.,-1.));
#6416 = DIRECTION('',(-1.,-1.110223024625E-16,0.));
#6417 = ADVANCED_FACE('',(#6418),#6454,.F.);
#6418 = FACE_BOUND('',#6419,.T.);
#6419 = EDGE_LOOP('',(#6420,#6430,#6439,#6447));
#6420 = ORIENTED_EDGE('',*,*,#6421,.T.);
#6421 = EDGE_CURVE('',#6422,#6424,#6426,.T.);
#6422 = VERTEX_POINT('',#6423);
#6423 = CARTESIAN_POINT('',(80.467360934722,-29.59105918211,0.));
#6424 = VERTEX_POINT('',#6425);
#6425 = CARTESIAN_POINT('',(80.467360934722,-29.59105918211,
    1.600028244856));
#6426 = LINE('',#6427,#6428);
#6427 = CARTESIAN_POINT('',(80.467360934722,-29.59105918211,0.));
#6428 = VECTOR('',#6429,1.);
#6429 = DIRECTION('',(0.,0.,1.));
#6430 = ORIENTED_EDGE('',*,*,#6431,.T.);
#6431 = EDGE_CURVE('',#6424,#6432,#6434,.T.);
#6432 = VERTEX_POINT('',#6433);
#6433 = CARTESIAN_POINT('',(79.552959105918,-29.59105918211,
    1.600028244856));
#6434 = CIRCLE('',#6435,0.457200914402);
#6435 = AXIS2_PLACEMENT_3D('',#6436,#6437,#6438);
#6436 = CARTESIAN_POINT('',(80.01016002032,-29.59105918211,
    1.600028244856));
#6437 = DIRECTION('',(0.,0.,1.));
#6438 = DIRECTION('',(1.,1.110223024625E-16,-0.));
#6439 = ORIENTED_EDGE('',*,*,#6440,.F.);
#6440 = EDGE_CURVE('',#6441,#6432,#6443,.T.);
#6441 = VERTEX_POINT('',#6442);
#6442 = CARTESIAN_POINT('',(79.552959105918,-29.59105918211,0.));
#6443 = LINE('',#6444,#6445);
#6444 = CARTESIAN_POINT('',(79.552959105918,-29.59105918211,0.));
#6445 = VECTOR('',#6446,1.);
#6446 = DIRECTION('',(0.,0.,1.));
#6447 = ORIENTED_EDGE('',*,*,#6448,.F.);
#6448 = EDGE_CURVE('',#6422,#6441,#6449,.T.);
#6449 = CIRCLE('',#6450,0.457200914402);
#6450 = AXIS2_PLACEMENT_3D('',#6451,#6452,#6453);
#6451 = CARTESIAN_POINT('',(80.01016002032,-29.59105918211,0.));
#6452 = DIRECTION('',(0.,0.,1.));
#6453 = DIRECTION('',(1.,1.110223024625E-16,-0.));
#6454 = CYLINDRICAL_SURFACE('',#6455,0.457200914402);
#6455 = AXIS2_PLACEMENT_3D('',#6456,#6457,#6458);
#6456 = CARTESIAN_POINT('',(80.01016002032,-29.59105918211,0.));
#6457 = DIRECTION('',(-0.,-0.,-1.));
#6458 = DIRECTION('',(1.,1.110223024625E-16,-0.));
#6459 = ADVANCED_FACE('',(#6460),#6478,.F.);
#6460 = FACE_BOUND('',#6461,.T.);
#6461 = EDGE_LOOP('',(#6462,#6463,#6470,#6471));
#6462 = ORIENTED_EDGE('',*,*,#6440,.T.);
#6463 = ORIENTED_EDGE('',*,*,#6464,.T.);
#6464 = EDGE_CURVE('',#6432,#6424,#6465,.T.);
#6465 = CIRCLE('',#6466,0.457200914402);
#6466 = AXIS2_PLACEMENT_3D('',#6467,#6468,#6469);
#6467 = CARTESIAN_POINT('',(80.01016002032,-29.59105918211,
    1.600028244856));
#6468 = DIRECTION('',(0.,0.,1.));
#6469 = DIRECTION('',(-1.,-1.110223024625E-16,0.));
#6470 = ORIENTED_EDGE('',*,*,#6421,.F.);
#6471 = ORIENTED_EDGE('',*,*,#6472,.F.);
#6472 = EDGE_CURVE('',#6441,#6422,#6473,.T.);
#6473 = CIRCLE('',#6474,0.457200914402);
#6474 = AXIS2_PLACEMENT_3D('',#6475,#6476,#6477);
#6475 = CARTESIAN_POINT('',(80.01016002032,-29.59105918211,0.));
#6476 = DIRECTION('',(0.,0.,1.));
#6477 = DIRECTION('',(-1.,-1.110223024625E-16,0.));
#6478 = CYLINDRICAL_SURFACE('',#6479,0.457200914402);
#6479 = AXIS2_PLACEMENT_3D('',#6480,#6481,#6482);
#6480 = CARTESIAN_POINT('',(80.01016002032,-29.59105918211,0.));
#6481 = DIRECTION('',(-0.,-0.,-1.));
#6482 = DIRECTION('',(-1.,-1.110223024625E-16,0.));
#6483 = ADVANCED_FACE('',(#6484),#6520,.F.);
#6484 = FACE_BOUND('',#6485,.T.);
#6485 = EDGE_LOOP('',(#6486,#6496,#6505,#6513));
#6486 = ORIENTED_EDGE('',*,*,#6487,.T.);
#6487 = EDGE_CURVE('',#6488,#6490,#6492,.T.);
#6488 = VERTEX_POINT('',#6489);
#6489 = CARTESIAN_POINT('',(80.467360934722,-32.13106426212,0.));
#6490 = VERTEX_POINT('',#6491);
#6491 = CARTESIAN_POINT('',(80.467360934722,-32.13106426212,
    1.600028244856));
#6492 = LINE('',#6493,#6494);
#6493 = CARTESIAN_POINT('',(80.467360934722,-32.13106426212,0.));
#6494 = VECTOR('',#6495,1.);
#6495 = DIRECTION('',(0.,0.,1.));
#6496 = ORIENTED_EDGE('',*,*,#6497,.T.);
#6497 = EDGE_CURVE('',#6490,#6498,#6500,.T.);
#6498 = VERTEX_POINT('',#6499);
#6499 = CARTESIAN_POINT('',(79.552959105918,-32.13106426212,
    1.600028244856));
#6500 = CIRCLE('',#6501,0.457200914402);
#6501 = AXIS2_PLACEMENT_3D('',#6502,#6503,#6504);
#6502 = CARTESIAN_POINT('',(80.01016002032,-32.13106426212,
    1.600028244856));
#6503 = DIRECTION('',(0.,0.,1.));
#6504 = DIRECTION('',(1.,1.110223024625E-16,-0.));
#6505 = ORIENTED_EDGE('',*,*,#6506,.F.);
#6506 = EDGE_CURVE('',#6507,#6498,#6509,.T.);
#6507 = VERTEX_POINT('',#6508);
#6508 = CARTESIAN_POINT('',(79.552959105918,-32.13106426212,0.));
#6509 = LINE('',#6510,#6511);
#6510 = CARTESIAN_POINT('',(79.552959105918,-32.13106426212,0.));
#6511 = VECTOR('',#6512,1.);
#6512 = DIRECTION('',(0.,0.,1.));
#6513 = ORIENTED_EDGE('',*,*,#6514,.F.);
#6514 = EDGE_CURVE('',#6488,#6507,#6515,.T.);
#6515 = CIRCLE('',#6516,0.457200914402);
#6516 = AXIS2_PLACEMENT_3D('',#6517,#6518,#6519);
#6517 = CARTESIAN_POINT('',(80.01016002032,-32.13106426212,0.));
#6518 = DIRECTION('',(0.,0.,1.));
#6519 = DIRECTION('',(1.,1.110223024625E-16,-0.));
#6520 = CYLINDRICAL_SURFACE('',#6521,0.457200914402);
#6521 = AXIS2_PLACEMENT_3D('',#6522,#6523,#6524);
#6522 = CARTESIAN_POINT('',(80.01016002032,-32.13106426212,0.));
#6523 = DIRECTION('',(-0.,-0.,-1.));
#6524 = DIRECTION('',(1.,1.110223024625E-16,-0.));
#6525 = ADVANCED_FACE('',(#6526),#6544,.F.);
#6526 = FACE_BOUND('',#6527,.T.);
#6527 = EDGE_LOOP('',(#6528,#6529,#6536,#6537));
#6528 = ORIENTED_EDGE('',*,*,#6506,.T.);
#6529 = ORIENTED_EDGE('',*,*,#6530,.T.);
#6530 = EDGE_CURVE('',#6498,#6490,#6531,.T.);
#6531 = CIRCLE('',#6532,0.457200914402);
#6532 = AXIS2_PLACEMENT_3D('',#6533,#6534,#6535);
#6533 = CARTESIAN_POINT('',(80.01016002032,-32.13106426212,
    1.600028244856));
#6534 = DIRECTION('',(0.,0.,1.));
#6535 = DIRECTION('',(-1.,-1.110223024625E-16,0.));
#6536 = ORIENTED_EDGE('',*,*,#6487,.F.);
#6537 = ORIENTED_EDGE('',*,*,#6538,.F.);
#6538 = EDGE_CURVE('',#6507,#6488,#6539,.T.);
#6539 = CIRCLE('',#6540,0.457200914402);
#6540 = AXIS2_PLACEMENT_3D('',#6541,#6542,#6543);
#6541 = CARTESIAN_POINT('',(80.01016002032,-32.13106426212,0.));
#6542 = DIRECTION('',(0.,0.,1.));
#6543 = DIRECTION('',(-1.,-1.110223024625E-16,0.));
#6544 = CYLINDRICAL_SURFACE('',#6545,0.457200914402);
#6545 = AXIS2_PLACEMENT_3D('',#6546,#6547,#6548);
#6546 = CARTESIAN_POINT('',(80.01016002032,-32.13106426212,0.));
#6547 = DIRECTION('',(-0.,-0.,-1.));
#6548 = DIRECTION('',(-1.,-1.110223024625E-16,0.));
#6549 = ADVANCED_FACE('',(#6550),#6586,.F.);
#6550 = FACE_BOUND('',#6551,.T.);
#6551 = EDGE_LOOP('',(#6552,#6562,#6571,#6579));
#6552 = ORIENTED_EDGE('',*,*,#6553,.T.);
#6553 = EDGE_CURVE('',#6554,#6556,#6558,.T.);
#6554 = VERTEX_POINT('',#6555);
#6555 = CARTESIAN_POINT('',(80.467360934722,-34.67106934213,0.));
#6556 = VERTEX_POINT('',#6557);
#6557 = CARTESIAN_POINT('',(80.467360934722,-34.67106934213,
    1.600028244856));
#6558 = LINE('',#6559,#6560);
#6559 = CARTESIAN_POINT('',(80.467360934722,-34.67106934213,0.));
#6560 = VECTOR('',#6561,1.);
#6561 = DIRECTION('',(0.,0.,1.));
#6562 = ORIENTED_EDGE('',*,*,#6563,.T.);
#6563 = EDGE_CURVE('',#6556,#6564,#6566,.T.);
#6564 = VERTEX_POINT('',#6565);
#6565 = CARTESIAN_POINT('',(79.552959105918,-34.67106934213,
    1.600028244856));
#6566 = CIRCLE('',#6567,0.457200914402);
#6567 = AXIS2_PLACEMENT_3D('',#6568,#6569,#6570);
#6568 = CARTESIAN_POINT('',(80.01016002032,-34.67106934213,
    1.600028244856));
#6569 = DIRECTION('',(0.,0.,1.));
#6570 = DIRECTION('',(1.,1.110223024625E-16,-0.));
#6571 = ORIENTED_EDGE('',*,*,#6572,.F.);
#6572 = EDGE_CURVE('',#6573,#6564,#6575,.T.);
#6573 = VERTEX_POINT('',#6574);
#6574 = CARTESIAN_POINT('',(79.552959105918,-34.67106934213,0.));
#6575 = LINE('',#6576,#6577);
#6576 = CARTESIAN_POINT('',(79.552959105918,-34.67106934213,0.));
#6577 = VECTOR('',#6578,1.);
#6578 = DIRECTION('',(0.,0.,1.));
#6579 = ORIENTED_EDGE('',*,*,#6580,.F.);
#6580 = EDGE_CURVE('',#6554,#6573,#6581,.T.);
#6581 = CIRCLE('',#6582,0.457200914402);
#6582 = AXIS2_PLACEMENT_3D('',#6583,#6584,#6585);
#6583 = CARTESIAN_POINT('',(80.01016002032,-34.67106934213,0.));
#6584 = DIRECTION('',(0.,0.,1.));
#6585 = DIRECTION('',(1.,1.110223024625E-16,-0.));
#6586 = CYLINDRICAL_SURFACE('',#6587,0.457200914402);
#6587 = AXIS2_PLACEMENT_3D('',#6588,#6589,#6590);
#6588 = CARTESIAN_POINT('',(80.01016002032,-34.67106934213,0.));
#6589 = DIRECTION('',(-0.,-0.,-1.));
#6590 = DIRECTION('',(1.,1.110223024625E-16,-0.));
#6591 = ADVANCED_FACE('',(#6592),#6610,.F.);
#6592 = FACE_BOUND('',#6593,.T.);
#6593 = EDGE_LOOP('',(#6594,#6595,#6602,#6603));
#6594 = ORIENTED_EDGE('',*,*,#6572,.T.);
#6595 = ORIENTED_EDGE('',*,*,#6596,.T.);
#6596 = EDGE_CURVE('',#6564,#6556,#6597,.T.);
#6597 = CIRCLE('',#6598,0.457200914402);
#6598 = AXIS2_PLACEMENT_3D('',#6599,#6600,#6601);
#6599 = CARTESIAN_POINT('',(80.01016002032,-34.67106934213,
    1.600028244856));
#6600 = DIRECTION('',(0.,0.,1.));
#6601 = DIRECTION('',(-1.,-1.110223024625E-16,0.));
#6602 = ORIENTED_EDGE('',*,*,#6553,.F.);
#6603 = ORIENTED_EDGE('',*,*,#6604,.F.);
#6604 = EDGE_CURVE('',#6573,#6554,#6605,.T.);
#6605 = CIRCLE('',#6606,0.457200914402);
#6606 = AXIS2_PLACEMENT_3D('',#6607,#6608,#6609);
#6607 = CARTESIAN_POINT('',(80.01016002032,-34.67106934213,0.));
#6608 = DIRECTION('',(0.,0.,1.));
#6609 = DIRECTION('',(-1.,-1.110223024625E-16,0.));
#6610 = CYLINDRICAL_SURFACE('',#6611,0.457200914402);
#6611 = AXIS2_PLACEMENT_3D('',#6612,#6613,#6614);
#6612 = CARTESIAN_POINT('',(80.01016002032,-34.67106934213,0.));
#6613 = DIRECTION('',(-0.,-0.,-1.));
#6614 = DIRECTION('',(-1.,-1.110223024625E-16,0.));
#6615 = ADVANCED_FACE('',(#6616),#6652,.F.);
#6616 = FACE_BOUND('',#6617,.T.);
#6617 = EDGE_LOOP('',(#6618,#6628,#6637,#6645));
#6618 = ORIENTED_EDGE('',*,*,#6619,.T.);
#6619 = EDGE_CURVE('',#6620,#6622,#6624,.T.);
#6620 = VERTEX_POINT('',#6621);
#6621 = CARTESIAN_POINT('',(80.467360934722,-21.97104394208,0.));
#6622 = VERTEX_POINT('',#6623);
#6623 = CARTESIAN_POINT('',(80.467360934722,-21.97104394208,
    1.600028244856));
#6624 = LINE('',#6625,#6626);
#6625 = CARTESIAN_POINT('',(80.467360934722,-21.97104394208,0.));
#6626 = VECTOR('',#6627,1.);
#6627 = DIRECTION('',(0.,0.,1.));
#6628 = ORIENTED_EDGE('',*,*,#6629,.T.);
#6629 = EDGE_CURVE('',#6622,#6630,#6632,.T.);
#6630 = VERTEX_POINT('',#6631);
#6631 = CARTESIAN_POINT('',(79.552959105918,-21.97104394208,
    1.600028244856));
#6632 = CIRCLE('',#6633,0.457200914402);
#6633 = AXIS2_PLACEMENT_3D('',#6634,#6635,#6636);
#6634 = CARTESIAN_POINT('',(80.01016002032,-21.97104394208,
    1.600028244856));
#6635 = DIRECTION('',(0.,0.,1.));
#6636 = DIRECTION('',(1.,1.110223024625E-16,-0.));
#6637 = ORIENTED_EDGE('',*,*,#6638,.F.);
#6638 = EDGE_CURVE('',#6639,#6630,#6641,.T.);
#6639 = VERTEX_POINT('',#6640);
#6640 = CARTESIAN_POINT('',(79.552959105918,-21.97104394208,0.));
#6641 = LINE('',#6642,#6643);
#6642 = CARTESIAN_POINT('',(79.552959105918,-21.97104394208,0.));
#6643 = VECTOR('',#6644,1.);
#6644 = DIRECTION('',(0.,0.,1.));
#6645 = ORIENTED_EDGE('',*,*,#6646,.F.);
#6646 = EDGE_CURVE('',#6620,#6639,#6647,.T.);
#6647 = CIRCLE('',#6648,0.457200914402);
#6648 = AXIS2_PLACEMENT_3D('',#6649,#6650,#6651);
#6649 = CARTESIAN_POINT('',(80.01016002032,-21.97104394208,0.));
#6650 = DIRECTION('',(0.,0.,1.));
#6651 = DIRECTION('',(1.,1.110223024625E-16,-0.));
#6652 = CYLINDRICAL_SURFACE('',#6653,0.457200914402);
#6653 = AXIS2_PLACEMENT_3D('',#6654,#6655,#6656);
#6654 = CARTESIAN_POINT('',(80.01016002032,-21.97104394208,0.));
#6655 = DIRECTION('',(-0.,-0.,-1.));
#6656 = DIRECTION('',(1.,1.110223024625E-16,-0.));
#6657 = ADVANCED_FACE('',(#6658),#6676,.F.);
#6658 = FACE_BOUND('',#6659,.T.);
#6659 = EDGE_LOOP('',(#6660,#6661,#6668,#6669));
#6660 = ORIENTED_EDGE('',*,*,#6638,.T.);
#6661 = ORIENTED_EDGE('',*,*,#6662,.T.);
#6662 = EDGE_CURVE('',#6630,#6622,#6663,.T.);
#6663 = CIRCLE('',#6664,0.457200914402);
#6664 = AXIS2_PLACEMENT_3D('',#6665,#6666,#6667);
#6665 = CARTESIAN_POINT('',(80.01016002032,-21.97104394208,
    1.600028244856));
#6666 = DIRECTION('',(0.,0.,1.));
#6667 = DIRECTION('',(-1.,-1.110223024625E-16,0.));
#6668 = ORIENTED_EDGE('',*,*,#6619,.F.);
#6669 = ORIENTED_EDGE('',*,*,#6670,.F.);
#6670 = EDGE_CURVE('',#6639,#6620,#6671,.T.);
#6671 = CIRCLE('',#6672,0.457200914402);
#6672 = AXIS2_PLACEMENT_3D('',#6673,#6674,#6675);
#6673 = CARTESIAN_POINT('',(80.01016002032,-21.97104394208,0.));
#6674 = DIRECTION('',(0.,0.,1.));
#6675 = DIRECTION('',(-1.,-1.110223024625E-16,0.));
#6676 = CYLINDRICAL_SURFACE('',#6677,0.457200914402);
#6677 = AXIS2_PLACEMENT_3D('',#6678,#6679,#6680);
#6678 = CARTESIAN_POINT('',(80.01016002032,-21.97104394208,0.));
#6679 = DIRECTION('',(-0.,-0.,-1.));
#6680 = DIRECTION('',(-1.,-1.110223024625E-16,0.));
#6681 = ADVANCED_FACE('',(#6682),#6718,.F.);
#6682 = FACE_BOUND('',#6683,.T.);
#6683 = EDGE_LOOP('',(#6684,#6694,#6703,#6711));
#6684 = ORIENTED_EDGE('',*,*,#6685,.T.);
#6685 = EDGE_CURVE('',#6686,#6688,#6690,.T.);
#6686 = VERTEX_POINT('',#6687);
#6687 = CARTESIAN_POINT('',(80.467360934722,-24.51104902209,0.));
#6688 = VERTEX_POINT('',#6689);
#6689 = CARTESIAN_POINT('',(80.467360934722,-24.51104902209,
    1.600028244856));
#6690 = LINE('',#6691,#6692);
#6691 = CARTESIAN_POINT('',(80.467360934722,-24.51104902209,0.));
#6692 = VECTOR('',#6693,1.);
#6693 = DIRECTION('',(0.,0.,1.));
#6694 = ORIENTED_EDGE('',*,*,#6695,.T.);
#6695 = EDGE_CURVE('',#6688,#6696,#6698,.T.);
#6696 = VERTEX_POINT('',#6697);
#6697 = CARTESIAN_POINT('',(79.552959105918,-24.51104902209,
    1.600028244856));
#6698 = CIRCLE('',#6699,0.457200914402);
#6699 = AXIS2_PLACEMENT_3D('',#6700,#6701,#6702);
#6700 = CARTESIAN_POINT('',(80.01016002032,-24.51104902209,
    1.600028244856));
#6701 = DIRECTION('',(0.,0.,1.));
#6702 = DIRECTION('',(1.,1.110223024625E-16,-0.));
#6703 = ORIENTED_EDGE('',*,*,#6704,.F.);
#6704 = EDGE_CURVE('',#6705,#6696,#6707,.T.);
#6705 = VERTEX_POINT('',#6706);
#6706 = CARTESIAN_POINT('',(79.552959105918,-24.51104902209,0.));
#6707 = LINE('',#6708,#6709);
#6708 = CARTESIAN_POINT('',(79.552959105918,-24.51104902209,0.));
#6709 = VECTOR('',#6710,1.);
#6710 = DIRECTION('',(0.,0.,1.));
#6711 = ORIENTED_EDGE('',*,*,#6712,.F.);
#6712 = EDGE_CURVE('',#6686,#6705,#6713,.T.);
#6713 = CIRCLE('',#6714,0.457200914402);
#6714 = AXIS2_PLACEMENT_3D('',#6715,#6716,#6717);
#6715 = CARTESIAN_POINT('',(80.01016002032,-24.51104902209,0.));
#6716 = DIRECTION('',(0.,0.,1.));
#6717 = DIRECTION('',(1.,1.110223024625E-16,-0.));
#6718 = CYLINDRICAL_SURFACE('',#6719,0.457200914402);
#6719 = AXIS2_PLACEMENT_3D('',#6720,#6721,#6722);
#6720 = CARTESIAN_POINT('',(80.01016002032,-24.51104902209,0.));
#6721 = DIRECTION('',(-0.,-0.,-1.));
#6722 = DIRECTION('',(1.,1.110223024625E-16,-0.));
#6723 = ADVANCED_FACE('',(#6724),#6742,.F.);
#6724 = FACE_BOUND('',#6725,.T.);
#6725 = EDGE_LOOP('',(#6726,#6727,#6734,#6735));
#6726 = ORIENTED_EDGE('',*,*,#6704,.T.);
#6727 = ORIENTED_EDGE('',*,*,#6728,.T.);
#6728 = EDGE_CURVE('',#6696,#6688,#6729,.T.);
#6729 = CIRCLE('',#6730,0.457200914402);
#6730 = AXIS2_PLACEMENT_3D('',#6731,#6732,#6733);
#6731 = CARTESIAN_POINT('',(80.01016002032,-24.51104902209,
    1.600028244856));
#6732 = DIRECTION('',(0.,0.,1.));
#6733 = DIRECTION('',(-1.,-1.110223024625E-16,0.));
#6734 = ORIENTED_EDGE('',*,*,#6685,.F.);
#6735 = ORIENTED_EDGE('',*,*,#6736,.F.);
#6736 = EDGE_CURVE('',#6705,#6686,#6737,.T.);
#6737 = CIRCLE('',#6738,0.457200914402);
#6738 = AXIS2_PLACEMENT_3D('',#6739,#6740,#6741);
#6739 = CARTESIAN_POINT('',(80.01016002032,-24.51104902209,0.));
#6740 = DIRECTION('',(0.,0.,1.));
#6741 = DIRECTION('',(-1.,-1.110223024625E-16,0.));
#6742 = CYLINDRICAL_SURFACE('',#6743,0.457200914402);
#6743 = AXIS2_PLACEMENT_3D('',#6744,#6745,#6746);
#6744 = CARTESIAN_POINT('',(80.01016002032,-24.51104902209,0.));
#6745 = DIRECTION('',(-0.,-0.,-1.));
#6746 = DIRECTION('',(-1.,-1.110223024625E-16,0.));
#6747 = ADVANCED_FACE('',(#6748),#6784,.F.);
#6748 = FACE_BOUND('',#6749,.T.);
#6749 = EDGE_LOOP('',(#6750,#6760,#6769,#6777));
#6750 = ORIENTED_EDGE('',*,*,#6751,.T.);
#6751 = EDGE_CURVE('',#6752,#6754,#6756,.T.);
#6752 = VERTEX_POINT('',#6753);
#6753 = CARTESIAN_POINT('',(80.467360934722,-47.37109474218,0.));
#6754 = VERTEX_POINT('',#6755);
#6755 = CARTESIAN_POINT('',(80.467360934722,-47.37109474218,
    1.600028244856));
#6756 = LINE('',#6757,#6758);
#6757 = CARTESIAN_POINT('',(80.467360934722,-47.37109474218,0.));
#6758 = VECTOR('',#6759,1.);
#6759 = DIRECTION('',(0.,0.,1.));
#6760 = ORIENTED_EDGE('',*,*,#6761,.T.);
#6761 = EDGE_CURVE('',#6754,#6762,#6764,.T.);
#6762 = VERTEX_POINT('',#6763);
#6763 = CARTESIAN_POINT('',(79.552959105918,-47.37109474218,
    1.600028244856));
#6764 = CIRCLE('',#6765,0.457200914402);
#6765 = AXIS2_PLACEMENT_3D('',#6766,#6767,#6768);
#6766 = CARTESIAN_POINT('',(80.01016002032,-47.37109474218,
    1.600028244856));
#6767 = DIRECTION('',(0.,0.,1.));
#6768 = DIRECTION('',(1.,1.110223024625E-16,-0.));
#6769 = ORIENTED_EDGE('',*,*,#6770,.F.);
#6770 = EDGE_CURVE('',#6771,#6762,#6773,.T.);
#6771 = VERTEX_POINT('',#6772);
#6772 = CARTESIAN_POINT('',(79.552959105918,-47.37109474218,0.));
#6773 = LINE('',#6774,#6775);
#6774 = CARTESIAN_POINT('',(79.552959105918,-47.37109474218,0.));
#6775 = VECTOR('',#6776,1.);
#6776 = DIRECTION('',(0.,0.,1.));
#6777 = ORIENTED_EDGE('',*,*,#6778,.F.);
#6778 = EDGE_CURVE('',#6752,#6771,#6779,.T.);
#6779 = CIRCLE('',#6780,0.457200914402);
#6780 = AXIS2_PLACEMENT_3D('',#6781,#6782,#6783);
#6781 = CARTESIAN_POINT('',(80.01016002032,-47.37109474218,0.));
#6782 = DIRECTION('',(0.,0.,1.));
#6783 = DIRECTION('',(1.,1.110223024625E-16,-0.));
#6784 = CYLINDRICAL_SURFACE('',#6785,0.457200914402);
#6785 = AXIS2_PLACEMENT_3D('',#6786,#6787,#6788);
#6786 = CARTESIAN_POINT('',(80.01016002032,-47.37109474218,0.));
#6787 = DIRECTION('',(-0.,-0.,-1.));
#6788 = DIRECTION('',(1.,1.110223024625E-16,-0.));
#6789 = ADVANCED_FACE('',(#6790),#6808,.F.);
#6790 = FACE_BOUND('',#6791,.T.);
#6791 = EDGE_LOOP('',(#6792,#6793,#6800,#6801));
#6792 = ORIENTED_EDGE('',*,*,#6770,.T.);
#6793 = ORIENTED_EDGE('',*,*,#6794,.T.);
#6794 = EDGE_CURVE('',#6762,#6754,#6795,.T.);
#6795 = CIRCLE('',#6796,0.457200914402);
#6796 = AXIS2_PLACEMENT_3D('',#6797,#6798,#6799);
#6797 = CARTESIAN_POINT('',(80.01016002032,-47.37109474218,
    1.600028244856));
#6798 = DIRECTION('',(0.,0.,1.));
#6799 = DIRECTION('',(-1.,-1.110223024625E-16,0.));
#6800 = ORIENTED_EDGE('',*,*,#6751,.F.);
#6801 = ORIENTED_EDGE('',*,*,#6802,.F.);
#6802 = EDGE_CURVE('',#6771,#6752,#6803,.T.);
#6803 = CIRCLE('',#6804,0.457200914402);
#6804 = AXIS2_PLACEMENT_3D('',#6805,#6806,#6807);
#6805 = CARTESIAN_POINT('',(80.01016002032,-47.37109474218,0.));
#6806 = DIRECTION('',(0.,0.,1.));
#6807 = DIRECTION('',(-1.,-1.110223024625E-16,0.));
#6808 = CYLINDRICAL_SURFACE('',#6809,0.457200914402);
#6809 = AXIS2_PLACEMENT_3D('',#6810,#6811,#6812);
#6810 = CARTESIAN_POINT('',(80.01016002032,-47.37109474218,0.));
#6811 = DIRECTION('',(-0.,-0.,-1.));
#6812 = DIRECTION('',(-1.,-1.110223024625E-16,0.));
#6813 = ADVANCED_FACE('',(#6814),#6850,.F.);
#6814 = FACE_BOUND('',#6815,.T.);
#6815 = EDGE_LOOP('',(#6816,#6826,#6835,#6843));
#6816 = ORIENTED_EDGE('',*,*,#6817,.T.);
#6817 = EDGE_CURVE('',#6818,#6820,#6822,.T.);
#6818 = VERTEX_POINT('',#6819);
#6819 = CARTESIAN_POINT('',(80.467360934722,-49.9110998222,0.));
#6820 = VERTEX_POINT('',#6821);
#6821 = CARTESIAN_POINT('',(80.467360934722,-49.9110998222,
    1.600028244856));
#6822 = LINE('',#6823,#6824);
#6823 = CARTESIAN_POINT('',(80.467360934722,-49.9110998222,0.));
#6824 = VECTOR('',#6825,1.);
#6825 = DIRECTION('',(0.,0.,1.));
#6826 = ORIENTED_EDGE('',*,*,#6827,.T.);
#6827 = EDGE_CURVE('',#6820,#6828,#6830,.T.);
#6828 = VERTEX_POINT('',#6829);
#6829 = CARTESIAN_POINT('',(79.552959105918,-49.9110998222,
    1.600028244856));
#6830 = CIRCLE('',#6831,0.457200914402);
#6831 = AXIS2_PLACEMENT_3D('',#6832,#6833,#6834);
#6832 = CARTESIAN_POINT('',(80.01016002032,-49.9110998222,1.600028244856
    ));
#6833 = DIRECTION('',(0.,0.,1.));
#6834 = DIRECTION('',(1.,1.110223024625E-16,-0.));
#6835 = ORIENTED_EDGE('',*,*,#6836,.F.);
#6836 = EDGE_CURVE('',#6837,#6828,#6839,.T.);
#6837 = VERTEX_POINT('',#6838);
#6838 = CARTESIAN_POINT('',(79.552959105918,-49.9110998222,0.));
#6839 = LINE('',#6840,#6841);
#6840 = CARTESIAN_POINT('',(79.552959105918,-49.9110998222,0.));
#6841 = VECTOR('',#6842,1.);
#6842 = DIRECTION('',(0.,0.,1.));
#6843 = ORIENTED_EDGE('',*,*,#6844,.F.);
#6844 = EDGE_CURVE('',#6818,#6837,#6845,.T.);
#6845 = CIRCLE('',#6846,0.457200914402);
#6846 = AXIS2_PLACEMENT_3D('',#6847,#6848,#6849);
#6847 = CARTESIAN_POINT('',(80.01016002032,-49.9110998222,0.));
#6848 = DIRECTION('',(0.,0.,1.));
#6849 = DIRECTION('',(1.,1.110223024625E-16,-0.));
#6850 = CYLINDRICAL_SURFACE('',#6851,0.457200914402);
#6851 = AXIS2_PLACEMENT_3D('',#6852,#6853,#6854);
#6852 = CARTESIAN_POINT('',(80.01016002032,-49.9110998222,0.));
#6853 = DIRECTION('',(-0.,-0.,-1.));
#6854 = DIRECTION('',(1.,1.110223024625E-16,-0.));
#6855 = ADVANCED_FACE('',(#6856),#6874,.F.);
#6856 = FACE_BOUND('',#6857,.T.);
#6857 = EDGE_LOOP('',(#6858,#6859,#6866,#6867));
#6858 = ORIENTED_EDGE('',*,*,#6836,.T.);
#6859 = ORIENTED_EDGE('',*,*,#6860,.T.);
#6860 = EDGE_CURVE('',#6828,#6820,#6861,.T.);
#6861 = CIRCLE('',#6862,0.457200914402);
#6862 = AXIS2_PLACEMENT_3D('',#6863,#6864,#6865);
#6863 = CARTESIAN_POINT('',(80.01016002032,-49.9110998222,1.600028244856
    ));
#6864 = DIRECTION('',(0.,0.,1.));
#6865 = DIRECTION('',(-1.,-1.110223024625E-16,0.));
#6866 = ORIENTED_EDGE('',*,*,#6817,.F.);
#6867 = ORIENTED_EDGE('',*,*,#6868,.F.);
#6868 = EDGE_CURVE('',#6837,#6818,#6869,.T.);
#6869 = CIRCLE('',#6870,0.457200914402);
#6870 = AXIS2_PLACEMENT_3D('',#6871,#6872,#6873);
#6871 = CARTESIAN_POINT('',(80.01016002032,-49.9110998222,0.));
#6872 = DIRECTION('',(0.,0.,1.));
#6873 = DIRECTION('',(-1.,-1.110223024625E-16,0.));
#6874 = CYLINDRICAL_SURFACE('',#6875,0.457200914402);
#6875 = AXIS2_PLACEMENT_3D('',#6876,#6877,#6878);
#6876 = CARTESIAN_POINT('',(80.01016002032,-49.9110998222,0.));
#6877 = DIRECTION('',(-0.,-0.,-1.));
#6878 = DIRECTION('',(-1.,-1.110223024625E-16,0.));
#6879 = ADVANCED_FACE('',(#6880),#6916,.F.);
#6880 = FACE_BOUND('',#6881,.T.);
#6881 = EDGE_LOOP('',(#6882,#6892,#6901,#6909));
#6882 = ORIENTED_EDGE('',*,*,#6883,.T.);
#6883 = EDGE_CURVE('',#6884,#6886,#6888,.T.);
#6884 = VERTEX_POINT('',#6885);
#6885 = CARTESIAN_POINT('',(80.467360934722,-52.45110490221,0.));
#6886 = VERTEX_POINT('',#6887);
#6887 = CARTESIAN_POINT('',(80.467360934722,-52.45110490221,
    1.600028244856));
#6888 = LINE('',#6889,#6890);
#6889 = CARTESIAN_POINT('',(80.467360934722,-52.45110490221,0.));
#6890 = VECTOR('',#6891,1.);
#6891 = DIRECTION('',(0.,0.,1.));
#6892 = ORIENTED_EDGE('',*,*,#6893,.T.);
#6893 = EDGE_CURVE('',#6886,#6894,#6896,.T.);
#6894 = VERTEX_POINT('',#6895);
#6895 = CARTESIAN_POINT('',(79.552959105918,-52.45110490221,
    1.600028244856));
#6896 = CIRCLE('',#6897,0.457200914402);
#6897 = AXIS2_PLACEMENT_3D('',#6898,#6899,#6900);
#6898 = CARTESIAN_POINT('',(80.01016002032,-52.45110490221,
    1.600028244856));
#6899 = DIRECTION('',(0.,0.,1.));
#6900 = DIRECTION('',(1.,1.110223024625E-16,-0.));
#6901 = ORIENTED_EDGE('',*,*,#6902,.F.);
#6902 = EDGE_CURVE('',#6903,#6894,#6905,.T.);
#6903 = VERTEX_POINT('',#6904);
#6904 = CARTESIAN_POINT('',(79.552959105918,-52.45110490221,0.));
#6905 = LINE('',#6906,#6907);
#6906 = CARTESIAN_POINT('',(79.552959105918,-52.45110490221,0.));
#6907 = VECTOR('',#6908,1.);
#6908 = DIRECTION('',(0.,0.,1.));
#6909 = ORIENTED_EDGE('',*,*,#6910,.F.);
#6910 = EDGE_CURVE('',#6884,#6903,#6911,.T.);
#6911 = CIRCLE('',#6912,0.457200914402);
#6912 = AXIS2_PLACEMENT_3D('',#6913,#6914,#6915);
#6913 = CARTESIAN_POINT('',(80.01016002032,-52.45110490221,0.));
#6914 = DIRECTION('',(0.,0.,1.));
#6915 = DIRECTION('',(1.,1.110223024625E-16,-0.));
#6916 = CYLINDRICAL_SURFACE('',#6917,0.457200914402);
#6917 = AXIS2_PLACEMENT_3D('',#6918,#6919,#6920);
#6918 = CARTESIAN_POINT('',(80.01016002032,-52.45110490221,0.));
#6919 = DIRECTION('',(-0.,-0.,-1.));
#6920 = DIRECTION('',(1.,1.110223024625E-16,-0.));
#6921 = ADVANCED_FACE('',(#6922),#6940,.F.);
#6922 = FACE_BOUND('',#6923,.T.);
#6923 = EDGE_LOOP('',(#6924,#6925,#6932,#6933));
#6924 = ORIENTED_EDGE('',*,*,#6902,.T.);
#6925 = ORIENTED_EDGE('',*,*,#6926,.T.);
#6926 = EDGE_CURVE('',#6894,#6886,#6927,.T.);
#6927 = CIRCLE('',#6928,0.457200914402);
#6928 = AXIS2_PLACEMENT_3D('',#6929,#6930,#6931);
#6929 = CARTESIAN_POINT('',(80.01016002032,-52.45110490221,
    1.600028244856));
#6930 = DIRECTION('',(0.,0.,1.));
#6931 = DIRECTION('',(-1.,-1.110223024625E-16,0.));
#6932 = ORIENTED_EDGE('',*,*,#6883,.F.);
#6933 = ORIENTED_EDGE('',*,*,#6934,.F.);
#6934 = EDGE_CURVE('',#6903,#6884,#6935,.T.);
#6935 = CIRCLE('',#6936,0.457200914402);
#6936 = AXIS2_PLACEMENT_3D('',#6937,#6938,#6939);
#6937 = CARTESIAN_POINT('',(80.01016002032,-52.45110490221,0.));
#6938 = DIRECTION('',(0.,0.,1.));
#6939 = DIRECTION('',(-1.,-1.110223024625E-16,0.));
#6940 = CYLINDRICAL_SURFACE('',#6941,0.457200914402);
#6941 = AXIS2_PLACEMENT_3D('',#6942,#6943,#6944);
#6942 = CARTESIAN_POINT('',(80.01016002032,-52.45110490221,0.));
#6943 = DIRECTION('',(-0.,-0.,-1.));
#6944 = DIRECTION('',(-1.,-1.110223024625E-16,0.));
#6945 = ADVANCED_FACE('',(#6946),#6982,.F.);
#6946 = FACE_BOUND('',#6947,.T.);
#6947 = EDGE_LOOP('',(#6948,#6958,#6967,#6975));
#6948 = ORIENTED_EDGE('',*,*,#6949,.T.);
#6949 = EDGE_CURVE('',#6950,#6952,#6954,.T.);
#6950 = VERTEX_POINT('',#6951);
#6951 = CARTESIAN_POINT('',(80.467360934722,-42.29108458216,0.));
#6952 = VERTEX_POINT('',#6953);
#6953 = CARTESIAN_POINT('',(80.467360934722,-42.29108458216,
    1.600028244856));
#6954 = LINE('',#6955,#6956);
#6955 = CARTESIAN_POINT('',(80.467360934722,-42.29108458216,0.));
#6956 = VECTOR('',#6957,1.);
#6957 = DIRECTION('',(0.,0.,1.));
#6958 = ORIENTED_EDGE('',*,*,#6959,.T.);
#6959 = EDGE_CURVE('',#6952,#6960,#6962,.T.);
#6960 = VERTEX_POINT('',#6961);
#6961 = CARTESIAN_POINT('',(79.552959105918,-42.29108458216,
    1.600028244856));
#6962 = CIRCLE('',#6963,0.457200914402);
#6963 = AXIS2_PLACEMENT_3D('',#6964,#6965,#6966);
#6964 = CARTESIAN_POINT('',(80.01016002032,-42.29108458216,
    1.600028244856));
#6965 = DIRECTION('',(0.,0.,1.));
#6966 = DIRECTION('',(1.,1.110223024625E-16,-0.));
#6967 = ORIENTED_EDGE('',*,*,#6968,.F.);
#6968 = EDGE_CURVE('',#6969,#6960,#6971,.T.);
#6969 = VERTEX_POINT('',#6970);
#6970 = CARTESIAN_POINT('',(79.552959105918,-42.29108458216,0.));
#6971 = LINE('',#6972,#6973);
#6972 = CARTESIAN_POINT('',(79.552959105918,-42.29108458216,0.));
#6973 = VECTOR('',#6974,1.);
#6974 = DIRECTION('',(0.,0.,1.));
#6975 = ORIENTED_EDGE('',*,*,#6976,.F.);
#6976 = EDGE_CURVE('',#6950,#6969,#6977,.T.);
#6977 = CIRCLE('',#6978,0.457200914402);
#6978 = AXIS2_PLACEMENT_3D('',#6979,#6980,#6981);
#6979 = CARTESIAN_POINT('',(80.01016002032,-42.29108458216,0.));
#6980 = DIRECTION('',(0.,0.,1.));
#6981 = DIRECTION('',(1.,1.110223024625E-16,-0.));
#6982 = CYLINDRICAL_SURFACE('',#6983,0.457200914402);
#6983 = AXIS2_PLACEMENT_3D('',#6984,#6985,#6986);
#6984 = CARTESIAN_POINT('',(80.01016002032,-42.29108458216,0.));
#6985 = DIRECTION('',(-0.,-0.,-1.));
#6986 = DIRECTION('',(1.,1.110223024625E-16,-0.));
#6987 = ADVANCED_FACE('',(#6988),#7006,.F.);
#6988 = FACE_BOUND('',#6989,.T.);
#6989 = EDGE_LOOP('',(#6990,#6991,#6998,#6999));
#6990 = ORIENTED_EDGE('',*,*,#6968,.T.);
#6991 = ORIENTED_EDGE('',*,*,#6992,.T.);
#6992 = EDGE_CURVE('',#6960,#6952,#6993,.T.);
#6993 = CIRCLE('',#6994,0.457200914402);
#6994 = AXIS2_PLACEMENT_3D('',#6995,#6996,#6997);
#6995 = CARTESIAN_POINT('',(80.01016002032,-42.29108458216,
    1.600028244856));
#6996 = DIRECTION('',(0.,0.,1.));
#6997 = DIRECTION('',(-1.,-1.110223024625E-16,0.));
#6998 = ORIENTED_EDGE('',*,*,#6949,.F.);
#6999 = ORIENTED_EDGE('',*,*,#7000,.F.);
#7000 = EDGE_CURVE('',#6969,#6950,#7001,.T.);
#7001 = CIRCLE('',#7002,0.457200914402);
#7002 = AXIS2_PLACEMENT_3D('',#7003,#7004,#7005);
#7003 = CARTESIAN_POINT('',(80.01016002032,-42.29108458216,0.));
#7004 = DIRECTION('',(0.,0.,1.));
#7005 = DIRECTION('',(-1.,-1.110223024625E-16,0.));
#7006 = CYLINDRICAL_SURFACE('',#7007,0.457200914402);
#7007 = AXIS2_PLACEMENT_3D('',#7008,#7009,#7010);
#7008 = CARTESIAN_POINT('',(80.01016002032,-42.29108458216,0.));
#7009 = DIRECTION('',(-0.,-0.,-1.));
#7010 = DIRECTION('',(-1.,-1.110223024625E-16,0.));
#7011 = ADVANCED_FACE('',(#7012),#7048,.F.);
#7012 = FACE_BOUND('',#7013,.T.);
#7013 = EDGE_LOOP('',(#7014,#7024,#7033,#7041));
#7014 = ORIENTED_EDGE('',*,*,#7015,.T.);
#7015 = EDGE_CURVE('',#7016,#7018,#7020,.T.);
#7016 = VERTEX_POINT('',#7017);
#7017 = CARTESIAN_POINT('',(80.467360934722,-44.83108966217,0.));
#7018 = VERTEX_POINT('',#7019);
#7019 = CARTESIAN_POINT('',(80.467360934722,-44.83108966217,
    1.600028244856));
#7020 = LINE('',#7021,#7022);
#7021 = CARTESIAN_POINT('',(80.467360934722,-44.83108966217,0.));
#7022 = VECTOR('',#7023,1.);
#7023 = DIRECTION('',(0.,0.,1.));
#7024 = ORIENTED_EDGE('',*,*,#7025,.T.);
#7025 = EDGE_CURVE('',#7018,#7026,#7028,.T.);
#7026 = VERTEX_POINT('',#7027);
#7027 = CARTESIAN_POINT('',(79.552959105918,-44.83108966217,
    1.600028244856));
#7028 = CIRCLE('',#7029,0.457200914402);
#7029 = AXIS2_PLACEMENT_3D('',#7030,#7031,#7032);
#7030 = CARTESIAN_POINT('',(80.01016002032,-44.83108966217,
    1.600028244856));
#7031 = DIRECTION('',(0.,0.,1.));
#7032 = DIRECTION('',(1.,1.110223024625E-16,-0.));
#7033 = ORIENTED_EDGE('',*,*,#7034,.F.);
#7034 = EDGE_CURVE('',#7035,#7026,#7037,.T.);
#7035 = VERTEX_POINT('',#7036);
#7036 = CARTESIAN_POINT('',(79.552959105918,-44.83108966217,0.));
#7037 = LINE('',#7038,#7039);
#7038 = CARTESIAN_POINT('',(79.552959105918,-44.83108966217,0.));
#7039 = VECTOR('',#7040,1.);
#7040 = DIRECTION('',(0.,0.,1.));
#7041 = ORIENTED_EDGE('',*,*,#7042,.F.);
#7042 = EDGE_CURVE('',#7016,#7035,#7043,.T.);
#7043 = CIRCLE('',#7044,0.457200914402);
#7044 = AXIS2_PLACEMENT_3D('',#7045,#7046,#7047);
#7045 = CARTESIAN_POINT('',(80.01016002032,-44.83108966217,0.));
#7046 = DIRECTION('',(0.,0.,1.));
#7047 = DIRECTION('',(1.,1.110223024625E-16,-0.));
#7048 = CYLINDRICAL_SURFACE('',#7049,0.457200914402);
#7049 = AXIS2_PLACEMENT_3D('',#7050,#7051,#7052);
#7050 = CARTESIAN_POINT('',(80.01016002032,-44.83108966217,0.));
#7051 = DIRECTION('',(-0.,-0.,-1.));
#7052 = DIRECTION('',(1.,1.110223024625E-16,-0.));
#7053 = ADVANCED_FACE('',(#7054),#7072,.F.);
#7054 = FACE_BOUND('',#7055,.T.);
#7055 = EDGE_LOOP('',(#7056,#7057,#7064,#7065));
#7056 = ORIENTED_EDGE('',*,*,#7034,.T.);
#7057 = ORIENTED_EDGE('',*,*,#7058,.T.);
#7058 = EDGE_CURVE('',#7026,#7018,#7059,.T.);
#7059 = CIRCLE('',#7060,0.457200914402);
#7060 = AXIS2_PLACEMENT_3D('',#7061,#7062,#7063);
#7061 = CARTESIAN_POINT('',(80.01016002032,-44.83108966217,
    1.600028244856));
#7062 = DIRECTION('',(0.,0.,1.));
#7063 = DIRECTION('',(-1.,-1.110223024625E-16,0.));
#7064 = ORIENTED_EDGE('',*,*,#7015,.F.);
#7065 = ORIENTED_EDGE('',*,*,#7066,.F.);
#7066 = EDGE_CURVE('',#7035,#7016,#7067,.T.);
#7067 = CIRCLE('',#7068,0.457200914402);
#7068 = AXIS2_PLACEMENT_3D('',#7069,#7070,#7071);
#7069 = CARTESIAN_POINT('',(80.01016002032,-44.83108966217,0.));
#7070 = DIRECTION('',(0.,0.,1.));
#7071 = DIRECTION('',(-1.,-1.110223024625E-16,0.));
#7072 = CYLINDRICAL_SURFACE('',#7073,0.457200914402);
#7073 = AXIS2_PLACEMENT_3D('',#7074,#7075,#7076);
#7074 = CARTESIAN_POINT('',(80.01016002032,-44.83108966217,0.));
#7075 = DIRECTION('',(-0.,-0.,-1.));
#7076 = DIRECTION('',(-1.,-1.110223024625E-16,0.));
#7077 = ADVANCED_FACE('',(#7078),#7114,.F.);
#7078 = FACE_BOUND('',#7079,.T.);
#7079 = EDGE_LOOP('',(#7080,#7090,#7099,#7107));
#7080 = ORIENTED_EDGE('',*,*,#7081,.T.);
#7081 = EDGE_CURVE('',#7082,#7084,#7086,.T.);
#7082 = VERTEX_POINT('',#7083);
#7083 = CARTESIAN_POINT('',(80.467360934722,-54.99110998222,0.));
#7084 = VERTEX_POINT('',#7085);
#7085 = CARTESIAN_POINT('',(80.467360934722,-54.99110998222,
    1.600028244856));
#7086 = LINE('',#7087,#7088);
#7087 = CARTESIAN_POINT('',(80.467360934722,-54.99110998222,0.));
#7088 = VECTOR('',#7089,1.);
#7089 = DIRECTION('',(0.,0.,1.));
#7090 = ORIENTED_EDGE('',*,*,#7091,.T.);
#7091 = EDGE_CURVE('',#7084,#7092,#7094,.T.);
#7092 = VERTEX_POINT('',#7093);
#7093 = CARTESIAN_POINT('',(79.552959105918,-54.99110998222,
    1.600028244856));
#7094 = CIRCLE('',#7095,0.457200914402);
#7095 = AXIS2_PLACEMENT_3D('',#7096,#7097,#7098);
#7096 = CARTESIAN_POINT('',(80.01016002032,-54.99110998222,
    1.600028244856));
#7097 = DIRECTION('',(0.,0.,1.));
#7098 = DIRECTION('',(1.,1.110223024625E-16,-0.));
#7099 = ORIENTED_EDGE('',*,*,#7100,.F.);
#7100 = EDGE_CURVE('',#7101,#7092,#7103,.T.);
#7101 = VERTEX_POINT('',#7102);
#7102 = CARTESIAN_POINT('',(79.552959105918,-54.99110998222,0.));
#7103 = LINE('',#7104,#7105);
#7104 = CARTESIAN_POINT('',(79.552959105918,-54.99110998222,0.));
#7105 = VECTOR('',#7106,1.);
#7106 = DIRECTION('',(0.,0.,1.));
#7107 = ORIENTED_EDGE('',*,*,#7108,.F.);
#7108 = EDGE_CURVE('',#7082,#7101,#7109,.T.);
#7109 = CIRCLE('',#7110,0.457200914402);
#7110 = AXIS2_PLACEMENT_3D('',#7111,#7112,#7113);
#7111 = CARTESIAN_POINT('',(80.01016002032,-54.99110998222,0.));
#7112 = DIRECTION('',(0.,0.,1.));
#7113 = DIRECTION('',(1.,1.110223024625E-16,-0.));
#7114 = CYLINDRICAL_SURFACE('',#7115,0.457200914402);
#7115 = AXIS2_PLACEMENT_3D('',#7116,#7117,#7118);
#7116 = CARTESIAN_POINT('',(80.01016002032,-54.99110998222,0.));
#7117 = DIRECTION('',(-0.,-0.,-1.));
#7118 = DIRECTION('',(1.,1.110223024625E-16,-0.));
#7119 = ADVANCED_FACE('',(#7120),#7138,.F.);
#7120 = FACE_BOUND('',#7121,.T.);
#7121 = EDGE_LOOP('',(#7122,#7123,#7130,#7131));
#7122 = ORIENTED_EDGE('',*,*,#7100,.T.);
#7123 = ORIENTED_EDGE('',*,*,#7124,.T.);
#7124 = EDGE_CURVE('',#7092,#7084,#7125,.T.);
#7125 = CIRCLE('',#7126,0.457200914402);
#7126 = AXIS2_PLACEMENT_3D('',#7127,#7128,#7129);
#7127 = CARTESIAN_POINT('',(80.01016002032,-54.99110998222,
    1.600028244856));
#7128 = DIRECTION('',(0.,0.,1.));
#7129 = DIRECTION('',(-1.,-1.110223024625E-16,0.));
#7130 = ORIENTED_EDGE('',*,*,#7081,.F.);
#7131 = ORIENTED_EDGE('',*,*,#7132,.F.);
#7132 = EDGE_CURVE('',#7101,#7082,#7133,.T.);
#7133 = CIRCLE('',#7134,0.457200914402);
#7134 = AXIS2_PLACEMENT_3D('',#7135,#7136,#7137);
#7135 = CARTESIAN_POINT('',(80.01016002032,-54.99110998222,0.));
#7136 = DIRECTION('',(0.,0.,1.));
#7137 = DIRECTION('',(-1.,-1.110223024625E-16,0.));
#7138 = CYLINDRICAL_SURFACE('',#7139,0.457200914402);
#7139 = AXIS2_PLACEMENT_3D('',#7140,#7141,#7142);
#7140 = CARTESIAN_POINT('',(80.01016002032,-54.99110998222,0.));
#7141 = DIRECTION('',(-0.,-0.,-1.));
#7142 = DIRECTION('',(-1.,-1.110223024625E-16,0.));
#7143 = ADVANCED_FACE('',(#7144),#7180,.F.);
#7144 = FACE_BOUND('',#7145,.T.);
#7145 = EDGE_LOOP('',(#7146,#7156,#7165,#7173));
#7146 = ORIENTED_EDGE('',*,*,#7147,.T.);
#7147 = EDGE_CURVE('',#7148,#7150,#7152,.T.);
#7148 = VERTEX_POINT('',#7149);
#7149 = CARTESIAN_POINT('',(80.467360934722,-57.53111506223,0.));
#7150 = VERTEX_POINT('',#7151);
#7151 = CARTESIAN_POINT('',(80.467360934722,-57.53111506223,
    1.600028244856));
#7152 = LINE('',#7153,#7154);
#7153 = CARTESIAN_POINT('',(80.467360934722,-57.53111506223,0.));
#7154 = VECTOR('',#7155,1.);
#7155 = DIRECTION('',(0.,0.,1.));
#7156 = ORIENTED_EDGE('',*,*,#7157,.T.);
#7157 = EDGE_CURVE('',#7150,#7158,#7160,.T.);
#7158 = VERTEX_POINT('',#7159);
#7159 = CARTESIAN_POINT('',(79.552959105918,-57.53111506223,
    1.600028244856));
#7160 = CIRCLE('',#7161,0.457200914402);
#7161 = AXIS2_PLACEMENT_3D('',#7162,#7163,#7164);
#7162 = CARTESIAN_POINT('',(80.01016002032,-57.53111506223,
    1.600028244856));
#7163 = DIRECTION('',(0.,0.,1.));
#7164 = DIRECTION('',(1.,1.110223024625E-16,-0.));
#7165 = ORIENTED_EDGE('',*,*,#7166,.F.);
#7166 = EDGE_CURVE('',#7167,#7158,#7169,.T.);
#7167 = VERTEX_POINT('',#7168);
#7168 = CARTESIAN_POINT('',(79.552959105918,-57.53111506223,0.));
#7169 = LINE('',#7170,#7171);
#7170 = CARTESIAN_POINT('',(79.552959105918,-57.53111506223,0.));
#7171 = VECTOR('',#7172,1.);
#7172 = DIRECTION('',(0.,0.,1.));
#7173 = ORIENTED_EDGE('',*,*,#7174,.F.);
#7174 = EDGE_CURVE('',#7148,#7167,#7175,.T.);
#7175 = CIRCLE('',#7176,0.457200914402);
#7176 = AXIS2_PLACEMENT_3D('',#7177,#7178,#7179);
#7177 = CARTESIAN_POINT('',(80.01016002032,-57.53111506223,0.));
#7178 = DIRECTION('',(0.,0.,1.));
#7179 = DIRECTION('',(1.,1.110223024625E-16,-0.));
#7180 = CYLINDRICAL_SURFACE('',#7181,0.457200914402);
#7181 = AXIS2_PLACEMENT_3D('',#7182,#7183,#7184);
#7182 = CARTESIAN_POINT('',(80.01016002032,-57.53111506223,0.));
#7183 = DIRECTION('',(-0.,-0.,-1.));
#7184 = DIRECTION('',(1.,1.110223024625E-16,-0.));
#7185 = ADVANCED_FACE('',(#7186),#7204,.F.);
#7186 = FACE_BOUND('',#7187,.T.);
#7187 = EDGE_LOOP('',(#7188,#7189,#7196,#7197));
#7188 = ORIENTED_EDGE('',*,*,#7166,.T.);
#7189 = ORIENTED_EDGE('',*,*,#7190,.T.);
#7190 = EDGE_CURVE('',#7158,#7150,#7191,.T.);
#7191 = CIRCLE('',#7192,0.457200914402);
#7192 = AXIS2_PLACEMENT_3D('',#7193,#7194,#7195);
#7193 = CARTESIAN_POINT('',(80.01016002032,-57.53111506223,
    1.600028244856));
#7194 = DIRECTION('',(0.,0.,1.));
#7195 = DIRECTION('',(-1.,-1.110223024625E-16,0.));
#7196 = ORIENTED_EDGE('',*,*,#7147,.F.);
#7197 = ORIENTED_EDGE('',*,*,#7198,.F.);
#7198 = EDGE_CURVE('',#7167,#7148,#7199,.T.);
#7199 = CIRCLE('',#7200,0.457200914402);
#7200 = AXIS2_PLACEMENT_3D('',#7201,#7202,#7203);
#7201 = CARTESIAN_POINT('',(80.01016002032,-57.53111506223,0.));
#7202 = DIRECTION('',(0.,0.,1.));
#7203 = DIRECTION('',(-1.,-1.110223024625E-16,0.));
#7204 = CYLINDRICAL_SURFACE('',#7205,0.457200914402);
#7205 = AXIS2_PLACEMENT_3D('',#7206,#7207,#7208);
#7206 = CARTESIAN_POINT('',(80.01016002032,-57.53111506223,0.));
#7207 = DIRECTION('',(-0.,-0.,-1.));
#7208 = DIRECTION('',(-1.,-1.110223024625E-16,0.));
#7209 = ADVANCED_FACE('',(#7210),#7246,.F.);
#7210 = FACE_BOUND('',#7211,.T.);
#7211 = EDGE_LOOP('',(#7212,#7222,#7231,#7239));
#7212 = ORIENTED_EDGE('',*,*,#7213,.T.);
#7213 = EDGE_CURVE('',#7214,#7216,#7218,.T.);
#7214 = VERTEX_POINT('',#7215);
#7215 = CARTESIAN_POINT('',(80.467360934722,-60.07112014224,0.));
#7216 = VERTEX_POINT('',#7217);
#7217 = CARTESIAN_POINT('',(80.467360934722,-60.07112014224,
    1.600028244856));
#7218 = LINE('',#7219,#7220);
#7219 = CARTESIAN_POINT('',(80.467360934722,-60.07112014224,0.));
#7220 = VECTOR('',#7221,1.);
#7221 = DIRECTION('',(0.,0.,1.));
#7222 = ORIENTED_EDGE('',*,*,#7223,.T.);
#7223 = EDGE_CURVE('',#7216,#7224,#7226,.T.);
#7224 = VERTEX_POINT('',#7225);
#7225 = CARTESIAN_POINT('',(79.552959105918,-60.07112014224,
    1.600028244856));
#7226 = CIRCLE('',#7227,0.457200914402);
#7227 = AXIS2_PLACEMENT_3D('',#7228,#7229,#7230);
#7228 = CARTESIAN_POINT('',(80.01016002032,-60.07112014224,
    1.600028244856));
#7229 = DIRECTION('',(0.,0.,1.));
#7230 = DIRECTION('',(1.,1.110223024625E-16,-0.));
#7231 = ORIENTED_EDGE('',*,*,#7232,.F.);
#7232 = EDGE_CURVE('',#7233,#7224,#7235,.T.);
#7233 = VERTEX_POINT('',#7234);
#7234 = CARTESIAN_POINT('',(79.552959105918,-60.07112014224,0.));
#7235 = LINE('',#7236,#7237);
#7236 = CARTESIAN_POINT('',(79.552959105918,-60.07112014224,0.));
#7237 = VECTOR('',#7238,1.);
#7238 = DIRECTION('',(0.,0.,1.));
#7239 = ORIENTED_EDGE('',*,*,#7240,.F.);
#7240 = EDGE_CURVE('',#7214,#7233,#7241,.T.);
#7241 = CIRCLE('',#7242,0.457200914402);
#7242 = AXIS2_PLACEMENT_3D('',#7243,#7244,#7245);
#7243 = CARTESIAN_POINT('',(80.01016002032,-60.07112014224,0.));
#7244 = DIRECTION('',(0.,0.,1.));
#7245 = DIRECTION('',(1.,1.110223024625E-16,-0.));
#7246 = CYLINDRICAL_SURFACE('',#7247,0.457200914402);
#7247 = AXIS2_PLACEMENT_3D('',#7248,#7249,#7250);
#7248 = CARTESIAN_POINT('',(80.01016002032,-60.07112014224,0.));
#7249 = DIRECTION('',(-0.,-0.,-1.));
#7250 = DIRECTION('',(1.,1.110223024625E-16,-0.));
#7251 = ADVANCED_FACE('',(#7252),#7270,.F.);
#7252 = FACE_BOUND('',#7253,.T.);
#7253 = EDGE_LOOP('',(#7254,#7255,#7262,#7263));
#7254 = ORIENTED_EDGE('',*,*,#7232,.T.);
#7255 = ORIENTED_EDGE('',*,*,#7256,.T.);
#7256 = EDGE_CURVE('',#7224,#7216,#7257,.T.);
#7257 = CIRCLE('',#7258,0.457200914402);
#7258 = AXIS2_PLACEMENT_3D('',#7259,#7260,#7261);
#7259 = CARTESIAN_POINT('',(80.01016002032,-60.07112014224,
    1.600028244856));
#7260 = DIRECTION('',(0.,0.,1.));
#7261 = DIRECTION('',(-1.,-1.110223024625E-16,0.));
#7262 = ORIENTED_EDGE('',*,*,#7213,.F.);
#7263 = ORIENTED_EDGE('',*,*,#7264,.F.);
#7264 = EDGE_CURVE('',#7233,#7214,#7265,.T.);
#7265 = CIRCLE('',#7266,0.457200914402);
#7266 = AXIS2_PLACEMENT_3D('',#7267,#7268,#7269);
#7267 = CARTESIAN_POINT('',(80.01016002032,-60.07112014224,0.));
#7268 = DIRECTION('',(0.,0.,1.));
#7269 = DIRECTION('',(-1.,-1.110223024625E-16,0.));
#7270 = CYLINDRICAL_SURFACE('',#7271,0.457200914402);
#7271 = AXIS2_PLACEMENT_3D('',#7272,#7273,#7274);
#7272 = CARTESIAN_POINT('',(80.01016002032,-60.07112014224,0.));
#7273 = DIRECTION('',(-0.,-0.,-1.));
#7274 = DIRECTION('',(-1.,-1.110223024625E-16,0.));
#7275 = ADVANCED_FACE('',(#7276),#7312,.F.);
#7276 = FACE_BOUND('',#7277,.T.);
#7277 = EDGE_LOOP('',(#7278,#7288,#7297,#7305));
#7278 = ORIENTED_EDGE('',*,*,#7279,.T.);
#7279 = EDGE_CURVE('',#7280,#7282,#7284,.T.);
#7280 = VERTEX_POINT('',#7281);
#7281 = CARTESIAN_POINT('',(83.007366014732,-14.35102870205,0.));
#7282 = VERTEX_POINT('',#7283);
#7283 = CARTESIAN_POINT('',(83.007366014732,-14.35102870205,
    1.600028244856));
#7284 = LINE('',#7285,#7286);
#7285 = CARTESIAN_POINT('',(83.007366014732,-14.35102870205,0.));
#7286 = VECTOR('',#7287,1.);
#7287 = DIRECTION('',(0.,0.,1.));
#7288 = ORIENTED_EDGE('',*,*,#7289,.T.);
#7289 = EDGE_CURVE('',#7282,#7290,#7292,.T.);
#7290 = VERTEX_POINT('',#7291);
#7291 = CARTESIAN_POINT('',(82.092964185928,-14.35102870205,
    1.600028244856));
#7292 = CIRCLE('',#7293,0.457200914402);
#7293 = AXIS2_PLACEMENT_3D('',#7294,#7295,#7296);
#7294 = CARTESIAN_POINT('',(82.55016510033,-14.35102870205,
    1.600028244856));
#7295 = DIRECTION('',(0.,0.,1.));
#7296 = DIRECTION('',(1.,1.110223024625E-16,-0.));
#7297 = ORIENTED_EDGE('',*,*,#7298,.F.);
#7298 = EDGE_CURVE('',#7299,#7290,#7301,.T.);
#7299 = VERTEX_POINT('',#7300);
#7300 = CARTESIAN_POINT('',(82.092964185928,-14.35102870205,0.));
#7301 = LINE('',#7302,#7303);
#7302 = CARTESIAN_POINT('',(82.092964185928,-14.35102870205,0.));
#7303 = VECTOR('',#7304,1.);
#7304 = DIRECTION('',(0.,0.,1.));
#7305 = ORIENTED_EDGE('',*,*,#7306,.F.);
#7306 = EDGE_CURVE('',#7280,#7299,#7307,.T.);
#7307 = CIRCLE('',#7308,0.457200914402);
#7308 = AXIS2_PLACEMENT_3D('',#7309,#7310,#7311);
#7309 = CARTESIAN_POINT('',(82.55016510033,-14.35102870205,0.));
#7310 = DIRECTION('',(0.,0.,1.));
#7311 = DIRECTION('',(1.,1.110223024625E-16,-0.));
#7312 = CYLINDRICAL_SURFACE('',#7313,0.457200914402);
#7313 = AXIS2_PLACEMENT_3D('',#7314,#7315,#7316);
#7314 = CARTESIAN_POINT('',(82.55016510033,-14.35102870205,0.));
#7315 = DIRECTION('',(-0.,-0.,-1.));
#7316 = DIRECTION('',(1.,1.110223024625E-16,-0.));
#7317 = ADVANCED_FACE('',(#7318),#7336,.F.);
#7318 = FACE_BOUND('',#7319,.T.);
#7319 = EDGE_LOOP('',(#7320,#7321,#7328,#7329));
#7320 = ORIENTED_EDGE('',*,*,#7298,.T.);
#7321 = ORIENTED_EDGE('',*,*,#7322,.T.);
#7322 = EDGE_CURVE('',#7290,#7282,#7323,.T.);
#7323 = CIRCLE('',#7324,0.457200914402);
#7324 = AXIS2_PLACEMENT_3D('',#7325,#7326,#7327);
#7325 = CARTESIAN_POINT('',(82.55016510033,-14.35102870205,
    1.600028244856));
#7326 = DIRECTION('',(0.,0.,1.));
#7327 = DIRECTION('',(-1.,-1.110223024625E-16,0.));
#7328 = ORIENTED_EDGE('',*,*,#7279,.F.);
#7329 = ORIENTED_EDGE('',*,*,#7330,.F.);
#7330 = EDGE_CURVE('',#7299,#7280,#7331,.T.);
#7331 = CIRCLE('',#7332,0.457200914402);
#7332 = AXIS2_PLACEMENT_3D('',#7333,#7334,#7335);
#7333 = CARTESIAN_POINT('',(82.55016510033,-14.35102870205,0.));
#7334 = DIRECTION('',(0.,0.,1.));
#7335 = DIRECTION('',(-1.,-1.110223024625E-16,0.));
#7336 = CYLINDRICAL_SURFACE('',#7337,0.457200914402);
#7337 = AXIS2_PLACEMENT_3D('',#7338,#7339,#7340);
#7338 = CARTESIAN_POINT('',(82.55016510033,-14.35102870205,0.));
#7339 = DIRECTION('',(-0.,-0.,-1.));
#7340 = DIRECTION('',(-1.,-1.110223024625E-16,0.));
#7341 = ADVANCED_FACE('',(#7342),#7378,.F.);
#7342 = FACE_BOUND('',#7343,.T.);
#7343 = EDGE_LOOP('',(#7344,#7354,#7363,#7371));
#7344 = ORIENTED_EDGE('',*,*,#7345,.T.);
#7345 = EDGE_CURVE('',#7346,#7348,#7350,.T.);
#7346 = VERTEX_POINT('',#7347);
#7347 = CARTESIAN_POINT('',(83.007366014732,-16.89103378206,0.));
#7348 = VERTEX_POINT('',#7349);
#7349 = CARTESIAN_POINT('',(83.007366014732,-16.89103378206,
    1.600028244856));
#7350 = LINE('',#7351,#7352);
#7351 = CARTESIAN_POINT('',(83.007366014732,-16.89103378206,0.));
#7352 = VECTOR('',#7353,1.);
#7353 = DIRECTION('',(0.,0.,1.));
#7354 = ORIENTED_EDGE('',*,*,#7355,.T.);
#7355 = EDGE_CURVE('',#7348,#7356,#7358,.T.);
#7356 = VERTEX_POINT('',#7357);
#7357 = CARTESIAN_POINT('',(82.092964185928,-16.89103378206,
    1.600028244856));
#7358 = CIRCLE('',#7359,0.457200914402);
#7359 = AXIS2_PLACEMENT_3D('',#7360,#7361,#7362);
#7360 = CARTESIAN_POINT('',(82.55016510033,-16.89103378206,
    1.600028244856));
#7361 = DIRECTION('',(0.,0.,1.));
#7362 = DIRECTION('',(1.,1.110223024625E-16,-0.));
#7363 = ORIENTED_EDGE('',*,*,#7364,.F.);
#7364 = EDGE_CURVE('',#7365,#7356,#7367,.T.);
#7365 = VERTEX_POINT('',#7366);
#7366 = CARTESIAN_POINT('',(82.092964185928,-16.89103378206,0.));
#7367 = LINE('',#7368,#7369);
#7368 = CARTESIAN_POINT('',(82.092964185928,-16.89103378206,0.));
#7369 = VECTOR('',#7370,1.);
#7370 = DIRECTION('',(0.,0.,1.));
#7371 = ORIENTED_EDGE('',*,*,#7372,.F.);
#7372 = EDGE_CURVE('',#7346,#7365,#7373,.T.);
#7373 = CIRCLE('',#7374,0.457200914402);
#7374 = AXIS2_PLACEMENT_3D('',#7375,#7376,#7377);
#7375 = CARTESIAN_POINT('',(82.55016510033,-16.89103378206,0.));
#7376 = DIRECTION('',(0.,0.,1.));
#7377 = DIRECTION('',(1.,1.110223024625E-16,-0.));
#7378 = CYLINDRICAL_SURFACE('',#7379,0.457200914402);
#7379 = AXIS2_PLACEMENT_3D('',#7380,#7381,#7382);
#7380 = CARTESIAN_POINT('',(82.55016510033,-16.89103378206,0.));
#7381 = DIRECTION('',(-0.,-0.,-1.));
#7382 = DIRECTION('',(1.,1.110223024625E-16,-0.));
#7383 = ADVANCED_FACE('',(#7384),#7402,.F.);
#7384 = FACE_BOUND('',#7385,.T.);
#7385 = EDGE_LOOP('',(#7386,#7387,#7394,#7395));
#7386 = ORIENTED_EDGE('',*,*,#7364,.T.);
#7387 = ORIENTED_EDGE('',*,*,#7388,.T.);
#7388 = EDGE_CURVE('',#7356,#7348,#7389,.T.);
#7389 = CIRCLE('',#7390,0.457200914402);
#7390 = AXIS2_PLACEMENT_3D('',#7391,#7392,#7393);
#7391 = CARTESIAN_POINT('',(82.55016510033,-16.89103378206,
    1.600028244856));
#7392 = DIRECTION('',(0.,0.,1.));
#7393 = DIRECTION('',(-1.,-1.110223024625E-16,0.));
#7394 = ORIENTED_EDGE('',*,*,#7345,.F.);
#7395 = ORIENTED_EDGE('',*,*,#7396,.F.);
#7396 = EDGE_CURVE('',#7365,#7346,#7397,.T.);
#7397 = CIRCLE('',#7398,0.457200914402);
#7398 = AXIS2_PLACEMENT_3D('',#7399,#7400,#7401);
#7399 = CARTESIAN_POINT('',(82.55016510033,-16.89103378206,0.));
#7400 = DIRECTION('',(0.,0.,1.));
#7401 = DIRECTION('',(-1.,-1.110223024625E-16,0.));
#7402 = CYLINDRICAL_SURFACE('',#7403,0.457200914402);
#7403 = AXIS2_PLACEMENT_3D('',#7404,#7405,#7406);
#7404 = CARTESIAN_POINT('',(82.55016510033,-16.89103378206,0.));
#7405 = DIRECTION('',(-0.,-0.,-1.));
#7406 = DIRECTION('',(-1.,-1.110223024625E-16,0.));
#7407 = ADVANCED_FACE('',(#7408),#7444,.F.);
#7408 = FACE_BOUND('',#7409,.T.);
#7409 = EDGE_LOOP('',(#7410,#7420,#7429,#7437));
#7410 = ORIENTED_EDGE('',*,*,#7411,.T.);
#7411 = EDGE_CURVE('',#7412,#7414,#7416,.T.);
#7412 = VERTEX_POINT('',#7413);
#7413 = CARTESIAN_POINT('',(83.007366014732,-19.43103886207,0.));
#7414 = VERTEX_POINT('',#7415);
#7415 = CARTESIAN_POINT('',(83.007366014732,-19.43103886207,
    1.600028244856));
#7416 = LINE('',#7417,#7418);
#7417 = CARTESIAN_POINT('',(83.007366014732,-19.43103886207,0.));
#7418 = VECTOR('',#7419,1.);
#7419 = DIRECTION('',(0.,0.,1.));
#7420 = ORIENTED_EDGE('',*,*,#7421,.T.);
#7421 = EDGE_CURVE('',#7414,#7422,#7424,.T.);
#7422 = VERTEX_POINT('',#7423);
#7423 = CARTESIAN_POINT('',(82.092964185928,-19.43103886207,
    1.600028244856));
#7424 = CIRCLE('',#7425,0.457200914402);
#7425 = AXIS2_PLACEMENT_3D('',#7426,#7427,#7428);
#7426 = CARTESIAN_POINT('',(82.55016510033,-19.43103886207,
    1.600028244856));
#7427 = DIRECTION('',(0.,0.,1.));
#7428 = DIRECTION('',(1.,1.110223024625E-16,-0.));
#7429 = ORIENTED_EDGE('',*,*,#7430,.F.);
#7430 = EDGE_CURVE('',#7431,#7422,#7433,.T.);
#7431 = VERTEX_POINT('',#7432);
#7432 = CARTESIAN_POINT('',(82.092964185928,-19.43103886207,0.));
#7433 = LINE('',#7434,#7435);
#7434 = CARTESIAN_POINT('',(82.092964185928,-19.43103886207,0.));
#7435 = VECTOR('',#7436,1.);
#7436 = DIRECTION('',(0.,0.,1.));
#7437 = ORIENTED_EDGE('',*,*,#7438,.F.);
#7438 = EDGE_CURVE('',#7412,#7431,#7439,.T.);
#7439 = CIRCLE('',#7440,0.457200914402);
#7440 = AXIS2_PLACEMENT_3D('',#7441,#7442,#7443);
#7441 = CARTESIAN_POINT('',(82.55016510033,-19.43103886207,0.));
#7442 = DIRECTION('',(0.,0.,1.));
#7443 = DIRECTION('',(1.,1.110223024625E-16,-0.));
#7444 = CYLINDRICAL_SURFACE('',#7445,0.457200914402);
#7445 = AXIS2_PLACEMENT_3D('',#7446,#7447,#7448);
#7446 = CARTESIAN_POINT('',(82.55016510033,-19.43103886207,0.));
#7447 = DIRECTION('',(-0.,-0.,-1.));
#7448 = DIRECTION('',(1.,1.110223024625E-16,-0.));
#7449 = ADVANCED_FACE('',(#7450),#7468,.F.);
#7450 = FACE_BOUND('',#7451,.T.);
#7451 = EDGE_LOOP('',(#7452,#7453,#7460,#7461));
#7452 = ORIENTED_EDGE('',*,*,#7430,.T.);
#7453 = ORIENTED_EDGE('',*,*,#7454,.T.);
#7454 = EDGE_CURVE('',#7422,#7414,#7455,.T.);
#7455 = CIRCLE('',#7456,0.457200914402);
#7456 = AXIS2_PLACEMENT_3D('',#7457,#7458,#7459);
#7457 = CARTESIAN_POINT('',(82.55016510033,-19.43103886207,
    1.600028244856));
#7458 = DIRECTION('',(0.,0.,1.));
#7459 = DIRECTION('',(-1.,-1.110223024625E-16,0.));
#7460 = ORIENTED_EDGE('',*,*,#7411,.F.);
#7461 = ORIENTED_EDGE('',*,*,#7462,.F.);
#7462 = EDGE_CURVE('',#7431,#7412,#7463,.T.);
#7463 = CIRCLE('',#7464,0.457200914402);
#7464 = AXIS2_PLACEMENT_3D('',#7465,#7466,#7467);
#7465 = CARTESIAN_POINT('',(82.55016510033,-19.43103886207,0.));
#7466 = DIRECTION('',(0.,0.,1.));
#7467 = DIRECTION('',(-1.,-1.110223024625E-16,0.));
#7468 = CYLINDRICAL_SURFACE('',#7469,0.457200914402);
#7469 = AXIS2_PLACEMENT_3D('',#7470,#7471,#7472);
#7470 = CARTESIAN_POINT('',(82.55016510033,-19.43103886207,0.));
#7471 = DIRECTION('',(-0.,-0.,-1.));
#7472 = DIRECTION('',(-1.,-1.110223024625E-16,0.));
#7473 = ADVANCED_FACE('',(#7474),#7510,.F.);
#7474 = FACE_BOUND('',#7475,.T.);
#7475 = EDGE_LOOP('',(#7476,#7486,#7495,#7503));
#7476 = ORIENTED_EDGE('',*,*,#7477,.T.);
#7477 = EDGE_CURVE('',#7478,#7480,#7482,.T.);
#7478 = VERTEX_POINT('',#7479);
#7479 = CARTESIAN_POINT('',(83.007366014732,-37.21107442214,0.));
#7480 = VERTEX_POINT('',#7481);
#7481 = CARTESIAN_POINT('',(83.007366014732,-37.21107442214,
    1.600028244856));
#7482 = LINE('',#7483,#7484);
#7483 = CARTESIAN_POINT('',(83.007366014732,-37.21107442214,0.));
#7484 = VECTOR('',#7485,1.);
#7485 = DIRECTION('',(0.,0.,1.));
#7486 = ORIENTED_EDGE('',*,*,#7487,.T.);
#7487 = EDGE_CURVE('',#7480,#7488,#7490,.T.);
#7488 = VERTEX_POINT('',#7489);
#7489 = CARTESIAN_POINT('',(82.092964185928,-37.21107442214,
    1.600028244856));
#7490 = CIRCLE('',#7491,0.457200914402);
#7491 = AXIS2_PLACEMENT_3D('',#7492,#7493,#7494);
#7492 = CARTESIAN_POINT('',(82.55016510033,-37.21107442214,
    1.600028244856));
#7493 = DIRECTION('',(0.,0.,1.));
#7494 = DIRECTION('',(1.,1.110223024625E-16,-0.));
#7495 = ORIENTED_EDGE('',*,*,#7496,.F.);
#7496 = EDGE_CURVE('',#7497,#7488,#7499,.T.);
#7497 = VERTEX_POINT('',#7498);
#7498 = CARTESIAN_POINT('',(82.092964185928,-37.21107442214,0.));
#7499 = LINE('',#7500,#7501);
#7500 = CARTESIAN_POINT('',(82.092964185928,-37.21107442214,0.));
#7501 = VECTOR('',#7502,1.);
#7502 = DIRECTION('',(0.,0.,1.));
#7503 = ORIENTED_EDGE('',*,*,#7504,.F.);
#7504 = EDGE_CURVE('',#7478,#7497,#7505,.T.);
#7505 = CIRCLE('',#7506,0.457200914402);
#7506 = AXIS2_PLACEMENT_3D('',#7507,#7508,#7509);
#7507 = CARTESIAN_POINT('',(82.55016510033,-37.21107442214,0.));
#7508 = DIRECTION('',(0.,0.,1.));
#7509 = DIRECTION('',(1.,1.110223024625E-16,-0.));
#7510 = CYLINDRICAL_SURFACE('',#7511,0.457200914402);
#7511 = AXIS2_PLACEMENT_3D('',#7512,#7513,#7514);
#7512 = CARTESIAN_POINT('',(82.55016510033,-37.21107442214,0.));
#7513 = DIRECTION('',(-0.,-0.,-1.));
#7514 = DIRECTION('',(1.,1.110223024625E-16,-0.));
#7515 = ADVANCED_FACE('',(#7516),#7534,.F.);
#7516 = FACE_BOUND('',#7517,.T.);
#7517 = EDGE_LOOP('',(#7518,#7519,#7526,#7527));
#7518 = ORIENTED_EDGE('',*,*,#7496,.T.);
#7519 = ORIENTED_EDGE('',*,*,#7520,.T.);
#7520 = EDGE_CURVE('',#7488,#7480,#7521,.T.);
#7521 = CIRCLE('',#7522,0.457200914402);
#7522 = AXIS2_PLACEMENT_3D('',#7523,#7524,#7525);
#7523 = CARTESIAN_POINT('',(82.55016510033,-37.21107442214,
    1.600028244856));
#7524 = DIRECTION('',(0.,0.,1.));
#7525 = DIRECTION('',(-1.,-1.110223024625E-16,0.));
#7526 = ORIENTED_EDGE('',*,*,#7477,.F.);
#7527 = ORIENTED_EDGE('',*,*,#7528,.F.);
#7528 = EDGE_CURVE('',#7497,#7478,#7529,.T.);
#7529 = CIRCLE('',#7530,0.457200914402);
#7530 = AXIS2_PLACEMENT_3D('',#7531,#7532,#7533);
#7531 = CARTESIAN_POINT('',(82.55016510033,-37.21107442214,0.));
#7532 = DIRECTION('',(0.,0.,1.));
#7533 = DIRECTION('',(-1.,-1.110223024625E-16,0.));
#7534 = CYLINDRICAL_SURFACE('',#7535,0.457200914402);
#7535 = AXIS2_PLACEMENT_3D('',#7536,#7537,#7538);
#7536 = CARTESIAN_POINT('',(82.55016510033,-37.21107442214,0.));
#7537 = DIRECTION('',(-0.,-0.,-1.));
#7538 = DIRECTION('',(-1.,-1.110223024625E-16,0.));
#7539 = ADVANCED_FACE('',(#7540),#7576,.F.);
#7540 = FACE_BOUND('',#7541,.T.);
#7541 = EDGE_LOOP('',(#7542,#7552,#7561,#7569));
#7542 = ORIENTED_EDGE('',*,*,#7543,.T.);
#7543 = EDGE_CURVE('',#7544,#7546,#7548,.T.);
#7544 = VERTEX_POINT('',#7545);
#7545 = CARTESIAN_POINT('',(83.007366014732,-39.75107950215,0.));
#7546 = VERTEX_POINT('',#7547);
#7547 = CARTESIAN_POINT('',(83.007366014732,-39.75107950215,
    1.600028244856));
#7548 = LINE('',#7549,#7550);
#7549 = CARTESIAN_POINT('',(83.007366014732,-39.75107950215,0.));
#7550 = VECTOR('',#7551,1.);
#7551 = DIRECTION('',(0.,0.,1.));
#7552 = ORIENTED_EDGE('',*,*,#7553,.T.);
#7553 = EDGE_CURVE('',#7546,#7554,#7556,.T.);
#7554 = VERTEX_POINT('',#7555);
#7555 = CARTESIAN_POINT('',(82.092964185928,-39.75107950215,
    1.600028244856));
#7556 = CIRCLE('',#7557,0.457200914402);
#7557 = AXIS2_PLACEMENT_3D('',#7558,#7559,#7560);
#7558 = CARTESIAN_POINT('',(82.55016510033,-39.75107950215,
    1.600028244856));
#7559 = DIRECTION('',(0.,0.,1.));
#7560 = DIRECTION('',(1.,1.110223024625E-16,-0.));
#7561 = ORIENTED_EDGE('',*,*,#7562,.F.);
#7562 = EDGE_CURVE('',#7563,#7554,#7565,.T.);
#7563 = VERTEX_POINT('',#7564);
#7564 = CARTESIAN_POINT('',(82.092964185928,-39.75107950215,0.));
#7565 = LINE('',#7566,#7567);
#7566 = CARTESIAN_POINT('',(82.092964185928,-39.75107950215,0.));
#7567 = VECTOR('',#7568,1.);
#7568 = DIRECTION('',(0.,0.,1.));
#7569 = ORIENTED_EDGE('',*,*,#7570,.F.);
#7570 = EDGE_CURVE('',#7544,#7563,#7571,.T.);
#7571 = CIRCLE('',#7572,0.457200914402);
#7572 = AXIS2_PLACEMENT_3D('',#7573,#7574,#7575);
#7573 = CARTESIAN_POINT('',(82.55016510033,-39.75107950215,0.));
#7574 = DIRECTION('',(0.,0.,1.));
#7575 = DIRECTION('',(1.,1.110223024625E-16,-0.));
#7576 = CYLINDRICAL_SURFACE('',#7577,0.457200914402);
#7577 = AXIS2_PLACEMENT_3D('',#7578,#7579,#7580);
#7578 = CARTESIAN_POINT('',(82.55016510033,-39.75107950215,0.));
#7579 = DIRECTION('',(-0.,-0.,-1.));
#7580 = DIRECTION('',(1.,1.110223024625E-16,-0.));
#7581 = ADVANCED_FACE('',(#7582),#7600,.F.);
#7582 = FACE_BOUND('',#7583,.T.);
#7583 = EDGE_LOOP('',(#7584,#7585,#7592,#7593));
#7584 = ORIENTED_EDGE('',*,*,#7562,.T.);
#7585 = ORIENTED_EDGE('',*,*,#7586,.T.);
#7586 = EDGE_CURVE('',#7554,#7546,#7587,.T.);
#7587 = CIRCLE('',#7588,0.457200914402);
#7588 = AXIS2_PLACEMENT_3D('',#7589,#7590,#7591);
#7589 = CARTESIAN_POINT('',(82.55016510033,-39.75107950215,
    1.600028244856));
#7590 = DIRECTION('',(0.,0.,1.));
#7591 = DIRECTION('',(-1.,-1.110223024625E-16,0.));
#7592 = ORIENTED_EDGE('',*,*,#7543,.F.);
#7593 = ORIENTED_EDGE('',*,*,#7594,.F.);
#7594 = EDGE_CURVE('',#7563,#7544,#7595,.T.);
#7595 = CIRCLE('',#7596,0.457200914402);
#7596 = AXIS2_PLACEMENT_3D('',#7597,#7598,#7599);
#7597 = CARTESIAN_POINT('',(82.55016510033,-39.75107950215,0.));
#7598 = DIRECTION('',(0.,0.,1.));
#7599 = DIRECTION('',(-1.,-1.110223024625E-16,0.));
#7600 = CYLINDRICAL_SURFACE('',#7601,0.457200914402);
#7601 = AXIS2_PLACEMENT_3D('',#7602,#7603,#7604);
#7602 = CARTESIAN_POINT('',(82.55016510033,-39.75107950215,0.));
#7603 = DIRECTION('',(-0.,-0.,-1.));
#7604 = DIRECTION('',(-1.,-1.110223024625E-16,0.));
#7605 = ADVANCED_FACE('',(#7606),#7642,.F.);
#7606 = FACE_BOUND('',#7607,.T.);
#7607 = EDGE_LOOP('',(#7608,#7618,#7627,#7635));
#7608 = ORIENTED_EDGE('',*,*,#7609,.T.);
#7609 = EDGE_CURVE('',#7610,#7612,#7614,.T.);
#7610 = VERTEX_POINT('',#7611);
#7611 = CARTESIAN_POINT('',(83.007366014732,-27.0510541021,0.));
#7612 = VERTEX_POINT('',#7613);
#7613 = CARTESIAN_POINT('',(83.007366014732,-27.0510541021,
    1.600028244856));
#7614 = LINE('',#7615,#7616);
#7615 = CARTESIAN_POINT('',(83.007366014732,-27.0510541021,0.));
#7616 = VECTOR('',#7617,1.);
#7617 = DIRECTION('',(0.,0.,1.));
#7618 = ORIENTED_EDGE('',*,*,#7619,.T.);
#7619 = EDGE_CURVE('',#7612,#7620,#7622,.T.);
#7620 = VERTEX_POINT('',#7621);
#7621 = CARTESIAN_POINT('',(82.092964185928,-27.0510541021,
    1.600028244856));
#7622 = CIRCLE('',#7623,0.457200914402);
#7623 = AXIS2_PLACEMENT_3D('',#7624,#7625,#7626);
#7624 = CARTESIAN_POINT('',(82.55016510033,-27.0510541021,1.600028244856
    ));
#7625 = DIRECTION('',(0.,0.,1.));
#7626 = DIRECTION('',(1.,1.110223024625E-16,-0.));
#7627 = ORIENTED_EDGE('',*,*,#7628,.F.);
#7628 = EDGE_CURVE('',#7629,#7620,#7631,.T.);
#7629 = VERTEX_POINT('',#7630);
#7630 = CARTESIAN_POINT('',(82.092964185928,-27.0510541021,0.));
#7631 = LINE('',#7632,#7633);
#7632 = CARTESIAN_POINT('',(82.092964185928,-27.0510541021,0.));
#7633 = VECTOR('',#7634,1.);
#7634 = DIRECTION('',(0.,0.,1.));
#7635 = ORIENTED_EDGE('',*,*,#7636,.F.);
#7636 = EDGE_CURVE('',#7610,#7629,#7637,.T.);
#7637 = CIRCLE('',#7638,0.457200914402);
#7638 = AXIS2_PLACEMENT_3D('',#7639,#7640,#7641);
#7639 = CARTESIAN_POINT('',(82.55016510033,-27.0510541021,0.));
#7640 = DIRECTION('',(0.,0.,1.));
#7641 = DIRECTION('',(1.,1.110223024625E-16,-0.));
#7642 = CYLINDRICAL_SURFACE('',#7643,0.457200914402);
#7643 = AXIS2_PLACEMENT_3D('',#7644,#7645,#7646);
#7644 = CARTESIAN_POINT('',(82.55016510033,-27.0510541021,0.));
#7645 = DIRECTION('',(-0.,-0.,-1.));
#7646 = DIRECTION('',(1.,1.110223024625E-16,-0.));
#7647 = ADVANCED_FACE('',(#7648),#7666,.F.);
#7648 = FACE_BOUND('',#7649,.T.);
#7649 = EDGE_LOOP('',(#7650,#7651,#7658,#7659));
#7650 = ORIENTED_EDGE('',*,*,#7628,.T.);
#7651 = ORIENTED_EDGE('',*,*,#7652,.T.);
#7652 = EDGE_CURVE('',#7620,#7612,#7653,.T.);
#7653 = CIRCLE('',#7654,0.457200914402);
#7654 = AXIS2_PLACEMENT_3D('',#7655,#7656,#7657);
#7655 = CARTESIAN_POINT('',(82.55016510033,-27.0510541021,1.600028244856
    ));
#7656 = DIRECTION('',(0.,0.,1.));
#7657 = DIRECTION('',(-1.,-1.110223024625E-16,0.));
#7658 = ORIENTED_EDGE('',*,*,#7609,.F.);
#7659 = ORIENTED_EDGE('',*,*,#7660,.F.);
#7660 = EDGE_CURVE('',#7629,#7610,#7661,.T.);
#7661 = CIRCLE('',#7662,0.457200914402);
#7662 = AXIS2_PLACEMENT_3D('',#7663,#7664,#7665);
#7663 = CARTESIAN_POINT('',(82.55016510033,-27.0510541021,0.));
#7664 = DIRECTION('',(0.,0.,1.));
#7665 = DIRECTION('',(-1.,-1.110223024625E-16,0.));
#7666 = CYLINDRICAL_SURFACE('',#7667,0.457200914402);
#7667 = AXIS2_PLACEMENT_3D('',#7668,#7669,#7670);
#7668 = CARTESIAN_POINT('',(82.55016510033,-27.0510541021,0.));
#7669 = DIRECTION('',(-0.,-0.,-1.));
#7670 = DIRECTION('',(-1.,-1.110223024625E-16,0.));
#7671 = ADVANCED_FACE('',(#7672),#7708,.F.);
#7672 = FACE_BOUND('',#7673,.T.);
#7673 = EDGE_LOOP('',(#7674,#7684,#7693,#7701));
#7674 = ORIENTED_EDGE('',*,*,#7675,.T.);
#7675 = EDGE_CURVE('',#7676,#7678,#7680,.T.);
#7676 = VERTEX_POINT('',#7677);
#7677 = CARTESIAN_POINT('',(83.007366014732,-29.59105918211,0.));
#7678 = VERTEX_POINT('',#7679);
#7679 = CARTESIAN_POINT('',(83.007366014732,-29.59105918211,
    1.600028244856));
#7680 = LINE('',#7681,#7682);
#7681 = CARTESIAN_POINT('',(83.007366014732,-29.59105918211,0.));
#7682 = VECTOR('',#7683,1.);
#7683 = DIRECTION('',(0.,0.,1.));
#7684 = ORIENTED_EDGE('',*,*,#7685,.T.);
#7685 = EDGE_CURVE('',#7678,#7686,#7688,.T.);
#7686 = VERTEX_POINT('',#7687);
#7687 = CARTESIAN_POINT('',(82.092964185928,-29.59105918211,
    1.600028244856));
#7688 = CIRCLE('',#7689,0.457200914402);
#7689 = AXIS2_PLACEMENT_3D('',#7690,#7691,#7692);
#7690 = CARTESIAN_POINT('',(82.55016510033,-29.59105918211,
    1.600028244856));
#7691 = DIRECTION('',(0.,0.,1.));
#7692 = DIRECTION('',(1.,1.110223024625E-16,-0.));
#7693 = ORIENTED_EDGE('',*,*,#7694,.F.);
#7694 = EDGE_CURVE('',#7695,#7686,#7697,.T.);
#7695 = VERTEX_POINT('',#7696);
#7696 = CARTESIAN_POINT('',(82.092964185928,-29.59105918211,0.));
#7697 = LINE('',#7698,#7699);
#7698 = CARTESIAN_POINT('',(82.092964185928,-29.59105918211,0.));
#7699 = VECTOR('',#7700,1.);
#7700 = DIRECTION('',(0.,0.,1.));
#7701 = ORIENTED_EDGE('',*,*,#7702,.F.);
#7702 = EDGE_CURVE('',#7676,#7695,#7703,.T.);
#7703 = CIRCLE('',#7704,0.457200914402);
#7704 = AXIS2_PLACEMENT_3D('',#7705,#7706,#7707);
#7705 = CARTESIAN_POINT('',(82.55016510033,-29.59105918211,0.));
#7706 = DIRECTION('',(0.,0.,1.));
#7707 = DIRECTION('',(1.,1.110223024625E-16,-0.));
#7708 = CYLINDRICAL_SURFACE('',#7709,0.457200914402);
#7709 = AXIS2_PLACEMENT_3D('',#7710,#7711,#7712);
#7710 = CARTESIAN_POINT('',(82.55016510033,-29.59105918211,0.));
#7711 = DIRECTION('',(-0.,-0.,-1.));
#7712 = DIRECTION('',(1.,1.110223024625E-16,-0.));
#7713 = ADVANCED_FACE('',(#7714),#7732,.F.);
#7714 = FACE_BOUND('',#7715,.T.);
#7715 = EDGE_LOOP('',(#7716,#7717,#7724,#7725));
#7716 = ORIENTED_EDGE('',*,*,#7694,.T.);
#7717 = ORIENTED_EDGE('',*,*,#7718,.T.);
#7718 = EDGE_CURVE('',#7686,#7678,#7719,.T.);
#7719 = CIRCLE('',#7720,0.457200914402);
#7720 = AXIS2_PLACEMENT_3D('',#7721,#7722,#7723);
#7721 = CARTESIAN_POINT('',(82.55016510033,-29.59105918211,
    1.600028244856));
#7722 = DIRECTION('',(0.,0.,1.));
#7723 = DIRECTION('',(-1.,-1.110223024625E-16,0.));
#7724 = ORIENTED_EDGE('',*,*,#7675,.F.);
#7725 = ORIENTED_EDGE('',*,*,#7726,.F.);
#7726 = EDGE_CURVE('',#7695,#7676,#7727,.T.);
#7727 = CIRCLE('',#7728,0.457200914402);
#7728 = AXIS2_PLACEMENT_3D('',#7729,#7730,#7731);
#7729 = CARTESIAN_POINT('',(82.55016510033,-29.59105918211,0.));
#7730 = DIRECTION('',(0.,0.,1.));
#7731 = DIRECTION('',(-1.,-1.110223024625E-16,0.));
#7732 = CYLINDRICAL_SURFACE('',#7733,0.457200914402);
#7733 = AXIS2_PLACEMENT_3D('',#7734,#7735,#7736);
#7734 = CARTESIAN_POINT('',(82.55016510033,-29.59105918211,0.));
#7735 = DIRECTION('',(-0.,-0.,-1.));
#7736 = DIRECTION('',(-1.,-1.110223024625E-16,0.));
#7737 = ADVANCED_FACE('',(#7738),#7774,.F.);
#7738 = FACE_BOUND('',#7739,.T.);
#7739 = EDGE_LOOP('',(#7740,#7750,#7759,#7767));
#7740 = ORIENTED_EDGE('',*,*,#7741,.T.);
#7741 = EDGE_CURVE('',#7742,#7744,#7746,.T.);
#7742 = VERTEX_POINT('',#7743);
#7743 = CARTESIAN_POINT('',(83.007366014732,-32.13106426212,0.));
#7744 = VERTEX_POINT('',#7745);
#7745 = CARTESIAN_POINT('',(83.007366014732,-32.13106426212,
    1.600028244856));
#7746 = LINE('',#7747,#7748);
#7747 = CARTESIAN_POINT('',(83.007366014732,-32.13106426212,0.));
#7748 = VECTOR('',#7749,1.);
#7749 = DIRECTION('',(0.,0.,1.));
#7750 = ORIENTED_EDGE('',*,*,#7751,.T.);
#7751 = EDGE_CURVE('',#7744,#7752,#7754,.T.);
#7752 = VERTEX_POINT('',#7753);
#7753 = CARTESIAN_POINT('',(82.092964185928,-32.13106426212,
    1.600028244856));
#7754 = CIRCLE('',#7755,0.457200914402);
#7755 = AXIS2_PLACEMENT_3D('',#7756,#7757,#7758);
#7756 = CARTESIAN_POINT('',(82.55016510033,-32.13106426212,
    1.600028244856));
#7757 = DIRECTION('',(0.,0.,1.));
#7758 = DIRECTION('',(1.,1.110223024625E-16,-0.));
#7759 = ORIENTED_EDGE('',*,*,#7760,.F.);
#7760 = EDGE_CURVE('',#7761,#7752,#7763,.T.);
#7761 = VERTEX_POINT('',#7762);
#7762 = CARTESIAN_POINT('',(82.092964185928,-32.13106426212,0.));
#7763 = LINE('',#7764,#7765);
#7764 = CARTESIAN_POINT('',(82.092964185928,-32.13106426212,0.));
#7765 = VECTOR('',#7766,1.);
#7766 = DIRECTION('',(0.,0.,1.));
#7767 = ORIENTED_EDGE('',*,*,#7768,.F.);
#7768 = EDGE_CURVE('',#7742,#7761,#7769,.T.);
#7769 = CIRCLE('',#7770,0.457200914402);
#7770 = AXIS2_PLACEMENT_3D('',#7771,#7772,#7773);
#7771 = CARTESIAN_POINT('',(82.55016510033,-32.13106426212,0.));
#7772 = DIRECTION('',(0.,0.,1.));
#7773 = DIRECTION('',(1.,1.110223024625E-16,-0.));
#7774 = CYLINDRICAL_SURFACE('',#7775,0.457200914402);
#7775 = AXIS2_PLACEMENT_3D('',#7776,#7777,#7778);
#7776 = CARTESIAN_POINT('',(82.55016510033,-32.13106426212,0.));
#7777 = DIRECTION('',(-0.,-0.,-1.));
#7778 = DIRECTION('',(1.,1.110223024625E-16,-0.));
#7779 = ADVANCED_FACE('',(#7780),#7798,.F.);
#7780 = FACE_BOUND('',#7781,.T.);
#7781 = EDGE_LOOP('',(#7782,#7783,#7790,#7791));
#7782 = ORIENTED_EDGE('',*,*,#7760,.T.);
#7783 = ORIENTED_EDGE('',*,*,#7784,.T.);
#7784 = EDGE_CURVE('',#7752,#7744,#7785,.T.);
#7785 = CIRCLE('',#7786,0.457200914402);
#7786 = AXIS2_PLACEMENT_3D('',#7787,#7788,#7789);
#7787 = CARTESIAN_POINT('',(82.55016510033,-32.13106426212,
    1.600028244856));
#7788 = DIRECTION('',(0.,0.,1.));
#7789 = DIRECTION('',(-1.,-1.110223024625E-16,0.));
#7790 = ORIENTED_EDGE('',*,*,#7741,.F.);
#7791 = ORIENTED_EDGE('',*,*,#7792,.F.);
#7792 = EDGE_CURVE('',#7761,#7742,#7793,.T.);
#7793 = CIRCLE('',#7794,0.457200914402);
#7794 = AXIS2_PLACEMENT_3D('',#7795,#7796,#7797);
#7795 = CARTESIAN_POINT('',(82.55016510033,-32.13106426212,0.));
#7796 = DIRECTION('',(0.,0.,1.));
#7797 = DIRECTION('',(-1.,-1.110223024625E-16,0.));
#7798 = CYLINDRICAL_SURFACE('',#7799,0.457200914402);
#7799 = AXIS2_PLACEMENT_3D('',#7800,#7801,#7802);
#7800 = CARTESIAN_POINT('',(82.55016510033,-32.13106426212,0.));
#7801 = DIRECTION('',(-0.,-0.,-1.));
#7802 = DIRECTION('',(-1.,-1.110223024625E-16,0.));
#7803 = ADVANCED_FACE('',(#7804),#7840,.F.);
#7804 = FACE_BOUND('',#7805,.T.);
#7805 = EDGE_LOOP('',(#7806,#7816,#7825,#7833));
#7806 = ORIENTED_EDGE('',*,*,#7807,.T.);
#7807 = EDGE_CURVE('',#7808,#7810,#7812,.T.);
#7808 = VERTEX_POINT('',#7809);
#7809 = CARTESIAN_POINT('',(83.007366014732,-34.67106934213,0.));
#7810 = VERTEX_POINT('',#7811);
#7811 = CARTESIAN_POINT('',(83.007366014732,-34.67106934213,
    1.600028244856));
#7812 = LINE('',#7813,#7814);
#7813 = CARTESIAN_POINT('',(83.007366014732,-34.67106934213,0.));
#7814 = VECTOR('',#7815,1.);
#7815 = DIRECTION('',(0.,0.,1.));
#7816 = ORIENTED_EDGE('',*,*,#7817,.T.);
#7817 = EDGE_CURVE('',#7810,#7818,#7820,.T.);
#7818 = VERTEX_POINT('',#7819);
#7819 = CARTESIAN_POINT('',(82.092964185928,-34.67106934213,
    1.600028244856));
#7820 = CIRCLE('',#7821,0.457200914402);
#7821 = AXIS2_PLACEMENT_3D('',#7822,#7823,#7824);
#7822 = CARTESIAN_POINT('',(82.55016510033,-34.67106934213,
    1.600028244856));
#7823 = DIRECTION('',(0.,0.,1.));
#7824 = DIRECTION('',(1.,1.110223024625E-16,-0.));
#7825 = ORIENTED_EDGE('',*,*,#7826,.F.);
#7826 = EDGE_CURVE('',#7827,#7818,#7829,.T.);
#7827 = VERTEX_POINT('',#7828);
#7828 = CARTESIAN_POINT('',(82.092964185928,-34.67106934213,0.));
#7829 = LINE('',#7830,#7831);
#7830 = CARTESIAN_POINT('',(82.092964185928,-34.67106934213,0.));
#7831 = VECTOR('',#7832,1.);
#7832 = DIRECTION('',(0.,0.,1.));
#7833 = ORIENTED_EDGE('',*,*,#7834,.F.);
#7834 = EDGE_CURVE('',#7808,#7827,#7835,.T.);
#7835 = CIRCLE('',#7836,0.457200914402);
#7836 = AXIS2_PLACEMENT_3D('',#7837,#7838,#7839);
#7837 = CARTESIAN_POINT('',(82.55016510033,-34.67106934213,0.));
#7838 = DIRECTION('',(0.,0.,1.));
#7839 = DIRECTION('',(1.,1.110223024625E-16,-0.));
#7840 = CYLINDRICAL_SURFACE('',#7841,0.457200914402);
#7841 = AXIS2_PLACEMENT_3D('',#7842,#7843,#7844);
#7842 = CARTESIAN_POINT('',(82.55016510033,-34.67106934213,0.));
#7843 = DIRECTION('',(-0.,-0.,-1.));
#7844 = DIRECTION('',(1.,1.110223024625E-16,-0.));
#7845 = ADVANCED_FACE('',(#7846),#7864,.F.);
#7846 = FACE_BOUND('',#7847,.T.);
#7847 = EDGE_LOOP('',(#7848,#7849,#7856,#7857));
#7848 = ORIENTED_EDGE('',*,*,#7826,.T.);
#7849 = ORIENTED_EDGE('',*,*,#7850,.T.);
#7850 = EDGE_CURVE('',#7818,#7810,#7851,.T.);
#7851 = CIRCLE('',#7852,0.457200914402);
#7852 = AXIS2_PLACEMENT_3D('',#7853,#7854,#7855);
#7853 = CARTESIAN_POINT('',(82.55016510033,-34.67106934213,
    1.600028244856));
#7854 = DIRECTION('',(0.,0.,1.));
#7855 = DIRECTION('',(-1.,-1.110223024625E-16,0.));
#7856 = ORIENTED_EDGE('',*,*,#7807,.F.);
#7857 = ORIENTED_EDGE('',*,*,#7858,.F.);
#7858 = EDGE_CURVE('',#7827,#7808,#7859,.T.);
#7859 = CIRCLE('',#7860,0.457200914402);
#7860 = AXIS2_PLACEMENT_3D('',#7861,#7862,#7863);
#7861 = CARTESIAN_POINT('',(82.55016510033,-34.67106934213,0.));
#7862 = DIRECTION('',(0.,0.,1.));
#7863 = DIRECTION('',(-1.,-1.110223024625E-16,0.));
#7864 = CYLINDRICAL_SURFACE('',#7865,0.457200914402);
#7865 = AXIS2_PLACEMENT_3D('',#7866,#7867,#7868);
#7866 = CARTESIAN_POINT('',(82.55016510033,-34.67106934213,0.));
#7867 = DIRECTION('',(-0.,-0.,-1.));
#7868 = DIRECTION('',(-1.,-1.110223024625E-16,0.));
#7869 = ADVANCED_FACE('',(#7870),#7906,.F.);
#7870 = FACE_BOUND('',#7871,.T.);
#7871 = EDGE_LOOP('',(#7872,#7882,#7891,#7899));
#7872 = ORIENTED_EDGE('',*,*,#7873,.T.);
#7873 = EDGE_CURVE('',#7874,#7876,#7878,.T.);
#7874 = VERTEX_POINT('',#7875);
#7875 = CARTESIAN_POINT('',(83.007366014732,-21.97104394208,0.));
#7876 = VERTEX_POINT('',#7877);
#7877 = CARTESIAN_POINT('',(83.007366014732,-21.97104394208,
    1.600028244856));
#7878 = LINE('',#7879,#7880);
#7879 = CARTESIAN_POINT('',(83.007366014732,-21.97104394208,0.));
#7880 = VECTOR('',#7881,1.);
#7881 = DIRECTION('',(0.,0.,1.));
#7882 = ORIENTED_EDGE('',*,*,#7883,.T.);
#7883 = EDGE_CURVE('',#7876,#7884,#7886,.T.);
#7884 = VERTEX_POINT('',#7885);
#7885 = CARTESIAN_POINT('',(82.092964185928,-21.97104394208,
    1.600028244856));
#7886 = CIRCLE('',#7887,0.457200914402);
#7887 = AXIS2_PLACEMENT_3D('',#7888,#7889,#7890);
#7888 = CARTESIAN_POINT('',(82.55016510033,-21.97104394208,
    1.600028244856));
#7889 = DIRECTION('',(0.,0.,1.));
#7890 = DIRECTION('',(1.,1.110223024625E-16,-0.));
#7891 = ORIENTED_EDGE('',*,*,#7892,.F.);
#7892 = EDGE_CURVE('',#7893,#7884,#7895,.T.);
#7893 = VERTEX_POINT('',#7894);
#7894 = CARTESIAN_POINT('',(82.092964185928,-21.97104394208,0.));
#7895 = LINE('',#7896,#7897);
#7896 = CARTESIAN_POINT('',(82.092964185928,-21.97104394208,0.));
#7897 = VECTOR('',#7898,1.);
#7898 = DIRECTION('',(0.,0.,1.));
#7899 = ORIENTED_EDGE('',*,*,#7900,.F.);
#7900 = EDGE_CURVE('',#7874,#7893,#7901,.T.);
#7901 = CIRCLE('',#7902,0.457200914402);
#7902 = AXIS2_PLACEMENT_3D('',#7903,#7904,#7905);
#7903 = CARTESIAN_POINT('',(82.55016510033,-21.97104394208,0.));
#7904 = DIRECTION('',(0.,0.,1.));
#7905 = DIRECTION('',(1.,1.110223024625E-16,-0.));
#7906 = CYLINDRICAL_SURFACE('',#7907,0.457200914402);
#7907 = AXIS2_PLACEMENT_3D('',#7908,#7909,#7910);
#7908 = CARTESIAN_POINT('',(82.55016510033,-21.97104394208,0.));
#7909 = DIRECTION('',(-0.,-0.,-1.));
#7910 = DIRECTION('',(1.,1.110223024625E-16,-0.));
#7911 = ADVANCED_FACE('',(#7912),#7930,.F.);
#7912 = FACE_BOUND('',#7913,.T.);
#7913 = EDGE_LOOP('',(#7914,#7915,#7922,#7923));
#7914 = ORIENTED_EDGE('',*,*,#7892,.T.);
#7915 = ORIENTED_EDGE('',*,*,#7916,.T.);
#7916 = EDGE_CURVE('',#7884,#7876,#7917,.T.);
#7917 = CIRCLE('',#7918,0.457200914402);
#7918 = AXIS2_PLACEMENT_3D('',#7919,#7920,#7921);
#7919 = CARTESIAN_POINT('',(82.55016510033,-21.97104394208,
    1.600028244856));
#7920 = DIRECTION('',(0.,0.,1.));
#7921 = DIRECTION('',(-1.,-1.110223024625E-16,0.));
#7922 = ORIENTED_EDGE('',*,*,#7873,.F.);
#7923 = ORIENTED_EDGE('',*,*,#7924,.F.);
#7924 = EDGE_CURVE('',#7893,#7874,#7925,.T.);
#7925 = CIRCLE('',#7926,0.457200914402);
#7926 = AXIS2_PLACEMENT_3D('',#7927,#7928,#7929);
#7927 = CARTESIAN_POINT('',(82.55016510033,-21.97104394208,0.));
#7928 = DIRECTION('',(0.,0.,1.));
#7929 = DIRECTION('',(-1.,-1.110223024625E-16,0.));
#7930 = CYLINDRICAL_SURFACE('',#7931,0.457200914402);
#7931 = AXIS2_PLACEMENT_3D('',#7932,#7933,#7934);
#7932 = CARTESIAN_POINT('',(82.55016510033,-21.97104394208,0.));
#7933 = DIRECTION('',(-0.,-0.,-1.));
#7934 = DIRECTION('',(-1.,-1.110223024625E-16,0.));
#7935 = ADVANCED_FACE('',(#7936),#7972,.F.);
#7936 = FACE_BOUND('',#7937,.T.);
#7937 = EDGE_LOOP('',(#7938,#7948,#7957,#7965));
#7938 = ORIENTED_EDGE('',*,*,#7939,.T.);
#7939 = EDGE_CURVE('',#7940,#7942,#7944,.T.);
#7940 = VERTEX_POINT('',#7941);
#7941 = CARTESIAN_POINT('',(83.007366014732,-24.51104902209,0.));
#7942 = VERTEX_POINT('',#7943);
#7943 = CARTESIAN_POINT('',(83.007366014732,-24.51104902209,
    1.600028244856));
#7944 = LINE('',#7945,#7946);
#7945 = CARTESIAN_POINT('',(83.007366014732,-24.51104902209,0.));
#7946 = VECTOR('',#7947,1.);
#7947 = DIRECTION('',(0.,0.,1.));
#7948 = ORIENTED_EDGE('',*,*,#7949,.T.);
#7949 = EDGE_CURVE('',#7942,#7950,#7952,.T.);
#7950 = VERTEX_POINT('',#7951);
#7951 = CARTESIAN_POINT('',(82.092964185928,-24.51104902209,
    1.600028244856));
#7952 = CIRCLE('',#7953,0.457200914402);
#7953 = AXIS2_PLACEMENT_3D('',#7954,#7955,#7956);
#7954 = CARTESIAN_POINT('',(82.55016510033,-24.51104902209,
    1.600028244856));
#7955 = DIRECTION('',(0.,0.,1.));
#7956 = DIRECTION('',(1.,1.110223024625E-16,-0.));
#7957 = ORIENTED_EDGE('',*,*,#7958,.F.);
#7958 = EDGE_CURVE('',#7959,#7950,#7961,.T.);
#7959 = VERTEX_POINT('',#7960);
#7960 = CARTESIAN_POINT('',(82.092964185928,-24.51104902209,0.));
#7961 = LINE('',#7962,#7963);
#7962 = CARTESIAN_POINT('',(82.092964185928,-24.51104902209,0.));
#7963 = VECTOR('',#7964,1.);
#7964 = DIRECTION('',(0.,0.,1.));
#7965 = ORIENTED_EDGE('',*,*,#7966,.F.);
#7966 = EDGE_CURVE('',#7940,#7959,#7967,.T.);
#7967 = CIRCLE('',#7968,0.457200914402);
#7968 = AXIS2_PLACEMENT_3D('',#7969,#7970,#7971);
#7969 = CARTESIAN_POINT('',(82.55016510033,-24.51104902209,0.));
#7970 = DIRECTION('',(0.,0.,1.));
#7971 = DIRECTION('',(1.,1.110223024625E-16,-0.));
#7972 = CYLINDRICAL_SURFACE('',#7973,0.457200914402);
#7973 = AXIS2_PLACEMENT_3D('',#7974,#7975,#7976);
#7974 = CARTESIAN_POINT('',(82.55016510033,-24.51104902209,0.));
#7975 = DIRECTION('',(-0.,-0.,-1.));
#7976 = DIRECTION('',(1.,1.110223024625E-16,-0.));
#7977 = ADVANCED_FACE('',(#7978),#7996,.F.);
#7978 = FACE_BOUND('',#7979,.T.);
#7979 = EDGE_LOOP('',(#7980,#7981,#7988,#7989));
#7980 = ORIENTED_EDGE('',*,*,#7958,.T.);
#7981 = ORIENTED_EDGE('',*,*,#7982,.T.);
#7982 = EDGE_CURVE('',#7950,#7942,#7983,.T.);
#7983 = CIRCLE('',#7984,0.457200914402);
#7984 = AXIS2_PLACEMENT_3D('',#7985,#7986,#7987);
#7985 = CARTESIAN_POINT('',(82.55016510033,-24.51104902209,
    1.600028244856));
#7986 = DIRECTION('',(0.,0.,1.));
#7987 = DIRECTION('',(-1.,-1.110223024625E-16,0.));
#7988 = ORIENTED_EDGE('',*,*,#7939,.F.);
#7989 = ORIENTED_EDGE('',*,*,#7990,.F.);
#7990 = EDGE_CURVE('',#7959,#7940,#7991,.T.);
#7991 = CIRCLE('',#7992,0.457200914402);
#7992 = AXIS2_PLACEMENT_3D('',#7993,#7994,#7995);
#7993 = CARTESIAN_POINT('',(82.55016510033,-24.51104902209,0.));
#7994 = DIRECTION('',(0.,0.,1.));
#7995 = DIRECTION('',(-1.,-1.110223024625E-16,0.));
#7996 = CYLINDRICAL_SURFACE('',#7997,0.457200914402);
#7997 = AXIS2_PLACEMENT_3D('',#7998,#7999,#8000);
#7998 = CARTESIAN_POINT('',(82.55016510033,-24.51104902209,0.));
#7999 = DIRECTION('',(-0.,-0.,-1.));
#8000 = DIRECTION('',(-1.,-1.110223024625E-16,0.));
#8001 = ADVANCED_FACE('',(#8002),#8038,.F.);
#8002 = FACE_BOUND('',#8003,.T.);
#8003 = EDGE_LOOP('',(#8004,#8014,#8023,#8031));
#8004 = ORIENTED_EDGE('',*,*,#8005,.T.);
#8005 = EDGE_CURVE('',#8006,#8008,#8010,.T.);
#8006 = VERTEX_POINT('',#8007);
#8007 = CARTESIAN_POINT('',(83.007366014732,-47.37109474218,0.));
#8008 = VERTEX_POINT('',#8009);
#8009 = CARTESIAN_POINT('',(83.007366014732,-47.37109474218,
    1.600028244856));
#8010 = LINE('',#8011,#8012);
#8011 = CARTESIAN_POINT('',(83.007366014732,-47.37109474218,0.));
#8012 = VECTOR('',#8013,1.);
#8013 = DIRECTION('',(0.,0.,1.));
#8014 = ORIENTED_EDGE('',*,*,#8015,.T.);
#8015 = EDGE_CURVE('',#8008,#8016,#8018,.T.);
#8016 = VERTEX_POINT('',#8017);
#8017 = CARTESIAN_POINT('',(82.092964185928,-47.37109474218,
    1.600028244856));
#8018 = CIRCLE('',#8019,0.457200914402);
#8019 = AXIS2_PLACEMENT_3D('',#8020,#8021,#8022);
#8020 = CARTESIAN_POINT('',(82.55016510033,-47.37109474218,
    1.600028244856));
#8021 = DIRECTION('',(0.,0.,1.));
#8022 = DIRECTION('',(1.,1.110223024625E-16,-0.));
#8023 = ORIENTED_EDGE('',*,*,#8024,.F.);
#8024 = EDGE_CURVE('',#8025,#8016,#8027,.T.);
#8025 = VERTEX_POINT('',#8026);
#8026 = CARTESIAN_POINT('',(82.092964185928,-47.37109474218,0.));
#8027 = LINE('',#8028,#8029);
#8028 = CARTESIAN_POINT('',(82.092964185928,-47.37109474218,0.));
#8029 = VECTOR('',#8030,1.);
#8030 = DIRECTION('',(0.,0.,1.));
#8031 = ORIENTED_EDGE('',*,*,#8032,.F.);
#8032 = EDGE_CURVE('',#8006,#8025,#8033,.T.);
#8033 = CIRCLE('',#8034,0.457200914402);
#8034 = AXIS2_PLACEMENT_3D('',#8035,#8036,#8037);
#8035 = CARTESIAN_POINT('',(82.55016510033,-47.37109474218,0.));
#8036 = DIRECTION('',(0.,0.,1.));
#8037 = DIRECTION('',(1.,1.110223024625E-16,-0.));
#8038 = CYLINDRICAL_SURFACE('',#8039,0.457200914402);
#8039 = AXIS2_PLACEMENT_3D('',#8040,#8041,#8042);
#8040 = CARTESIAN_POINT('',(82.55016510033,-47.37109474218,0.));
#8041 = DIRECTION('',(-0.,-0.,-1.));
#8042 = DIRECTION('',(1.,1.110223024625E-16,-0.));
#8043 = ADVANCED_FACE('',(#8044),#8062,.F.);
#8044 = FACE_BOUND('',#8045,.T.);
#8045 = EDGE_LOOP('',(#8046,#8047,#8054,#8055));
#8046 = ORIENTED_EDGE('',*,*,#8024,.T.);
#8047 = ORIENTED_EDGE('',*,*,#8048,.T.);
#8048 = EDGE_CURVE('',#8016,#8008,#8049,.T.);
#8049 = CIRCLE('',#8050,0.457200914402);
#8050 = AXIS2_PLACEMENT_3D('',#8051,#8052,#8053);
#8051 = CARTESIAN_POINT('',(82.55016510033,-47.37109474218,
    1.600028244856));
#8052 = DIRECTION('',(0.,0.,1.));
#8053 = DIRECTION('',(-1.,-1.110223024625E-16,0.));
#8054 = ORIENTED_EDGE('',*,*,#8005,.F.);
#8055 = ORIENTED_EDGE('',*,*,#8056,.F.);
#8056 = EDGE_CURVE('',#8025,#8006,#8057,.T.);
#8057 = CIRCLE('',#8058,0.457200914402);
#8058 = AXIS2_PLACEMENT_3D('',#8059,#8060,#8061);
#8059 = CARTESIAN_POINT('',(82.55016510033,-47.37109474218,0.));
#8060 = DIRECTION('',(0.,0.,1.));
#8061 = DIRECTION('',(-1.,-1.110223024625E-16,0.));
#8062 = CYLINDRICAL_SURFACE('',#8063,0.457200914402);
#8063 = AXIS2_PLACEMENT_3D('',#8064,#8065,#8066);
#8064 = CARTESIAN_POINT('',(82.55016510033,-47.37109474218,0.));
#8065 = DIRECTION('',(-0.,-0.,-1.));
#8066 = DIRECTION('',(-1.,-1.110223024625E-16,0.));
#8067 = ADVANCED_FACE('',(#8068),#8104,.F.);
#8068 = FACE_BOUND('',#8069,.T.);
#8069 = EDGE_LOOP('',(#8070,#8080,#8089,#8097));
#8070 = ORIENTED_EDGE('',*,*,#8071,.T.);
#8071 = EDGE_CURVE('',#8072,#8074,#8076,.T.);
#8072 = VERTEX_POINT('',#8073);
#8073 = CARTESIAN_POINT('',(83.007366014732,-49.9110998222,0.));
#8074 = VERTEX_POINT('',#8075);
#8075 = CARTESIAN_POINT('',(83.007366014732,-49.9110998222,
    1.600028244856));
#8076 = LINE('',#8077,#8078);
#8077 = CARTESIAN_POINT('',(83.007366014732,-49.9110998222,0.));
#8078 = VECTOR('',#8079,1.);
#8079 = DIRECTION('',(0.,0.,1.));
#8080 = ORIENTED_EDGE('',*,*,#8081,.T.);
#8081 = EDGE_CURVE('',#8074,#8082,#8084,.T.);
#8082 = VERTEX_POINT('',#8083);
#8083 = CARTESIAN_POINT('',(82.092964185928,-49.9110998222,
    1.600028244856));
#8084 = CIRCLE('',#8085,0.457200914402);
#8085 = AXIS2_PLACEMENT_3D('',#8086,#8087,#8088);
#8086 = CARTESIAN_POINT('',(82.55016510033,-49.9110998222,1.600028244856
    ));
#8087 = DIRECTION('',(0.,0.,1.));
#8088 = DIRECTION('',(1.,1.110223024625E-16,-0.));
#8089 = ORIENTED_EDGE('',*,*,#8090,.F.);
#8090 = EDGE_CURVE('',#8091,#8082,#8093,.T.);
#8091 = VERTEX_POINT('',#8092);
#8092 = CARTESIAN_POINT('',(82.092964185928,-49.9110998222,0.));
#8093 = LINE('',#8094,#8095);
#8094 = CARTESIAN_POINT('',(82.092964185928,-49.9110998222,0.));
#8095 = VECTOR('',#8096,1.);
#8096 = DIRECTION('',(0.,0.,1.));
#8097 = ORIENTED_EDGE('',*,*,#8098,.F.);
#8098 = EDGE_CURVE('',#8072,#8091,#8099,.T.);
#8099 = CIRCLE('',#8100,0.457200914402);
#8100 = AXIS2_PLACEMENT_3D('',#8101,#8102,#8103);
#8101 = CARTESIAN_POINT('',(82.55016510033,-49.9110998222,0.));
#8102 = DIRECTION('',(0.,0.,1.));
#8103 = DIRECTION('',(1.,1.110223024625E-16,-0.));
#8104 = CYLINDRICAL_SURFACE('',#8105,0.457200914402);
#8105 = AXIS2_PLACEMENT_3D('',#8106,#8107,#8108);
#8106 = CARTESIAN_POINT('',(82.55016510033,-49.9110998222,0.));
#8107 = DIRECTION('',(-0.,-0.,-1.));
#8108 = DIRECTION('',(1.,1.110223024625E-16,-0.));
#8109 = ADVANCED_FACE('',(#8110),#8128,.F.);
#8110 = FACE_BOUND('',#8111,.T.);
#8111 = EDGE_LOOP('',(#8112,#8113,#8120,#8121));
#8112 = ORIENTED_EDGE('',*,*,#8090,.T.);
#8113 = ORIENTED_EDGE('',*,*,#8114,.T.);
#8114 = EDGE_CURVE('',#8082,#8074,#8115,.T.);
#8115 = CIRCLE('',#8116,0.457200914402);
#8116 = AXIS2_PLACEMENT_3D('',#8117,#8118,#8119);
#8117 = CARTESIAN_POINT('',(82.55016510033,-49.9110998222,1.600028244856
    ));
#8118 = DIRECTION('',(0.,0.,1.));
#8119 = DIRECTION('',(-1.,-1.110223024625E-16,0.));
#8120 = ORIENTED_EDGE('',*,*,#8071,.F.);
#8121 = ORIENTED_EDGE('',*,*,#8122,.F.);
#8122 = EDGE_CURVE('',#8091,#8072,#8123,.T.);
#8123 = CIRCLE('',#8124,0.457200914402);
#8124 = AXIS2_PLACEMENT_3D('',#8125,#8126,#8127);
#8125 = CARTESIAN_POINT('',(82.55016510033,-49.9110998222,0.));
#8126 = DIRECTION('',(0.,0.,1.));
#8127 = DIRECTION('',(-1.,-1.110223024625E-16,0.));
#8128 = CYLINDRICAL_SURFACE('',#8129,0.457200914402);
#8129 = AXIS2_PLACEMENT_3D('',#8130,#8131,#8132);
#8130 = CARTESIAN_POINT('',(82.55016510033,-49.9110998222,0.));
#8131 = DIRECTION('',(-0.,-0.,-1.));
#8132 = DIRECTION('',(-1.,-1.110223024625E-16,0.));
#8133 = ADVANCED_FACE('',(#8134),#8170,.F.);
#8134 = FACE_BOUND('',#8135,.T.);
#8135 = EDGE_LOOP('',(#8136,#8146,#8155,#8163));
#8136 = ORIENTED_EDGE('',*,*,#8137,.T.);
#8137 = EDGE_CURVE('',#8138,#8140,#8142,.T.);
#8138 = VERTEX_POINT('',#8139);
#8139 = CARTESIAN_POINT('',(83.007366014732,-52.45110490221,0.));
#8140 = VERTEX_POINT('',#8141);
#8141 = CARTESIAN_POINT('',(83.007366014732,-52.45110490221,
    1.600028244856));
#8142 = LINE('',#8143,#8144);
#8143 = CARTESIAN_POINT('',(83.007366014732,-52.45110490221,0.));
#8144 = VECTOR('',#8145,1.);
#8145 = DIRECTION('',(0.,0.,1.));
#8146 = ORIENTED_EDGE('',*,*,#8147,.T.);
#8147 = EDGE_CURVE('',#8140,#8148,#8150,.T.);
#8148 = VERTEX_POINT('',#8149);
#8149 = CARTESIAN_POINT('',(82.092964185928,-52.45110490221,
    1.600028244856));
#8150 = CIRCLE('',#8151,0.457200914402);
#8151 = AXIS2_PLACEMENT_3D('',#8152,#8153,#8154);
#8152 = CARTESIAN_POINT('',(82.55016510033,-52.45110490221,
    1.600028244856));
#8153 = DIRECTION('',(0.,0.,1.));
#8154 = DIRECTION('',(1.,1.110223024625E-16,-0.));
#8155 = ORIENTED_EDGE('',*,*,#8156,.F.);
#8156 = EDGE_CURVE('',#8157,#8148,#8159,.T.);
#8157 = VERTEX_POINT('',#8158);
#8158 = CARTESIAN_POINT('',(82.092964185928,-52.45110490221,0.));
#8159 = LINE('',#8160,#8161);
#8160 = CARTESIAN_POINT('',(82.092964185928,-52.45110490221,0.));
#8161 = VECTOR('',#8162,1.);
#8162 = DIRECTION('',(0.,0.,1.));
#8163 = ORIENTED_EDGE('',*,*,#8164,.F.);
#8164 = EDGE_CURVE('',#8138,#8157,#8165,.T.);
#8165 = CIRCLE('',#8166,0.457200914402);
#8166 = AXIS2_PLACEMENT_3D('',#8167,#8168,#8169);
#8167 = CARTESIAN_POINT('',(82.55016510033,-52.45110490221,0.));
#8168 = DIRECTION('',(0.,0.,1.));
#8169 = DIRECTION('',(1.,1.110223024625E-16,-0.));
#8170 = CYLINDRICAL_SURFACE('',#8171,0.457200914402);
#8171 = AXIS2_PLACEMENT_3D('',#8172,#8173,#8174);
#8172 = CARTESIAN_POINT('',(82.55016510033,-52.45110490221,0.));
#8173 = DIRECTION('',(-0.,-0.,-1.));
#8174 = DIRECTION('',(1.,1.110223024625E-16,-0.));
#8175 = ADVANCED_FACE('',(#8176),#8194,.F.);
#8176 = FACE_BOUND('',#8177,.T.);
#8177 = EDGE_LOOP('',(#8178,#8179,#8186,#8187));
#8178 = ORIENTED_EDGE('',*,*,#8156,.T.);
#8179 = ORIENTED_EDGE('',*,*,#8180,.T.);
#8180 = EDGE_CURVE('',#8148,#8140,#8181,.T.);
#8181 = CIRCLE('',#8182,0.457200914402);
#8182 = AXIS2_PLACEMENT_3D('',#8183,#8184,#8185);
#8183 = CARTESIAN_POINT('',(82.55016510033,-52.45110490221,
    1.600028244856));
#8184 = DIRECTION('',(0.,0.,1.));
#8185 = DIRECTION('',(-1.,-1.110223024625E-16,0.));
#8186 = ORIENTED_EDGE('',*,*,#8137,.F.);
#8187 = ORIENTED_EDGE('',*,*,#8188,.F.);
#8188 = EDGE_CURVE('',#8157,#8138,#8189,.T.);
#8189 = CIRCLE('',#8190,0.457200914402);
#8190 = AXIS2_PLACEMENT_3D('',#8191,#8192,#8193);
#8191 = CARTESIAN_POINT('',(82.55016510033,-52.45110490221,0.));
#8192 = DIRECTION('',(0.,0.,1.));
#8193 = DIRECTION('',(-1.,-1.110223024625E-16,0.));
#8194 = CYLINDRICAL_SURFACE('',#8195,0.457200914402);
#8195 = AXIS2_PLACEMENT_3D('',#8196,#8197,#8198);
#8196 = CARTESIAN_POINT('',(82.55016510033,-52.45110490221,0.));
#8197 = DIRECTION('',(-0.,-0.,-1.));
#8198 = DIRECTION('',(-1.,-1.110223024625E-16,0.));
#8199 = ADVANCED_FACE('',(#8200),#8236,.F.);
#8200 = FACE_BOUND('',#8201,.T.);
#8201 = EDGE_LOOP('',(#8202,#8212,#8221,#8229));
#8202 = ORIENTED_EDGE('',*,*,#8203,.T.);
#8203 = EDGE_CURVE('',#8204,#8206,#8208,.T.);
#8204 = VERTEX_POINT('',#8205);
#8205 = CARTESIAN_POINT('',(83.007366014732,-42.29108458216,0.));
#8206 = VERTEX_POINT('',#8207);
#8207 = CARTESIAN_POINT('',(83.007366014732,-42.29108458216,
    1.600028244856));
#8208 = LINE('',#8209,#8210);
#8209 = CARTESIAN_POINT('',(83.007366014732,-42.29108458216,0.));
#8210 = VECTOR('',#8211,1.);
#8211 = DIRECTION('',(0.,0.,1.));
#8212 = ORIENTED_EDGE('',*,*,#8213,.T.);
#8213 = EDGE_CURVE('',#8206,#8214,#8216,.T.);
#8214 = VERTEX_POINT('',#8215);
#8215 = CARTESIAN_POINT('',(82.092964185928,-42.29108458216,
    1.600028244856));
#8216 = CIRCLE('',#8217,0.457200914402);
#8217 = AXIS2_PLACEMENT_3D('',#8218,#8219,#8220);
#8218 = CARTESIAN_POINT('',(82.55016510033,-42.29108458216,
    1.600028244856));
#8219 = DIRECTION('',(0.,0.,1.));
#8220 = DIRECTION('',(1.,1.110223024625E-16,-0.));
#8221 = ORIENTED_EDGE('',*,*,#8222,.F.);
#8222 = EDGE_CURVE('',#8223,#8214,#8225,.T.);
#8223 = VERTEX_POINT('',#8224);
#8224 = CARTESIAN_POINT('',(82.092964185928,-42.29108458216,0.));
#8225 = LINE('',#8226,#8227);
#8226 = CARTESIAN_POINT('',(82.092964185928,-42.29108458216,0.));
#8227 = VECTOR('',#8228,1.);
#8228 = DIRECTION('',(0.,0.,1.));
#8229 = ORIENTED_EDGE('',*,*,#8230,.F.);
#8230 = EDGE_CURVE('',#8204,#8223,#8231,.T.);
#8231 = CIRCLE('',#8232,0.457200914402);
#8232 = AXIS2_PLACEMENT_3D('',#8233,#8234,#8235);
#8233 = CARTESIAN_POINT('',(82.55016510033,-42.29108458216,0.));
#8234 = DIRECTION('',(0.,0.,1.));
#8235 = DIRECTION('',(1.,1.110223024625E-16,-0.));
#8236 = CYLINDRICAL_SURFACE('',#8237,0.457200914402);
#8237 = AXIS2_PLACEMENT_3D('',#8238,#8239,#8240);
#8238 = CARTESIAN_POINT('',(82.55016510033,-42.29108458216,0.));
#8239 = DIRECTION('',(-0.,-0.,-1.));
#8240 = DIRECTION('',(1.,1.110223024625E-16,-0.));
#8241 = ADVANCED_FACE('',(#8242),#8260,.F.);
#8242 = FACE_BOUND('',#8243,.T.);
#8243 = EDGE_LOOP('',(#8244,#8245,#8252,#8253));
#8244 = ORIENTED_EDGE('',*,*,#8222,.T.);
#8245 = ORIENTED_EDGE('',*,*,#8246,.T.);
#8246 = EDGE_CURVE('',#8214,#8206,#8247,.T.);
#8247 = CIRCLE('',#8248,0.457200914402);
#8248 = AXIS2_PLACEMENT_3D('',#8249,#8250,#8251);
#8249 = CARTESIAN_POINT('',(82.55016510033,-42.29108458216,
    1.600028244856));
#8250 = DIRECTION('',(0.,0.,1.));
#8251 = DIRECTION('',(-1.,-1.110223024625E-16,0.));
#8252 = ORIENTED_EDGE('',*,*,#8203,.F.);
#8253 = ORIENTED_EDGE('',*,*,#8254,.F.);
#8254 = EDGE_CURVE('',#8223,#8204,#8255,.T.);
#8255 = CIRCLE('',#8256,0.457200914402);
#8256 = AXIS2_PLACEMENT_3D('',#8257,#8258,#8259);
#8257 = CARTESIAN_POINT('',(82.55016510033,-42.29108458216,0.));
#8258 = DIRECTION('',(0.,0.,1.));
#8259 = DIRECTION('',(-1.,-1.110223024625E-16,0.));
#8260 = CYLINDRICAL_SURFACE('',#8261,0.457200914402);
#8261 = AXIS2_PLACEMENT_3D('',#8262,#8263,#8264);
#8262 = CARTESIAN_POINT('',(82.55016510033,-42.29108458216,0.));
#8263 = DIRECTION('',(-0.,-0.,-1.));
#8264 = DIRECTION('',(-1.,-1.110223024625E-16,0.));
#8265 = ADVANCED_FACE('',(#8266),#8302,.F.);
#8266 = FACE_BOUND('',#8267,.T.);
#8267 = EDGE_LOOP('',(#8268,#8278,#8287,#8295));
#8268 = ORIENTED_EDGE('',*,*,#8269,.T.);
#8269 = EDGE_CURVE('',#8270,#8272,#8274,.T.);
#8270 = VERTEX_POINT('',#8271);
#8271 = CARTESIAN_POINT('',(83.007366014732,-44.83108966217,0.));
#8272 = VERTEX_POINT('',#8273);
#8273 = CARTESIAN_POINT('',(83.007366014732,-44.83108966217,
    1.600028244856));
#8274 = LINE('',#8275,#8276);
#8275 = CARTESIAN_POINT('',(83.007366014732,-44.83108966217,0.));
#8276 = VECTOR('',#8277,1.);
#8277 = DIRECTION('',(0.,0.,1.));
#8278 = ORIENTED_EDGE('',*,*,#8279,.T.);
#8279 = EDGE_CURVE('',#8272,#8280,#8282,.T.);
#8280 = VERTEX_POINT('',#8281);
#8281 = CARTESIAN_POINT('',(82.092964185928,-44.83108966217,
    1.600028244856));
#8282 = CIRCLE('',#8283,0.457200914402);
#8283 = AXIS2_PLACEMENT_3D('',#8284,#8285,#8286);
#8284 = CARTESIAN_POINT('',(82.55016510033,-44.83108966217,
    1.600028244856));
#8285 = DIRECTION('',(0.,0.,1.));
#8286 = DIRECTION('',(1.,1.110223024625E-16,-0.));
#8287 = ORIENTED_EDGE('',*,*,#8288,.F.);
#8288 = EDGE_CURVE('',#8289,#8280,#8291,.T.);
#8289 = VERTEX_POINT('',#8290);
#8290 = CARTESIAN_POINT('',(82.092964185928,-44.83108966217,0.));
#8291 = LINE('',#8292,#8293);
#8292 = CARTESIAN_POINT('',(82.092964185928,-44.83108966217,0.));
#8293 = VECTOR('',#8294,1.);
#8294 = DIRECTION('',(0.,0.,1.));
#8295 = ORIENTED_EDGE('',*,*,#8296,.F.);
#8296 = EDGE_CURVE('',#8270,#8289,#8297,.T.);
#8297 = CIRCLE('',#8298,0.457200914402);
#8298 = AXIS2_PLACEMENT_3D('',#8299,#8300,#8301);
#8299 = CARTESIAN_POINT('',(82.55016510033,-44.83108966217,0.));
#8300 = DIRECTION('',(0.,0.,1.));
#8301 = DIRECTION('',(1.,1.110223024625E-16,-0.));
#8302 = CYLINDRICAL_SURFACE('',#8303,0.457200914402);
#8303 = AXIS2_PLACEMENT_3D('',#8304,#8305,#8306);
#8304 = CARTESIAN_POINT('',(82.55016510033,-44.83108966217,0.));
#8305 = DIRECTION('',(-0.,-0.,-1.));
#8306 = DIRECTION('',(1.,1.110223024625E-16,-0.));
#8307 = ADVANCED_FACE('',(#8308),#8326,.F.);
#8308 = FACE_BOUND('',#8309,.T.);
#8309 = EDGE_LOOP('',(#8310,#8311,#8318,#8319));
#8310 = ORIENTED_EDGE('',*,*,#8288,.T.);
#8311 = ORIENTED_EDGE('',*,*,#8312,.T.);
#8312 = EDGE_CURVE('',#8280,#8272,#8313,.T.);
#8313 = CIRCLE('',#8314,0.457200914402);
#8314 = AXIS2_PLACEMENT_3D('',#8315,#8316,#8317);
#8315 = CARTESIAN_POINT('',(82.55016510033,-44.83108966217,
    1.600028244856));
#8316 = DIRECTION('',(0.,0.,1.));
#8317 = DIRECTION('',(-1.,-1.110223024625E-16,0.));
#8318 = ORIENTED_EDGE('',*,*,#8269,.F.);
#8319 = ORIENTED_EDGE('',*,*,#8320,.F.);
#8320 = EDGE_CURVE('',#8289,#8270,#8321,.T.);
#8321 = CIRCLE('',#8322,0.457200914402);
#8322 = AXIS2_PLACEMENT_3D('',#8323,#8324,#8325);
#8323 = CARTESIAN_POINT('',(82.55016510033,-44.83108966217,0.));
#8324 = DIRECTION('',(0.,0.,1.));
#8325 = DIRECTION('',(-1.,-1.110223024625E-16,0.));
#8326 = CYLINDRICAL_SURFACE('',#8327,0.457200914402);
#8327 = AXIS2_PLACEMENT_3D('',#8328,#8329,#8330);
#8328 = CARTESIAN_POINT('',(82.55016510033,-44.83108966217,0.));
#8329 = DIRECTION('',(-0.,-0.,-1.));
#8330 = DIRECTION('',(-1.,-1.110223024625E-16,0.));
#8331 = ADVANCED_FACE('',(#8332),#8368,.F.);
#8332 = FACE_BOUND('',#8333,.T.);
#8333 = EDGE_LOOP('',(#8334,#8344,#8353,#8361));
#8334 = ORIENTED_EDGE('',*,*,#8335,.T.);
#8335 = EDGE_CURVE('',#8336,#8338,#8340,.T.);
#8336 = VERTEX_POINT('',#8337);
#8337 = CARTESIAN_POINT('',(83.007366014732,-54.99110998222,0.));
#8338 = VERTEX_POINT('',#8339);
#8339 = CARTESIAN_POINT('',(83.007366014732,-54.99110998222,
    1.600028244856));
#8340 = LINE('',#8341,#8342);
#8341 = CARTESIAN_POINT('',(83.007366014732,-54.99110998222,0.));
#8342 = VECTOR('',#8343,1.);
#8343 = DIRECTION('',(0.,0.,1.));
#8344 = ORIENTED_EDGE('',*,*,#8345,.T.);
#8345 = EDGE_CURVE('',#8338,#8346,#8348,.T.);
#8346 = VERTEX_POINT('',#8347);
#8347 = CARTESIAN_POINT('',(82.092964185928,-54.99110998222,
    1.600028244856));
#8348 = CIRCLE('',#8349,0.457200914402);
#8349 = AXIS2_PLACEMENT_3D('',#8350,#8351,#8352);
#8350 = CARTESIAN_POINT('',(82.55016510033,-54.99110998222,
    1.600028244856));
#8351 = DIRECTION('',(0.,0.,1.));
#8352 = DIRECTION('',(1.,1.110223024625E-16,-0.));
#8353 = ORIENTED_EDGE('',*,*,#8354,.F.);
#8354 = EDGE_CURVE('',#8355,#8346,#8357,.T.);
#8355 = VERTEX_POINT('',#8356);
#8356 = CARTESIAN_POINT('',(82.092964185928,-54.99110998222,0.));
#8357 = LINE('',#8358,#8359);
#8358 = CARTESIAN_POINT('',(82.092964185928,-54.99110998222,0.));
#8359 = VECTOR('',#8360,1.);
#8360 = DIRECTION('',(0.,0.,1.));
#8361 = ORIENTED_EDGE('',*,*,#8362,.F.);
#8362 = EDGE_CURVE('',#8336,#8355,#8363,.T.);
#8363 = CIRCLE('',#8364,0.457200914402);
#8364 = AXIS2_PLACEMENT_3D('',#8365,#8366,#8367);
#8365 = CARTESIAN_POINT('',(82.55016510033,-54.99110998222,0.));
#8366 = DIRECTION('',(0.,0.,1.));
#8367 = DIRECTION('',(1.,1.110223024625E-16,-0.));
#8368 = CYLINDRICAL_SURFACE('',#8369,0.457200914402);
#8369 = AXIS2_PLACEMENT_3D('',#8370,#8371,#8372);
#8370 = CARTESIAN_POINT('',(82.55016510033,-54.99110998222,0.));
#8371 = DIRECTION('',(-0.,-0.,-1.));
#8372 = DIRECTION('',(1.,1.110223024625E-16,-0.));
#8373 = ADVANCED_FACE('',(#8374),#8392,.F.);
#8374 = FACE_BOUND('',#8375,.T.);
#8375 = EDGE_LOOP('',(#8376,#8377,#8384,#8385));
#8376 = ORIENTED_EDGE('',*,*,#8354,.T.);
#8377 = ORIENTED_EDGE('',*,*,#8378,.T.);
#8378 = EDGE_CURVE('',#8346,#8338,#8379,.T.);
#8379 = CIRCLE('',#8380,0.457200914402);
#8380 = AXIS2_PLACEMENT_3D('',#8381,#8382,#8383);
#8381 = CARTESIAN_POINT('',(82.55016510033,-54.99110998222,
    1.600028244856));
#8382 = DIRECTION('',(0.,0.,1.));
#8383 = DIRECTION('',(-1.,-1.110223024625E-16,0.));
#8384 = ORIENTED_EDGE('',*,*,#8335,.F.);
#8385 = ORIENTED_EDGE('',*,*,#8386,.F.);
#8386 = EDGE_CURVE('',#8355,#8336,#8387,.T.);
#8387 = CIRCLE('',#8388,0.457200914402);
#8388 = AXIS2_PLACEMENT_3D('',#8389,#8390,#8391);
#8389 = CARTESIAN_POINT('',(82.55016510033,-54.99110998222,0.));
#8390 = DIRECTION('',(0.,0.,1.));
#8391 = DIRECTION('',(-1.,-1.110223024625E-16,0.));
#8392 = CYLINDRICAL_SURFACE('',#8393,0.457200914402);
#8393 = AXIS2_PLACEMENT_3D('',#8394,#8395,#8396);
#8394 = CARTESIAN_POINT('',(82.55016510033,-54.99110998222,0.));
#8395 = DIRECTION('',(-0.,-0.,-1.));
#8396 = DIRECTION('',(-1.,-1.110223024625E-16,0.));
#8397 = ADVANCED_FACE('',(#8398),#8434,.F.);
#8398 = FACE_BOUND('',#8399,.T.);
#8399 = EDGE_LOOP('',(#8400,#8410,#8419,#8427));
#8400 = ORIENTED_EDGE('',*,*,#8401,.T.);
#8401 = EDGE_CURVE('',#8402,#8404,#8406,.T.);
#8402 = VERTEX_POINT('',#8403);
#8403 = CARTESIAN_POINT('',(83.007366014732,-57.53111506223,0.));
#8404 = VERTEX_POINT('',#8405);
#8405 = CARTESIAN_POINT('',(83.007366014732,-57.53111506223,
    1.600028244856));
#8406 = LINE('',#8407,#8408);
#8407 = CARTESIAN_POINT('',(83.007366014732,-57.53111506223,0.));
#8408 = VECTOR('',#8409,1.);
#8409 = DIRECTION('',(0.,0.,1.));
#8410 = ORIENTED_EDGE('',*,*,#8411,.T.);
#8411 = EDGE_CURVE('',#8404,#8412,#8414,.T.);
#8412 = VERTEX_POINT('',#8413);
#8413 = CARTESIAN_POINT('',(82.092964185928,-57.53111506223,
    1.600028244856));
#8414 = CIRCLE('',#8415,0.457200914402);
#8415 = AXIS2_PLACEMENT_3D('',#8416,#8417,#8418);
#8416 = CARTESIAN_POINT('',(82.55016510033,-57.53111506223,
    1.600028244856));
#8417 = DIRECTION('',(0.,0.,1.));
#8418 = DIRECTION('',(1.,1.110223024625E-16,-0.));
#8419 = ORIENTED_EDGE('',*,*,#8420,.F.);
#8420 = EDGE_CURVE('',#8421,#8412,#8423,.T.);
#8421 = VERTEX_POINT('',#8422);
#8422 = CARTESIAN_POINT('',(82.092964185928,-57.53111506223,0.));
#8423 = LINE('',#8424,#8425);
#8424 = CARTESIAN_POINT('',(82.092964185928,-57.53111506223,0.));
#8425 = VECTOR('',#8426,1.);
#8426 = DIRECTION('',(0.,0.,1.));
#8427 = ORIENTED_EDGE('',*,*,#8428,.F.);
#8428 = EDGE_CURVE('',#8402,#8421,#8429,.T.);
#8429 = CIRCLE('',#8430,0.457200914402);
#8430 = AXIS2_PLACEMENT_3D('',#8431,#8432,#8433);
#8431 = CARTESIAN_POINT('',(82.55016510033,-57.53111506223,0.));
#8432 = DIRECTION('',(0.,0.,1.));
#8433 = DIRECTION('',(1.,1.110223024625E-16,-0.));
#8434 = CYLINDRICAL_SURFACE('',#8435,0.457200914402);
#8435 = AXIS2_PLACEMENT_3D('',#8436,#8437,#8438);
#8436 = CARTESIAN_POINT('',(82.55016510033,-57.53111506223,0.));
#8437 = DIRECTION('',(-0.,-0.,-1.));
#8438 = DIRECTION('',(1.,1.110223024625E-16,-0.));
#8439 = ADVANCED_FACE('',(#8440),#8458,.F.);
#8440 = FACE_BOUND('',#8441,.T.);
#8441 = EDGE_LOOP('',(#8442,#8443,#8450,#8451));
#8442 = ORIENTED_EDGE('',*,*,#8420,.T.);
#8443 = ORIENTED_EDGE('',*,*,#8444,.T.);
#8444 = EDGE_CURVE('',#8412,#8404,#8445,.T.);
#8445 = CIRCLE('',#8446,0.457200914402);
#8446 = AXIS2_PLACEMENT_3D('',#8447,#8448,#8449);
#8447 = CARTESIAN_POINT('',(82.55016510033,-57.53111506223,
    1.600028244856));
#8448 = DIRECTION('',(0.,0.,1.));
#8449 = DIRECTION('',(-1.,-1.110223024625E-16,0.));
#8450 = ORIENTED_EDGE('',*,*,#8401,.F.);
#8451 = ORIENTED_EDGE('',*,*,#8452,.F.);
#8452 = EDGE_CURVE('',#8421,#8402,#8453,.T.);
#8453 = CIRCLE('',#8454,0.457200914402);
#8454 = AXIS2_PLACEMENT_3D('',#8455,#8456,#8457);
#8455 = CARTESIAN_POINT('',(82.55016510033,-57.53111506223,0.));
#8456 = DIRECTION('',(0.,0.,1.));
#8457 = DIRECTION('',(-1.,-1.110223024625E-16,0.));
#8458 = CYLINDRICAL_SURFACE('',#8459,0.457200914402);
#8459 = AXIS2_PLACEMENT_3D('',#8460,#8461,#8462);
#8460 = CARTESIAN_POINT('',(82.55016510033,-57.53111506223,0.));
#8461 = DIRECTION('',(-0.,-0.,-1.));
#8462 = DIRECTION('',(-1.,-1.110223024625E-16,0.));
#8463 = ADVANCED_FACE('',(#8464),#8500,.F.);
#8464 = FACE_BOUND('',#8465,.T.);
#8465 = EDGE_LOOP('',(#8466,#8476,#8485,#8493));
#8466 = ORIENTED_EDGE('',*,*,#8467,.T.);
#8467 = EDGE_CURVE('',#8468,#8470,#8472,.T.);
#8468 = VERTEX_POINT('',#8469);
#8469 = CARTESIAN_POINT('',(83.007366014732,-60.07112014224,0.));
#8470 = VERTEX_POINT('',#8471);
#8471 = CARTESIAN_POINT('',(83.007366014732,-60.07112014224,
    1.600028244856));
#8472 = LINE('',#8473,#8474);
#8473 = CARTESIAN_POINT('',(83.007366014732,-60.07112014224,0.));
#8474 = VECTOR('',#8475,1.);
#8475 = DIRECTION('',(0.,0.,1.));
#8476 = ORIENTED_EDGE('',*,*,#8477,.T.);
#8477 = EDGE_CURVE('',#8470,#8478,#8480,.T.);
#8478 = VERTEX_POINT('',#8479);
#8479 = CARTESIAN_POINT('',(82.092964185928,-60.07112014224,
    1.600028244856));
#8480 = CIRCLE('',#8481,0.457200914402);
#8481 = AXIS2_PLACEMENT_3D('',#8482,#8483,#8484);
#8482 = CARTESIAN_POINT('',(82.55016510033,-60.07112014224,
    1.600028244856));
#8483 = DIRECTION('',(0.,0.,1.));
#8484 = DIRECTION('',(1.,1.110223024625E-16,-0.));
#8485 = ORIENTED_EDGE('',*,*,#8486,.F.);
#8486 = EDGE_CURVE('',#8487,#8478,#8489,.T.);
#8487 = VERTEX_POINT('',#8488);
#8488 = CARTESIAN_POINT('',(82.092964185928,-60.07112014224,0.));
#8489 = LINE('',#8490,#8491);
#8490 = CARTESIAN_POINT('',(82.092964185928,-60.07112014224,0.));
#8491 = VECTOR('',#8492,1.);
#8492 = DIRECTION('',(0.,0.,1.));
#8493 = ORIENTED_EDGE('',*,*,#8494,.F.);
#8494 = EDGE_CURVE('',#8468,#8487,#8495,.T.);
#8495 = CIRCLE('',#8496,0.457200914402);
#8496 = AXIS2_PLACEMENT_3D('',#8497,#8498,#8499);
#8497 = CARTESIAN_POINT('',(82.55016510033,-60.07112014224,0.));
#8498 = DIRECTION('',(0.,0.,1.));
#8499 = DIRECTION('',(1.,1.110223024625E-16,-0.));
#8500 = CYLINDRICAL_SURFACE('',#8501,0.457200914402);
#8501 = AXIS2_PLACEMENT_3D('',#8502,#8503,#8504);
#8502 = CARTESIAN_POINT('',(82.55016510033,-60.07112014224,0.));
#8503 = DIRECTION('',(-0.,-0.,-1.));
#8504 = DIRECTION('',(1.,1.110223024625E-16,-0.));
#8505 = ADVANCED_FACE('',(#8506),#8524,.F.);
#8506 = FACE_BOUND('',#8507,.T.);
#8507 = EDGE_LOOP('',(#8508,#8509,#8516,#8517));
#8508 = ORIENTED_EDGE('',*,*,#8486,.T.);
#8509 = ORIENTED_EDGE('',*,*,#8510,.T.);
#8510 = EDGE_CURVE('',#8478,#8470,#8511,.T.);
#8511 = CIRCLE('',#8512,0.457200914402);
#8512 = AXIS2_PLACEMENT_3D('',#8513,#8514,#8515);
#8513 = CARTESIAN_POINT('',(82.55016510033,-60.07112014224,
    1.600028244856));
#8514 = DIRECTION('',(0.,0.,1.));
#8515 = DIRECTION('',(-1.,-1.110223024625E-16,0.));
#8516 = ORIENTED_EDGE('',*,*,#8467,.F.);
#8517 = ORIENTED_EDGE('',*,*,#8518,.F.);
#8518 = EDGE_CURVE('',#8487,#8468,#8519,.T.);
#8519 = CIRCLE('',#8520,0.457200914402);
#8520 = AXIS2_PLACEMENT_3D('',#8521,#8522,#8523);
#8521 = CARTESIAN_POINT('',(82.55016510033,-60.07112014224,0.));
#8522 = DIRECTION('',(0.,0.,1.));
#8523 = DIRECTION('',(-1.,-1.110223024625E-16,0.));
#8524 = CYLINDRICAL_SURFACE('',#8525,0.457200914402);
#8525 = AXIS2_PLACEMENT_3D('',#8526,#8527,#8528);
#8526 = CARTESIAN_POINT('',(82.55016510033,-60.07112014224,0.));
#8527 = DIRECTION('',(-0.,-0.,-1.));
#8528 = DIRECTION('',(-1.,-1.110223024625E-16,0.));
#8529 = ADVANCED_FACE('',(#8530,#8542,#8546,#8550,#8554,#8558,#8562,
    #8566,#8570,#8574,#8578,#8582,#8586,#8590,#8594,#8598,#8602,#8606,
    #8610,#8614,#8618,#8622,#8626,#8630,#8634,#8638,#8642,#8646,#8650,
    #8654,#8658,#8662,#8666,#8670,#8674,#8678,#8682,#8686,#8690,#8694,
    #8698,#8702,#8706,#8710,#8714,#8718,#8722,#8726,#8730,#8734,#8738,
    #8742,#8746,#8750,#8754,#8758,#8762,#8766,#8770,#8774,#8778,#8782,
    #8786,#8790,#8794,#8798,#8802,#8806,#8810,#8814,#8818,#8822,#8826,
    #8830,#8834,#8838,#8842,#8846,#8850,#8854),#8858,.T.);
#8530 = FACE_BOUND('',#8531,.T.);
#8531 = EDGE_LOOP('',(#8532,#8533,#8534,#8535,#8536,#8537,#8538,#8539,
    #8540,#8541));
#8532 = ORIENTED_EDGE('',*,*,#3031,.T.);
#8533 = ORIENTED_EDGE('',*,*,#3062,.T.);
#8534 = ORIENTED_EDGE('',*,*,#3094,.T.);
#8535 = ORIENTED_EDGE('',*,*,#3126,.T.);
#8536 = ORIENTED_EDGE('',*,*,#3157,.T.);
#8537 = ORIENTED_EDGE('',*,*,#3188,.T.);
#8538 = ORIENTED_EDGE('',*,*,#3219,.T.);
#8539 = ORIENTED_EDGE('',*,*,#3250,.T.);
#8540 = ORIENTED_EDGE('',*,*,#3282,.T.);
#8541 = ORIENTED_EDGE('',*,*,#3305,.T.);
#8542 = FACE_BOUND('',#8543,.T.);
#8543 = EDGE_LOOP('',(#8544,#8545));
#8544 = ORIENTED_EDGE('',*,*,#3346,.T.);
#8545 = ORIENTED_EDGE('',*,*,#3370,.T.);
#8546 = FACE_BOUND('',#8547,.T.);
#8547 = EDGE_LOOP('',(#8548,#8549));
#8548 = ORIENTED_EDGE('',*,*,#3412,.T.);
#8549 = ORIENTED_EDGE('',*,*,#3436,.T.);
#8550 = FACE_BOUND('',#8551,.T.);
#8551 = EDGE_LOOP('',(#8552,#8553));
#8552 = ORIENTED_EDGE('',*,*,#3478,.T.);
#8553 = ORIENTED_EDGE('',*,*,#3502,.T.);
#8554 = FACE_BOUND('',#8555,.T.);
#8555 = EDGE_LOOP('',(#8556,#8557));
#8556 = ORIENTED_EDGE('',*,*,#3544,.T.);
#8557 = ORIENTED_EDGE('',*,*,#3568,.T.);
#8558 = FACE_BOUND('',#8559,.T.);
#8559 = EDGE_LOOP('',(#8560,#8561));
#8560 = ORIENTED_EDGE('',*,*,#3610,.T.);
#8561 = ORIENTED_EDGE('',*,*,#3634,.T.);
#8562 = FACE_BOUND('',#8563,.T.);
#8563 = EDGE_LOOP('',(#8564,#8565));
#8564 = ORIENTED_EDGE('',*,*,#3676,.T.);
#8565 = ORIENTED_EDGE('',*,*,#3700,.T.);
#8566 = FACE_BOUND('',#8567,.T.);
#8567 = EDGE_LOOP('',(#8568,#8569));
#8568 = ORIENTED_EDGE('',*,*,#3742,.T.);
#8569 = ORIENTED_EDGE('',*,*,#3766,.T.);
#8570 = FACE_BOUND('',#8571,.T.);
#8571 = EDGE_LOOP('',(#8572,#8573));
#8572 = ORIENTED_EDGE('',*,*,#3808,.T.);
#8573 = ORIENTED_EDGE('',*,*,#3832,.T.);
#8574 = FACE_BOUND('',#8575,.T.);
#8575 = EDGE_LOOP('',(#8576,#8577));
#8576 = ORIENTED_EDGE('',*,*,#3874,.T.);
#8577 = ORIENTED_EDGE('',*,*,#3898,.T.);
#8578 = FACE_BOUND('',#8579,.T.);
#8579 = EDGE_LOOP('',(#8580,#8581));
#8580 = ORIENTED_EDGE('',*,*,#3940,.T.);
#8581 = ORIENTED_EDGE('',*,*,#3964,.T.);
#8582 = FACE_BOUND('',#8583,.T.);
#8583 = EDGE_LOOP('',(#8584,#8585));
#8584 = ORIENTED_EDGE('',*,*,#4006,.T.);
#8585 = ORIENTED_EDGE('',*,*,#4030,.T.);
#8586 = FACE_BOUND('',#8587,.T.);
#8587 = EDGE_LOOP('',(#8588,#8589));
#8588 = ORIENTED_EDGE('',*,*,#4072,.T.);
#8589 = ORIENTED_EDGE('',*,*,#4096,.T.);
#8590 = FACE_BOUND('',#8591,.T.);
#8591 = EDGE_LOOP('',(#8592,#8593));
#8592 = ORIENTED_EDGE('',*,*,#4138,.T.);
#8593 = ORIENTED_EDGE('',*,*,#4162,.T.);
#8594 = FACE_BOUND('',#8595,.T.);
#8595 = EDGE_LOOP('',(#8596,#8597));
#8596 = ORIENTED_EDGE('',*,*,#4204,.T.);
#8597 = ORIENTED_EDGE('',*,*,#4228,.T.);
#8598 = FACE_BOUND('',#8599,.T.);
#8599 = EDGE_LOOP('',(#8600,#8601));
#8600 = ORIENTED_EDGE('',*,*,#4270,.T.);
#8601 = ORIENTED_EDGE('',*,*,#4294,.T.);
#8602 = FACE_BOUND('',#8603,.T.);
#8603 = EDGE_LOOP('',(#8604,#8605));
#8604 = ORIENTED_EDGE('',*,*,#4336,.T.);
#8605 = ORIENTED_EDGE('',*,*,#4360,.T.);
#8606 = FACE_BOUND('',#8607,.T.);
#8607 = EDGE_LOOP('',(#8608,#8609));
#8608 = ORIENTED_EDGE('',*,*,#4402,.T.);
#8609 = ORIENTED_EDGE('',*,*,#4426,.T.);
#8610 = FACE_BOUND('',#8611,.T.);
#8611 = EDGE_LOOP('',(#8612,#8613));
#8612 = ORIENTED_EDGE('',*,*,#4468,.T.);
#8613 = ORIENTED_EDGE('',*,*,#4492,.T.);
#8614 = FACE_BOUND('',#8615,.T.);
#8615 = EDGE_LOOP('',(#8616,#8617));
#8616 = ORIENTED_EDGE('',*,*,#4534,.T.);
#8617 = ORIENTED_EDGE('',*,*,#4558,.T.);
#8618 = FACE_BOUND('',#8619,.T.);
#8619 = EDGE_LOOP('',(#8620,#8621));
#8620 = ORIENTED_EDGE('',*,*,#4600,.T.);
#8621 = ORIENTED_EDGE('',*,*,#4624,.T.);
#8622 = FACE_BOUND('',#8623,.T.);
#8623 = EDGE_LOOP('',(#8624,#8625));
#8624 = ORIENTED_EDGE('',*,*,#4666,.T.);
#8625 = ORIENTED_EDGE('',*,*,#4690,.T.);
#8626 = FACE_BOUND('',#8627,.T.);
#8627 = EDGE_LOOP('',(#8628,#8629));
#8628 = ORIENTED_EDGE('',*,*,#4732,.T.);
#8629 = ORIENTED_EDGE('',*,*,#4756,.T.);
#8630 = FACE_BOUND('',#8631,.T.);
#8631 = EDGE_LOOP('',(#8632,#8633));
#8632 = ORIENTED_EDGE('',*,*,#4798,.T.);
#8633 = ORIENTED_EDGE('',*,*,#4822,.T.);
#8634 = FACE_BOUND('',#8635,.T.);
#8635 = EDGE_LOOP('',(#8636,#8637));
#8636 = ORIENTED_EDGE('',*,*,#4864,.T.);
#8637 = ORIENTED_EDGE('',*,*,#4888,.T.);
#8638 = FACE_BOUND('',#8639,.T.);
#8639 = EDGE_LOOP('',(#8640,#8641));
#8640 = ORIENTED_EDGE('',*,*,#4930,.T.);
#8641 = ORIENTED_EDGE('',*,*,#4954,.T.);
#8642 = FACE_BOUND('',#8643,.T.);
#8643 = EDGE_LOOP('',(#8644,#8645));
#8644 = ORIENTED_EDGE('',*,*,#4996,.T.);
#8645 = ORIENTED_EDGE('',*,*,#5020,.T.);
#8646 = FACE_BOUND('',#8647,.T.);
#8647 = EDGE_LOOP('',(#8648,#8649));
#8648 = ORIENTED_EDGE('',*,*,#5062,.T.);
#8649 = ORIENTED_EDGE('',*,*,#5086,.T.);
#8650 = FACE_BOUND('',#8651,.T.);
#8651 = EDGE_LOOP('',(#8652,#8653));
#8652 = ORIENTED_EDGE('',*,*,#5128,.T.);
#8653 = ORIENTED_EDGE('',*,*,#5152,.T.);
#8654 = FACE_BOUND('',#8655,.T.);
#8655 = EDGE_LOOP('',(#8656,#8657));
#8656 = ORIENTED_EDGE('',*,*,#5194,.T.);
#8657 = ORIENTED_EDGE('',*,*,#5218,.T.);
#8658 = FACE_BOUND('',#8659,.T.);
#8659 = EDGE_LOOP('',(#8660,#8661));
#8660 = ORIENTED_EDGE('',*,*,#5260,.T.);
#8661 = ORIENTED_EDGE('',*,*,#5284,.T.);
#8662 = FACE_BOUND('',#8663,.T.);
#8663 = EDGE_LOOP('',(#8664,#8665));
#8664 = ORIENTED_EDGE('',*,*,#5326,.T.);
#8665 = ORIENTED_EDGE('',*,*,#5350,.T.);
#8666 = FACE_BOUND('',#8667,.T.);
#8667 = EDGE_LOOP('',(#8668,#8669));
#8668 = ORIENTED_EDGE('',*,*,#5392,.T.);
#8669 = ORIENTED_EDGE('',*,*,#5416,.T.);
#8670 = FACE_BOUND('',#8671,.T.);
#8671 = EDGE_LOOP('',(#8672,#8673));
#8672 = ORIENTED_EDGE('',*,*,#5458,.T.);
#8673 = ORIENTED_EDGE('',*,*,#5482,.T.);
#8674 = FACE_BOUND('',#8675,.T.);
#8675 = EDGE_LOOP('',(#8676,#8677));
#8676 = ORIENTED_EDGE('',*,*,#5524,.T.);
#8677 = ORIENTED_EDGE('',*,*,#5548,.T.);
#8678 = FACE_BOUND('',#8679,.T.);
#8679 = EDGE_LOOP('',(#8680,#8681));
#8680 = ORIENTED_EDGE('',*,*,#5590,.T.);
#8681 = ORIENTED_EDGE('',*,*,#5614,.T.);
#8682 = FACE_BOUND('',#8683,.T.);
#8683 = EDGE_LOOP('',(#8684,#8685));
#8684 = ORIENTED_EDGE('',*,*,#5656,.T.);
#8685 = ORIENTED_EDGE('',*,*,#5680,.T.);
#8686 = FACE_BOUND('',#8687,.T.);
#8687 = EDGE_LOOP('',(#8688,#8689));
#8688 = ORIENTED_EDGE('',*,*,#5722,.T.);
#8689 = ORIENTED_EDGE('',*,*,#5746,.T.);
#8690 = FACE_BOUND('',#8691,.T.);
#8691 = EDGE_LOOP('',(#8692,#8693));
#8692 = ORIENTED_EDGE('',*,*,#5788,.T.);
#8693 = ORIENTED_EDGE('',*,*,#5812,.T.);
#8694 = FACE_BOUND('',#8695,.T.);
#8695 = EDGE_LOOP('',(#8696,#8697));
#8696 = ORIENTED_EDGE('',*,*,#5854,.T.);
#8697 = ORIENTED_EDGE('',*,*,#5878,.T.);
#8698 = FACE_BOUND('',#8699,.T.);
#8699 = EDGE_LOOP('',(#8700,#8701));
#8700 = ORIENTED_EDGE('',*,*,#5920,.T.);
#8701 = ORIENTED_EDGE('',*,*,#5944,.T.);
#8702 = FACE_BOUND('',#8703,.T.);
#8703 = EDGE_LOOP('',(#8704,#8705));
#8704 = ORIENTED_EDGE('',*,*,#5986,.T.);
#8705 = ORIENTED_EDGE('',*,*,#6010,.T.);
#8706 = FACE_BOUND('',#8707,.T.);
#8707 = EDGE_LOOP('',(#8708,#8709));
#8708 = ORIENTED_EDGE('',*,*,#6052,.T.);
#8709 = ORIENTED_EDGE('',*,*,#6076,.T.);
#8710 = FACE_BOUND('',#8711,.T.);
#8711 = EDGE_LOOP('',(#8712,#8713));
#8712 = ORIENTED_EDGE('',*,*,#6118,.T.);
#8713 = ORIENTED_EDGE('',*,*,#6142,.T.);
#8714 = FACE_BOUND('',#8715,.T.);
#8715 = EDGE_LOOP('',(#8716,#8717));
#8716 = ORIENTED_EDGE('',*,*,#6184,.T.);
#8717 = ORIENTED_EDGE('',*,*,#6208,.T.);
#8718 = FACE_BOUND('',#8719,.T.);
#8719 = EDGE_LOOP('',(#8720,#8721));
#8720 = ORIENTED_EDGE('',*,*,#6250,.T.);
#8721 = ORIENTED_EDGE('',*,*,#6274,.T.);
#8722 = FACE_BOUND('',#8723,.T.);
#8723 = EDGE_LOOP('',(#8724,#8725));
#8724 = ORIENTED_EDGE('',*,*,#6316,.T.);
#8725 = ORIENTED_EDGE('',*,*,#6340,.T.);
#8726 = FACE_BOUND('',#8727,.T.);
#8727 = EDGE_LOOP('',(#8728,#8729));
#8728 = ORIENTED_EDGE('',*,*,#6382,.T.);
#8729 = ORIENTED_EDGE('',*,*,#6406,.T.);
#8730 = FACE_BOUND('',#8731,.T.);
#8731 = EDGE_LOOP('',(#8732,#8733));
#8732 = ORIENTED_EDGE('',*,*,#6448,.T.);
#8733 = ORIENTED_EDGE('',*,*,#6472,.T.);
#8734 = FACE_BOUND('',#8735,.T.);
#8735 = EDGE_LOOP('',(#8736,#8737));
#8736 = ORIENTED_EDGE('',*,*,#6514,.T.);
#8737 = ORIENTED_EDGE('',*,*,#6538,.T.);
#8738 = FACE_BOUND('',#8739,.T.);
#8739 = EDGE_LOOP('',(#8740,#8741));
#8740 = ORIENTED_EDGE('',*,*,#6580,.T.);
#8741 = ORIENTED_EDGE('',*,*,#6604,.T.);
#8742 = FACE_BOUND('',#8743,.T.);
#8743 = EDGE_LOOP('',(#8744,#8745));
#8744 = ORIENTED_EDGE('',*,*,#6646,.T.);
#8745 = ORIENTED_EDGE('',*,*,#6670,.T.);
#8746 = FACE_BOUND('',#8747,.T.);
#8747 = EDGE_LOOP('',(#8748,#8749));
#8748 = ORIENTED_EDGE('',*,*,#6712,.T.);
#8749 = ORIENTED_EDGE('',*,*,#6736,.T.);
#8750 = FACE_BOUND('',#8751,.T.);
#8751 = EDGE_LOOP('',(#8752,#8753));
#8752 = ORIENTED_EDGE('',*,*,#6778,.T.);
#8753 = ORIENTED_EDGE('',*,*,#6802,.T.);
#8754 = FACE_BOUND('',#8755,.T.);
#8755 = EDGE_LOOP('',(#8756,#8757));
#8756 = ORIENTED_EDGE('',*,*,#6844,.T.);
#8757 = ORIENTED_EDGE('',*,*,#6868,.T.);
#8758 = FACE_BOUND('',#8759,.T.);
#8759 = EDGE_LOOP('',(#8760,#8761));
#8760 = ORIENTED_EDGE('',*,*,#6910,.T.);
#8761 = ORIENTED_EDGE('',*,*,#6934,.T.);
#8762 = FACE_BOUND('',#8763,.T.);
#8763 = EDGE_LOOP('',(#8764,#8765));
#8764 = ORIENTED_EDGE('',*,*,#6976,.T.);
#8765 = ORIENTED_EDGE('',*,*,#7000,.T.);
#8766 = FACE_BOUND('',#8767,.T.);
#8767 = EDGE_LOOP('',(#8768,#8769));
#8768 = ORIENTED_EDGE('',*,*,#7042,.T.);
#8769 = ORIENTED_EDGE('',*,*,#7066,.T.);
#8770 = FACE_BOUND('',#8771,.T.);
#8771 = EDGE_LOOP('',(#8772,#8773));
#8772 = ORIENTED_EDGE('',*,*,#7108,.T.);
#8773 = ORIENTED_EDGE('',*,*,#7132,.T.);
#8774 = FACE_BOUND('',#8775,.T.);
#8775 = EDGE_LOOP('',(#8776,#8777));
#8776 = ORIENTED_EDGE('',*,*,#7174,.T.);
#8777 = ORIENTED_EDGE('',*,*,#7198,.T.);
#8778 = FACE_BOUND('',#8779,.T.);
#8779 = EDGE_LOOP('',(#8780,#8781));
#8780 = ORIENTED_EDGE('',*,*,#7240,.T.);
#8781 = ORIENTED_EDGE('',*,*,#7264,.T.);
#8782 = FACE_BOUND('',#8783,.T.);
#8783 = EDGE_LOOP('',(#8784,#8785));
#8784 = ORIENTED_EDGE('',*,*,#7306,.T.);
#8785 = ORIENTED_EDGE('',*,*,#7330,.T.);
#8786 = FACE_BOUND('',#8787,.T.);
#8787 = EDGE_LOOP('',(#8788,#8789));
#8788 = ORIENTED_EDGE('',*,*,#7372,.T.);
#8789 = ORIENTED_EDGE('',*,*,#7396,.T.);
#8790 = FACE_BOUND('',#8791,.T.);
#8791 = EDGE_LOOP('',(#8792,#8793));
#8792 = ORIENTED_EDGE('',*,*,#7438,.T.);
#8793 = ORIENTED_EDGE('',*,*,#7462,.T.);
#8794 = FACE_BOUND('',#8795,.T.);
#8795 = EDGE_LOOP('',(#8796,#8797));
#8796 = ORIENTED_EDGE('',*,*,#7504,.T.);
#8797 = ORIENTED_EDGE('',*,*,#7528,.T.);
#8798 = FACE_BOUND('',#8799,.T.);
#8799 = EDGE_LOOP('',(#8800,#8801));
#8800 = ORIENTED_EDGE('',*,*,#7570,.T.);
#8801 = ORIENTED_EDGE('',*,*,#7594,.T.);
#8802 = FACE_BOUND('',#8803,.T.);
#8803 = EDGE_LOOP('',(#8804,#8805));
#8804 = ORIENTED_EDGE('',*,*,#7636,.T.);
#8805 = ORIENTED_EDGE('',*,*,#7660,.T.);
#8806 = FACE_BOUND('',#8807,.T.);
#8807 = EDGE_LOOP('',(#8808,#8809));
#8808 = ORIENTED_EDGE('',*,*,#7702,.T.);
#8809 = ORIENTED_EDGE('',*,*,#7726,.T.);
#8810 = FACE_BOUND('',#8811,.T.);
#8811 = EDGE_LOOP('',(#8812,#8813));
#8812 = ORIENTED_EDGE('',*,*,#7768,.T.);
#8813 = ORIENTED_EDGE('',*,*,#7792,.T.);
#8814 = FACE_BOUND('',#8815,.T.);
#8815 = EDGE_LOOP('',(#8816,#8817));
#8816 = ORIENTED_EDGE('',*,*,#7834,.T.);
#8817 = ORIENTED_EDGE('',*,*,#7858,.T.);
#8818 = FACE_BOUND('',#8819,.T.);
#8819 = EDGE_LOOP('',(#8820,#8821));
#8820 = ORIENTED_EDGE('',*,*,#7900,.T.);
#8821 = ORIENTED_EDGE('',*,*,#7924,.T.);
#8822 = FACE_BOUND('',#8823,.T.);
#8823 = EDGE_LOOP('',(#8824,#8825));
#8824 = ORIENTED_EDGE('',*,*,#7966,.T.);
#8825 = ORIENTED_EDGE('',*,*,#7990,.T.);
#8826 = FACE_BOUND('',#8827,.T.);
#8827 = EDGE_LOOP('',(#8828,#8829));
#8828 = ORIENTED_EDGE('',*,*,#8032,.T.);
#8829 = ORIENTED_EDGE('',*,*,#8056,.T.);
#8830 = FACE_BOUND('',#8831,.T.);
#8831 = EDGE_LOOP('',(#8832,#8833));
#8832 = ORIENTED_EDGE('',*,*,#8098,.T.);
#8833 = ORIENTED_EDGE('',*,*,#8122,.T.);
#8834 = FACE_BOUND('',#8835,.T.);
#8835 = EDGE_LOOP('',(#8836,#8837));
#8836 = ORIENTED_EDGE('',*,*,#8164,.T.);
#8837 = ORIENTED_EDGE('',*,*,#8188,.T.);
#8838 = FACE_BOUND('',#8839,.T.);
#8839 = EDGE_LOOP('',(#8840,#8841));
#8840 = ORIENTED_EDGE('',*,*,#8230,.T.);
#8841 = ORIENTED_EDGE('',*,*,#8254,.T.);
#8842 = FACE_BOUND('',#8843,.T.);
#8843 = EDGE_LOOP('',(#8844,#8845));
#8844 = ORIENTED_EDGE('',*,*,#8296,.T.);
#8845 = ORIENTED_EDGE('',*,*,#8320,.T.);
#8846 = FACE_BOUND('',#8847,.T.);
#8847 = EDGE_LOOP('',(#8848,#8849));
#8848 = ORIENTED_EDGE('',*,*,#8362,.T.);
#8849 = ORIENTED_EDGE('',*,*,#8386,.T.);
#8850 = FACE_BOUND('',#8851,.T.);
#8851 = EDGE_LOOP('',(#8852,#8853));
#8852 = ORIENTED_EDGE('',*,*,#8428,.T.);
#8853 = ORIENTED_EDGE('',*,*,#8452,.T.);
#8854 = FACE_BOUND('',#8855,.T.);
#8855 = EDGE_LOOP('',(#8856,#8857));
#8856 = ORIENTED_EDGE('',*,*,#8494,.T.);
#8857 = ORIENTED_EDGE('',*,*,#8518,.T.);
#8858 = PLANE('',#8859);
#8859 = AXIS2_PLACEMENT_3D('',#8860,#8861,#8862);
#8860 = CARTESIAN_POINT('',(50.743853700173,-35.63943920544,0.));
#8861 = DIRECTION('',(-0.,-0.,-1.));
#8862 = DIRECTION('',(-1.,0.,0.));
#8863 = ADVANCED_FACE('',(#8864,#8876,#8880,#8884,#8888,#8892,#8896,
    #8900,#8904,#8908,#8912,#8916,#8920,#8924,#8928,#8932,#8936,#8940,
    #8944,#8948,#8952,#8956,#8960,#8964,#8968,#8972,#8976,#8980,#8984,
    #8988,#8992,#8996,#9000,#9004,#9008,#9012,#9016,#9020,#9024,#9028,
    #9032,#9036,#9040,#9044,#9048,#9052,#9056,#9060,#9064,#9068,#9072,
    #9076,#9080,#9084,#9088,#9092,#9096,#9100,#9104,#9108,#9112,#9116,
    #9120,#9124,#9128,#9132,#9136,#9140,#9144,#9148,#9152,#9156,#9160,
    #9164,#9168,#9172,#9176,#9180,#9184,#9188),#9192,.F.);
#8864 = FACE_BOUND('',#8865,.F.);
#8865 = EDGE_LOOP('',(#8866,#8867,#8868,#8869,#8870,#8871,#8872,#8873,
    #8874,#8875));
#8866 = ORIENTED_EDGE('',*,*,#3015,.T.);
#8867 = ORIENTED_EDGE('',*,*,#3046,.T.);
#8868 = ORIENTED_EDGE('',*,*,#3077,.T.);
#8869 = ORIENTED_EDGE('',*,*,#3110,.T.);
#8870 = ORIENTED_EDGE('',*,*,#3141,.T.);
#8871 = ORIENTED_EDGE('',*,*,#3172,.T.);
#8872 = ORIENTED_EDGE('',*,*,#3203,.T.);
#8873 = ORIENTED_EDGE('',*,*,#3234,.T.);
#8874 = ORIENTED_EDGE('',*,*,#3265,.T.);
#8875 = ORIENTED_EDGE('',*,*,#3298,.T.);
#8876 = FACE_BOUND('',#8877,.F.);
#8877 = EDGE_LOOP('',(#8878,#8879));
#8878 = ORIENTED_EDGE('',*,*,#3329,.T.);
#8879 = ORIENTED_EDGE('',*,*,#3362,.T.);
#8880 = FACE_BOUND('',#8881,.F.);
#8881 = EDGE_LOOP('',(#8882,#8883));
#8882 = ORIENTED_EDGE('',*,*,#3395,.T.);
#8883 = ORIENTED_EDGE('',*,*,#3428,.T.);
#8884 = FACE_BOUND('',#8885,.F.);
#8885 = EDGE_LOOP('',(#8886,#8887));
#8886 = ORIENTED_EDGE('',*,*,#3461,.T.);
#8887 = ORIENTED_EDGE('',*,*,#3494,.T.);
#8888 = FACE_BOUND('',#8889,.F.);
#8889 = EDGE_LOOP('',(#8890,#8891));
#8890 = ORIENTED_EDGE('',*,*,#3527,.T.);
#8891 = ORIENTED_EDGE('',*,*,#3560,.T.);
#8892 = FACE_BOUND('',#8893,.F.);
#8893 = EDGE_LOOP('',(#8894,#8895));
#8894 = ORIENTED_EDGE('',*,*,#3593,.T.);
#8895 = ORIENTED_EDGE('',*,*,#3626,.T.);
#8896 = FACE_BOUND('',#8897,.F.);
#8897 = EDGE_LOOP('',(#8898,#8899));
#8898 = ORIENTED_EDGE('',*,*,#3659,.T.);
#8899 = ORIENTED_EDGE('',*,*,#3692,.T.);
#8900 = FACE_BOUND('',#8901,.F.);
#8901 = EDGE_LOOP('',(#8902,#8903));
#8902 = ORIENTED_EDGE('',*,*,#3725,.T.);
#8903 = ORIENTED_EDGE('',*,*,#3758,.T.);
#8904 = FACE_BOUND('',#8905,.F.);
#8905 = EDGE_LOOP('',(#8906,#8907));
#8906 = ORIENTED_EDGE('',*,*,#3791,.T.);
#8907 = ORIENTED_EDGE('',*,*,#3824,.T.);
#8908 = FACE_BOUND('',#8909,.F.);
#8909 = EDGE_LOOP('',(#8910,#8911));
#8910 = ORIENTED_EDGE('',*,*,#3857,.T.);
#8911 = ORIENTED_EDGE('',*,*,#3890,.T.);
#8912 = FACE_BOUND('',#8913,.F.);
#8913 = EDGE_LOOP('',(#8914,#8915));
#8914 = ORIENTED_EDGE('',*,*,#3923,.T.);
#8915 = ORIENTED_EDGE('',*,*,#3956,.T.);
#8916 = FACE_BOUND('',#8917,.F.);
#8917 = EDGE_LOOP('',(#8918,#8919));
#8918 = ORIENTED_EDGE('',*,*,#3989,.T.);
#8919 = ORIENTED_EDGE('',*,*,#4022,.T.);
#8920 = FACE_BOUND('',#8921,.F.);
#8921 = EDGE_LOOP('',(#8922,#8923));
#8922 = ORIENTED_EDGE('',*,*,#4055,.T.);
#8923 = ORIENTED_EDGE('',*,*,#4088,.T.);
#8924 = FACE_BOUND('',#8925,.F.);
#8925 = EDGE_LOOP('',(#8926,#8927));
#8926 = ORIENTED_EDGE('',*,*,#4121,.T.);
#8927 = ORIENTED_EDGE('',*,*,#4154,.T.);
#8928 = FACE_BOUND('',#8929,.F.);
#8929 = EDGE_LOOP('',(#8930,#8931));
#8930 = ORIENTED_EDGE('',*,*,#4187,.T.);
#8931 = ORIENTED_EDGE('',*,*,#4220,.T.);
#8932 = FACE_BOUND('',#8933,.F.);
#8933 = EDGE_LOOP('',(#8934,#8935));
#8934 = ORIENTED_EDGE('',*,*,#4253,.T.);
#8935 = ORIENTED_EDGE('',*,*,#4286,.T.);
#8936 = FACE_BOUND('',#8937,.F.);
#8937 = EDGE_LOOP('',(#8938,#8939));
#8938 = ORIENTED_EDGE('',*,*,#4319,.T.);
#8939 = ORIENTED_EDGE('',*,*,#4352,.T.);
#8940 = FACE_BOUND('',#8941,.F.);
#8941 = EDGE_LOOP('',(#8942,#8943));
#8942 = ORIENTED_EDGE('',*,*,#4385,.T.);
#8943 = ORIENTED_EDGE('',*,*,#4418,.T.);
#8944 = FACE_BOUND('',#8945,.F.);
#8945 = EDGE_LOOP('',(#8946,#8947));
#8946 = ORIENTED_EDGE('',*,*,#4451,.T.);
#8947 = ORIENTED_EDGE('',*,*,#4484,.T.);
#8948 = FACE_BOUND('',#8949,.F.);
#8949 = EDGE_LOOP('',(#8950,#8951));
#8950 = ORIENTED_EDGE('',*,*,#4517,.T.);
#8951 = ORIENTED_EDGE('',*,*,#4550,.T.);
#8952 = FACE_BOUND('',#8953,.F.);
#8953 = EDGE_LOOP('',(#8954,#8955));
#8954 = ORIENTED_EDGE('',*,*,#4583,.T.);
#8955 = ORIENTED_EDGE('',*,*,#4616,.T.);
#8956 = FACE_BOUND('',#8957,.F.);
#8957 = EDGE_LOOP('',(#8958,#8959));
#8958 = ORIENTED_EDGE('',*,*,#4649,.T.);
#8959 = ORIENTED_EDGE('',*,*,#4682,.T.);
#8960 = FACE_BOUND('',#8961,.F.);
#8961 = EDGE_LOOP('',(#8962,#8963));
#8962 = ORIENTED_EDGE('',*,*,#4715,.T.);
#8963 = ORIENTED_EDGE('',*,*,#4748,.T.);
#8964 = FACE_BOUND('',#8965,.F.);
#8965 = EDGE_LOOP('',(#8966,#8967));
#8966 = ORIENTED_EDGE('',*,*,#4781,.T.);
#8967 = ORIENTED_EDGE('',*,*,#4814,.T.);
#8968 = FACE_BOUND('',#8969,.F.);
#8969 = EDGE_LOOP('',(#8970,#8971));
#8970 = ORIENTED_EDGE('',*,*,#4847,.T.);
#8971 = ORIENTED_EDGE('',*,*,#4880,.T.);
#8972 = FACE_BOUND('',#8973,.F.);
#8973 = EDGE_LOOP('',(#8974,#8975));
#8974 = ORIENTED_EDGE('',*,*,#4913,.T.);
#8975 = ORIENTED_EDGE('',*,*,#4946,.T.);
#8976 = FACE_BOUND('',#8977,.F.);
#8977 = EDGE_LOOP('',(#8978,#8979));
#8978 = ORIENTED_EDGE('',*,*,#4979,.T.);
#8979 = ORIENTED_EDGE('',*,*,#5012,.T.);
#8980 = FACE_BOUND('',#8981,.F.);
#8981 = EDGE_LOOP('',(#8982,#8983));
#8982 = ORIENTED_EDGE('',*,*,#5045,.T.);
#8983 = ORIENTED_EDGE('',*,*,#5078,.T.);
#8984 = FACE_BOUND('',#8985,.F.);
#8985 = EDGE_LOOP('',(#8986,#8987));
#8986 = ORIENTED_EDGE('',*,*,#5111,.T.);
#8987 = ORIENTED_EDGE('',*,*,#5144,.T.);
#8988 = FACE_BOUND('',#8989,.F.);
#8989 = EDGE_LOOP('',(#8990,#8991));
#8990 = ORIENTED_EDGE('',*,*,#5177,.T.);
#8991 = ORIENTED_EDGE('',*,*,#5210,.T.);
#8992 = FACE_BOUND('',#8993,.F.);
#8993 = EDGE_LOOP('',(#8994,#8995));
#8994 = ORIENTED_EDGE('',*,*,#5243,.T.);
#8995 = ORIENTED_EDGE('',*,*,#5276,.T.);
#8996 = FACE_BOUND('',#8997,.F.);
#8997 = EDGE_LOOP('',(#8998,#8999));
#8998 = ORIENTED_EDGE('',*,*,#5309,.T.);
#8999 = ORIENTED_EDGE('',*,*,#5342,.T.);
#9000 = FACE_BOUND('',#9001,.F.);
#9001 = EDGE_LOOP('',(#9002,#9003));
#9002 = ORIENTED_EDGE('',*,*,#5375,.T.);
#9003 = ORIENTED_EDGE('',*,*,#5408,.T.);
#9004 = FACE_BOUND('',#9005,.F.);
#9005 = EDGE_LOOP('',(#9006,#9007));
#9006 = ORIENTED_EDGE('',*,*,#5441,.T.);
#9007 = ORIENTED_EDGE('',*,*,#5474,.T.);
#9008 = FACE_BOUND('',#9009,.F.);
#9009 = EDGE_LOOP('',(#9010,#9011));
#9010 = ORIENTED_EDGE('',*,*,#5507,.T.);
#9011 = ORIENTED_EDGE('',*,*,#5540,.T.);
#9012 = FACE_BOUND('',#9013,.F.);
#9013 = EDGE_LOOP('',(#9014,#9015));
#9014 = ORIENTED_EDGE('',*,*,#5573,.T.);
#9015 = ORIENTED_EDGE('',*,*,#5606,.T.);
#9016 = FACE_BOUND('',#9017,.F.);
#9017 = EDGE_LOOP('',(#9018,#9019));
#9018 = ORIENTED_EDGE('',*,*,#5639,.T.);
#9019 = ORIENTED_EDGE('',*,*,#5672,.T.);
#9020 = FACE_BOUND('',#9021,.F.);
#9021 = EDGE_LOOP('',(#9022,#9023));
#9022 = ORIENTED_EDGE('',*,*,#5705,.T.);
#9023 = ORIENTED_EDGE('',*,*,#5738,.T.);
#9024 = FACE_BOUND('',#9025,.F.);
#9025 = EDGE_LOOP('',(#9026,#9027));
#9026 = ORIENTED_EDGE('',*,*,#5771,.T.);
#9027 = ORIENTED_EDGE('',*,*,#5804,.T.);
#9028 = FACE_BOUND('',#9029,.F.);
#9029 = EDGE_LOOP('',(#9030,#9031));
#9030 = ORIENTED_EDGE('',*,*,#5837,.T.);
#9031 = ORIENTED_EDGE('',*,*,#5870,.T.);
#9032 = FACE_BOUND('',#9033,.F.);
#9033 = EDGE_LOOP('',(#9034,#9035));
#9034 = ORIENTED_EDGE('',*,*,#5903,.T.);
#9035 = ORIENTED_EDGE('',*,*,#5936,.T.);
#9036 = FACE_BOUND('',#9037,.F.);
#9037 = EDGE_LOOP('',(#9038,#9039));
#9038 = ORIENTED_EDGE('',*,*,#5969,.T.);
#9039 = ORIENTED_EDGE('',*,*,#6002,.T.);
#9040 = FACE_BOUND('',#9041,.F.);
#9041 = EDGE_LOOP('',(#9042,#9043));
#9042 = ORIENTED_EDGE('',*,*,#6035,.T.);
#9043 = ORIENTED_EDGE('',*,*,#6068,.T.);
#9044 = FACE_BOUND('',#9045,.F.);
#9045 = EDGE_LOOP('',(#9046,#9047));
#9046 = ORIENTED_EDGE('',*,*,#6101,.T.);
#9047 = ORIENTED_EDGE('',*,*,#6134,.T.);
#9048 = FACE_BOUND('',#9049,.F.);
#9049 = EDGE_LOOP('',(#9050,#9051));
#9050 = ORIENTED_EDGE('',*,*,#6167,.T.);
#9051 = ORIENTED_EDGE('',*,*,#6200,.T.);
#9052 = FACE_BOUND('',#9053,.F.);
#9053 = EDGE_LOOP('',(#9054,#9055));
#9054 = ORIENTED_EDGE('',*,*,#6233,.T.);
#9055 = ORIENTED_EDGE('',*,*,#6266,.T.);
#9056 = FACE_BOUND('',#9057,.F.);
#9057 = EDGE_LOOP('',(#9058,#9059));
#9058 = ORIENTED_EDGE('',*,*,#6299,.T.);
#9059 = ORIENTED_EDGE('',*,*,#6332,.T.);
#9060 = FACE_BOUND('',#9061,.F.);
#9061 = EDGE_LOOP('',(#9062,#9063));
#9062 = ORIENTED_EDGE('',*,*,#6365,.T.);
#9063 = ORIENTED_EDGE('',*,*,#6398,.T.);
#9064 = FACE_BOUND('',#9065,.F.);
#9065 = EDGE_LOOP('',(#9066,#9067));
#9066 = ORIENTED_EDGE('',*,*,#6431,.T.);
#9067 = ORIENTED_EDGE('',*,*,#6464,.T.);
#9068 = FACE_BOUND('',#9069,.F.);
#9069 = EDGE_LOOP('',(#9070,#9071));
#9070 = ORIENTED_EDGE('',*,*,#6497,.T.);
#9071 = ORIENTED_EDGE('',*,*,#6530,.T.);
#9072 = FACE_BOUND('',#9073,.F.);
#9073 = EDGE_LOOP('',(#9074,#9075));
#9074 = ORIENTED_EDGE('',*,*,#6563,.T.);
#9075 = ORIENTED_EDGE('',*,*,#6596,.T.);
#9076 = FACE_BOUND('',#9077,.F.);
#9077 = EDGE_LOOP('',(#9078,#9079));
#9078 = ORIENTED_EDGE('',*,*,#6629,.T.);
#9079 = ORIENTED_EDGE('',*,*,#6662,.T.);
#9080 = FACE_BOUND('',#9081,.F.);
#9081 = EDGE_LOOP('',(#9082,#9083));
#9082 = ORIENTED_EDGE('',*,*,#6695,.T.);
#9083 = ORIENTED_EDGE('',*,*,#6728,.T.);
#9084 = FACE_BOUND('',#9085,.F.);
#9085 = EDGE_LOOP('',(#9086,#9087));
#9086 = ORIENTED_EDGE('',*,*,#6761,.T.);
#9087 = ORIENTED_EDGE('',*,*,#6794,.T.);
#9088 = FACE_BOUND('',#9089,.F.);
#9089 = EDGE_LOOP('',(#9090,#9091));
#9090 = ORIENTED_EDGE('',*,*,#6827,.T.);
#9091 = ORIENTED_EDGE('',*,*,#6860,.T.);
#9092 = FACE_BOUND('',#9093,.F.);
#9093 = EDGE_LOOP('',(#9094,#9095));
#9094 = ORIENTED_EDGE('',*,*,#6893,.T.);
#9095 = ORIENTED_EDGE('',*,*,#6926,.T.);
#9096 = FACE_BOUND('',#9097,.F.);
#9097 = EDGE_LOOP('',(#9098,#9099));
#9098 = ORIENTED_EDGE('',*,*,#6959,.T.);
#9099 = ORIENTED_EDGE('',*,*,#6992,.T.);
#9100 = FACE_BOUND('',#9101,.F.);
#9101 = EDGE_LOOP('',(#9102,#9103));
#9102 = ORIENTED_EDGE('',*,*,#7025,.T.);
#9103 = ORIENTED_EDGE('',*,*,#7058,.T.);
#9104 = FACE_BOUND('',#9105,.F.);
#9105 = EDGE_LOOP('',(#9106,#9107));
#9106 = ORIENTED_EDGE('',*,*,#7091,.T.);
#9107 = ORIENTED_EDGE('',*,*,#7124,.T.);
#9108 = FACE_BOUND('',#9109,.F.);
#9109 = EDGE_LOOP('',(#9110,#9111));
#9110 = ORIENTED_EDGE('',*,*,#7157,.T.);
#9111 = ORIENTED_EDGE('',*,*,#7190,.T.);
#9112 = FACE_BOUND('',#9113,.F.);
#9113 = EDGE_LOOP('',(#9114,#9115));
#9114 = ORIENTED_EDGE('',*,*,#7223,.T.);
#9115 = ORIENTED_EDGE('',*,*,#7256,.T.);
#9116 = FACE_BOUND('',#9117,.F.);
#9117 = EDGE_LOOP('',(#9118,#9119));
#9118 = ORIENTED_EDGE('',*,*,#7289,.T.);
#9119 = ORIENTED_EDGE('',*,*,#7322,.T.);
#9120 = FACE_BOUND('',#9121,.F.);
#9121 = EDGE_LOOP('',(#9122,#9123));
#9122 = ORIENTED_EDGE('',*,*,#7355,.T.);
#9123 = ORIENTED_EDGE('',*,*,#7388,.T.);
#9124 = FACE_BOUND('',#9125,.F.);
#9125 = EDGE_LOOP('',(#9126,#9127));
#9126 = ORIENTED_EDGE('',*,*,#7421,.T.);
#9127 = ORIENTED_EDGE('',*,*,#7454,.T.);
#9128 = FACE_BOUND('',#9129,.F.);
#9129 = EDGE_LOOP('',(#9130,#9131));
#9130 = ORIENTED_EDGE('',*,*,#7487,.T.);
#9131 = ORIENTED_EDGE('',*,*,#7520,.T.);
#9132 = FACE_BOUND('',#9133,.F.);
#9133 = EDGE_LOOP('',(#9134,#9135));
#9134 = ORIENTED_EDGE('',*,*,#7553,.T.);
#9135 = ORIENTED_EDGE('',*,*,#7586,.T.);
#9136 = FACE_BOUND('',#9137,.F.);
#9137 = EDGE_LOOP('',(#9138,#9139));
#9138 = ORIENTED_EDGE('',*,*,#7619,.T.);
#9139 = ORIENTED_EDGE('',*,*,#7652,.T.);
#9140 = FACE_BOUND('',#9141,.F.);
#9141 = EDGE_LOOP('',(#9142,#9143));
#9142 = ORIENTED_EDGE('',*,*,#7685,.T.);
#9143 = ORIENTED_EDGE('',*,*,#7718,.T.);
#9144 = FACE_BOUND('',#9145,.F.);
#9145 = EDGE_LOOP('',(#9146,#9147));
#9146 = ORIENTED_EDGE('',*,*,#7751,.T.);
#9147 = ORIENTED_EDGE('',*,*,#7784,.T.);
#9148 = FACE_BOUND('',#9149,.F.);
#9149 = EDGE_LOOP('',(#9150,#9151));
#9150 = ORIENTED_EDGE('',*,*,#7817,.T.);
#9151 = ORIENTED_EDGE('',*,*,#7850,.T.);
#9152 = FACE_BOUND('',#9153,.F.);
#9153 = EDGE_LOOP('',(#9154,#9155));
#9154 = ORIENTED_EDGE('',*,*,#7883,.T.);
#9155 = ORIENTED_EDGE('',*,*,#7916,.T.);
#9156 = FACE_BOUND('',#9157,.F.);
#9157 = EDGE_LOOP('',(#9158,#9159));
#9158 = ORIENTED_EDGE('',*,*,#7949,.T.);
#9159 = ORIENTED_EDGE('',*,*,#7982,.T.);
#9160 = FACE_BOUND('',#9161,.F.);
#9161 = EDGE_LOOP('',(#9162,#9163));
#9162 = ORIENTED_EDGE('',*,*,#8015,.T.);
#9163 = ORIENTED_EDGE('',*,*,#8048,.T.);
#9164 = FACE_BOUND('',#9165,.F.);
#9165 = EDGE_LOOP('',(#9166,#9167));
#9166 = ORIENTED_EDGE('',*,*,#8081,.T.);
#9167 = ORIENTED_EDGE('',*,*,#8114,.T.);
#9168 = FACE_BOUND('',#9169,.F.);
#9169 = EDGE_LOOP('',(#9170,#9171));
#9170 = ORIENTED_EDGE('',*,*,#8147,.T.);
#9171 = ORIENTED_EDGE('',*,*,#8180,.T.);
#9172 = FACE_BOUND('',#9173,.F.);
#9173 = EDGE_LOOP('',(#9174,#9175));
#9174 = ORIENTED_EDGE('',*,*,#8213,.T.);
#9175 = ORIENTED_EDGE('',*,*,#8246,.T.);
#9176 = FACE_BOUND('',#9177,.F.);
#9177 = EDGE_LOOP('',(#9178,#9179));
#9178 = ORIENTED_EDGE('',*,*,#8279,.T.);
#9179 = ORIENTED_EDGE('',*,*,#8312,.T.);
#9180 = FACE_BOUND('',#9181,.F.);
#9181 = EDGE_LOOP('',(#9182,#9183));
#9182 = ORIENTED_EDGE('',*,*,#8345,.T.);
#9183 = ORIENTED_EDGE('',*,*,#8378,.T.);
#9184 = FACE_BOUND('',#9185,.F.);
#9185 = EDGE_LOOP('',(#9186,#9187));
#9186 = ORIENTED_EDGE('',*,*,#8411,.T.);
#9187 = ORIENTED_EDGE('',*,*,#8444,.T.);
#9188 = FACE_BOUND('',#9189,.F.);
#9189 = EDGE_LOOP('',(#9190,#9191));
#9190 = ORIENTED_EDGE('',*,*,#8477,.T.);
#9191 = ORIENTED_EDGE('',*,*,#8510,.T.);
#9192 = PLANE('',#9193);
#9193 = AXIS2_PLACEMENT_3D('',#9194,#9195,#9196);
#9194 = CARTESIAN_POINT('',(50.743853700173,-35.63943920544,
    1.600028244856));
#9195 = DIRECTION('',(-0.,-0.,-1.));
#9196 = DIRECTION('',(-1.,0.,0.));
#9197 = ( GEOMETRIC_REPRESENTATION_CONTEXT(3) 
GLOBAL_UNCERTAINTY_ASSIGNED_CONTEXT((#9201)) 
GLOBAL_UNIT_ASSIGNED_CONTEXT((#9198,#9199,#9200)) REPRESENTATION_CONTEXT
('Context #1','3D Context with UNIT and UNCERTAINTY') );
#9198 = ( LENGTH_UNIT() NAMED_UNIT(*) SI_UNIT(.MILLI.,.METRE.) );
#9199 = ( NAMED_UNIT(*) PLANE_ANGLE_UNIT() SI_UNIT($,.RADIAN.) );
#9200 = ( NAMED_UNIT(*) SI_UNIT($,.STERADIAN.) SOLID_ANGLE_UNIT() );
#9201 = UNCERTAINTY_MEASURE_WITH_UNIT(LENGTH_MEASURE(1.E-07),#9198,
  'distance_accuracy_value','confusion accuracy');
#9202 = CONTEXT_DEPENDENT_SHAPE_REPRESENTATION(#9203,#9205);
#9203 = ( REPRESENTATION_RELATIONSHIP('','',#72,#10) 
REPRESENTATION_RELATIONSHIP_WITH_TRANSFORMATION(#9204) 
SHAPE_REPRESENTATION_RELATIONSHIP() );
#9204 = ITEM_DEFINED_TRANSFORMATION('','',#11,#15);
#9205 = PRODUCT_DEFINITION_SHAPE('Placement','Placement of an item',
  #9206);
#9206 = NEXT_ASSEMBLY_USAGE_OCCURRENCE('1','=>[0:1:1:2]','',#5,#67,$);
#9207 = PRODUCT_RELATED_PRODUCT_CATEGORY('part',$,(#69));
#9208 = SHAPE_DEFINITION_REPRESENTATION(#9209,#9215);
#9209 = PRODUCT_DEFINITION_SHAPE('','',#9210);
#9210 = PRODUCT_DEFINITION('design','',#9211,#9214);
#9211 = PRODUCT_DEFINITION_FORMATION('','',#9212);
#9212 = PRODUCT('TopCopper~5Y95','TopCopper~5Y95','',(#9213));
#9213 = PRODUCT_CONTEXT('',#2,'mechanical');
#9214 = PRODUCT_DEFINITION_CONTEXT('part definition',#2,'design');
#9215 = SHAPE_REPRESENTATION('',(#11),#9216);
#9216 = ( GEOMETRIC_REPRESENTATION_CONTEXT(3) 
GLOBAL_UNCERTAINTY_ASSIGNED_CONTEXT((#9220)) 
GLOBAL_UNIT_ASSIGNED_CONTEXT((#9217,#9218,#9219)) REPRESENTATION_CONTEXT
('Context #1','3D Context with UNIT and UNCERTAINTY') );
#9217 = ( LENGTH_UNIT() NAMED_UNIT(*) SI_UNIT(.MILLI.,.METRE.) );
#9218 = ( NAMED_UNIT(*) PLANE_ANGLE_UNIT() SI_UNIT($,.RADIAN.) );
#9219 = ( NAMED_UNIT(*) SI_UNIT($,.STERADIAN.) SOLID_ANGLE_UNIT() );
#9220 = UNCERTAINTY_MEASURE_WITH_UNIT(LENGTH_MEASURE(1.E-07),#9217,
  'distance_accuracy_value','confusion accuracy');
#9221 = CONTEXT_DEPENDENT_SHAPE_REPRESENTATION(#9222,#9224);
#9222 = ( REPRESENTATION_RELATIONSHIP('','',#9215,#10) 
REPRESENTATION_RELATIONSHIP_WITH_TRANSFORMATION(#9223) 
SHAPE_REPRESENTATION_RELATIONSHIP() );
#9223 = ITEM_DEFINED_TRANSFORMATION('','',#11,#19);
#9224 = PRODUCT_DEFINITION_SHAPE('Placement','Placement of an item',
  #9225);
#9225 = NEXT_ASSEMBLY_USAGE_OCCURRENCE('2','=>[0:1:1:3]','',#5,#9210,$);
#9226 = PRODUCT_RELATED_PRODUCT_CATEGORY('part',$,(#9212));
#9227 = SHAPE_DEFINITION_REPRESENTATION(#9228,#9234);
#9228 = PRODUCT_DEFINITION_SHAPE('','',#9229);
#9229 = PRODUCT_DEFINITION('design','',#9230,#9233);
#9230 = PRODUCT_DEFINITION_FORMATION('','',#9231);
#9231 = PRODUCT('BottomCopper~5Y95','BottomCopper~5Y95','',(#9232));
#9232 = PRODUCT_CONTEXT('',#2,'mechanical');
#9233 = PRODUCT_DEFINITION_CONTEXT('part definition',#2,'design');
#9234 = SHAPE_REPRESENTATION('',(#11),#9235);
#9235 = ( GEOMETRIC_REPRESENTATION_CONTEXT(3) 
GLOBAL_UNCERTAINTY_ASSIGNED_CONTEXT((#9239)) 
GLOBAL_UNIT_ASSIGNED_CONTEXT((#9236,#9237,#9238)) REPRESENTATION_CONTEXT
('Context #1','3D Context with UNIT and UNCERTAINTY') );
#9236 = ( LENGTH_UNIT() NAMED_UNIT(*) SI_UNIT(.MILLI.,.METRE.) );
#9237 = ( NAMED_UNIT(*) PLANE_ANGLE_UNIT() SI_UNIT($,.RADIAN.) );
#9238 = ( NAMED_UNIT(*) SI_UNIT($,.STERADIAN.) SOLID_ANGLE_UNIT() );
#9239 = UNCERTAINTY_MEASURE_WITH_UNIT(LENGTH_MEASURE(1.E-07),#9236,
  'distance_accuracy_value','confusion accuracy');
#9240 = CONTEXT_DEPENDENT_SHAPE_REPRESENTATION(#9241,#9243);
#9241 = ( REPRESENTATION_RELATIONSHIP('','',#9234,#10) 
REPRESENTATION_RELATIONSHIP_WITH_TRANSFORMATION(#9242) 
SHAPE_REPRESENTATION_RELATIONSHIP() );
#9242 = ITEM_DEFINED_TRANSFORMATION('','',#11,#23);
#9243 = PRODUCT_DEFINITION_SHAPE('Placement','Placement of an item',
  #9244);
#9244 = NEXT_ASSEMBLY_USAGE_OCCURRENCE('3','=>[0:1:1:4]','',#5,#9229,$);
#9245 = PRODUCT_RELATED_PRODUCT_CATEGORY('part',$,(#9231));
#9246 = SHAPE_DEFINITION_REPRESENTATION(#9247,#9253);
#9247 = PRODUCT_DEFINITION_SHAPE('','',#9248);
#9248 = PRODUCT_DEFINITION('design','',#9249,#9252);
#9249 = PRODUCT_DEFINITION_FORMATION('','',#9250);
#9250 = PRODUCT('TopFpcStiffener~5Y95','TopFpcStiffener~5Y95','',(#9251)
  );
#9251 = PRODUCT_CONTEXT('',#2,'mechanical');
#9252 = PRODUCT_DEFINITION_CONTEXT('part definition',#2,'design');
#9253 = SHAPE_REPRESENTATION('',(#11),#9254);
#9254 = ( GEOMETRIC_REPRESENTATION_CONTEXT(3) 
GLOBAL_UNCERTAINTY_ASSIGNED_CONTEXT((#9258)) 
GLOBAL_UNIT_ASSIGNED_CONTEXT((#9255,#9256,#9257)) REPRESENTATION_CONTEXT
('Context #1','3D Context with UNIT and UNCERTAINTY') );
#9255 = ( LENGTH_UNIT() NAMED_UNIT(*) SI_UNIT(.MILLI.,.METRE.) );
#9256 = ( NAMED_UNIT(*) PLANE_ANGLE_UNIT() SI_UNIT($,.RADIAN.) );
#9257 = ( NAMED_UNIT(*) SI_UNIT($,.STERADIAN.) SOLID_ANGLE_UNIT() );
#9258 = UNCERTAINTY_MEASURE_WITH_UNIT(LENGTH_MEASURE(1.E-07),#9255,
  'distance_accuracy_value','confusion accuracy');
#9259 = CONTEXT_DEPENDENT_SHAPE_REPRESENTATION(#9260,#9262);
#9260 = ( REPRESENTATION_RELATIONSHIP('','',#9253,#10) 
REPRESENTATION_RELATIONSHIP_WITH_TRANSFORMATION(#9261) 
SHAPE_REPRESENTATION_RELATIONSHIP() );
#9261 = ITEM_DEFINED_TRANSFORMATION('','',#11,#27);
#9262 = PRODUCT_DEFINITION_SHAPE('Placement','Placement of an item',
  #9263);
#9263 = NEXT_ASSEMBLY_USAGE_OCCURRENCE('4','=>[0:1:1:5]','',#5,#9248,$);
#9264 = PRODUCT_RELATED_PRODUCT_CATEGORY('part',$,(#9250));
#9265 = SHAPE_DEFINITION_REPRESENTATION(#9266,#9272);
#9266 = PRODUCT_DEFINITION_SHAPE('','',#9267);
#9267 = PRODUCT_DEFINITION('design','',#9268,#9271);
#9268 = PRODUCT_DEFINITION_FORMATION('','',#9269);
#9269 = PRODUCT('BottomFpcStiffener~5Y95','BottomFpcStiffener~5Y95','',(
    #9270));
#9270 = PRODUCT_CONTEXT('',#2,'mechanical');
#9271 = PRODUCT_DEFINITION_CONTEXT('part definition',#2,'design');
#9272 = SHAPE_REPRESENTATION('',(#11),#9273);
#9273 = ( GEOMETRIC_REPRESENTATION_CONTEXT(3) 
GLOBAL_UNCERTAINTY_ASSIGNED_CONTEXT((#9277)) 
GLOBAL_UNIT_ASSIGNED_CONTEXT((#9274,#9275,#9276)) REPRESENTATION_CONTEXT
('Context #1','3D Context with UNIT and UNCERTAINTY') );
#9274 = ( LENGTH_UNIT() NAMED_UNIT(*) SI_UNIT(.MILLI.,.METRE.) );
#9275 = ( NAMED_UNIT(*) PLANE_ANGLE_UNIT() SI_UNIT($,.RADIAN.) );
#9276 = ( NAMED_UNIT(*) SI_UNIT($,.STERADIAN.) SOLID_ANGLE_UNIT() );
#9277 = UNCERTAINTY_MEASURE_WITH_UNIT(LENGTH_MEASURE(1.E-07),#9274,
  'distance_accuracy_value','confusion accuracy');
#9278 = CONTEXT_DEPENDENT_SHAPE_REPRESENTATION(#9279,#9281);
#9279 = ( REPRESENTATION_RELATIONSHIP('','',#9272,#10) 
REPRESENTATION_RELATIONSHIP_WITH_TRANSFORMATION(#9280) 
SHAPE_REPRESENTATION_RELATIONSHIP() );
#9280 = ITEM_DEFINED_TRANSFORMATION('','',#11,#31);
#9281 = PRODUCT_DEFINITION_SHAPE('Placement','Placement of an item',
  #9282);
#9282 = NEXT_ASSEMBLY_USAGE_OCCURRENCE('5','=>[0:1:1:6]','',#5,#9267,$);
#9283 = PRODUCT_RELATED_PRODUCT_CATEGORY('part',$,(#9269));
#9284 = SHAPE_DEFINITION_REPRESENTATION(#9285,#9291);
#9285 = PRODUCT_DEFINITION_SHAPE('','',#9286);
#9286 = PRODUCT_DEFINITION('design','',#9287,#9290);
#9287 = PRODUCT_DEFINITION_FORMATION('','',#9288);
#9288 = PRODUCT('U1~CONN-TH_XH2.54-4P~CONN-TH_XH2.54-4P~5Y95',
  'U1~CONN-TH_XH2.54-4P~CONN-TH_XH2.54-4P~5Y95','',(#9289));
#9289 = PRODUCT_CONTEXT('',#2,'mechanical');
#9290 = PRODUCT_DEFINITION_CONTEXT('part definition',#2,'design');
#9291 = SHAPE_REPRESENTATION('',(#11,#9292),#9296);
#9292 = AXIS2_PLACEMENT_3D('',#9293,#9294,#9295);
#9293 = CARTESIAN_POINT('',(0.,0.,0.));
#9294 = DIRECTION('',(0.,0.,1.));
#9295 = DIRECTION('',(1.,0.,-0.));
#9296 = ( GEOMETRIC_REPRESENTATION_CONTEXT(3) 
GLOBAL_UNCERTAINTY_ASSIGNED_CONTEXT((#9300)) 
GLOBAL_UNIT_ASSIGNED_CONTEXT((#9297,#9298,#9299)) REPRESENTATION_CONTEXT
('Context #1','3D Context with UNIT and UNCERTAINTY') );
#9297 = ( LENGTH_UNIT() NAMED_UNIT(*) SI_UNIT(.MILLI.,.METRE.) );
#9298 = ( NAMED_UNIT(*) PLANE_ANGLE_UNIT() SI_UNIT($,.RADIAN.) );
#9299 = ( NAMED_UNIT(*) SI_UNIT($,.STERADIAN.) SOLID_ANGLE_UNIT() );
#9300 = UNCERTAINTY_MEASURE_WITH_UNIT(LENGTH_MEASURE(1.E-07),#9297,
  'distance_accuracy_value','confusion accuracy');
#9301 = CONTEXT_DEPENDENT_SHAPE_REPRESENTATION(#9302,#9304);
#9302 = ( REPRESENTATION_RELATIONSHIP('','',#9291,#10) 
REPRESENTATION_RELATIONSHIP_WITH_TRANSFORMATION(#9303) 
SHAPE_REPRESENTATION_RELATIONSHIP() );
#9303 = ITEM_DEFINED_TRANSFORMATION('','',#11,#35);
#9304 = PRODUCT_DEFINITION_SHAPE('Placement','Placement of an item',
  #9305);
#9305 = NEXT_ASSEMBLY_USAGE_OCCURRENCE('7','=>[0:1:1:7]','',#5,#9286,$);
#9306 = PRODUCT_RELATED_PRODUCT_CATEGORY('part',$,(#9288));
#9307 = SHAPE_DEFINITION_REPRESENTATION(#9308,#9314);
#9308 = PRODUCT_DEFINITION_SHAPE('','',#9309);
#9309 = PRODUCT_DEFINITION('design','',#9310,#9313);
#9310 = PRODUCT_DEFINITION_FORMATION('','',#9311);
#9311 = PRODUCT('CONN-TH_XH2.54-4P~CONN-TH_XH2.54-4P~5Y95',
  'CONN-TH_XH2.54-4P~CONN-TH_XH2.54-4P~5Y95','',(#9312));
#9312 = PRODUCT_CONTEXT('',#2,'mechanical');
#9313 = PRODUCT_DEFINITION_CONTEXT('part definition',#2,'design');
#9314 = ADVANCED_BREP_SHAPE_REPRESENTATION('',(#11,#9315),#15542);
#9315 = MANIFOLD_SOLID_BREP('',#9316);
#9316 = CLOSED_SHELL('',(#9317,#9357,#9397,#9437,#9904,#10105,#10179,
    #10253,#10327,#10401,#10577,#10624,#10671,#10718,#10765,#10803,
    #10850,#10881,#10903,#10950,#10988,#11010,#11073,#11133,#11189,
    #11363,#11394,#11406,#11558,#11598,#11615,#11650,#11667,#11684,
    #11701,#11718,#11735,#11752,#11764,#11781,#11798,#11815,#11832,
    #11849,#11866,#11878,#11890,#11902,#11914,#11926,#11938,#11950,
    #11962,#11974,#12005,#12029,#12053,#12070,#12110,#12132,#12149,
    #12166,#12178,#12209,#12233,#12257,#12274,#12314,#12336,#12353,
    #12370,#12382,#12413,#12437,#12461,#12478,#12518,#12540,#12557,
    #12574,#12586,#12617,#12641,#12665,#12682,#12722,#12744,#12761,
    #12778,#12790,#12821,#12861,#12892,#12909,#12926,#12948,#12965,
    #12982,#12994,#13025,#13065,#13096,#13113,#13130,#13161,#13201,
    #13232,#13249,#13266,#13297,#13337,#13368,#13385,#13402,#13424,
    #13441,#13458,#13470,#13492,#13509,#13526,#13538,#13560,#13577,
    #13594,#13606,#13630,#13654,#13678,#13702,#13719,#13733,#13774,
    #13842,#13987,#14004,#14055,#14090,#14107,#14142,#14193,#14244,
    #14274,#14298,#14322,#14346,#14370,#14394,#14418,#14442,#14466,
    #14490,#14514,#14531,#14551,#14575,#14599,#14673,#14740,#14827,
    #14858,#14932,#15006,#15030,#15047,#15071,#15095,#15119,#15136,
    #15160,#15177,#15251,#15282,#15306,#15344,#15368,#15406,#15423,
    #15436,#15450,#15467,#15484,#15501,#15518,#15530));
#9317 = ADVANCED_FACE('',(#9318),#9352,.T.);
#9318 = FACE_BOUND('',#9319,.T.);
#9319 = EDGE_LOOP('',(#9320,#9330,#9338,#9346));
#9320 = ORIENTED_EDGE('',*,*,#9321,.F.);
#9321 = EDGE_CURVE('',#9322,#9324,#9326,.T.);
#9322 = VERTEX_POINT('',#9323);
#9323 = CARTESIAN_POINT('',(-6.250025194518,-1.499999930941,
    6.899999769803));
#9324 = VERTEX_POINT('',#9325);
#9325 = CARTESIAN_POINT('',(-4.750025243846,-1.499999930941,
    6.899999769803));
#9326 = LINE('',#9327,#9328);
#9327 = CARTESIAN_POINT('',(-5.450025220826,-1.499999930941,
    6.899999769803));
#9328 = VECTOR('',#9329,1.);
#9329 = DIRECTION('',(1.,0.,0.));
#9330 = ORIENTED_EDGE('',*,*,#9331,.T.);
#9331 = EDGE_CURVE('',#9322,#9332,#9334,.T.);
#9332 = VERTEX_POINT('',#9333);
#9333 = CARTESIAN_POINT('',(-6.250025194518,-2.299999904633,
    6.899999769803));
#9334 = LINE('',#9335,#9336);
#9335 = CARTESIAN_POINT('',(-6.250025194518,3.499999904633,
    6.899999769803));
#9336 = VECTOR('',#9337,1.);
#9337 = DIRECTION('',(2.990902544788E-16,-1.,0.));
#9338 = ORIENTED_EDGE('',*,*,#9339,.T.);
#9339 = EDGE_CURVE('',#9332,#9340,#9342,.T.);
#9340 = VERTEX_POINT('',#9341);
#9341 = CARTESIAN_POINT('',(-4.750025243846,-2.299999904633,
    6.899999769803));
#9342 = LINE('',#9343,#9344);
#9343 = CARTESIAN_POINT('',(-6.250025194518,-2.299999904633,
    6.899999769803));
#9344 = VECTOR('',#9345,1.);
#9345 = DIRECTION('',(1.,0.,0.));
#9346 = ORIENTED_EDGE('',*,*,#9347,.F.);
#9347 = EDGE_CURVE('',#9324,#9340,#9348,.T.);
#9348 = LINE('',#9349,#9350);
#9349 = CARTESIAN_POINT('',(-4.750025243846,-1.299999937518,
    6.899999769803));
#9350 = VECTOR('',#9351,1.);
#9351 = DIRECTION('',(-0.,-1.,-0.));
#9352 = PLANE('',#9353);
#9353 = AXIS2_PLACEMENT_3D('',#9354,#9355,#9356);
#9354 = CARTESIAN_POINT('',(-2.54000508001E-05,0.6,6.899999769803));
#9355 = DIRECTION('',(0.,0.,1.));
#9356 = DIRECTION('',(1.,0.,0.));
#9357 = ADVANCED_FACE('',(#9358),#9392,.T.);
#9358 = FACE_BOUND('',#9359,.T.);
#9359 = EDGE_LOOP('',(#9360,#9370,#9378,#9386));
#9360 = ORIENTED_EDGE('',*,*,#9361,.T.);
#9361 = EDGE_CURVE('',#9362,#9364,#9366,.T.);
#9362 = VERTEX_POINT('',#9363);
#9363 = CARTESIAN_POINT('',(6.249974394416,-2.299999904633,
    6.899999769803));
#9364 = VERTEX_POINT('',#9365);
#9365 = CARTESIAN_POINT('',(6.249974394416,-1.499999930941,
    6.899999769803));
#9366 = LINE('',#9367,#9368);
#9367 = CARTESIAN_POINT('',(6.249974394416,3.499999904633,6.899999769803
    ));
#9368 = VECTOR('',#9369,1.);
#9369 = DIRECTION('',(-1.495451272394E-16,1.,0.));
#9370 = ORIENTED_EDGE('',*,*,#9371,.F.);
#9371 = EDGE_CURVE('',#9372,#9364,#9374,.T.);
#9372 = VERTEX_POINT('',#9373);
#9373 = CARTESIAN_POINT('',(4.749974443744,-1.499999930941,
    6.899999769803));
#9374 = LINE('',#9375,#9376);
#9375 = CARTESIAN_POINT('',(-5.450025220826,-1.499999930941,
    6.899999769803));
#9376 = VECTOR('',#9377,1.);
#9377 = DIRECTION('',(1.,0.,0.));
#9378 = ORIENTED_EDGE('',*,*,#9379,.T.);
#9379 = EDGE_CURVE('',#9372,#9380,#9382,.T.);
#9380 = VERTEX_POINT('',#9381);
#9381 = CARTESIAN_POINT('',(4.749974443744,-2.299999904633,
    6.899999769803));
#9382 = LINE('',#9383,#9384);
#9383 = CARTESIAN_POINT('',(4.749974443744,-1.299999937518,
    6.899999769803));
#9384 = VECTOR('',#9385,1.);
#9385 = DIRECTION('',(-0.,-1.,-0.));
#9386 = ORIENTED_EDGE('',*,*,#9387,.T.);
#9387 = EDGE_CURVE('',#9380,#9362,#9388,.T.);
#9388 = LINE('',#9389,#9390);
#9389 = CARTESIAN_POINT('',(-6.250025194518,-2.299999904633,
    6.899999769803));
#9390 = VECTOR('',#9391,1.);
#9391 = DIRECTION('',(1.,0.,0.));
#9392 = PLANE('',#9393);
#9393 = AXIS2_PLACEMENT_3D('',#9394,#9395,#9396);
#9394 = CARTESIAN_POINT('',(-2.54000508001E-05,0.6,6.899999769803));
#9395 = DIRECTION('',(0.,0.,1.));
#9396 = DIRECTION('',(1.,0.,0.));
#9397 = ADVANCED_FACE('',(#9398),#9432,.F.);
#9398 = FACE_BOUND('',#9399,.T.);
#9399 = EDGE_LOOP('',(#9400,#9410,#9418,#9426));
#9400 = ORIENTED_EDGE('',*,*,#9401,.T.);
#9401 = EDGE_CURVE('',#9402,#9404,#9406,.T.);
#9402 = VERTEX_POINT('',#9403);
#9403 = CARTESIAN_POINT('',(6.249974394416,-0.563414595887,-0.1));
#9404 = VERTEX_POINT('',#9405);
#9405 = CARTESIAN_POINT('',(6.081681717023,-0.50270575642,-0.1));
#9406 = LINE('',#9407,#9408);
#9407 = CARTESIAN_POINT('',(6.249974394416,-0.563414595887,-0.1));
#9408 = VECTOR('',#9409,1.);
#9409 = DIRECTION('',(-0.940667260544,0.339330377275,-6.568644372497E-15
    ));
#9410 = ORIENTED_EDGE('',*,*,#9411,.T.);
#9411 = EDGE_CURVE('',#9404,#9412,#9414,.T.);
#9412 = VERTEX_POINT('',#9413);
#9413 = CARTESIAN_POINT('',(6.081681717023,-0.254839910913,-0.1));
#9414 = LINE('',#9415,#9416);
#9415 = CARTESIAN_POINT('',(6.081681717023,-0.50270575642,-0.1));
#9416 = VECTOR('',#9417,1.);
#9417 = DIRECTION('',(0.,1.,0.));
#9418 = ORIENTED_EDGE('',*,*,#9419,.T.);
#9419 = EDGE_CURVE('',#9412,#9420,#9422,.T.);
#9420 = VERTEX_POINT('',#9421);
#9421 = CARTESIAN_POINT('',(6.249974394416,-0.197560949382,-0.1));
#9422 = LINE('',#9423,#9424);
#9423 = CARTESIAN_POINT('',(6.081681717023,-0.254839910913,-0.1));
#9424 = VECTOR('',#9425,1.);
#9425 = DIRECTION('',(0.946670776072,0.322202485606,6.610566697369E-15)
  );
#9426 = ORIENTED_EDGE('',*,*,#9427,.F.);
#9427 = EDGE_CURVE('',#9402,#9420,#9428,.T.);
#9428 = LINE('',#9429,#9430);
#9429 = CARTESIAN_POINT('',(6.249974394416,3.499999904633,-0.1));
#9430 = VECTOR('',#9431,1.);
#9431 = DIRECTION('',(-1.495451272394E-16,1.,0.));
#9432 = PLANE('',#9433);
#9433 = AXIS2_PLACEMENT_3D('',#9434,#9435,#9436);
#9434 = CARTESIAN_POINT('',(-2.54000508001E-05,0.6,-0.1));
#9435 = DIRECTION('',(0.,0.,1.));
#9436 = DIRECTION('',(1.,0.,0.));
#9437 = ADVANCED_FACE('',(#9438),#9899,.F.);
#9438 = FACE_BOUND('',#9439,.T.);
#9439 = EDGE_LOOP('',(#9440,#9450,#9458,#9466,#9474,#9482,#9490,#9498,
    #9506,#9514,#9522,#9530,#9538,#9560,#9584,#9600,#9608,#9624,#9648,
    #9672,#9688,#9696,#9709,#9717,#9725,#9733,#9741,#9749,#9757,#9765,
    #9773,#9781,#9789,#9797,#9805,#9813,#9821,#9829,#9853,#9877,#9885,
    #9893));
#9440 = ORIENTED_EDGE('',*,*,#9441,.T.);
#9441 = EDGE_CURVE('',#9442,#9444,#9446,.T.);
#9442 = VERTEX_POINT('',#9443);
#9443 = CARTESIAN_POINT('',(5.649974414147,-0.417073137285,-0.1));
#9444 = VERTEX_POINT('',#9445);
#9445 = CARTESIAN_POINT('',(6.249974394416,-0.651219471048,-0.1));
#9446 = LINE('',#9447,#9448);
#9447 = CARTESIAN_POINT('',(5.649974414147,-0.417073137285,-0.1));
#9448 = VECTOR('',#9449,1.);
#9449 = DIRECTION('',(0.931577619485,-0.363542485653,6.505171748232E-15)
  );
#9450 = ORIENTED_EDGE('',*,*,#9451,.F.);
#9451 = EDGE_CURVE('',#9452,#9444,#9454,.T.);
#9452 = VERTEX_POINT('',#9453);
#9453 = CARTESIAN_POINT('',(6.249974394416,-2.299999904633,-0.1));
#9454 = LINE('',#9455,#9456);
#9455 = CARTESIAN_POINT('',(6.249974394416,3.499999904633,-0.1));
#9456 = VECTOR('',#9457,1.);
#9457 = DIRECTION('',(-1.495451272394E-16,1.,0.));
#9458 = ORIENTED_EDGE('',*,*,#9459,.F.);
#9459 = EDGE_CURVE('',#9460,#9452,#9462,.T.);
#9460 = VERTEX_POINT('',#9461);
#9461 = CARTESIAN_POINT('',(4.349974456898,-2.299999904633,-0.1));
#9462 = LINE('',#9463,#9464);
#9463 = CARTESIAN_POINT('',(-6.250025194518,-2.299999904633,-0.1));
#9464 = VECTOR('',#9465,1.);
#9465 = DIRECTION('',(1.,0.,0.));
#9466 = ORIENTED_EDGE('',*,*,#9467,.F.);
#9467 = EDGE_CURVE('',#9468,#9460,#9470,.T.);
#9468 = VERTEX_POINT('',#9469);
#9469 = CARTESIAN_POINT('',(4.349974456898,3.499999904633,-0.1));
#9470 = LINE('',#9471,#9472);
#9471 = CARTESIAN_POINT('',(4.349974456898,-2.299999904633,-0.1));
#9472 = VECTOR('',#9473,1.);
#9473 = DIRECTION('',(7.477256361969E-17,-1.,0.));
#9474 = ORIENTED_EDGE('',*,*,#9475,.F.);
#9475 = EDGE_CURVE('',#9476,#9468,#9478,.T.);
#9476 = VERTEX_POINT('',#9477);
#9477 = CARTESIAN_POINT('',(6.249974394416,3.499999904633,-0.1));
#9478 = LINE('',#9479,#9480);
#9479 = CARTESIAN_POINT('',(-6.250025194518,3.499999904633,-0.1));
#9480 = VECTOR('',#9481,1.);
#9481 = DIRECTION('',(-1.,-0.,-0.));
#9482 = ORIENTED_EDGE('',*,*,#9483,.F.);
#9483 = EDGE_CURVE('',#9484,#9476,#9486,.T.);
#9484 = VERTEX_POINT('',#9485);
#9485 = CARTESIAN_POINT('',(6.249974394416,1.778048741747,-0.1));
#9486 = LINE('',#9487,#9488);
#9487 = CARTESIAN_POINT('',(6.249974394416,3.499999904633,-0.1));
#9488 = VECTOR('',#9489,1.);
#9489 = DIRECTION('',(-1.495451272394E-16,1.,0.));
#9490 = ORIENTED_EDGE('',*,*,#9491,.T.);
#9491 = EDGE_CURVE('',#9484,#9492,#9494,.T.);
#9492 = VERTEX_POINT('',#9493);
#9493 = CARTESIAN_POINT('',(5.649974414147,1.778048741747,-0.1));
#9494 = LINE('',#9495,#9496);
#9495 = CARTESIAN_POINT('',(6.249974394416,1.778048741747,-0.1));
#9496 = VECTOR('',#9497,1.);
#9497 = DIRECTION('',(-1.,0.,-6.982962677686E-15));
#9498 = ORIENTED_EDGE('',*,*,#9499,.T.);
#9499 = EDGE_CURVE('',#9492,#9500,#9502,.T.);
#9500 = VERTEX_POINT('',#9501);
#9501 = CARTESIAN_POINT('',(5.649974414147,1.697560939516,-0.1));
#9502 = LINE('',#9503,#9504);
#9503 = CARTESIAN_POINT('',(5.649974414147,1.778048741747,-0.1));
#9504 = VECTOR('',#9505,1.);
#9505 = DIRECTION('',(0.,-1.,0.));
#9506 = ORIENTED_EDGE('',*,*,#9507,.T.);
#9507 = EDGE_CURVE('',#9500,#9508,#9510,.T.);
#9508 = VERTEX_POINT('',#9509);
#9509 = CARTESIAN_POINT('',(6.184120738045,1.697560939516,-0.1));
#9510 = LINE('',#9511,#9512);
#9511 = CARTESIAN_POINT('',(5.649974414147,1.697560939516,-0.1));
#9512 = VECTOR('',#9513,1.);
#9513 = DIRECTION('',(1.,0.,6.982962677686E-15));
#9514 = ORIENTED_EDGE('',*,*,#9515,.T.);
#9515 = EDGE_CURVE('',#9508,#9516,#9518,.T.);
#9516 = VERTEX_POINT('',#9517);
#9517 = CARTESIAN_POINT('',(6.184120738045,1.470731678683,-0.1));
#9518 = LINE('',#9519,#9520);
#9519 = CARTESIAN_POINT('',(6.184120738045,1.697560939516,-0.1));
#9520 = VECTOR('',#9521,1.);
#9521 = DIRECTION('',(0.,-1.,0.));
#9522 = ORIENTED_EDGE('',*,*,#9523,.T.);
#9523 = EDGE_CURVE('',#9516,#9524,#9526,.T.);
#9524 = VERTEX_POINT('',#9525);
#9525 = CARTESIAN_POINT('',(6.249974394416,1.470731678683,-0.1));
#9526 = LINE('',#9527,#9528);
#9527 = CARTESIAN_POINT('',(6.184120738045,1.470731678683,-0.1));
#9528 = VECTOR('',#9529,1.);
#9529 = DIRECTION('',(1.,0.,6.982962677686E-15));
#9530 = ORIENTED_EDGE('',*,*,#9531,.F.);
#9531 = EDGE_CURVE('',#9532,#9524,#9534,.T.);
#9532 = VERTEX_POINT('',#9533);
#9533 = CARTESIAN_POINT('',(6.249974390071,1.210628502128,-0.1));
#9534 = LINE('',#9535,#9536);
#9535 = CARTESIAN_POINT('',(6.249974394416,3.499999904633,-0.1));
#9536 = VECTOR('',#9537,1.);
#9537 = DIRECTION('',(-1.495451272394E-16,1.,0.));
#9538 = ORIENTED_EDGE('',*,*,#9539,.T.);
#9539 = EDGE_CURVE('',#9532,#9540,#9542,.T.);
#9540 = VERTEX_POINT('',#9541);
#9541 = CARTESIAN_POINT('',(5.96129300147,1.419512168172,-0.1));
#9542 = B_SPLINE_CURVE_WITH_KNOTS('',3,(#9543,#9544,#9545,#9546,#9547,
    #9548,#9549,#9550,#9551,#9552,#9553,#9554,#9555,#9556,#9557,#9558,
    #9559),.UNSPECIFIED.,.F.,.F.,(4,1,1,1,1,1,1,1,1,1,1,1,1,1,4),(
    0.158212785944,0.195070526452,0.255608671289,0.314831535745,
    0.373425415132,0.432573279624,0.492284445125,0.552531138275,
    0.612378952807,0.672482211004,0.733811565777,0.796573754797,
    0.861435846733,0.929191812402,1.),.UNSPECIFIED.);
#9543 = CARTESIAN_POINT('',(6.249974390071,1.210628502128,-0.1));
#9544 = CARTESIAN_POINT('',(6.248765322964,1.216157430269,-0.1));
#9545 = CARTESIAN_POINT('',(6.245148088685,1.23067268328,-0.1));
#9546 = CARTESIAN_POINT('',(6.23743341444,1.253480847907,-0.1));
#9547 = CARTESIAN_POINT('',(6.22615490332,1.278485085307,-0.1));
#9548 = CARTESIAN_POINT('',(6.212034462219,1.301762289549,-0.1));
#9549 = CARTESIAN_POINT('',(6.195412943011,1.323403489368,-0.1));
#9550 = CARTESIAN_POINT('',(6.176389048317,1.343320200137,-0.1));
#9551 = CARTESIAN_POINT('',(6.155305110499,1.361202930319,-0.1));
#9552 = CARTESIAN_POINT('',(6.132436843379,1.376850999447,-0.1));
#9553 = CARTESIAN_POINT('',(6.107889097771,1.390050671699,-0.1));
#9554 = CARTESIAN_POINT('',(6.081757828767,1.400964194771,-0.1));
#9555 = CARTESIAN_POINT('',(6.053922496083,1.409291340172,-0.1));
#9556 = CARTESIAN_POINT('',(6.024485422673,1.415157050663,-0.1));
#9557 = CARTESIAN_POINT('',(5.993442640938,1.418956895896,-0.1));
#9558 = CARTESIAN_POINT('',(5.972165773362,1.419324379167,-0.1));
#9559 = CARTESIAN_POINT('',(5.96129300147,1.419512168172,-0.1));
#9560 = ORIENTED_EDGE('',*,*,#9561,.T.);
#9561 = EDGE_CURVE('',#9540,#9562,#9564,.T.);
#9562 = VERTEX_POINT('',#9563);
#9563 = CARTESIAN_POINT('',(5.642657341217,1.114367361134,-0.1));
#9564 = B_SPLINE_CURVE_WITH_KNOTS('',3,(#9565,#9566,#9567,#9568,#9569,
    #9570,#9571,#9572,#9573,#9574,#9575,#9576,#9577,#9578,#9579,#9580,
    #9581,#9582,#9583),.UNSPECIFIED.,.F.,.F.,(4,1,1,1,1,1,1,1,1,1,1,1,1,
    1,1,1,4),(0.,7.0642150723E-02,0.138253647067,0.203359610795,
    0.266248414883,0.327919677888,0.388751281404,0.449435747492,
    0.510871867311,0.572088893231,0.631742601943,0.691124065861,
    0.750365569949,0.810037116623,0.871365305784,0.934428596542,1.),
  .UNSPECIFIED.);
#9565 = CARTESIAN_POINT('',(5.96129300147,1.419512168172,-0.1));
#9566 = CARTESIAN_POINT('',(5.949620121963,1.419249604287,-0.1));
#9567 = CARTESIAN_POINT('',(5.926775147014,1.418735740902,-0.1));
#9568 = CARTESIAN_POINT('',(5.893362988362,1.414688198033,-0.1));
#9569 = CARTESIAN_POINT('',(5.861719368657,1.407957549925,-0.1));
#9570 = CARTESIAN_POINT('',(5.8317403486,1.398636479372,-0.1));
#9571 = CARTESIAN_POINT('',(5.80366334054,1.386265226517,-0.1));
#9572 = CARTESIAN_POINT('',(5.777165721556,1.371538384114,-0.1));
#9573 = CARTESIAN_POINT('',(5.752547133343,1.35388666917,-0.1));
#9574 = CARTESIAN_POINT('',(5.729924360389,1.333674623597,-0.1));
#9575 = CARTESIAN_POINT('',(5.709420704717,1.311546758411,-0.1));
#9576 = CARTESIAN_POINT('',(5.69152833492,1.287672349913,-0.1));
#9577 = CARTESIAN_POINT('',(5.676407916928,1.26233764747,-0.1));
#9578 = CARTESIAN_POINT('',(5.663959555247,1.235578966823,-0.1));
#9579 = CARTESIAN_POINT('',(5.654457200076,1.207297817495,-0.1));
#9580 = CARTESIAN_POINT('',(5.647632858789,1.177626551713,-0.1));
#9581 = CARTESIAN_POINT('',(5.643404102063,1.146462973448,-0.1));
#9582 = CARTESIAN_POINT('',(5.642909476229,1.12520406693,-0.1));
#9583 = CARTESIAN_POINT('',(5.642657341217,1.114367361134,-0.1));
#9584 = ORIENTED_EDGE('',*,*,#9585,.T.);
#9585 = EDGE_CURVE('',#9562,#9586,#9588,.T.);
#9586 = VERTEX_POINT('',#9587);
#9587 = CARTESIAN_POINT('',(5.66643782824,0.973170719435,-0.1));
#9588 = B_SPLINE_CURVE_WITH_KNOTS('',3,(#9589,#9590,#9591,#9592,#9593,
    #9594,#9595,#9596,#9597,#9598,#9599),.UNSPECIFIED.,.F.,.F.,(4,1,1,1,
    1,1,1,1,4),(0.,0.145186866472,0.28344261092,0.416524365929,
    0.543181123535,0.665153082638,0.781360206313,0.892756655642,1.),
  .UNSPECIFIED.);
#9589 = CARTESIAN_POINT('',(5.642657341217,1.114367361134,-0.1));
#9590 = CARTESIAN_POINT('',(5.642707347877,1.107391244989,-0.1));
#9591 = CARTESIAN_POINT('',(5.642804973912,1.093772047728,-0.1));
#9592 = CARTESIAN_POINT('',(5.644029213432,1.073792501404,-0.1));
#9593 = CARTESIAN_POINT('',(5.645759438606,1.054744135753,-0.1));
#9594 = CARTESIAN_POINT('',(5.648457411558,1.036599385546,-0.1));
#9595 = CARTESIAN_POINT('',(5.651669067088,1.019359184424,-0.1));
#9596 = CARTESIAN_POINT('',(5.655855614065,1.003088116782,-0.1));
#9597 = CARTESIAN_POINT('',(5.660546608482,0.987683899488,-0.1));
#9598 = CARTESIAN_POINT('',(5.664499114525,0.977946793385,-0.1));
#9599 = CARTESIAN_POINT('',(5.66643782824,0.973170719435,-0.1));
#9600 = ORIENTED_EDGE('',*,*,#9601,.T.);
#9601 = EDGE_CURVE('',#9586,#9602,#9604,.T.);
#9602 = VERTEX_POINT('',#9603);
#9603 = CARTESIAN_POINT('',(5.746925630471,0.973170719435,-0.1));
#9604 = LINE('',#9605,#9606);
#9605 = CARTESIAN_POINT('',(5.66643782824,0.973170719435,-0.1));
#9606 = VECTOR('',#9607,1.);
#9607 = DIRECTION('',(1.,0.,6.982962677686E-15));
#9608 = ORIENTED_EDGE('',*,*,#9609,.T.);
#9609 = EDGE_CURVE('',#9602,#9610,#9612,.T.);
#9610 = VERTEX_POINT('',#9611);
#9611 = CARTESIAN_POINT('',(5.708510997588,1.113681385546,-0.1));
#9612 = B_SPLINE_CURVE_WITH_KNOTS('',3,(#9613,#9614,#9615,#9616,#9617,
    #9618,#9619,#9620,#9621,#9622,#9623),.UNSPECIFIED.,.F.,.F.,(4,1,1,1,
    1,1,1,1,4),(0.,0.125279696736,0.249419970742,0.373356799493,
    0.496681278782,0.620202915744,0.745086320161,0.871269195019,1.),
  .UNSPECIFIED.);
#9613 = CARTESIAN_POINT('',(5.746925630471,0.973170719435,-0.1));
#9614 = CARTESIAN_POINT('',(5.743829526778,0.978498950637,-0.1));
#9615 = CARTESIAN_POINT('',(5.737665478551,0.989106952612,-0.1));
#9616 = CARTESIAN_POINT('',(5.729959205149,1.005791411031,-0.1));
#9617 = CARTESIAN_POINT('',(5.723275122464,1.022797356363,-0.1));
#9618 = CARTESIAN_POINT('',(5.717939322142,1.040243838722,-0.1));
#9619 = CARTESIAN_POINT('',(5.713630622431,1.058021055134,-0.1));
#9620 = CARTESIAN_POINT('',(5.710740656098,1.076222225739,-0.1));
#9621 = CARTESIAN_POINT('',(5.708796276009,1.094812865769,-0.1));
#9622 = CARTESIAN_POINT('',(5.708606721943,1.107350107929,-0.1));
#9623 = CARTESIAN_POINT('',(5.708510997588,1.113681385546,-0.1));
#9624 = ORIENTED_EDGE('',*,*,#9625,.T.);
#9625 = EDGE_CURVE('',#9610,#9626,#9628,.T.);
#9626 = VERTEX_POINT('',#9627);
#9627 = CARTESIAN_POINT('',(5.956376843095,1.339024365941,-0.1));
#9628 = B_SPLINE_CURVE_WITH_KNOTS('',3,(#9629,#9630,#9631,#9632,#9633,
    #9634,#9635,#9636,#9637,#9638,#9639,#9640,#9641,#9642,#9643,#9644,
    #9645,#9646,#9647),.UNSPECIFIED.,.F.,.F.,(4,1,1,1,1,1,1,1,1,1,1,1,1,
    1,1,1,4),(0.,6.460397028839E-02,0.126702413963,0.186756814036,
    0.245505687365,0.30365202445,0.361503073971,0.420240222928,
    0.480033340777,0.540678134776,0.601191806381,0.662333502477,
    0.724739510297,0.789467736173,0.856504860044,0.926312095839,1.),
  .UNSPECIFIED.);
#9629 = CARTESIAN_POINT('',(5.708510997588,1.113681385546,-0.1));
#9630 = CARTESIAN_POINT('',(5.708685799234,1.121811002398,-0.1));
#9631 = CARTESIAN_POINT('',(5.709028623218,1.137754946324,-0.1));
#9632 = CARTESIAN_POINT('',(5.712394520919,1.161047832185,-0.1));
#9633 = CARTESIAN_POINT('',(5.717430284292,1.183264267363,-0.1));
#9634 = CARTESIAN_POINT('',(5.724800514417,1.204315165462,-0.1));
#9635 = CARTESIAN_POINT('',(5.734312932312,1.224176623089,-0.1));
#9636 = CARTESIAN_POINT('',(5.746003216315,1.242831416875,-0.1));
#9637 = CARTESIAN_POINT('',(5.759620727291,1.260394112931,-0.1));
#9638 = CARTESIAN_POINT('',(5.775335349127,1.276596798298,-0.1));
#9639 = CARTESIAN_POINT('',(5.792713210822,1.291361951678,-0.1));
#9640 = CARTESIAN_POINT('',(5.811869236594,1.304035649463,-0.1));
#9641 = CARTESIAN_POINT('',(5.832284943975,1.315025669234,-0.1));
#9642 = CARTESIAN_POINT('',(5.85431852139,1.323826455699,-0.1));
#9643 = CARTESIAN_POINT('',(5.87780091494,1.330642155021,-0.1));
#9644 = CARTESIAN_POINT('',(5.90270008292,1.335561653277,-0.1));
#9645 = CARTESIAN_POINT('',(5.929061948105,1.338411942793,-0.1));
#9646 = CARTESIAN_POINT('',(5.947109188834,1.33881657726,-0.1));
#9647 = CARTESIAN_POINT('',(5.956376843095,1.339024365941,-0.1));
#9648 = ORIENTED_EDGE('',*,*,#9649,.T.);
#9649 = EDGE_CURVE('',#9626,#9650,#9652,.T.);
#9650 = VERTEX_POINT('',#9651);
#9651 = CARTESIAN_POINT('',(6.191437810975,1.127172238761,-0.1));
#9652 = B_SPLINE_CURVE_WITH_KNOTS('',3,(#9653,#9654,#9655,#9656,#9657,
    #9658,#9659,#9660,#9661,#9662,#9663,#9664,#9665,#9666,#9667,#9668,
    #9669,#9670,#9671),.UNSPECIFIED.,.F.,.F.,(4,1,1,1,1,1,1,1,1,1,1,1,1,
    1,1,1,4),(0.,7.377411937406E-02,0.144079114726,0.211348518309,
    0.27607688574,0.33852091582,0.399885116693,0.460254067465,
    0.520588964391,0.580207684563,0.638632908553,0.696364549491,
    0.75400177466,0.812805681374,0.872754425526,0.935181996978,1.),
  .UNSPECIFIED.);
#9653 = CARTESIAN_POINT('',(5.956376843095,1.339024365941,-0.1));
#9654 = CARTESIAN_POINT('',(5.965149566224,1.338857674036,-0.1));
#9655 = CARTESIAN_POINT('',(5.982282487537,1.338532128679,-0.1));
#9656 = CARTESIAN_POINT('',(6.007289093469,1.335735176797,-0.1));
#9657 = CARTESIAN_POINT('',(6.030933125798,1.3312044304,-0.1));
#9658 = CARTESIAN_POINT('',(6.053193743773,1.324837025591,-0.1));
#9659 = CARTESIAN_POINT('',(6.074050346734,1.316534162751,-0.1));
#9660 = CARTESIAN_POINT('',(6.093558350604,1.306504595429,-0.1));
#9661 = CARTESIAN_POINT('',(6.111629660991,1.294512985171,-0.1));
#9662 = CARTESIAN_POINT('',(6.128179675994,1.280824045743,-0.1));
#9663 = CARTESIAN_POINT('',(6.143021066772,1.26562571723,-0.1));
#9664 = CARTESIAN_POINT('',(6.156055142537,1.249236263005,-0.1));
#9665 = CARTESIAN_POINT('',(6.166934538278,1.231619975502,-0.1));
#9666 = CARTESIAN_POINT('',(6.17595607851,1.212941123711,-0.1));
#9667 = CARTESIAN_POINT('',(6.182930973397,1.193115312931,-0.1));
#9668 = CARTESIAN_POINT('',(6.187820619324,1.172105431435,-0.1));
#9669 = CARTESIAN_POINT('',(6.190849160809,1.150011988511,-0.1));
#9670 = CARTESIAN_POINT('',(6.191239152131,1.134880243515,-0.1));
#9671 = CARTESIAN_POINT('',(6.191437810975,1.127172238761,-0.1));
#9672 = ORIENTED_EDGE('',*,*,#9673,.T.);
#9673 = EDGE_CURVE('',#9650,#9674,#9676,.T.);
#9674 = VERTEX_POINT('',#9675);
#9675 = CARTESIAN_POINT('',(6.153023178092,0.973170719435,-0.1));
#9676 = B_SPLINE_CURVE_WITH_KNOTS('',3,(#9677,#9678,#9679,#9680,#9681,
    #9682,#9683,#9684,#9685,#9686,#9687),.UNSPECIFIED.,.F.,.F.,(4,1,1,1,
    1,1,1,1,4),(0.,0.135294604763,0.266765657925,0.394816018836,
    0.520051654434,0.642175702971,0.762651820558,0.88183400438,1.),
  .UNSPECIFIED.);
#9677 = CARTESIAN_POINT('',(6.191437810975,1.127172238761,-0.1));
#9678 = CARTESIAN_POINT('',(6.19134268665,1.11992698666,-0.1));
#9679 = CARTESIAN_POINT('',(6.191155126301,1.105641240033,-0.1));
#9680 = CARTESIAN_POINT('',(6.189230341395,1.084574111622,-0.1));
#9681 = CARTESIAN_POINT('',(6.186333409901,1.064167975024,-0.1));
#9682 = CARTESIAN_POINT('',(6.182069381208,1.044511525158,-0.1));
#9683 = CARTESIAN_POINT('',(6.176731779674,1.025537369395,-0.1));
#9684 = CARTESIAN_POINT('',(6.17002734323,1.007353078203,-0.1));
#9685 = CARTESIAN_POINT('',(6.16236949045,0.989764343708,-0.1));
#9686 = CARTESIAN_POINT('',(6.156129710497,0.978686117331,-0.1));
#9687 = CARTESIAN_POINT('',(6.153023178092,0.973170719435,-0.1));
#9688 = ORIENTED_EDGE('',*,*,#9689,.T.);
#9689 = EDGE_CURVE('',#9674,#9690,#9692,.T.);
#9690 = VERTEX_POINT('',#9691);
#9691 = CARTESIAN_POINT('',(6.218876834463,0.973170719435,-0.1));
#9692 = LINE('',#9693,#9694);
#9693 = CARTESIAN_POINT('',(6.153023178092,0.973170719435,-0.1));
#9694 = VECTOR('',#9695,1.);
#9695 = DIRECTION('',(1.,0.,6.982962677686E-15));
#9696 = ORIENTED_EDGE('',*,*,#9697,.T.);
#9697 = EDGE_CURVE('',#9690,#9698,#9700,.T.);
#9698 = VERTEX_POINT('',#9699);
#9699 = CARTESIAN_POINT('',(6.249974393566,1.057924813778,-0.1));
#9700 = B_SPLINE_CURVE_WITH_KNOTS('',3,(#9701,#9702,#9703,#9704,#9705,
    #9706,#9707,#9708),.UNSPECIFIED.,.F.,.F.,(4,1,1,1,1,4),(0.,
    0.112448389909,0.226527675213,0.344401949326,0.465864972487,
    0.528831969665),.UNSPECIFIED.);
#9701 = CARTESIAN_POINT('',(6.218876834463,0.973170719435,-0.1));
#9702 = CARTESIAN_POINT('',(6.221984384163,0.978800753715,-0.1));
#9703 = CARTESIAN_POINT('',(6.228244553914,0.990142477486,-0.1));
#9704 = CARTESIAN_POINT('',(6.235969007727,1.00828027558,-0.1));
#9705 = CARTESIAN_POINT('',(6.242631712674,1.027365634706,-0.1));
#9706 = CARTESIAN_POINT('',(6.247030440724,1.044089834436,-0.1));
#9707 = CARTESIAN_POINT('',(6.249267232386,1.05439539805,-0.1));
#9708 = CARTESIAN_POINT('',(6.249974393566,1.057924813778,-0.1));
#9709 = ORIENTED_EDGE('',*,*,#9710,.F.);
#9710 = EDGE_CURVE('',#9711,#9698,#9713,.T.);
#9711 = VERTEX_POINT('',#9712);
#9712 = CARTESIAN_POINT('',(6.249974394416,0.856097552554,-0.1));
#9713 = LINE('',#9714,#9715);
#9714 = CARTESIAN_POINT('',(6.249974394416,3.499999904633,-0.1));
#9715 = VECTOR('',#9716,1.);
#9716 = DIRECTION('',(-1.495451272394E-16,1.,0.));
#9717 = ORIENTED_EDGE('',*,*,#9718,.T.);
#9718 = EDGE_CURVE('',#9711,#9719,#9721,.T.);
#9719 = VERTEX_POINT('',#9720);
#9720 = CARTESIAN_POINT('',(5.649974414147,0.856097552554,-0.1));
#9721 = LINE('',#9722,#9723);
#9722 = CARTESIAN_POINT('',(6.249974394416,0.856097552554,-0.1));
#9723 = VECTOR('',#9724,1.);
#9724 = DIRECTION('',(-1.,0.,-6.982962677686E-15));
#9725 = ORIENTED_EDGE('',*,*,#9726,.T.);
#9726 = EDGE_CURVE('',#9719,#9727,#9729,.T.);
#9727 = VERTEX_POINT('',#9728);
#9728 = CARTESIAN_POINT('',(5.649974414147,0.548780489489,-0.1));
#9729 = LINE('',#9730,#9731);
#9730 = CARTESIAN_POINT('',(5.649974414147,0.856097552554,-0.1));
#9731 = VECTOR('',#9732,1.);
#9732 = DIRECTION('',(0.,-1.,0.));
#9733 = ORIENTED_EDGE('',*,*,#9734,.T.);
#9734 = EDGE_CURVE('',#9727,#9735,#9737,.T.);
#9735 = VERTEX_POINT('',#9736);
#9736 = CARTESIAN_POINT('',(5.715828070518,0.548780489489,-0.1));
#9737 = LINE('',#9738,#9739);
#9738 = CARTESIAN_POINT('',(5.649974414147,0.548780489489,-0.1));
#9739 = VECTOR('',#9740,1.);
#9740 = DIRECTION('',(1.,0.,6.982962677686E-15));
#9741 = ORIENTED_EDGE('',*,*,#9742,.T.);
#9742 = EDGE_CURVE('',#9735,#9743,#9745,.T.);
#9743 = VERTEX_POINT('',#9744);
#9744 = CARTESIAN_POINT('',(5.715828070518,0.775609750323,-0.1));
#9745 = LINE('',#9746,#9747);
#9746 = CARTESIAN_POINT('',(5.715828070518,0.548780489489,-0.1));
#9747 = VECTOR('',#9748,1.);
#9748 = DIRECTION('',(0.,1.,0.));
#9749 = ORIENTED_EDGE('',*,*,#9750,.T.);
#9750 = EDGE_CURVE('',#9743,#9751,#9753,.T.);
#9751 = VERTEX_POINT('',#9752);
#9752 = CARTESIAN_POINT('',(5.913389039631,0.775609750323,-0.1));
#9753 = LINE('',#9754,#9755);
#9754 = CARTESIAN_POINT('',(5.715828070518,0.775609750323,-0.1));
#9755 = VECTOR('',#9756,1.);
#9756 = DIRECTION('',(1.,0.,6.982962677686E-15));
#9757 = ORIENTED_EDGE('',*,*,#9758,.T.);
#9758 = EDGE_CURVE('',#9751,#9759,#9761,.T.);
#9759 = VERTEX_POINT('',#9760);
#9760 = CARTESIAN_POINT('',(5.913389039631,0.563414635349,-0.1));
#9761 = LINE('',#9762,#9763);
#9762 = CARTESIAN_POINT('',(5.913389039631,0.775609750323,-0.1));
#9763 = VECTOR('',#9764,1.);
#9764 = DIRECTION('',(0.,-1.,0.));
#9765 = ORIENTED_EDGE('',*,*,#9766,.T.);
#9766 = EDGE_CURVE('',#9759,#9767,#9769,.T.);
#9767 = VERTEX_POINT('',#9768);
#9768 = CARTESIAN_POINT('',(5.979242696002,0.563414635349,-0.1));
#9769 = LINE('',#9770,#9771);
#9770 = CARTESIAN_POINT('',(5.913389039631,0.563414635349,-0.1));
#9771 = VECTOR('',#9772,1.);
#9772 = DIRECTION('',(1.,0.,6.982962677686E-15));
#9773 = ORIENTED_EDGE('',*,*,#9774,.T.);
#9774 = EDGE_CURVE('',#9767,#9775,#9777,.T.);
#9775 = VERTEX_POINT('',#9776);
#9776 = CARTESIAN_POINT('',(5.979242696002,0.775609750323,-0.1));
#9777 = LINE('',#9778,#9779);
#9778 = CARTESIAN_POINT('',(5.979242696002,0.563414635349,-0.1));
#9779 = VECTOR('',#9780,1.);
#9780 = DIRECTION('',(0.,1.,0.));
#9781 = ORIENTED_EDGE('',*,*,#9782,.T.);
#9782 = EDGE_CURVE('',#9775,#9783,#9785,.T.);
#9783 = VERTEX_POINT('',#9784);
#9784 = CARTESIAN_POINT('',(6.184120738045,0.775609750323,-0.1));
#9785 = LINE('',#9786,#9787);
#9786 = CARTESIAN_POINT('',(5.979242696002,0.775609750323,-0.1));
#9787 = VECTOR('',#9788,1.);
#9788 = DIRECTION('',(1.,0.,6.982962677686E-15));
#9789 = ORIENTED_EDGE('',*,*,#9790,.T.);
#9790 = EDGE_CURVE('',#9783,#9791,#9793,.T.);
#9791 = VERTEX_POINT('',#9792);
#9792 = CARTESIAN_POINT('',(6.184120738045,0.534146343629,-0.1));
#9793 = LINE('',#9794,#9795);
#9794 = CARTESIAN_POINT('',(6.184120738045,0.775609750323,-0.1));
#9795 = VECTOR('',#9796,1.);
#9796 = DIRECTION('',(0.,-1.,0.));
#9797 = ORIENTED_EDGE('',*,*,#9798,.T.);
#9798 = EDGE_CURVE('',#9791,#9799,#9801,.T.);
#9799 = VERTEX_POINT('',#9800);
#9800 = CARTESIAN_POINT('',(6.249974394416,0.534146343629,-0.1));
#9801 = LINE('',#9802,#9803);
#9802 = CARTESIAN_POINT('',(6.184120738045,0.534146343629,-0.1));
#9803 = VECTOR('',#9804,1.);
#9804 = DIRECTION('',(1.,0.,6.982962677686E-15));
#9805 = ORIENTED_EDGE('',*,*,#9806,.F.);
#9806 = EDGE_CURVE('',#9807,#9799,#9809,.T.);
#9807 = VERTEX_POINT('',#9808);
#9808 = CARTESIAN_POINT('',(6.249974394416,0.417073176747,-0.1));
#9809 = LINE('',#9810,#9811);
#9810 = CARTESIAN_POINT('',(6.249974394416,3.499999904633,-0.1));
#9811 = VECTOR('',#9812,1.);
#9812 = DIRECTION('',(-1.495451272394E-16,1.,0.));
#9813 = ORIENTED_EDGE('',*,*,#9814,.T.);
#9814 = EDGE_CURVE('',#9807,#9815,#9817,.T.);
#9815 = VERTEX_POINT('',#9816);
#9816 = CARTESIAN_POINT('',(5.649974414147,0.417073176747,-0.1));
#9817 = LINE('',#9818,#9819);
#9818 = CARTESIAN_POINT('',(6.249974394416,0.417073176747,-0.1));
#9819 = VECTOR('',#9820,1.);
#9820 = DIRECTION('',(-1.,0.,-6.982962677686E-15));
#9821 = ORIENTED_EDGE('',*,*,#9822,.T.);
#9822 = EDGE_CURVE('',#9815,#9823,#9825,.T.);
#9823 = VERTEX_POINT('',#9824);
#9824 = CARTESIAN_POINT('',(5.649974414147,0.247751535974,-0.1));
#9825 = LINE('',#9826,#9827);
#9826 = CARTESIAN_POINT('',(5.649974414147,0.417073176747,-0.1));
#9827 = VECTOR('',#9828,1.);
#9828 = DIRECTION('',(0.,-1.,0.));
#9829 = ORIENTED_EDGE('',*,*,#9830,.T.);
#9830 = EDGE_CURVE('',#9823,#9831,#9833,.T.);
#9831 = VERTEX_POINT('',#9832);
#9832 = CARTESIAN_POINT('',(5.942428672822,-6.585363663977E-02,-0.1));
#9833 = B_SPLINE_CURVE_WITH_KNOTS('',3,(#9834,#9835,#9836,#9837,#9838,
    #9839,#9840,#9841,#9842,#9843,#9844,#9845,#9846,#9847,#9848,#9849,
    #9850,#9851,#9852),.UNSPECIFIED.,.F.,.F.,(4,1,1,1,1,1,1,1,1,1,1,1,1,
    1,1,1,4),(0.,6.863281452251E-02,0.134569673473,0.198332881225,
    0.260795982648,0.322006826436,0.382730868797,0.443548045892,
    0.5051454695,0.566227370652,0.626120788049,0.685365657679,
    0.744910152778,0.805411203839,0.867633111414,0.932306168837,1.),
  .UNSPECIFIED.);
#9834 = CARTESIAN_POINT('',(5.649974414147,0.247751535974,-0.1));
#9835 = CARTESIAN_POINT('',(5.650220109296,0.236728417865,-0.1));
#9836 = CARTESIAN_POINT('',(5.650701848478,0.21511517914,-0.1));
#9837 = CARTESIAN_POINT('',(5.654361221711,0.183420694124,-0.1));
#9838 = CARTESIAN_POINT('',(5.660711422636,0.153183187668,-0.1));
#9839 = CARTESIAN_POINT('',(5.669374524304,0.124319518342,-0.1));
#9840 = CARTESIAN_POINT('',(5.680441528797,9.679621720944E-02,-0.1));
#9841 = CARTESIAN_POINT('',(5.694305579798,7.087270511947E-02,-0.1));
#9842 = CARTESIAN_POINT('',(5.710484615914,4.626406462583E-02,-0.1));
#9843 = CARTESIAN_POINT('',(5.729014550837,2.329232445012E-02,-0.1));
#9844 = CARTESIAN_POINT('',(5.74961554531,2.349205448369E-03,-0.1));
#9845 = CARTESIAN_POINT('',(5.772155259458,-1.588893667925E-02,-0.1));
#9846 = CARTESIAN_POINT('',(5.796277158241,-3.15632670647E-02,-0.1));
#9847 = CARTESIAN_POINT('',(5.822348897114,-4.393070470958E-02,-0.1));
#9848 = CARTESIAN_POINT('',(5.849922074441,-5.391392063783E-02,-0.1));
#9849 = CARTESIAN_POINT('',(5.879277759275,-6.077115012473E-02,-0.1));
#9850 = CARTESIAN_POINT('',(5.91028411108,-6.514938563375E-02,-0.1));
#9851 = CARTESIAN_POINT('',(5.93155203228,-6.561534174231E-02,-0.1));
#9852 = CARTESIAN_POINT('',(5.942428672822,-6.585363663977E-02,-0.1));
#9853 = ORIENTED_EDGE('',*,*,#9854,.T.);
#9854 = EDGE_CURVE('',#9831,#9855,#9857,.T.);
#9855 = VERTEX_POINT('',#9856);
#9856 = CARTESIAN_POINT('',(6.249974394416,0.253925316259,-0.1));
#9857 = B_SPLINE_CURVE_WITH_KNOTS('',3,(#9858,#9859,#9860,#9861,#9862,
    #9863,#9864,#9865,#9866,#9867,#9868,#9869,#9870,#9871,#9872,#9873,
    #9874,#9875,#9876),.UNSPECIFIED.,.F.,.F.,(4,1,1,1,1,1,1,1,1,1,1,1,1,
    1,1,1,4),(0.,6.807022544602E-02,0.133430431124,0.196150441495,
    0.257127947319,0.316867312535,0.3761731907,0.435947660585,
    0.496523923289,0.557455399094,0.617678272287,0.67793640363,
    0.738799415387,0.800944863813,0.864811629662,0.931023231107,1.),
  .UNSPECIFIED.);
#9858 = CARTESIAN_POINT('',(5.942428672822,-6.585363663977E-02,-0.1));
#9859 = CARTESIAN_POINT('',(5.953761667725,-6.561253629881E-02,-0.1));
#9860 = CARTESIAN_POINT('',(5.975976467012,-6.513993433183E-02,-0.1));
#9861 = CARTESIAN_POINT('',(6.008389530643,-6.078130986764E-02,-0.1));
#9862 = CARTESIAN_POINT('',(6.039142140338,-5.390974885935E-02,-0.1));
#9863 = CARTESIAN_POINT('',(6.068057429017,-4.396043009686E-02,-0.1));
#9864 = CARTESIAN_POINT('',(6.095405522003,-3.157687968345E-02,-0.1));
#9865 = CARTESIAN_POINT('',(6.120788502876,-1.59127540383E-02,-0.1));
#9866 = CARTESIAN_POINT('',(6.144571038951,2.288376794286E-03,-0.1));
#9867 = CARTESIAN_POINT('',(6.166374168212,2.323374739703E-02,-0.1));
#9868 = CARTESIAN_POINT('',(6.185889993238,4.639211936833E-02,-0.1));
#9869 = CARTESIAN_POINT('',(6.2032459507,7.115731715343E-02,-0.1));
#9870 = CARTESIAN_POINT('',(6.217666580225,9.774034321516E-02,-0.1));
#9871 = CARTESIAN_POINT('',(6.229448883003,0.125914628946,-0.1));
#9872 = CARTESIAN_POINT('',(6.238803337126,0.155630768962,-0.1));
#9873 = CARTESIAN_POINT('',(6.245172323268,0.187017584228,-0.1));
#9874 = CARTESIAN_POINT('',(6.249359374496,0.219932419007,-0.1));
#9875 = CARTESIAN_POINT('',(6.249766611211,0.242440886416,-0.1));
#9876 = CARTESIAN_POINT('',(6.249974394416,0.253925316259,-0.1));
#9877 = ORIENTED_EDGE('',*,*,#9878,.F.);
#9878 = EDGE_CURVE('',#9879,#9855,#9881,.T.);
#9879 = VERTEX_POINT('',#9880);
#9880 = CARTESIAN_POINT('',(6.249974394416,-0.10975607422,-0.1));
#9881 = LINE('',#9882,#9883);
#9882 = CARTESIAN_POINT('',(6.249974394416,3.499999904633,-0.1));
#9883 = VECTOR('',#9884,1.);
#9884 = DIRECTION('',(-1.495451272394E-16,1.,0.));
#9885 = ORIENTED_EDGE('',*,*,#9886,.T.);
#9886 = EDGE_CURVE('',#9879,#9887,#9889,.T.);
#9887 = VERTEX_POINT('',#9888);
#9888 = CARTESIAN_POINT('',(5.649974414147,-0.336585335054,-0.1));
#9889 = LINE('',#9890,#9891);
#9890 = CARTESIAN_POINT('',(6.249974394416,-0.10975607422,-0.1));
#9891 = VECTOR('',#9892,1.);
#9892 = DIRECTION('',(-0.93538826358,-0.353622392329,-6.531781333726E-15
    ));
#9893 = ORIENTED_EDGE('',*,*,#9894,.T.);
#9894 = EDGE_CURVE('',#9887,#9442,#9895,.T.);
#9895 = LINE('',#9896,#9897);
#9896 = CARTESIAN_POINT('',(5.649974414147,-0.336585335054,-0.1));
#9897 = VECTOR('',#9898,1.);
#9898 = DIRECTION('',(0.,-1.,0.));
#9899 = PLANE('',#9900);
#9900 = AXIS2_PLACEMENT_3D('',#9901,#9902,#9903);
#9901 = CARTESIAN_POINT('',(-2.54000508001E-05,0.6,-0.1));
#9902 = DIRECTION('',(0.,0.,1.));
#9903 = DIRECTION('',(1.,0.,0.));
#9904 = ADVANCED_FACE('',(#9905),#10100,.F.);
#9905 = FACE_BOUND('',#9906,.T.);
#9906 = EDGE_LOOP('',(#9907,#9917,#9926,#9932,#9933,#9939,#9940,#9948,
    #9956,#9962,#9963,#9971,#9979,#9985,#9986,#9994,#10002,#10008,#10009
    ,#10017,#10025,#10031,#10032,#10040,#10048,#10054,#10055,#10063,
    #10071,#10077,#10078,#10086,#10094));
#9907 = ORIENTED_EDGE('',*,*,#9908,.F.);
#9908 = EDGE_CURVE('',#9909,#9911,#9913,.T.);
#9909 = VERTEX_POINT('',#9910);
#9910 = CARTESIAN_POINT('',(6.249974394416,-0.999999947383,
    3.899999868459));
#9911 = VERTEX_POINT('',#9912);
#9912 = CARTESIAN_POINT('',(6.249974394416,-0.499999963826,
    3.899999868459));
#9913 = LINE('',#9914,#9915);
#9914 = CARTESIAN_POINT('',(6.249974394416,-1.499999930941,
    3.899999868459));
#9915 = VECTOR('',#9916,1.);
#9916 = DIRECTION('',(0.,1.,0.));
#9917 = ORIENTED_EDGE('',*,*,#9918,.T.);
#9918 = EDGE_CURVE('',#9909,#9919,#9921,.T.);
#9919 = VERTEX_POINT('',#9920);
#9920 = CARTESIAN_POINT('',(6.249974394416,-1.499999930941,
    4.399999852016));
#9921 = CIRCLE('',#9922,0.499999983557);
#9922 = AXIS2_PLACEMENT_3D('',#9923,#9924,#9925);
#9923 = CARTESIAN_POINT('',(6.249974394416,-0.999999947383,
    4.399999852016));
#9924 = DIRECTION('',(-1.,-1.495451272394E-16,0.));
#9925 = DIRECTION('',(1.495451272394E-16,-1.,0.));
#9926 = ORIENTED_EDGE('',*,*,#9927,.T.);
#9927 = EDGE_CURVE('',#9919,#9364,#9928,.T.);
#9928 = LINE('',#9929,#9930);
#9929 = CARTESIAN_POINT('',(6.249974394416,-1.499999930941,
    3.899999868459));
#9930 = VECTOR('',#9931,1.);
#9931 = DIRECTION('',(0.,0.,1.));
#9932 = ORIENTED_EDGE('',*,*,#9361,.F.);
#9933 = ORIENTED_EDGE('',*,*,#9934,.T.);
#9934 = EDGE_CURVE('',#9362,#9452,#9935,.T.);
#9935 = LINE('',#9936,#9937);
#9936 = CARTESIAN_POINT('',(6.249974394416,-2.299999904633,
    6.899999769803));
#9937 = VECTOR('',#9938,1.);
#9938 = DIRECTION('',(-0.,-0.,-1.));
#9939 = ORIENTED_EDGE('',*,*,#9451,.T.);
#9940 = ORIENTED_EDGE('',*,*,#9941,.F.);
#9941 = EDGE_CURVE('',#9942,#9444,#9944,.T.);
#9942 = VERTEX_POINT('',#9943);
#9943 = CARTESIAN_POINT('',(6.249974394416,-0.651219471048,
    -9.900000003289E-02));
#9944 = LINE('',#9945,#9946);
#9945 = CARTESIAN_POINT('',(6.249974394416,-0.651219471048,
    -9.900000003289E-02));
#9946 = VECTOR('',#9947,1.);
#9947 = DIRECTION('',(0.,0.,-1.));
#9948 = ORIENTED_EDGE('',*,*,#9949,.T.);
#9949 = EDGE_CURVE('',#9942,#9950,#9952,.T.);
#9950 = VERTEX_POINT('',#9951);
#9951 = CARTESIAN_POINT('',(6.249974394416,-0.563414595887,
    -9.900000003289E-02));
#9952 = LINE('',#9953,#9954);
#9953 = CARTESIAN_POINT('',(6.249974394416,-0.651219471048,
    -9.900000003289E-02));
#9954 = VECTOR('',#9955,1.);
#9955 = DIRECTION('',(0.,1.,0.));
#9956 = ORIENTED_EDGE('',*,*,#9957,.T.);
#9957 = EDGE_CURVE('',#9950,#9402,#9958,.T.);
#9958 = LINE('',#9959,#9960);
#9959 = CARTESIAN_POINT('',(6.249974394416,-0.563414595887,
    -9.900000003289E-02));
#9960 = VECTOR('',#9961,1.);
#9961 = DIRECTION('',(0.,0.,-1.));
#9962 = ORIENTED_EDGE('',*,*,#9427,.T.);
#9963 = ORIENTED_EDGE('',*,*,#9964,.F.);
#9964 = EDGE_CURVE('',#9965,#9420,#9967,.T.);
#9965 = VERTEX_POINT('',#9966);
#9966 = CARTESIAN_POINT('',(6.249974394416,-0.197560949382,
    -9.900000003289E-02));
#9967 = LINE('',#9968,#9969);
#9968 = CARTESIAN_POINT('',(6.249974394416,-0.197560949382,
    -9.900000003289E-02));
#9969 = VECTOR('',#9970,1.);
#9970 = DIRECTION('',(0.,0.,-1.));
#9971 = ORIENTED_EDGE('',*,*,#9972,.T.);
#9972 = EDGE_CURVE('',#9965,#9973,#9975,.T.);
#9973 = VERTEX_POINT('',#9974);
#9974 = CARTESIAN_POINT('',(6.249974394416,-0.10975607422,
    -9.900000003289E-02));
#9975 = LINE('',#9976,#9977);
#9976 = CARTESIAN_POINT('',(6.249974394416,-0.197560949382,
    -9.900000003289E-02));
#9977 = VECTOR('',#9978,1.);
#9978 = DIRECTION('',(0.,1.,0.));
#9979 = ORIENTED_EDGE('',*,*,#9980,.T.);
#9980 = EDGE_CURVE('',#9973,#9879,#9981,.T.);
#9981 = LINE('',#9982,#9983);
#9982 = CARTESIAN_POINT('',(6.249974394416,-0.10975607422,
    -9.900000003289E-02));
#9983 = VECTOR('',#9984,1.);
#9984 = DIRECTION('',(0.,0.,-1.));
#9985 = ORIENTED_EDGE('',*,*,#9878,.T.);
#9986 = ORIENTED_EDGE('',*,*,#9987,.F.);
#9987 = EDGE_CURVE('',#9988,#9855,#9990,.T.);
#9988 = VERTEX_POINT('',#9989);
#9989 = CARTESIAN_POINT('',(6.249974394416,0.253925316259,
    -9.900000003289E-02));
#9990 = LINE('',#9991,#9992);
#9991 = CARTESIAN_POINT('',(6.249974394416,0.253925316259,
    -9.900000003289E-02));
#9992 = VECTOR('',#9993,1.);
#9993 = DIRECTION('',(0.,0.,-1.));
#9994 = ORIENTED_EDGE('',*,*,#9995,.T.);
#9995 = EDGE_CURVE('',#9988,#9996,#9998,.T.);
#9996 = VERTEX_POINT('',#9997);
#9997 = CARTESIAN_POINT('',(6.249974394416,0.417073176747,
    -9.900000003289E-02));
#9998 = LINE('',#9999,#10000);
#9999 = CARTESIAN_POINT('',(6.249974394416,0.253925316259,
    -9.900000003289E-02));
#10000 = VECTOR('',#10001,1.);
#10001 = DIRECTION('',(0.,1.,0.));
#10002 = ORIENTED_EDGE('',*,*,#10003,.T.);
#10003 = EDGE_CURVE('',#9996,#9807,#10004,.T.);
#10004 = LINE('',#10005,#10006);
#10005 = CARTESIAN_POINT('',(6.249974394416,0.417073176747,
    -9.900000003289E-02));
#10006 = VECTOR('',#10007,1.);
#10007 = DIRECTION('',(0.,0.,-1.));
#10008 = ORIENTED_EDGE('',*,*,#9806,.T.);
#10009 = ORIENTED_EDGE('',*,*,#10010,.F.);
#10010 = EDGE_CURVE('',#10011,#9799,#10013,.T.);
#10011 = VERTEX_POINT('',#10012);
#10012 = CARTESIAN_POINT('',(6.249974394416,0.534146343629,
    -9.900000003289E-02));
#10013 = LINE('',#10014,#10015);
#10014 = CARTESIAN_POINT('',(6.249974394416,0.534146343629,
    -9.900000003289E-02));
#10015 = VECTOR('',#10016,1.);
#10016 = DIRECTION('',(0.,0.,-1.));
#10017 = ORIENTED_EDGE('',*,*,#10018,.T.);
#10018 = EDGE_CURVE('',#10011,#10019,#10021,.T.);
#10019 = VERTEX_POINT('',#10020);
#10020 = CARTESIAN_POINT('',(6.249974394416,0.856097552554,
    -9.900000003289E-02));
#10021 = LINE('',#10022,#10023);
#10022 = CARTESIAN_POINT('',(6.249974394416,0.534146343629,
    -9.900000003289E-02));
#10023 = VECTOR('',#10024,1.);
#10024 = DIRECTION('',(0.,1.,0.));
#10025 = ORIENTED_EDGE('',*,*,#10026,.T.);
#10026 = EDGE_CURVE('',#10019,#9711,#10027,.T.);
#10027 = LINE('',#10028,#10029);
#10028 = CARTESIAN_POINT('',(6.249974394416,0.856097552554,
    -9.900000003289E-02));
#10029 = VECTOR('',#10030,1.);
#10030 = DIRECTION('',(0.,0.,-1.));
#10031 = ORIENTED_EDGE('',*,*,#9710,.T.);
#10032 = ORIENTED_EDGE('',*,*,#10033,.F.);
#10033 = EDGE_CURVE('',#10034,#9698,#10036,.T.);
#10034 = VERTEX_POINT('',#10035);
#10035 = CARTESIAN_POINT('',(6.249974393566,1.057924813778,
    -9.900000003289E-02));
#10036 = LINE('',#10037,#10038);
#10037 = CARTESIAN_POINT('',(6.249974394416,1.057924818021,
    -9.900000003289E-02));
#10038 = VECTOR('',#10039,1.);
#10039 = DIRECTION('',(0.,0.,-1.));
#10040 = ORIENTED_EDGE('',*,*,#10041,.F.);
#10041 = EDGE_CURVE('',#10042,#10034,#10044,.T.);
#10042 = VERTEX_POINT('',#10043);
#10043 = CARTESIAN_POINT('',(6.249974394416,1.210628502128,
    -9.900000003289E-02));
#10044 = LINE('',#10045,#10046);
#10045 = CARTESIAN_POINT('',(6.249974394416,3.499999904633,
    -9.900000003289E-02));
#10046 = VECTOR('',#10047,1.);
#10047 = DIRECTION('',(1.495451272394E-16,-1.,-4.438520551915E-28));
#10048 = ORIENTED_EDGE('',*,*,#10049,.F.);
#10049 = EDGE_CURVE('',#9532,#10042,#10050,.T.);
#10050 = LINE('',#10051,#10052);
#10051 = CARTESIAN_POINT('',(6.249974394419,1.210628482247,
    -9.900000003289E-02));
#10052 = VECTOR('',#10053,1.);
#10053 = DIRECTION('',(0.,0.,1.));
#10054 = ORIENTED_EDGE('',*,*,#9531,.T.);
#10055 = ORIENTED_EDGE('',*,*,#10056,.F.);
#10056 = EDGE_CURVE('',#10057,#9524,#10059,.T.);
#10057 = VERTEX_POINT('',#10058);
#10058 = CARTESIAN_POINT('',(6.249974394416,1.470731678683,
    -9.900000003289E-02));
#10059 = LINE('',#10060,#10061);
#10060 = CARTESIAN_POINT('',(6.249974394416,1.470731678683,
    -9.900000003289E-02));
#10061 = VECTOR('',#10062,1.);
#10062 = DIRECTION('',(0.,0.,-1.));
#10063 = ORIENTED_EDGE('',*,*,#10064,.T.);
#10064 = EDGE_CURVE('',#10057,#10065,#10067,.T.);
#10065 = VERTEX_POINT('',#10066);
#10066 = CARTESIAN_POINT('',(6.249974394416,1.778048741747,
    -9.900000003289E-02));
#10067 = LINE('',#10068,#10069);
#10068 = CARTESIAN_POINT('',(6.249974394416,1.470731678683,
    -9.900000003289E-02));
#10069 = VECTOR('',#10070,1.);
#10070 = DIRECTION('',(0.,1.,0.));
#10071 = ORIENTED_EDGE('',*,*,#10072,.T.);
#10072 = EDGE_CURVE('',#10065,#9484,#10073,.T.);
#10073 = LINE('',#10074,#10075);
#10074 = CARTESIAN_POINT('',(6.249974394416,1.778048741747,
    -9.900000003289E-02));
#10075 = VECTOR('',#10076,1.);
#10076 = DIRECTION('',(0.,0.,-1.));
#10077 = ORIENTED_EDGE('',*,*,#9483,.T.);
#10078 = ORIENTED_EDGE('',*,*,#10079,.F.);
#10079 = EDGE_CURVE('',#10080,#9476,#10082,.T.);
#10080 = VERTEX_POINT('',#10081);
#10081 = CARTESIAN_POINT('',(6.249974394416,3.499999904633,
    6.899999769803));
#10082 = LINE('',#10083,#10084);
#10083 = CARTESIAN_POINT('',(6.249974394416,3.499999904633,
    6.899999769803));
#10084 = VECTOR('',#10085,1.);
#10085 = DIRECTION('',(-0.,-0.,-1.));
#10086 = ORIENTED_EDGE('',*,*,#10087,.F.);
#10087 = EDGE_CURVE('',#10088,#10080,#10090,.T.);
#10088 = VERTEX_POINT('',#10089);
#10089 = CARTESIAN_POINT('',(6.249974394416,-0.499999963826,
    6.899999769803));
#10090 = LINE('',#10091,#10092);
#10091 = CARTESIAN_POINT('',(6.249974394416,3.499999904633,
    6.899999769803));
#10092 = VECTOR('',#10093,1.);
#10093 = DIRECTION('',(-1.495451272394E-16,1.,0.));
#10094 = ORIENTED_EDGE('',*,*,#10095,.F.);
#10095 = EDGE_CURVE('',#9911,#10088,#10096,.T.);
#10096 = LINE('',#10097,#10098);
#10097 = CARTESIAN_POINT('',(6.249974394416,-0.499999963826,
    3.899999868459));
#10098 = VECTOR('',#10099,1.);
#10099 = DIRECTION('',(0.,0.,1.));
#10100 = PLANE('',#10101);
#10101 = AXIS2_PLACEMENT_3D('',#10102,#10103,#10104);
#10102 = CARTESIAN_POINT('',(6.249974394416,3.499999904633,
    6.899999769803));
#10103 = DIRECTION('',(-1.,-1.495451272394E-16,0.));
#10104 = DIRECTION('',(1.495451272394E-16,-1.,0.));
#10105 = ADVANCED_FACE('',(#10106,#10140),#10174,.T.);
#10106 = FACE_BOUND('',#10107,.T.);
#10107 = EDGE_LOOP('',(#10108,#10118,#10126,#10134));
#10108 = ORIENTED_EDGE('',*,*,#10109,.T.);
#10109 = EDGE_CURVE('',#10110,#10112,#10114,.T.);
#10110 = VERTEX_POINT('',#10111);
#10111 = CARTESIAN_POINT('',(-4.350025257,-0.938610916559,0.399999983557
    ));
#10112 = VERTEX_POINT('',#10113);
#10113 = CARTESIAN_POINT('',(-4.350025257,2.138610916559,0.399999983557)
  );
#10114 = LINE('',#10115,#10116);
#10115 = CARTESIAN_POINT('',(-4.350025257,-0.899999950672,0.399999983557
    ));
#10116 = VECTOR('',#10117,1.);
#10117 = DIRECTION('',(1.084202172486E-16,1.,0.));
#10118 = ORIENTED_EDGE('',*,*,#10119,.T.);
#10119 = EDGE_CURVE('',#10112,#10120,#10122,.T.);
#10120 = VERTEX_POINT('',#10121);
#10121 = CARTESIAN_POINT('',(-3.150025296462,2.138610916559,
    0.399999983557));
#10122 = LINE('',#10123,#10124);
#10123 = CARTESIAN_POINT('',(-4.350025257,2.138610916559,0.399999983557)
  );
#10124 = VECTOR('',#10125,1.);
#10125 = DIRECTION('',(1.,1.807003620809E-16,0.));
#10126 = ORIENTED_EDGE('',*,*,#10127,.T.);
#10127 = EDGE_CURVE('',#10120,#10128,#10130,.T.);
#10128 = VERTEX_POINT('',#10129);
#10129 = CARTESIAN_POINT('',(-3.150025296462,-0.938610916559,
    0.399999983557));
#10130 = LINE('',#10131,#10132);
#10131 = CARTESIAN_POINT('',(-3.150025296462,-0.899999950672,
    0.399999983557));
#10132 = VECTOR('',#10133,1.);
#10133 = DIRECTION('',(-1.445602896647E-16,-1.,-0.));
#10134 = ORIENTED_EDGE('',*,*,#10135,.T.);
#10135 = EDGE_CURVE('',#10128,#10110,#10136,.T.);
#10136 = LINE('',#10137,#10138);
#10137 = CARTESIAN_POINT('',(-4.350025257,-0.938610916559,0.399999983557
    ));
#10138 = VECTOR('',#10139,1.);
#10139 = DIRECTION('',(-1.,1.807003620809E-16,0.));
#10140 = FACE_BOUND('',#10141,.T.);
#10141 = EDGE_LOOP('',(#10142,#10152,#10160,#10168));
#10142 = ORIENTED_EDGE('',*,*,#10143,.T.);
#10143 = EDGE_CURVE('',#10144,#10146,#10148,.T.);
#10144 = VERTEX_POINT('',#10145);
#10145 = CARTESIAN_POINT('',(-4.055025266701,-0.304999970239,
    0.399999983557));
#10146 = VERTEX_POINT('',#10147);
#10147 = CARTESIAN_POINT('',(-3.445025286761,-0.304999970239,
    0.399999983557));
#10148 = LINE('',#10149,#10150);
#10149 = CARTESIAN_POINT('',(-5.000025235624,-0.304999970239,
    0.399999983557));
#10150 = VECTOR('',#10151,1.);
#10151 = DIRECTION('',(1.,0.,0.));
#10152 = ORIENTED_EDGE('',*,*,#10153,.T.);
#10153 = EDGE_CURVE('',#10146,#10154,#10156,.T.);
#10154 = VERTEX_POINT('',#10155);
#10155 = CARTESIAN_POINT('',(-3.445025286761,0.305000009701,
    0.399999983557));
#10156 = LINE('',#10157,#10158);
#10157 = CARTESIAN_POINT('',(-3.445025286761,0.6,0.399999983557));
#10158 = VECTOR('',#10159,1.);
#10159 = DIRECTION('',(0.,1.,0.));
#10160 = ORIENTED_EDGE('',*,*,#10161,.F.);
#10161 = EDGE_CURVE('',#10162,#10154,#10164,.T.);
#10162 = VERTEX_POINT('',#10163);
#10163 = CARTESIAN_POINT('',(-4.055025266701,0.305000009701,
    0.399999983557));
#10164 = LINE('',#10165,#10166);
#10165 = CARTESIAN_POINT('',(-5.000025235624,0.305000009701,
    0.399999983557));
#10166 = VECTOR('',#10167,1.);
#10167 = DIRECTION('',(1.,0.,0.));
#10168 = ORIENTED_EDGE('',*,*,#10169,.F.);
#10169 = EDGE_CURVE('',#10144,#10162,#10170,.T.);
#10170 = LINE('',#10171,#10172);
#10171 = CARTESIAN_POINT('',(-4.055025266701,0.6,0.399999983557));
#10172 = VECTOR('',#10173,1.);
#10173 = DIRECTION('',(0.,1.,0.));
#10174 = PLANE('',#10175);
#10175 = AXIS2_PLACEMENT_3D('',#10176,#10177,#10178);
#10176 = CARTESIAN_POINT('',(-5.000025235624,0.6,0.399999983557));
#10177 = DIRECTION('',(0.,0.,-1.));
#10178 = DIRECTION('',(-1.,0.,0.));
#10179 = ADVANCED_FACE('',(#10180,#10214),#10248,.T.);
#10180 = FACE_BOUND('',#10181,.T.);
#10181 = EDGE_LOOP('',(#10182,#10192,#10200,#10208));
#10182 = ORIENTED_EDGE('',*,*,#10183,.T.);
#10183 = EDGE_CURVE('',#10184,#10186,#10188,.T.);
#10184 = VERTEX_POINT('',#10185);
#10185 = CARTESIAN_POINT('',(-1.850025339213,-0.938610916559,
    0.399999983557));
#10186 = VERTEX_POINT('',#10187);
#10187 = CARTESIAN_POINT('',(-1.850025339213,2.138610916559,
    0.399999983557));
#10188 = LINE('',#10189,#10190);
#10189 = CARTESIAN_POINT('',(-1.850025339213,-0.899999950672,
    0.399999983557));
#10190 = VECTOR('',#10191,1.);
#10191 = DIRECTION('',(1.084202172486E-16,1.,0.));
#10192 = ORIENTED_EDGE('',*,*,#10193,.T.);
#10193 = EDGE_CURVE('',#10186,#10194,#10196,.T.);
#10194 = VERTEX_POINT('',#10195);
#10195 = CARTESIAN_POINT('',(-0.650025378675,2.138610916559,
    0.399999983557));
#10196 = LINE('',#10197,#10198);
#10197 = CARTESIAN_POINT('',(-1.850025339213,2.138610916559,
    0.399999983557));
#10198 = VECTOR('',#10199,1.);
#10199 = DIRECTION('',(1.,1.807003620809E-16,0.));
#10200 = ORIENTED_EDGE('',*,*,#10201,.T.);
#10201 = EDGE_CURVE('',#10194,#10202,#10204,.T.);
#10202 = VERTEX_POINT('',#10203);
#10203 = CARTESIAN_POINT('',(-0.650025378675,-0.938610916559,
    0.399999983557));
#10204 = LINE('',#10205,#10206);
#10205 = CARTESIAN_POINT('',(-0.650025378675,-0.899999950672,
    0.399999983557));
#10206 = VECTOR('',#10207,1.);
#10207 = DIRECTION('',(-1.445602896647E-16,-1.,-0.));
#10208 = ORIENTED_EDGE('',*,*,#10209,.T.);
#10209 = EDGE_CURVE('',#10202,#10184,#10210,.T.);
#10210 = LINE('',#10211,#10212);
#10211 = CARTESIAN_POINT('',(-1.850025339213,-0.938610916559,
    0.399999983557));
#10212 = VECTOR('',#10213,1.);
#10213 = DIRECTION('',(-1.,1.807003620809E-16,0.));
#10214 = FACE_BOUND('',#10215,.T.);
#10215 = EDGE_LOOP('',(#10216,#10226,#10234,#10242));
#10216 = ORIENTED_EDGE('',*,*,#10217,.T.);
#10217 = EDGE_CURVE('',#10218,#10220,#10222,.T.);
#10218 = VERTEX_POINT('',#10219);
#10219 = CARTESIAN_POINT('',(-1.555025348914,-0.304999970239,
    0.399999983557));
#10220 = VERTEX_POINT('',#10221);
#10221 = CARTESIAN_POINT('',(-0.945025368974,-0.304999970239,
    0.399999983557));
#10222 = LINE('',#10223,#10224);
#10223 = CARTESIAN_POINT('',(-2.500025317837,-0.304999970239,
    0.399999983557));
#10224 = VECTOR('',#10225,1.);
#10225 = DIRECTION('',(1.,0.,0.));
#10226 = ORIENTED_EDGE('',*,*,#10227,.T.);
#10227 = EDGE_CURVE('',#10220,#10228,#10230,.T.);
#10228 = VERTEX_POINT('',#10229);
#10229 = CARTESIAN_POINT('',(-0.945025368974,0.305000009701,
    0.399999983557));
#10230 = LINE('',#10231,#10232);
#10231 = CARTESIAN_POINT('',(-0.945025368974,0.6,0.399999983557));
#10232 = VECTOR('',#10233,1.);
#10233 = DIRECTION('',(0.,1.,0.));
#10234 = ORIENTED_EDGE('',*,*,#10235,.F.);
#10235 = EDGE_CURVE('',#10236,#10228,#10238,.T.);
#10236 = VERTEX_POINT('',#10237);
#10237 = CARTESIAN_POINT('',(-1.555025348914,0.305000009701,
    0.399999983557));
#10238 = LINE('',#10239,#10240);
#10239 = CARTESIAN_POINT('',(-2.500025317837,0.305000009701,
    0.399999983557));
#10240 = VECTOR('',#10241,1.);
#10241 = DIRECTION('',(1.,0.,0.));
#10242 = ORIENTED_EDGE('',*,*,#10243,.F.);
#10243 = EDGE_CURVE('',#10218,#10236,#10244,.T.);
#10244 = LINE('',#10245,#10246);
#10245 = CARTESIAN_POINT('',(-1.555025348914,0.6,0.399999983557));
#10246 = VECTOR('',#10247,1.);
#10247 = DIRECTION('',(0.,1.,0.));
#10248 = PLANE('',#10249);
#10249 = AXIS2_PLACEMENT_3D('',#10250,#10251,#10252);
#10250 = CARTESIAN_POINT('',(-2.500025317837,0.6,0.399999983557));
#10251 = DIRECTION('',(0.,0.,-1.));
#10252 = DIRECTION('',(-1.,0.,0.));
#10253 = ADVANCED_FACE('',(#10254,#10288),#10322,.T.);
#10254 = FACE_BOUND('',#10255,.T.);
#10255 = EDGE_LOOP('',(#10256,#10266,#10274,#10282));
#10256 = ORIENTED_EDGE('',*,*,#10257,.T.);
#10257 = EDGE_CURVE('',#10258,#10260,#10262,.T.);
#10258 = VERTEX_POINT('',#10259);
#10259 = CARTESIAN_POINT('',(3.14997449636,-0.938610916559,
    0.399999983557));
#10260 = VERTEX_POINT('',#10261);
#10261 = CARTESIAN_POINT('',(3.14997449636,2.138610916559,0.399999983557
    ));
#10262 = LINE('',#10263,#10264);
#10263 = CARTESIAN_POINT('',(3.14997449636,-0.899999950672,
    0.399999983557));
#10264 = VECTOR('',#10265,1.);
#10265 = DIRECTION('',(1.084202172486E-16,1.,0.));
#10266 = ORIENTED_EDGE('',*,*,#10267,.T.);
#10267 = EDGE_CURVE('',#10260,#10268,#10270,.T.);
#10268 = VERTEX_POINT('',#10269);
#10269 = CARTESIAN_POINT('',(4.349974456898,2.138610916559,
    0.399999983557));
#10270 = LINE('',#10271,#10272);
#10271 = CARTESIAN_POINT('',(3.14997449636,2.138610916559,0.399999983557
    ));
#10272 = VECTOR('',#10273,1.);
#10273 = DIRECTION('',(1.,1.807003620809E-16,0.));
#10274 = ORIENTED_EDGE('',*,*,#10275,.T.);
#10275 = EDGE_CURVE('',#10268,#10276,#10278,.T.);
#10276 = VERTEX_POINT('',#10277);
#10277 = CARTESIAN_POINT('',(4.349974456898,-0.938610916559,
    0.399999983557));
#10278 = LINE('',#10279,#10280);
#10279 = CARTESIAN_POINT('',(4.349974456898,-0.899999950672,
    0.399999983557));
#10280 = VECTOR('',#10281,1.);
#10281 = DIRECTION('',(-1.445602896647E-16,-1.,-0.));
#10282 = ORIENTED_EDGE('',*,*,#10283,.T.);
#10283 = EDGE_CURVE('',#10276,#10258,#10284,.T.);
#10284 = LINE('',#10285,#10286);
#10285 = CARTESIAN_POINT('',(3.14997449636,-0.938610916559,
    0.399999983557));
#10286 = VECTOR('',#10287,1.);
#10287 = DIRECTION('',(-1.,1.807003620809E-16,0.));
#10288 = FACE_BOUND('',#10289,.T.);
#10289 = EDGE_LOOP('',(#10290,#10300,#10308,#10316));
#10290 = ORIENTED_EDGE('',*,*,#10291,.T.);
#10291 = EDGE_CURVE('',#10292,#10294,#10296,.T.);
#10292 = VERTEX_POINT('',#10293);
#10293 = CARTESIAN_POINT('',(3.444974486659,-0.304999970239,
    0.399999983557));
#10294 = VERTEX_POINT('',#10295);
#10295 = CARTESIAN_POINT('',(4.054974466599,-0.304999970239,
    0.399999983557));
#10296 = LINE('',#10297,#10298);
#10297 = CARTESIAN_POINT('',(2.499974517736,-0.304999970239,
    0.399999983557));
#10298 = VECTOR('',#10299,1.);
#10299 = DIRECTION('',(1.,0.,0.));
#10300 = ORIENTED_EDGE('',*,*,#10301,.T.);
#10301 = EDGE_CURVE('',#10294,#10302,#10304,.T.);
#10302 = VERTEX_POINT('',#10303);
#10303 = CARTESIAN_POINT('',(4.054974466599,0.305000009701,
    0.399999983557));
#10304 = LINE('',#10305,#10306);
#10305 = CARTESIAN_POINT('',(4.054974466599,0.6,0.399999983557));
#10306 = VECTOR('',#10307,1.);
#10307 = DIRECTION('',(0.,1.,0.));
#10308 = ORIENTED_EDGE('',*,*,#10309,.F.);
#10309 = EDGE_CURVE('',#10310,#10302,#10312,.T.);
#10310 = VERTEX_POINT('',#10311);
#10311 = CARTESIAN_POINT('',(3.444974486659,0.305000009701,
    0.399999983557));
#10312 = LINE('',#10313,#10314);
#10313 = CARTESIAN_POINT('',(2.499974517736,0.305000009701,
    0.399999983557));
#10314 = VECTOR('',#10315,1.);
#10315 = DIRECTION('',(1.,0.,0.));
#10316 = ORIENTED_EDGE('',*,*,#10317,.F.);
#10317 = EDGE_CURVE('',#10292,#10310,#10318,.T.);
#10318 = LINE('',#10319,#10320);
#10319 = CARTESIAN_POINT('',(3.444974486659,0.6,0.399999983557));
#10320 = VECTOR('',#10321,1.);
#10321 = DIRECTION('',(0.,1.,0.));
#10322 = PLANE('',#10323);
#10323 = AXIS2_PLACEMENT_3D('',#10324,#10325,#10326);
#10324 = CARTESIAN_POINT('',(2.499974517736,0.6,0.399999983557));
#10325 = DIRECTION('',(0.,0.,-1.));
#10326 = DIRECTION('',(-1.,0.,0.));
#10327 = ADVANCED_FACE('',(#10328,#10362),#10396,.T.);
#10328 = FACE_BOUND('',#10329,.T.);
#10329 = EDGE_LOOP('',(#10330,#10340,#10348,#10356));
#10330 = ORIENTED_EDGE('',*,*,#10331,.T.);
#10331 = EDGE_CURVE('',#10332,#10334,#10336,.T.);
#10332 = VERTEX_POINT('',#10333);
#10333 = CARTESIAN_POINT('',(0.649974578574,-0.938610916559,
    0.399999983557));
#10334 = VERTEX_POINT('',#10335);
#10335 = CARTESIAN_POINT('',(0.649974578574,2.138610916559,
    0.399999983557));
#10336 = LINE('',#10337,#10338);
#10337 = CARTESIAN_POINT('',(0.649974578574,-0.899999950672,
    0.399999983557));
#10338 = VECTOR('',#10339,1.);
#10339 = DIRECTION('',(1.084202172486E-16,1.,0.));
#10340 = ORIENTED_EDGE('',*,*,#10341,.T.);
#10341 = EDGE_CURVE('',#10334,#10342,#10344,.T.);
#10342 = VERTEX_POINT('',#10343);
#10343 = CARTESIAN_POINT('',(1.849974539111,2.138610916559,
    0.399999983557));
#10344 = LINE('',#10345,#10346);
#10345 = CARTESIAN_POINT('',(0.649974578574,2.138610916559,
    0.399999983557));
#10346 = VECTOR('',#10347,1.);
#10347 = DIRECTION('',(1.,1.807003620809E-16,0.));
#10348 = ORIENTED_EDGE('',*,*,#10349,.T.);
#10349 = EDGE_CURVE('',#10342,#10350,#10352,.T.);
#10350 = VERTEX_POINT('',#10351);
#10351 = CARTESIAN_POINT('',(1.849974539111,-0.938610916559,
    0.399999983557));
#10352 = LINE('',#10353,#10354);
#10353 = CARTESIAN_POINT('',(1.849974539111,-0.899999950672,
    0.399999983557));
#10354 = VECTOR('',#10355,1.);
#10355 = DIRECTION('',(-1.445602896647E-16,-1.,-0.));
#10356 = ORIENTED_EDGE('',*,*,#10357,.T.);
#10357 = EDGE_CURVE('',#10350,#10332,#10358,.T.);
#10358 = LINE('',#10359,#10360);
#10359 = CARTESIAN_POINT('',(0.649974578574,-0.938610916559,
    0.399999983557));
#10360 = VECTOR('',#10361,1.);
#10361 = DIRECTION('',(-1.,1.807003620809E-16,0.));
#10362 = FACE_BOUND('',#10363,.T.);
#10363 = EDGE_LOOP('',(#10364,#10374,#10382,#10390));
#10364 = ORIENTED_EDGE('',*,*,#10365,.T.);
#10365 = EDGE_CURVE('',#10366,#10368,#10370,.T.);
#10366 = VERTEX_POINT('',#10367);
#10367 = CARTESIAN_POINT('',(0.944974568873,-0.304999970239,
    0.399999983557));
#10368 = VERTEX_POINT('',#10369);
#10369 = CARTESIAN_POINT('',(1.554974548813,-0.304999970239,
    0.399999983557));
#10370 = LINE('',#10371,#10372);
#10371 = CARTESIAN_POINT('',(-2.54000508001E-05,-0.304999970239,
    0.399999983557));
#10372 = VECTOR('',#10373,1.);
#10373 = DIRECTION('',(1.,0.,0.));
#10374 = ORIENTED_EDGE('',*,*,#10375,.T.);
#10375 = EDGE_CURVE('',#10368,#10376,#10378,.T.);
#10376 = VERTEX_POINT('',#10377);
#10377 = CARTESIAN_POINT('',(1.554974548813,0.305000009701,
    0.399999983557));
#10378 = LINE('',#10379,#10380);
#10379 = CARTESIAN_POINT('',(1.554974548813,0.6,0.399999983557));
#10380 = VECTOR('',#10381,1.);
#10381 = DIRECTION('',(0.,1.,0.));
#10382 = ORIENTED_EDGE('',*,*,#10383,.F.);
#10383 = EDGE_CURVE('',#10384,#10376,#10386,.T.);
#10384 = VERTEX_POINT('',#10385);
#10385 = CARTESIAN_POINT('',(0.944974568873,0.305000009701,
    0.399999983557));
#10386 = LINE('',#10387,#10388);
#10387 = CARTESIAN_POINT('',(-2.54000508001E-05,0.305000009701,
    0.399999983557));
#10388 = VECTOR('',#10389,1.);
#10389 = DIRECTION('',(1.,0.,0.));
#10390 = ORIENTED_EDGE('',*,*,#10391,.F.);
#10391 = EDGE_CURVE('',#10366,#10384,#10392,.T.);
#10392 = LINE('',#10393,#10394);
#10393 = CARTESIAN_POINT('',(0.944974568873,0.6,0.399999983557));
#10394 = VECTOR('',#10395,1.);
#10395 = DIRECTION('',(0.,1.,0.));
#10396 = PLANE('',#10397);
#10397 = AXIS2_PLACEMENT_3D('',#10398,#10399,#10400);
#10398 = CARTESIAN_POINT('',(-2.54000508001E-05,0.6,0.399999983557));
#10399 = DIRECTION('',(0.,0.,-1.));
#10400 = DIRECTION('',(-1.,0.,0.));
#10401 = ADVANCED_FACE('',(#10402,#10436,#10470,#10504,#10538),#10572,
  .T.);
#10402 = FACE_BOUND('',#10403,.T.);
#10403 = EDGE_LOOP('',(#10404,#10414,#10422,#10430));
#10404 = ORIENTED_EDGE('',*,*,#10405,.T.);
#10405 = EDGE_CURVE('',#10406,#10408,#10410,.T.);
#10406 = VERTEX_POINT('',#10407);
#10407 = CARTESIAN_POINT('',(-5.450025220826,-1.499999930941,
    1.899999934229));
#10408 = VERTEX_POINT('',#10409);
#10409 = CARTESIAN_POINT('',(5.449974420724,-1.499999930941,
    1.899999934229));
#10410 = LINE('',#10411,#10412);
#10411 = CARTESIAN_POINT('',(-5.450025220826,-1.499999930941,
    1.899999934229));
#10412 = VECTOR('',#10413,1.);
#10413 = DIRECTION('',(1.,0.,0.));
#10414 = ORIENTED_EDGE('',*,*,#10415,.T.);
#10415 = EDGE_CURVE('',#10408,#10416,#10418,.T.);
#10416 = VERTEX_POINT('',#10417);
#10417 = CARTESIAN_POINT('',(5.449974420724,2.699999930941,
    1.899999934229));
#10418 = LINE('',#10419,#10420);
#10419 = CARTESIAN_POINT('',(5.449974420724,-1.499999930941,
    1.899999934229));
#10420 = VECTOR('',#10421,1.);
#10421 = DIRECTION('',(-2.06514699521E-16,1.,0.));
#10422 = ORIENTED_EDGE('',*,*,#10423,.T.);
#10423 = EDGE_CURVE('',#10416,#10424,#10426,.T.);
#10424 = VERTEX_POINT('',#10425);
#10425 = CARTESIAN_POINT('',(-5.450025220826,2.699999930941,
    1.899999934229));
#10426 = LINE('',#10427,#10428);
#10427 = CARTESIAN_POINT('',(5.449974420724,2.699999930941,
    1.899999934229));
#10428 = VECTOR('',#10429,1.);
#10429 = DIRECTION('',(-1.,0.,0.));
#10430 = ORIENTED_EDGE('',*,*,#10431,.T.);
#10431 = EDGE_CURVE('',#10424,#10406,#10432,.T.);
#10432 = LINE('',#10433,#10434);
#10433 = CARTESIAN_POINT('',(-5.450025220826,2.699999930941,
    1.899999934229));
#10434 = VECTOR('',#10435,1.);
#10435 = DIRECTION('',(4.130293990421E-16,-1.,0.));
#10436 = FACE_BOUND('',#10437,.T.);
#10437 = EDGE_LOOP('',(#10438,#10448,#10456,#10464));
#10438 = ORIENTED_EDGE('',*,*,#10439,.F.);
#10439 = EDGE_CURVE('',#10440,#10442,#10444,.T.);
#10440 = VERTEX_POINT('',#10441);
#10441 = CARTESIAN_POINT('',(1.554974548813,0.305000009701,
    1.899999934229));
#10442 = VERTEX_POINT('',#10443);
#10443 = CARTESIAN_POINT('',(0.944974568873,0.305000009701,
    1.899999934229));
#10444 = LINE('',#10445,#10446);
#10445 = CARTESIAN_POINT('',(0.944974568873,0.305000009701,
    1.899999934229));
#10446 = VECTOR('',#10447,1.);
#10447 = DIRECTION('',(-1.,-0.,-0.));
#10448 = ORIENTED_EDGE('',*,*,#10449,.F.);
#10449 = EDGE_CURVE('',#10450,#10440,#10452,.T.);
#10450 = VERTEX_POINT('',#10451);
#10451 = CARTESIAN_POINT('',(1.554974548813,-0.304999970239,
    1.899999934229));
#10452 = LINE('',#10453,#10454);
#10453 = CARTESIAN_POINT('',(1.554974548813,0.305000009701,
    1.899999934229));
#10454 = VECTOR('',#10455,1.);
#10455 = DIRECTION('',(0.,1.,0.));
#10456 = ORIENTED_EDGE('',*,*,#10457,.F.);
#10457 = EDGE_CURVE('',#10458,#10450,#10460,.T.);
#10458 = VERTEX_POINT('',#10459);
#10459 = CARTESIAN_POINT('',(0.944974568873,-0.304999970239,
    1.899999934229));
#10460 = LINE('',#10461,#10462);
#10461 = CARTESIAN_POINT('',(0.944974568873,-0.304999970239,
    1.899999934229));
#10462 = VECTOR('',#10463,1.);
#10463 = DIRECTION('',(1.,0.,0.));
#10464 = ORIENTED_EDGE('',*,*,#10465,.F.);
#10465 = EDGE_CURVE('',#10442,#10458,#10466,.T.);
#10466 = LINE('',#10467,#10468);
#10467 = CARTESIAN_POINT('',(0.944974568873,0.305000009701,
    1.899999934229));
#10468 = VECTOR('',#10469,1.);
#10469 = DIRECTION('',(1.777380610632E-16,-1.,0.));
#10470 = FACE_BOUND('',#10471,.T.);
#10471 = EDGE_LOOP('',(#10472,#10482,#10490,#10498));
#10472 = ORIENTED_EDGE('',*,*,#10473,.F.);
#10473 = EDGE_CURVE('',#10474,#10476,#10478,.T.);
#10474 = VERTEX_POINT('',#10475);
#10475 = CARTESIAN_POINT('',(-0.945025368974,0.305000009701,
    1.899999934229));
#10476 = VERTEX_POINT('',#10477);
#10477 = CARTESIAN_POINT('',(-1.555025348914,0.305000009701,
    1.899999934229));
#10478 = LINE('',#10479,#10480);
#10479 = CARTESIAN_POINT('',(-1.555025348914,0.305000009701,
    1.899999934229));
#10480 = VECTOR('',#10481,1.);
#10481 = DIRECTION('',(-1.,-0.,-0.));
#10482 = ORIENTED_EDGE('',*,*,#10483,.F.);
#10483 = EDGE_CURVE('',#10484,#10474,#10486,.T.);
#10484 = VERTEX_POINT('',#10485);
#10485 = CARTESIAN_POINT('',(-0.945025368974,-0.304999970239,
    1.899999934229));
#10486 = LINE('',#10487,#10488);
#10487 = CARTESIAN_POINT('',(-0.945025368974,0.305000009701,
    1.899999934229));
#10488 = VECTOR('',#10489,1.);
#10489 = DIRECTION('',(0.,1.,0.));
#10490 = ORIENTED_EDGE('',*,*,#10491,.F.);
#10491 = EDGE_CURVE('',#10492,#10484,#10494,.T.);
#10492 = VERTEX_POINT('',#10493);
#10493 = CARTESIAN_POINT('',(-1.555025348914,-0.304999970239,
    1.899999934229));
#10494 = LINE('',#10495,#10496);
#10495 = CARTESIAN_POINT('',(-1.555025348914,-0.304999970239,
    1.899999934229));
#10496 = VECTOR('',#10497,1.);
#10497 = DIRECTION('',(1.,0.,0.));
#10498 = ORIENTED_EDGE('',*,*,#10499,.F.);
#10499 = EDGE_CURVE('',#10476,#10492,#10500,.T.);
#10500 = LINE('',#10501,#10502);
#10501 = CARTESIAN_POINT('',(-1.555025348914,0.305000009701,
    1.899999934229));
#10502 = VECTOR('',#10503,1.);
#10503 = DIRECTION('',(1.777380610632E-16,-1.,0.));
#10504 = FACE_BOUND('',#10505,.T.);
#10505 = EDGE_LOOP('',(#10506,#10516,#10524,#10532));
#10506 = ORIENTED_EDGE('',*,*,#10507,.F.);
#10507 = EDGE_CURVE('',#10508,#10510,#10512,.T.);
#10508 = VERTEX_POINT('',#10509);
#10509 = CARTESIAN_POINT('',(-3.445025286761,0.305000009701,
    1.899999934229));
#10510 = VERTEX_POINT('',#10511);
#10511 = CARTESIAN_POINT('',(-4.055025266701,0.305000009701,
    1.899999934229));
#10512 = LINE('',#10513,#10514);
#10513 = CARTESIAN_POINT('',(-4.055025266701,0.305000009701,
    1.899999934229));
#10514 = VECTOR('',#10515,1.);
#10515 = DIRECTION('',(-1.,-0.,-0.));
#10516 = ORIENTED_EDGE('',*,*,#10517,.F.);
#10517 = EDGE_CURVE('',#10518,#10508,#10520,.T.);
#10518 = VERTEX_POINT('',#10519);
#10519 = CARTESIAN_POINT('',(-3.445025286761,-0.304999970239,
    1.899999934229));
#10520 = LINE('',#10521,#10522);
#10521 = CARTESIAN_POINT('',(-3.445025286761,0.305000009701,
    1.899999934229));
#10522 = VECTOR('',#10523,1.);
#10523 = DIRECTION('',(0.,1.,0.));
#10524 = ORIENTED_EDGE('',*,*,#10525,.F.);
#10525 = EDGE_CURVE('',#10526,#10518,#10528,.T.);
#10526 = VERTEX_POINT('',#10527);
#10527 = CARTESIAN_POINT('',(-4.055025266701,-0.304999970239,
    1.899999934229));
#10528 = LINE('',#10529,#10530);
#10529 = CARTESIAN_POINT('',(-4.055025266701,-0.304999970239,
    1.899999934229));
#10530 = VECTOR('',#10531,1.);
#10531 = DIRECTION('',(1.,0.,0.));
#10532 = ORIENTED_EDGE('',*,*,#10533,.F.);
#10533 = EDGE_CURVE('',#10510,#10526,#10534,.T.);
#10534 = LINE('',#10535,#10536);
#10535 = CARTESIAN_POINT('',(-4.055025266701,0.305000009701,
    1.899999934229));
#10536 = VECTOR('',#10537,1.);
#10537 = DIRECTION('',(1.777380610632E-16,-1.,0.));
#10538 = FACE_BOUND('',#10539,.T.);
#10539 = EDGE_LOOP('',(#10540,#10550,#10558,#10566));
#10540 = ORIENTED_EDGE('',*,*,#10541,.F.);
#10541 = EDGE_CURVE('',#10542,#10544,#10546,.T.);
#10542 = VERTEX_POINT('',#10543);
#10543 = CARTESIAN_POINT('',(4.054974466599,0.305000009701,
    1.899999934229));
#10544 = VERTEX_POINT('',#10545);
#10545 = CARTESIAN_POINT('',(3.444974486659,0.305000009701,
    1.899999934229));
#10546 = LINE('',#10547,#10548);
#10547 = CARTESIAN_POINT('',(3.444974486659,0.305000009701,
    1.899999934229));
#10548 = VECTOR('',#10549,1.);
#10549 = DIRECTION('',(-1.,-0.,-0.));
#10550 = ORIENTED_EDGE('',*,*,#10551,.F.);
#10551 = EDGE_CURVE('',#10552,#10542,#10554,.T.);
#10552 = VERTEX_POINT('',#10553);
#10553 = CARTESIAN_POINT('',(4.054974466599,-0.304999970239,
    1.899999934229));
#10554 = LINE('',#10555,#10556);
#10555 = CARTESIAN_POINT('',(4.054974466599,0.305000009701,
    1.899999934229));
#10556 = VECTOR('',#10557,1.);
#10557 = DIRECTION('',(0.,1.,0.));
#10558 = ORIENTED_EDGE('',*,*,#10559,.F.);
#10559 = EDGE_CURVE('',#10560,#10552,#10562,.T.);
#10560 = VERTEX_POINT('',#10561);
#10561 = CARTESIAN_POINT('',(3.444974486659,-0.304999970239,
    1.899999934229));
#10562 = LINE('',#10563,#10564);
#10563 = CARTESIAN_POINT('',(3.444974486659,-0.304999970239,
    1.899999934229));
#10564 = VECTOR('',#10565,1.);
#10565 = DIRECTION('',(1.,0.,0.));
#10566 = ORIENTED_EDGE('',*,*,#10567,.F.);
#10567 = EDGE_CURVE('',#10544,#10560,#10568,.T.);
#10568 = LINE('',#10569,#10570);
#10569 = CARTESIAN_POINT('',(3.444974486659,0.305000009701,
    1.899999934229));
#10570 = VECTOR('',#10571,1.);
#10571 = DIRECTION('',(1.777380610632E-16,-1.,0.));
#10572 = PLANE('',#10573);
#10573 = AXIS2_PLACEMENT_3D('',#10574,#10575,#10576);
#10574 = CARTESIAN_POINT('',(-2.54000508001E-05,0.6,1.899999934229));
#10575 = DIRECTION('',(0.,0.,1.));
#10576 = DIRECTION('',(1.,0.,0.));
#10577 = ADVANCED_FACE('',(#10578),#10619,.F.);
#10578 = FACE_BOUND('',#10579,.T.);
#10579 = EDGE_LOOP('',(#10580,#10588,#10589,#10597,#10605,#10613));
#10580 = ORIENTED_EDGE('',*,*,#10581,.T.);
#10581 = EDGE_CURVE('',#10582,#10128,#10584,.T.);
#10582 = VERTEX_POINT('',#10583);
#10583 = CARTESIAN_POINT('',(-3.150025296462,-2.299999904633,
    0.689372145958));
#10584 = LINE('',#10585,#10586);
#10585 = CARTESIAN_POINT('',(-3.150025296462,-0.899999950672,
    0.391792969406));
#10586 = VECTOR('',#10587,1.);
#10587 = DIRECTION('',(-7.313860370532E-17,0.978147600734,
    -0.207911690818));
#10588 = ORIENTED_EDGE('',*,*,#10127,.F.);
#10589 = ORIENTED_EDGE('',*,*,#10590,.T.);
#10590 = EDGE_CURVE('',#10120,#10591,#10593,.T.);
#10591 = VERTEX_POINT('',#10592);
#10592 = CARTESIAN_POINT('',(-3.150025296462,3.499999904633,
    0.689372145958));
#10593 = LINE('',#10594,#10595);
#10594 = CARTESIAN_POINT('',(-3.150025296462,2.099999950672,
    0.391792969406));
#10595 = VECTOR('',#10596,1.);
#10596 = DIRECTION('',(-7.313860370532E-17,0.978147600734,0.207911690818
    ));
#10597 = ORIENTED_EDGE('',*,*,#10598,.T.);
#10598 = EDGE_CURVE('',#10591,#10599,#10601,.T.);
#10599 = VERTEX_POINT('',#10600);
#10600 = CARTESIAN_POINT('',(-3.150025296462,3.499999904633,-0.1));
#10601 = LINE('',#10602,#10603);
#10602 = CARTESIAN_POINT('',(-3.150025296462,3.499999904633,
    0.699999973692));
#10603 = VECTOR('',#10604,1.);
#10604 = DIRECTION('',(-0.,-0.,-1.));
#10605 = ORIENTED_EDGE('',*,*,#10606,.T.);
#10606 = EDGE_CURVE('',#10599,#10607,#10609,.T.);
#10607 = VERTEX_POINT('',#10608);
#10608 = CARTESIAN_POINT('',(-3.150025296462,-2.299999904633,-0.1));
#10609 = LINE('',#10610,#10611);
#10610 = CARTESIAN_POINT('',(-3.150025296462,-2.299999904633,-0.1));
#10611 = VECTOR('',#10612,1.);
#10612 = DIRECTION('',(7.477256361969E-17,-1.,0.));
#10613 = ORIENTED_EDGE('',*,*,#10614,.F.);
#10614 = EDGE_CURVE('',#10582,#10607,#10615,.T.);
#10615 = LINE('',#10616,#10617);
#10616 = CARTESIAN_POINT('',(-3.150025296462,-2.299999904633,
    0.699999973692));
#10617 = VECTOR('',#10618,1.);
#10618 = DIRECTION('',(-0.,-0.,-1.));
#10619 = PLANE('',#10620);
#10620 = AXIS2_PLACEMENT_3D('',#10621,#10622,#10623);
#10621 = CARTESIAN_POINT('',(-3.150025296462,-2.299999904633,
    0.699999973692));
#10622 = DIRECTION('',(1.,7.477256361969E-17,0.));
#10623 = DIRECTION('',(-7.477256361969E-17,1.,0.));
#10624 = ADVANCED_FACE('',(#10625),#10666,.F.);
#10625 = FACE_BOUND('',#10626,.T.);
#10626 = EDGE_LOOP('',(#10627,#10628,#10636,#10644,#10652,#10660));
#10627 = ORIENTED_EDGE('',*,*,#10109,.F.);
#10628 = ORIENTED_EDGE('',*,*,#10629,.T.);
#10629 = EDGE_CURVE('',#10110,#10630,#10632,.T.);
#10630 = VERTEX_POINT('',#10631);
#10631 = CARTESIAN_POINT('',(-4.350025257,-2.299999904633,0.689372145958
    ));
#10632 = LINE('',#10633,#10634);
#10633 = CARTESIAN_POINT('',(-4.350025257,-0.899999950672,0.391792969406
    ));
#10634 = VECTOR('',#10635,1.);
#10635 = DIRECTION('',(0.,-0.978147600734,0.207911690818));
#10636 = ORIENTED_EDGE('',*,*,#10637,.T.);
#10637 = EDGE_CURVE('',#10630,#10638,#10640,.T.);
#10638 = VERTEX_POINT('',#10639);
#10639 = CARTESIAN_POINT('',(-4.350025257,-2.299999904633,-0.1));
#10640 = LINE('',#10641,#10642);
#10641 = CARTESIAN_POINT('',(-4.350025257,-2.299999904633,0.699999973692
    ));
#10642 = VECTOR('',#10643,1.);
#10643 = DIRECTION('',(-0.,-0.,-1.));
#10644 = ORIENTED_EDGE('',*,*,#10645,.T.);
#10645 = EDGE_CURVE('',#10638,#10646,#10648,.T.);
#10646 = VERTEX_POINT('',#10647);
#10647 = CARTESIAN_POINT('',(-4.350025257,3.499999904633,-0.1));
#10648 = LINE('',#10649,#10650);
#10649 = CARTESIAN_POINT('',(-4.350025257,-2.299999904633,-0.1));
#10650 = VECTOR('',#10651,1.);
#10651 = DIRECTION('',(0.,1.,0.));
#10652 = ORIENTED_EDGE('',*,*,#10653,.F.);
#10653 = EDGE_CURVE('',#10654,#10646,#10656,.T.);
#10654 = VERTEX_POINT('',#10655);
#10655 = CARTESIAN_POINT('',(-4.350025257,3.499999904633,0.689372145958)
  );
#10656 = LINE('',#10657,#10658);
#10657 = CARTESIAN_POINT('',(-4.350025257,3.499999904633,0.699999973692)
  );
#10658 = VECTOR('',#10659,1.);
#10659 = DIRECTION('',(-0.,-0.,-1.));
#10660 = ORIENTED_EDGE('',*,*,#10661,.T.);
#10661 = EDGE_CURVE('',#10654,#10112,#10662,.T.);
#10662 = LINE('',#10663,#10664);
#10663 = CARTESIAN_POINT('',(-4.350025257,2.099999950672,0.391792969406)
  );
#10664 = VECTOR('',#10665,1.);
#10665 = DIRECTION('',(0.,-0.978147600734,-0.207911690818));
#10666 = PLANE('',#10667);
#10667 = AXIS2_PLACEMENT_3D('',#10668,#10669,#10670);
#10668 = CARTESIAN_POINT('',(-4.350025257,-2.299999904633,0.699999973692
    ));
#10669 = DIRECTION('',(-1.,0.,0.));
#10670 = DIRECTION('',(0.,0.,1.));
#10671 = ADVANCED_FACE('',(#10672),#10713,.F.);
#10672 = FACE_BOUND('',#10673,.T.);
#10673 = EDGE_LOOP('',(#10674,#10682,#10683,#10691,#10699,#10707));
#10674 = ORIENTED_EDGE('',*,*,#10675,.T.);
#10675 = EDGE_CURVE('',#10676,#10202,#10678,.T.);
#10676 = VERTEX_POINT('',#10677);
#10677 = CARTESIAN_POINT('',(-0.650025378675,-2.299999904633,
    0.689372145958));
#10678 = LINE('',#10679,#10680);
#10679 = CARTESIAN_POINT('',(-0.650025378675,-0.899999950672,
    0.391792969406));
#10680 = VECTOR('',#10681,1.);
#10681 = DIRECTION('',(-7.313860370532E-17,0.978147600734,
    -0.207911690818));
#10682 = ORIENTED_EDGE('',*,*,#10201,.F.);
#10683 = ORIENTED_EDGE('',*,*,#10684,.T.);
#10684 = EDGE_CURVE('',#10194,#10685,#10687,.T.);
#10685 = VERTEX_POINT('',#10686);
#10686 = CARTESIAN_POINT('',(-0.650025378675,3.499999904633,
    0.689372145958));
#10687 = LINE('',#10688,#10689);
#10688 = CARTESIAN_POINT('',(-0.650025378675,2.099999950672,
    0.391792969406));
#10689 = VECTOR('',#10690,1.);
#10690 = DIRECTION('',(-7.313860370532E-17,0.978147600734,0.207911690818
    ));
#10691 = ORIENTED_EDGE('',*,*,#10692,.T.);
#10692 = EDGE_CURVE('',#10685,#10693,#10695,.T.);
#10693 = VERTEX_POINT('',#10694);
#10694 = CARTESIAN_POINT('',(-0.650025378675,3.499999904633,-0.1));
#10695 = LINE('',#10696,#10697);
#10696 = CARTESIAN_POINT('',(-0.650025378675,3.499999904633,
    0.699999973692));
#10697 = VECTOR('',#10698,1.);
#10698 = DIRECTION('',(-0.,-0.,-1.));
#10699 = ORIENTED_EDGE('',*,*,#10700,.T.);
#10700 = EDGE_CURVE('',#10693,#10701,#10703,.T.);
#10701 = VERTEX_POINT('',#10702);
#10702 = CARTESIAN_POINT('',(-0.650025378675,-2.299999904633,-0.1));
#10703 = LINE('',#10704,#10705);
#10704 = CARTESIAN_POINT('',(-0.650025378675,-2.299999904633,-0.1));
#10705 = VECTOR('',#10706,1.);
#10706 = DIRECTION('',(7.477256361969E-17,-1.,0.));
#10707 = ORIENTED_EDGE('',*,*,#10708,.F.);
#10708 = EDGE_CURVE('',#10676,#10701,#10709,.T.);
#10709 = LINE('',#10710,#10711);
#10710 = CARTESIAN_POINT('',(-0.650025378675,-2.299999904633,
    0.699999973692));
#10711 = VECTOR('',#10712,1.);
#10712 = DIRECTION('',(-0.,-0.,-1.));
#10713 = PLANE('',#10714);
#10714 = AXIS2_PLACEMENT_3D('',#10715,#10716,#10717);
#10715 = CARTESIAN_POINT('',(-0.650025378675,-2.299999904633,
    0.699999973692));
#10716 = DIRECTION('',(1.,7.477256361969E-17,0.));
#10717 = DIRECTION('',(-7.477256361969E-17,1.,0.));
#10718 = ADVANCED_FACE('',(#10719),#10760,.F.);
#10719 = FACE_BOUND('',#10720,.T.);
#10720 = EDGE_LOOP('',(#10721,#10722,#10730,#10738,#10746,#10754));
#10721 = ORIENTED_EDGE('',*,*,#10183,.F.);
#10722 = ORIENTED_EDGE('',*,*,#10723,.T.);
#10723 = EDGE_CURVE('',#10184,#10724,#10726,.T.);
#10724 = VERTEX_POINT('',#10725);
#10725 = CARTESIAN_POINT('',(-1.850025339213,-2.299999904633,
    0.689372145958));
#10726 = LINE('',#10727,#10728);
#10727 = CARTESIAN_POINT('',(-1.850025339213,-0.899999950672,
    0.391792969406));
#10728 = VECTOR('',#10729,1.);
#10729 = DIRECTION('',(0.,-0.978147600734,0.207911690818));
#10730 = ORIENTED_EDGE('',*,*,#10731,.T.);
#10731 = EDGE_CURVE('',#10724,#10732,#10734,.T.);
#10732 = VERTEX_POINT('',#10733);
#10733 = CARTESIAN_POINT('',(-1.850025339213,-2.299999904633,-0.1));
#10734 = LINE('',#10735,#10736);
#10735 = CARTESIAN_POINT('',(-1.850025339213,-2.299999904633,
    0.699999973692));
#10736 = VECTOR('',#10737,1.);
#10737 = DIRECTION('',(-0.,-0.,-1.));
#10738 = ORIENTED_EDGE('',*,*,#10739,.T.);
#10739 = EDGE_CURVE('',#10732,#10740,#10742,.T.);
#10740 = VERTEX_POINT('',#10741);
#10741 = CARTESIAN_POINT('',(-1.850025339213,3.499999904633,-0.1));
#10742 = LINE('',#10743,#10744);
#10743 = CARTESIAN_POINT('',(-1.850025339213,-2.299999904633,-0.1));
#10744 = VECTOR('',#10745,1.);
#10745 = DIRECTION('',(0.,1.,0.));
#10746 = ORIENTED_EDGE('',*,*,#10747,.F.);
#10747 = EDGE_CURVE('',#10748,#10740,#10750,.T.);
#10748 = VERTEX_POINT('',#10749);
#10749 = CARTESIAN_POINT('',(-1.850025339213,3.499999904633,
    0.689372145958));
#10750 = LINE('',#10751,#10752);
#10751 = CARTESIAN_POINT('',(-1.850025339213,3.499999904633,
    0.699999973692));
#10752 = VECTOR('',#10753,1.);
#10753 = DIRECTION('',(-0.,-0.,-1.));
#10754 = ORIENTED_EDGE('',*,*,#10755,.T.);
#10755 = EDGE_CURVE('',#10748,#10186,#10756,.T.);
#10756 = LINE('',#10757,#10758);
#10757 = CARTESIAN_POINT('',(-1.850025339213,2.099999950672,
    0.391792969406));
#10758 = VECTOR('',#10759,1.);
#10759 = DIRECTION('',(0.,-0.978147600734,-0.207911690818));
#10760 = PLANE('',#10761);
#10761 = AXIS2_PLACEMENT_3D('',#10762,#10763,#10764);
#10762 = CARTESIAN_POINT('',(-1.850025339213,-2.299999904633,
    0.699999973692));
#10763 = DIRECTION('',(-1.,0.,0.));
#10764 = DIRECTION('',(0.,0.,1.));
#10765 = ADVANCED_FACE('',(#10766),#10798,.F.);
#10766 = FACE_BOUND('',#10767,.T.);
#10767 = EDGE_LOOP('',(#10768,#10776,#10777,#10785,#10791,#10792));
#10768 = ORIENTED_EDGE('',*,*,#10769,.T.);
#10769 = EDGE_CURVE('',#10770,#10276,#10772,.T.);
#10770 = VERTEX_POINT('',#10771);
#10771 = CARTESIAN_POINT('',(4.349974456898,-2.299999904633,
    0.689372145958));
#10772 = LINE('',#10773,#10774);
#10773 = CARTESIAN_POINT('',(4.349974456898,-0.899999950672,
    0.391792969406));
#10774 = VECTOR('',#10775,1.);
#10775 = DIRECTION('',(-7.313860370532E-17,0.978147600734,
    -0.207911690818));
#10776 = ORIENTED_EDGE('',*,*,#10275,.F.);
#10777 = ORIENTED_EDGE('',*,*,#10778,.T.);
#10778 = EDGE_CURVE('',#10268,#10779,#10781,.T.);
#10779 = VERTEX_POINT('',#10780);
#10780 = CARTESIAN_POINT('',(4.349974456898,3.499999904633,
    0.689372145958));
#10781 = LINE('',#10782,#10783);
#10782 = CARTESIAN_POINT('',(4.349974456898,2.099999950672,
    0.391792969406));
#10783 = VECTOR('',#10784,1.);
#10784 = DIRECTION('',(-7.313860370532E-17,0.978147600734,0.207911690818
    ));
#10785 = ORIENTED_EDGE('',*,*,#10786,.T.);
#10786 = EDGE_CURVE('',#10779,#9468,#10787,.T.);
#10787 = LINE('',#10788,#10789);
#10788 = CARTESIAN_POINT('',(4.349974456898,3.499999904633,
    0.699999973692));
#10789 = VECTOR('',#10790,1.);
#10790 = DIRECTION('',(-0.,-0.,-1.));
#10791 = ORIENTED_EDGE('',*,*,#9467,.T.);
#10792 = ORIENTED_EDGE('',*,*,#10793,.F.);
#10793 = EDGE_CURVE('',#10770,#9460,#10794,.T.);
#10794 = LINE('',#10795,#10796);
#10795 = CARTESIAN_POINT('',(4.349974456898,-2.299999904633,
    0.699999973692));
#10796 = VECTOR('',#10797,1.);
#10797 = DIRECTION('',(-0.,-0.,-1.));
#10798 = PLANE('',#10799);
#10799 = AXIS2_PLACEMENT_3D('',#10800,#10801,#10802);
#10800 = CARTESIAN_POINT('',(4.349974456898,-2.299999904633,
    0.699999973692));
#10801 = DIRECTION('',(1.,7.477256361969E-17,0.));
#10802 = DIRECTION('',(-7.477256361969E-17,1.,0.));
#10803 = ADVANCED_FACE('',(#10804),#10845,.F.);
#10804 = FACE_BOUND('',#10805,.T.);
#10805 = EDGE_LOOP('',(#10806,#10807,#10815,#10823,#10831,#10839));
#10806 = ORIENTED_EDGE('',*,*,#10257,.F.);
#10807 = ORIENTED_EDGE('',*,*,#10808,.T.);
#10808 = EDGE_CURVE('',#10258,#10809,#10811,.T.);
#10809 = VERTEX_POINT('',#10810);
#10810 = CARTESIAN_POINT('',(3.14997449636,-2.299999904633,
    0.689372145958));
#10811 = LINE('',#10812,#10813);
#10812 = CARTESIAN_POINT('',(3.14997449636,-0.899999950672,
    0.391792969406));
#10813 = VECTOR('',#10814,1.);
#10814 = DIRECTION('',(0.,-0.978147600734,0.207911690818));
#10815 = ORIENTED_EDGE('',*,*,#10816,.T.);
#10816 = EDGE_CURVE('',#10809,#10817,#10819,.T.);
#10817 = VERTEX_POINT('',#10818);
#10818 = CARTESIAN_POINT('',(3.14997449636,-2.299999904633,-0.1));
#10819 = LINE('',#10820,#10821);
#10820 = CARTESIAN_POINT('',(3.14997449636,-2.299999904633,
    0.699999973692));
#10821 = VECTOR('',#10822,1.);
#10822 = DIRECTION('',(-0.,-0.,-1.));
#10823 = ORIENTED_EDGE('',*,*,#10824,.T.);
#10824 = EDGE_CURVE('',#10817,#10825,#10827,.T.);
#10825 = VERTEX_POINT('',#10826);
#10826 = CARTESIAN_POINT('',(3.14997449636,3.499999904633,-0.1));
#10827 = LINE('',#10828,#10829);
#10828 = CARTESIAN_POINT('',(3.14997449636,-2.299999904633,-0.1));
#10829 = VECTOR('',#10830,1.);
#10830 = DIRECTION('',(0.,1.,0.));
#10831 = ORIENTED_EDGE('',*,*,#10832,.F.);
#10832 = EDGE_CURVE('',#10833,#10825,#10835,.T.);
#10833 = VERTEX_POINT('',#10834);
#10834 = CARTESIAN_POINT('',(3.14997449636,3.499999904633,0.689372145958
    ));
#10835 = LINE('',#10836,#10837);
#10836 = CARTESIAN_POINT('',(3.14997449636,3.499999904633,0.699999973692
    ));
#10837 = VECTOR('',#10838,1.);
#10838 = DIRECTION('',(-0.,-0.,-1.));
#10839 = ORIENTED_EDGE('',*,*,#10840,.T.);
#10840 = EDGE_CURVE('',#10833,#10260,#10841,.T.);
#10841 = LINE('',#10842,#10843);
#10842 = CARTESIAN_POINT('',(3.14997449636,2.099999950672,0.391792969406
    ));
#10843 = VECTOR('',#10844,1.);
#10844 = DIRECTION('',(0.,-0.978147600734,-0.207911690818));
#10845 = PLANE('',#10846);
#10846 = AXIS2_PLACEMENT_3D('',#10847,#10848,#10849);
#10847 = CARTESIAN_POINT('',(3.14997449636,-2.299999904633,
    0.699999973692));
#10848 = DIRECTION('',(-1.,0.,0.));
#10849 = DIRECTION('',(0.,0.,1.));
#10850 = ADVANCED_FACE('',(#10851),#10876,.F.);
#10851 = FACE_BOUND('',#10852,.T.);
#10852 = EDGE_LOOP('',(#10853,#10861,#10862,#10870));
#10853 = ORIENTED_EDGE('',*,*,#10854,.F.);
#10854 = EDGE_CURVE('',#10701,#10855,#10857,.T.);
#10855 = VERTEX_POINT('',#10856);
#10856 = CARTESIAN_POINT('',(0.649974578574,-2.299999904633,-0.1));
#10857 = LINE('',#10858,#10859);
#10858 = CARTESIAN_POINT('',(-6.250025194518,-2.299999904633,-0.1));
#10859 = VECTOR('',#10860,1.);
#10860 = DIRECTION('',(1.,0.,0.));
#10861 = ORIENTED_EDGE('',*,*,#10700,.F.);
#10862 = ORIENTED_EDGE('',*,*,#10863,.F.);
#10863 = EDGE_CURVE('',#10864,#10693,#10866,.T.);
#10864 = VERTEX_POINT('',#10865);
#10865 = CARTESIAN_POINT('',(0.649974578574,3.499999904633,-0.1));
#10866 = LINE('',#10867,#10868);
#10867 = CARTESIAN_POINT('',(-6.250025194518,3.499999904633,-0.1));
#10868 = VECTOR('',#10869,1.);
#10869 = DIRECTION('',(-1.,-0.,-0.));
#10870 = ORIENTED_EDGE('',*,*,#10871,.F.);
#10871 = EDGE_CURVE('',#10855,#10864,#10872,.T.);
#10872 = LINE('',#10873,#10874);
#10873 = CARTESIAN_POINT('',(0.649974578574,-2.299999904633,-0.1));
#10874 = VECTOR('',#10875,1.);
#10875 = DIRECTION('',(0.,1.,0.));
#10876 = PLANE('',#10877);
#10877 = AXIS2_PLACEMENT_3D('',#10878,#10879,#10880);
#10878 = CARTESIAN_POINT('',(-2.54000508001E-05,0.6,-0.1));
#10879 = DIRECTION('',(0.,0.,1.));
#10880 = DIRECTION('',(1.,0.,0.));
#10881 = ADVANCED_FACE('',(#10882),#10898,.F.);
#10882 = FACE_BOUND('',#10883,.T.);
#10883 = EDGE_LOOP('',(#10884,#10890,#10891,#10897));
#10884 = ORIENTED_EDGE('',*,*,#10885,.F.);
#10885 = EDGE_CURVE('',#10740,#10599,#10886,.T.);
#10886 = LINE('',#10887,#10888);
#10887 = CARTESIAN_POINT('',(-6.250025194518,3.499999904633,-0.1));
#10888 = VECTOR('',#10889,1.);
#10889 = DIRECTION('',(-1.,-0.,-0.));
#10890 = ORIENTED_EDGE('',*,*,#10739,.F.);
#10891 = ORIENTED_EDGE('',*,*,#10892,.F.);
#10892 = EDGE_CURVE('',#10607,#10732,#10893,.T.);
#10893 = LINE('',#10894,#10895);
#10894 = CARTESIAN_POINT('',(-6.250025194518,-2.299999904633,-0.1));
#10895 = VECTOR('',#10896,1.);
#10896 = DIRECTION('',(1.,0.,0.));
#10897 = ORIENTED_EDGE('',*,*,#10606,.F.);
#10898 = PLANE('',#10899);
#10899 = AXIS2_PLACEMENT_3D('',#10900,#10901,#10902);
#10900 = CARTESIAN_POINT('',(-2.54000508001E-05,0.6,-0.1));
#10901 = DIRECTION('',(0.,0.,1.));
#10902 = DIRECTION('',(1.,0.,0.));
#10903 = ADVANCED_FACE('',(#10904),#10945,.F.);
#10904 = FACE_BOUND('',#10905,.T.);
#10905 = EDGE_LOOP('',(#10906,#10914,#10915,#10923,#10931,#10939));
#10906 = ORIENTED_EDGE('',*,*,#10907,.T.);
#10907 = EDGE_CURVE('',#10908,#10350,#10910,.T.);
#10908 = VERTEX_POINT('',#10909);
#10909 = CARTESIAN_POINT('',(1.849974539111,-2.299999904633,
    0.689372145958));
#10910 = LINE('',#10911,#10912);
#10911 = CARTESIAN_POINT('',(1.849974539111,-0.899999950672,
    0.391792969406));
#10912 = VECTOR('',#10913,1.);
#10913 = DIRECTION('',(-7.313860370532E-17,0.978147600734,
    -0.207911690818));
#10914 = ORIENTED_EDGE('',*,*,#10349,.F.);
#10915 = ORIENTED_EDGE('',*,*,#10916,.T.);
#10916 = EDGE_CURVE('',#10342,#10917,#10919,.T.);
#10917 = VERTEX_POINT('',#10918);
#10918 = CARTESIAN_POINT('',(1.849974539111,3.499999904633,
    0.689372145958));
#10919 = LINE('',#10920,#10921);
#10920 = CARTESIAN_POINT('',(1.849974539111,2.099999950672,
    0.391792969406));
#10921 = VECTOR('',#10922,1.);
#10922 = DIRECTION('',(-7.313860370532E-17,0.978147600734,0.207911690818
    ));
#10923 = ORIENTED_EDGE('',*,*,#10924,.T.);
#10924 = EDGE_CURVE('',#10917,#10925,#10927,.T.);
#10925 = VERTEX_POINT('',#10926);
#10926 = CARTESIAN_POINT('',(1.849974539111,3.499999904633,-0.1));
#10927 = LINE('',#10928,#10929);
#10928 = CARTESIAN_POINT('',(1.849974539111,3.499999904633,
    0.699999973692));
#10929 = VECTOR('',#10930,1.);
#10930 = DIRECTION('',(-0.,-0.,-1.));
#10931 = ORIENTED_EDGE('',*,*,#10932,.T.);
#10932 = EDGE_CURVE('',#10925,#10933,#10935,.T.);
#10933 = VERTEX_POINT('',#10934);
#10934 = CARTESIAN_POINT('',(1.849974539111,-2.299999904633,-0.1));
#10935 = LINE('',#10936,#10937);
#10936 = CARTESIAN_POINT('',(1.849974539111,-2.299999904633,-0.1));
#10937 = VECTOR('',#10938,1.);
#10938 = DIRECTION('',(7.477256361969E-17,-1.,0.));
#10939 = ORIENTED_EDGE('',*,*,#10940,.F.);
#10940 = EDGE_CURVE('',#10908,#10933,#10941,.T.);
#10941 = LINE('',#10942,#10943);
#10942 = CARTESIAN_POINT('',(1.849974539111,-2.299999904633,
    0.699999973692));
#10943 = VECTOR('',#10944,1.);
#10944 = DIRECTION('',(-0.,-0.,-1.));
#10945 = PLANE('',#10946);
#10946 = AXIS2_PLACEMENT_3D('',#10947,#10948,#10949);
#10947 = CARTESIAN_POINT('',(1.849974539111,-2.299999904633,
    0.699999973692));
#10948 = DIRECTION('',(1.,7.477256361969E-17,0.));
#10949 = DIRECTION('',(-7.477256361969E-17,1.,0.));
#10950 = ADVANCED_FACE('',(#10951),#10983,.F.);
#10951 = FACE_BOUND('',#10952,.T.);
#10952 = EDGE_LOOP('',(#10953,#10954,#10962,#10968,#10969,#10977));
#10953 = ORIENTED_EDGE('',*,*,#10331,.F.);
#10954 = ORIENTED_EDGE('',*,*,#10955,.T.);
#10955 = EDGE_CURVE('',#10332,#10956,#10958,.T.);
#10956 = VERTEX_POINT('',#10957);
#10957 = CARTESIAN_POINT('',(0.649974578574,-2.299999904633,
    0.689372145958));
#10958 = LINE('',#10959,#10960);
#10959 = CARTESIAN_POINT('',(0.649974578574,-0.899999950672,
    0.391792969406));
#10960 = VECTOR('',#10961,1.);
#10961 = DIRECTION('',(0.,-0.978147600734,0.207911690818));
#10962 = ORIENTED_EDGE('',*,*,#10963,.T.);
#10963 = EDGE_CURVE('',#10956,#10855,#10964,.T.);
#10964 = LINE('',#10965,#10966);
#10965 = CARTESIAN_POINT('',(0.649974578574,-2.299999904633,
    0.699999973692));
#10966 = VECTOR('',#10967,1.);
#10967 = DIRECTION('',(-0.,-0.,-1.));
#10968 = ORIENTED_EDGE('',*,*,#10871,.T.);
#10969 = ORIENTED_EDGE('',*,*,#10970,.F.);
#10970 = EDGE_CURVE('',#10971,#10864,#10973,.T.);
#10971 = VERTEX_POINT('',#10972);
#10972 = CARTESIAN_POINT('',(0.649974578574,3.499999904633,
    0.689372145958));
#10973 = LINE('',#10974,#10975);
#10974 = CARTESIAN_POINT('',(0.649974578574,3.499999904633,
    0.699999973692));
#10975 = VECTOR('',#10976,1.);
#10976 = DIRECTION('',(-0.,-0.,-1.));
#10977 = ORIENTED_EDGE('',*,*,#10978,.T.);
#10978 = EDGE_CURVE('',#10971,#10334,#10979,.T.);
#10979 = LINE('',#10980,#10981);
#10980 = CARTESIAN_POINT('',(0.649974578574,2.099999950672,
    0.391792969406));
#10981 = VECTOR('',#10982,1.);
#10982 = DIRECTION('',(0.,-0.978147600734,-0.207911690818));
#10983 = PLANE('',#10984);
#10984 = AXIS2_PLACEMENT_3D('',#10985,#10986,#10987);
#10985 = CARTESIAN_POINT('',(0.649974578574,-2.299999904633,
    0.699999973692));
#10986 = DIRECTION('',(-1.,0.,0.));
#10987 = DIRECTION('',(0.,0.,1.));
#10988 = ADVANCED_FACE('',(#10989),#11005,.F.);
#10989 = FACE_BOUND('',#10990,.T.);
#10990 = EDGE_LOOP('',(#10991,#10997,#10998,#11004));
#10991 = ORIENTED_EDGE('',*,*,#10992,.F.);
#10992 = EDGE_CURVE('',#10825,#10925,#10993,.T.);
#10993 = LINE('',#10994,#10995);
#10994 = CARTESIAN_POINT('',(-6.250025194518,3.499999904633,-0.1));
#10995 = VECTOR('',#10996,1.);
#10996 = DIRECTION('',(-1.,-0.,-0.));
#10997 = ORIENTED_EDGE('',*,*,#10824,.F.);
#10998 = ORIENTED_EDGE('',*,*,#10999,.F.);
#10999 = EDGE_CURVE('',#10933,#10817,#11000,.T.);
#11000 = LINE('',#11001,#11002);
#11001 = CARTESIAN_POINT('',(-6.250025194518,-2.299999904633,-0.1));
#11002 = VECTOR('',#11003,1.);
#11003 = DIRECTION('',(1.,0.,0.));
#11004 = ORIENTED_EDGE('',*,*,#10932,.F.);
#11005 = PLANE('',#11006);
#11006 = AXIS2_PLACEMENT_3D('',#11007,#11008,#11009);
#11007 = CARTESIAN_POINT('',(-2.54000508001E-05,0.6,-0.1));
#11008 = DIRECTION('',(0.,0.,1.));
#11009 = DIRECTION('',(1.,0.,0.));
#11010 = ADVANCED_FACE('',(#11011),#11068,.T.);
#11011 = FACE_BOUND('',#11012,.T.);
#11012 = EDGE_LOOP('',(#11013,#11023,#11031,#11039,#11047,#11053,#11054,
    #11062));
#11013 = ORIENTED_EDGE('',*,*,#11014,.F.);
#11014 = EDGE_CURVE('',#11015,#11017,#11019,.T.);
#11015 = VERTEX_POINT('',#11016);
#11016 = CARTESIAN_POINT('',(-5.450025220826,-0.499999963826,
    6.899999769803));
#11017 = VERTEX_POINT('',#11018);
#11018 = CARTESIAN_POINT('',(-6.250025194518,-0.499999963826,
    6.899999769803));
#11019 = LINE('',#11020,#11021);
#11020 = CARTESIAN_POINT('',(-5.450025220826,-0.499999963826,
    6.899999769803));
#11021 = VECTOR('',#11022,1.);
#11022 = DIRECTION('',(-1.,0.,0.));
#11023 = ORIENTED_EDGE('',*,*,#11024,.F.);
#11024 = EDGE_CURVE('',#11025,#11015,#11027,.T.);
#11025 = VERTEX_POINT('',#11026);
#11026 = CARTESIAN_POINT('',(-5.450025220826,2.699999930941,
    6.899999769803));
#11027 = LINE('',#11028,#11029);
#11028 = CARTESIAN_POINT('',(-5.450025220826,2.699999930941,
    6.899999769803));
#11029 = VECTOR('',#11030,1.);
#11030 = DIRECTION('',(4.130293990421E-16,-1.,0.));
#11031 = ORIENTED_EDGE('',*,*,#11032,.F.);
#11032 = EDGE_CURVE('',#11033,#11025,#11035,.T.);
#11033 = VERTEX_POINT('',#11034);
#11034 = CARTESIAN_POINT('',(5.449974420724,2.699999930941,
    6.899999769803));
#11035 = LINE('',#11036,#11037);
#11036 = CARTESIAN_POINT('',(5.449974420724,2.699999930941,
    6.899999769803));
#11037 = VECTOR('',#11038,1.);
#11038 = DIRECTION('',(-1.,0.,0.));
#11039 = ORIENTED_EDGE('',*,*,#11040,.F.);
#11040 = EDGE_CURVE('',#11041,#11033,#11043,.T.);
#11041 = VERTEX_POINT('',#11042);
#11042 = CARTESIAN_POINT('',(5.449974420724,-0.499999963826,
    6.899999769803));
#11043 = LINE('',#11044,#11045);
#11044 = CARTESIAN_POINT('',(5.449974420724,-1.499999930941,
    6.899999769803));
#11045 = VECTOR('',#11046,1.);
#11046 = DIRECTION('',(-2.06514699521E-16,1.,0.));
#11047 = ORIENTED_EDGE('',*,*,#11048,.F.);
#11048 = EDGE_CURVE('',#10088,#11041,#11049,.T.);
#11049 = LINE('',#11050,#11051);
#11050 = CARTESIAN_POINT('',(5.449974420724,-0.499999963826,
    6.899999769803));
#11051 = VECTOR('',#11052,1.);
#11052 = DIRECTION('',(-1.,-2.710505431214E-16,-0.));
#11053 = ORIENTED_EDGE('',*,*,#10087,.T.);
#11054 = ORIENTED_EDGE('',*,*,#11055,.T.);
#11055 = EDGE_CURVE('',#10080,#11056,#11058,.T.);
#11056 = VERTEX_POINT('',#11057);
#11057 = CARTESIAN_POINT('',(-6.250025194518,3.499999904633,
    6.899999769803));
#11058 = LINE('',#11059,#11060);
#11059 = CARTESIAN_POINT('',(-6.250025194518,3.499999904633,
    6.899999769803));
#11060 = VECTOR('',#11061,1.);
#11061 = DIRECTION('',(-1.,-0.,-0.));
#11062 = ORIENTED_EDGE('',*,*,#11063,.T.);
#11063 = EDGE_CURVE('',#11056,#11017,#11064,.T.);
#11064 = LINE('',#11065,#11066);
#11065 = CARTESIAN_POINT('',(-6.250025194518,3.499999904633,
    6.899999769803));
#11066 = VECTOR('',#11067,1.);
#11067 = DIRECTION('',(2.990902544788E-16,-1.,0.));
#11068 = PLANE('',#11069);
#11069 = AXIS2_PLACEMENT_3D('',#11070,#11071,#11072);
#11070 = CARTESIAN_POINT('',(-2.54000508001E-05,0.6,6.899999769803));
#11071 = DIRECTION('',(0.,0.,1.));
#11072 = DIRECTION('',(1.,0.,0.));
#11073 = ADVANCED_FACE('',(#11074),#11128,.F.);
#11074 = FACE_BOUND('',#11075,.T.);
#11075 = EDGE_LOOP('',(#11076,#11077,#11078,#11084,#11085,#11086,#11087,
    #11093,#11094,#11095,#11096,#11102,#11103,#11104,#11105,#11111,
    #11112,#11120,#11126,#11127));
#11076 = ORIENTED_EDGE('',*,*,#9475,.T.);
#11077 = ORIENTED_EDGE('',*,*,#10786,.F.);
#11078 = ORIENTED_EDGE('',*,*,#11079,.T.);
#11079 = EDGE_CURVE('',#10779,#10833,#11080,.T.);
#11080 = LINE('',#11081,#11082);
#11081 = CARTESIAN_POINT('',(-6.250025194518,3.499999904633,
    0.689372145958));
#11082 = VECTOR('',#11083,1.);
#11083 = DIRECTION('',(-1.,0.,3.840904765645E-17));
#11084 = ORIENTED_EDGE('',*,*,#10832,.T.);
#11085 = ORIENTED_EDGE('',*,*,#10992,.T.);
#11086 = ORIENTED_EDGE('',*,*,#10924,.F.);
#11087 = ORIENTED_EDGE('',*,*,#11088,.T.);
#11088 = EDGE_CURVE('',#10917,#10971,#11089,.T.);
#11089 = LINE('',#11090,#11091);
#11090 = CARTESIAN_POINT('',(-6.250025194518,3.499999904633,
    0.689372145958));
#11091 = VECTOR('',#11092,1.);
#11092 = DIRECTION('',(-1.,0.,3.840904765645E-17));
#11093 = ORIENTED_EDGE('',*,*,#10970,.T.);
#11094 = ORIENTED_EDGE('',*,*,#10863,.T.);
#11095 = ORIENTED_EDGE('',*,*,#10692,.F.);
#11096 = ORIENTED_EDGE('',*,*,#11097,.T.);
#11097 = EDGE_CURVE('',#10685,#10748,#11098,.T.);
#11098 = LINE('',#11099,#11100);
#11099 = CARTESIAN_POINT('',(-6.250025194518,3.499999904633,
    0.689372145958));
#11100 = VECTOR('',#11101,1.);
#11101 = DIRECTION('',(-1.,0.,3.840904765645E-17));
#11102 = ORIENTED_EDGE('',*,*,#10747,.T.);
#11103 = ORIENTED_EDGE('',*,*,#10885,.T.);
#11104 = ORIENTED_EDGE('',*,*,#10598,.F.);
#11105 = ORIENTED_EDGE('',*,*,#11106,.T.);
#11106 = EDGE_CURVE('',#10591,#10654,#11107,.T.);
#11107 = LINE('',#11108,#11109);
#11108 = CARTESIAN_POINT('',(-6.250025194518,3.499999904633,
    0.689372145958));
#11109 = VECTOR('',#11110,1.);
#11110 = DIRECTION('',(-1.,0.,3.840904765645E-17));
#11111 = ORIENTED_EDGE('',*,*,#10653,.T.);
#11112 = ORIENTED_EDGE('',*,*,#11113,.T.);
#11113 = EDGE_CURVE('',#10646,#11114,#11116,.T.);
#11114 = VERTEX_POINT('',#11115);
#11115 = CARTESIAN_POINT('',(-6.250025194518,3.499999904633,-0.1));
#11116 = LINE('',#11117,#11118);
#11117 = CARTESIAN_POINT('',(-6.250025194518,3.499999904633,-0.1));
#11118 = VECTOR('',#11119,1.);
#11119 = DIRECTION('',(-1.,-0.,-0.));
#11120 = ORIENTED_EDGE('',*,*,#11121,.F.);
#11121 = EDGE_CURVE('',#11056,#11114,#11122,.T.);
#11122 = LINE('',#11123,#11124);
#11123 = CARTESIAN_POINT('',(-6.250025194518,3.499999904633,
    6.899999769803));
#11124 = VECTOR('',#11125,1.);
#11125 = DIRECTION('',(-0.,-0.,-1.));
#11126 = ORIENTED_EDGE('',*,*,#11055,.F.);
#11127 = ORIENTED_EDGE('',*,*,#10079,.T.);
#11128 = PLANE('',#11129);
#11129 = AXIS2_PLACEMENT_3D('',#11130,#11131,#11132);
#11130 = CARTESIAN_POINT('',(-6.250025194518,3.499999904633,
    6.899999769803));
#11131 = DIRECTION('',(0.,-1.,0.));
#11132 = DIRECTION('',(0.,0.,-1.));
#11133 = ADVANCED_FACE('',(#11134),#11184,.F.);
#11134 = FACE_BOUND('',#11135,.T.);
#11135 = EDGE_LOOP('',(#11136,#11137,#11145,#11154,#11162,#11168,#11169,
    #11170,#11178));
#11136 = ORIENTED_EDGE('',*,*,#9331,.F.);
#11137 = ORIENTED_EDGE('',*,*,#11138,.F.);
#11138 = EDGE_CURVE('',#11139,#9322,#11141,.T.);
#11139 = VERTEX_POINT('',#11140);
#11140 = CARTESIAN_POINT('',(-6.250025194518,-1.499999930941,
    4.399999852016));
#11141 = LINE('',#11142,#11143);
#11142 = CARTESIAN_POINT('',(-6.250025194518,-1.499999930941,
    3.899999868459));
#11143 = VECTOR('',#11144,1.);
#11144 = DIRECTION('',(0.,0.,1.));
#11145 = ORIENTED_EDGE('',*,*,#11146,.T.);
#11146 = EDGE_CURVE('',#11139,#11147,#11149,.T.);
#11147 = VERTEX_POINT('',#11148);
#11148 = CARTESIAN_POINT('',(-6.250025194518,-0.999999947383,
    3.899999868459));
#11149 = CIRCLE('',#11150,0.499999983557);
#11150 = AXIS2_PLACEMENT_3D('',#11151,#11152,#11153);
#11151 = CARTESIAN_POINT('',(-6.250025194518,-0.999999947383,
    4.399999852016));
#11152 = DIRECTION('',(1.,2.990902544788E-16,-0.));
#11153 = DIRECTION('',(-2.990902544788E-16,1.,0.));
#11154 = ORIENTED_EDGE('',*,*,#11155,.F.);
#11155 = EDGE_CURVE('',#11156,#11147,#11158,.T.);
#11156 = VERTEX_POINT('',#11157);
#11157 = CARTESIAN_POINT('',(-6.250025194518,-0.499999963826,
    3.899999868459));
#11158 = LINE('',#11159,#11160);
#11159 = CARTESIAN_POINT('',(-6.250025194518,-1.499999930941,
    3.899999868459));
#11160 = VECTOR('',#11161,1.);
#11161 = DIRECTION('',(-0.,-1.,-0.));
#11162 = ORIENTED_EDGE('',*,*,#11163,.T.);
#11163 = EDGE_CURVE('',#11156,#11017,#11164,.T.);
#11164 = LINE('',#11165,#11166);
#11165 = CARTESIAN_POINT('',(-6.250025194518,-0.499999963826,
    3.899999868459));
#11166 = VECTOR('',#11167,1.);
#11167 = DIRECTION('',(0.,0.,1.));
#11168 = ORIENTED_EDGE('',*,*,#11063,.F.);
#11169 = ORIENTED_EDGE('',*,*,#11121,.T.);
#11170 = ORIENTED_EDGE('',*,*,#11171,.T.);
#11171 = EDGE_CURVE('',#11114,#11172,#11174,.T.);
#11172 = VERTEX_POINT('',#11173);
#11173 = CARTESIAN_POINT('',(-6.250025194518,-2.299999904633,-0.1));
#11174 = LINE('',#11175,#11176);
#11175 = CARTESIAN_POINT('',(-6.250025194518,3.499999904633,-0.1));
#11176 = VECTOR('',#11177,1.);
#11177 = DIRECTION('',(2.990902544788E-16,-1.,0.));
#11178 = ORIENTED_EDGE('',*,*,#11179,.F.);
#11179 = EDGE_CURVE('',#9332,#11172,#11180,.T.);
#11180 = LINE('',#11181,#11182);
#11181 = CARTESIAN_POINT('',(-6.250025194518,-2.299999904633,
    6.899999769803));
#11182 = VECTOR('',#11183,1.);
#11183 = DIRECTION('',(-0.,-0.,-1.));
#11184 = PLANE('',#11185);
#11185 = AXIS2_PLACEMENT_3D('',#11186,#11187,#11188);
#11186 = CARTESIAN_POINT('',(-6.250025194518,3.499999904633,
    6.899999769803));
#11187 = DIRECTION('',(1.,2.990902544788E-16,0.));
#11188 = DIRECTION('',(-2.990902544788E-16,1.,0.));
#11189 = ADVANCED_FACE('',(#11190),#11358,.F.);
#11190 = FACE_BOUND('',#11191,.T.);
#11191 = EDGE_LOOP('',(#11192,#11193,#11199,#11200,#11201,#11202,#11203,
    #11211,#11219,#11227,#11235,#11244,#11252,#11260,#11268,#11276,
    #11284,#11293,#11301,#11309,#11317,#11323,#11324,#11325,#11331,
    #11332,#11338,#11339,#11340,#11341,#11347,#11348,#11349,#11350,
    #11356,#11357));
#11192 = ORIENTED_EDGE('',*,*,#10816,.F.);
#11193 = ORIENTED_EDGE('',*,*,#11194,.T.);
#11194 = EDGE_CURVE('',#10809,#10770,#11195,.T.);
#11195 = LINE('',#11196,#11197);
#11196 = CARTESIAN_POINT('',(-6.250025194518,-2.299999904633,
    0.689372145958));
#11197 = VECTOR('',#11198,1.);
#11198 = DIRECTION('',(1.,0.,-3.840904765645E-17));
#11199 = ORIENTED_EDGE('',*,*,#10793,.T.);
#11200 = ORIENTED_EDGE('',*,*,#9459,.T.);
#11201 = ORIENTED_EDGE('',*,*,#9934,.F.);
#11202 = ORIENTED_EDGE('',*,*,#9387,.F.);
#11203 = ORIENTED_EDGE('',*,*,#11204,.F.);
#11204 = EDGE_CURVE('',#11205,#9380,#11207,.T.);
#11205 = VERTEX_POINT('',#11206);
#11206 = CARTESIAN_POINT('',(4.749974443744,-2.299999904633,
    6.499999782957));
#11207 = LINE('',#11208,#11209);
#11208 = CARTESIAN_POINT('',(4.749974443744,-2.299999904633,
    6.899999769803));
#11209 = VECTOR('',#11210,1.);
#11210 = DIRECTION('',(0.,0.,1.));
#11211 = ORIENTED_EDGE('',*,*,#11212,.F.);
#11212 = EDGE_CURVE('',#11213,#11205,#11215,.T.);
#11213 = VERTEX_POINT('',#11214);
#11214 = CARTESIAN_POINT('',(4.44997445361,-2.299999904633,
    6.199999792822));
#11215 = LINE('',#11216,#11217);
#11216 = CARTESIAN_POINT('',(4.749974443744,-2.299999904633,
    6.499999782957));
#11217 = VECTOR('',#11218,1.);
#11218 = DIRECTION('',(0.707106781187,0.,0.707106781187));
#11219 = ORIENTED_EDGE('',*,*,#11220,.F.);
#11220 = EDGE_CURVE('',#11221,#11213,#11223,.T.);
#11221 = VERTEX_POINT('',#11222);
#11222 = CARTESIAN_POINT('',(4.749974443744,-2.299999904633,
    5.899999802688));
#11223 = LINE('',#11224,#11225);
#11224 = CARTESIAN_POINT('',(4.44997445361,-2.299999904633,
    6.199999792822));
#11225 = VECTOR('',#11226,1.);
#11226 = DIRECTION('',(-0.707106781187,0.,0.707106781187));
#11227 = ORIENTED_EDGE('',*,*,#11228,.F.);
#11228 = EDGE_CURVE('',#11229,#11221,#11231,.T.);
#11229 = VERTEX_POINT('',#11230);
#11230 = CARTESIAN_POINT('',(4.749974443744,-2.299999904633,
    4.899999835573));
#11231 = LINE('',#11232,#11233);
#11232 = CARTESIAN_POINT('',(4.749974443744,-2.299999904633,
    5.899999802688));
#11233 = VECTOR('',#11234,1.);
#11234 = DIRECTION('',(0.,0.,1.));
#11235 = ORIENTED_EDGE('',*,*,#11236,.F.);
#11236 = EDGE_CURVE('',#11237,#11229,#11239,.T.);
#11237 = VERTEX_POINT('',#11238);
#11238 = CARTESIAN_POINT('',(3.749974476629,-2.299999904633,
    3.899999868459));
#11239 = CIRCLE('',#11240,0.999999967115);
#11240 = AXIS2_PLACEMENT_3D('',#11241,#11242,#11243);
#11241 = CARTESIAN_POINT('',(3.749974476629,-2.299999904633,
    4.899999835573));
#11242 = DIRECTION('',(0.,-1.,0.));
#11243 = DIRECTION('',(0.,0.,1.));
#11244 = ORIENTED_EDGE('',*,*,#11245,.F.);
#11245 = EDGE_CURVE('',#11246,#11237,#11248,.T.);
#11246 = VERTEX_POINT('',#11247);
#11247 = CARTESIAN_POINT('',(3.549974483206,-2.299999904633,
    3.899999868459));
#11248 = LINE('',#11249,#11250);
#11249 = CARTESIAN_POINT('',(3.749974476629,-2.299999904633,
    3.899999868459));
#11250 = VECTOR('',#11251,1.);
#11251 = DIRECTION('',(1.,0.,0.));
#11252 = ORIENTED_EDGE('',*,*,#11253,.F.);
#11253 = EDGE_CURVE('',#11254,#11246,#11256,.T.);
#11254 = VERTEX_POINT('',#11255);
#11255 = CARTESIAN_POINT('',(3.549974483206,-2.299999904633,
    6.899999769803));
#11256 = LINE('',#11257,#11258);
#11257 = CARTESIAN_POINT('',(3.549974483206,-2.299999904633,
    6.899999769803));
#11258 = VECTOR('',#11259,1.);
#11259 = DIRECTION('',(-1.445602896647E-16,0.,-1.));
#11260 = ORIENTED_EDGE('',*,*,#11261,.F.);
#11261 = EDGE_CURVE('',#11262,#11254,#11264,.T.);
#11262 = VERTEX_POINT('',#11263);
#11263 = CARTESIAN_POINT('',(-3.550025283308,-2.299999904633,
    6.899999769803));
#11264 = LINE('',#11265,#11266);
#11265 = CARTESIAN_POINT('',(-6.250025194518,-2.299999904633,
    6.899999769803));
#11266 = VECTOR('',#11267,1.);
#11267 = DIRECTION('',(1.,0.,0.));
#11268 = ORIENTED_EDGE('',*,*,#11269,.F.);
#11269 = EDGE_CURVE('',#11270,#11262,#11272,.T.);
#11270 = VERTEX_POINT('',#11271);
#11271 = CARTESIAN_POINT('',(-3.550025283308,-2.299999904633,
    3.899999868459));
#11272 = LINE('',#11273,#11274);
#11273 = CARTESIAN_POINT('',(-3.550025283308,-2.299999904633,
    6.899999769803));
#11274 = VECTOR('',#11275,1.);
#11275 = DIRECTION('',(-1.445602896647E-16,0.,1.));
#11276 = ORIENTED_EDGE('',*,*,#11277,.F.);
#11277 = EDGE_CURVE('',#11278,#11270,#11280,.T.);
#11278 = VERTEX_POINT('',#11279);
#11279 = CARTESIAN_POINT('',(-3.750025276731,-2.299999904633,
    3.899999868459));
#11280 = LINE('',#11281,#11282);
#11281 = CARTESIAN_POINT('',(-3.750025276731,-2.299999904633,
    3.899999868459));
#11282 = VECTOR('',#11283,1.);
#11283 = DIRECTION('',(1.,0.,0.));
#11284 = ORIENTED_EDGE('',*,*,#11285,.F.);
#11285 = EDGE_CURVE('',#11286,#11278,#11288,.T.);
#11286 = VERTEX_POINT('',#11287);
#11287 = CARTESIAN_POINT('',(-4.750025243846,-2.299999904633,
    4.899999835573));
#11288 = CIRCLE('',#11289,0.999999967115);
#11289 = AXIS2_PLACEMENT_3D('',#11290,#11291,#11292);
#11290 = CARTESIAN_POINT('',(-3.750025276731,-2.299999904633,
    4.899999835573));
#11291 = DIRECTION('',(0.,-1.,0.));
#11292 = DIRECTION('',(0.,0.,-1.));
#11293 = ORIENTED_EDGE('',*,*,#11294,.F.);
#11294 = EDGE_CURVE('',#11295,#11286,#11297,.T.);
#11295 = VERTEX_POINT('',#11296);
#11296 = CARTESIAN_POINT('',(-4.750025243846,-2.299999904633,
    5.899999802688));
#11297 = LINE('',#11298,#11299);
#11298 = CARTESIAN_POINT('',(-4.750025243846,-2.299999904633,
    5.899999802688));
#11299 = VECTOR('',#11300,1.);
#11300 = DIRECTION('',(0.,0.,-1.));
#11301 = ORIENTED_EDGE('',*,*,#11302,.F.);
#11302 = EDGE_CURVE('',#11303,#11295,#11305,.T.);
#11303 = VERTEX_POINT('',#11304);
#11304 = CARTESIAN_POINT('',(-4.450025253711,-2.299999904633,
    6.199999792822));
#11305 = LINE('',#11306,#11307);
#11306 = CARTESIAN_POINT('',(-4.450025253711,-2.299999904633,
    6.199999792822));
#11307 = VECTOR('',#11308,1.);
#11308 = DIRECTION('',(-0.707106781187,0.,-0.707106781187));
#11309 = ORIENTED_EDGE('',*,*,#11310,.F.);
#11310 = EDGE_CURVE('',#11311,#11303,#11313,.T.);
#11311 = VERTEX_POINT('',#11312);
#11312 = CARTESIAN_POINT('',(-4.750025243846,-2.299999904633,
    6.499999782957));
#11313 = LINE('',#11314,#11315);
#11314 = CARTESIAN_POINT('',(-4.750025243846,-2.299999904633,
    6.499999782957));
#11315 = VECTOR('',#11316,1.);
#11316 = DIRECTION('',(0.707106781187,0.,-0.707106781187));
#11317 = ORIENTED_EDGE('',*,*,#11318,.F.);
#11318 = EDGE_CURVE('',#9340,#11311,#11319,.T.);
#11319 = LINE('',#11320,#11321);
#11320 = CARTESIAN_POINT('',(-4.750025243846,-2.299999904633,
    6.899999769803));
#11321 = VECTOR('',#11322,1.);
#11322 = DIRECTION('',(0.,0.,-1.));
#11323 = ORIENTED_EDGE('',*,*,#9339,.F.);
#11324 = ORIENTED_EDGE('',*,*,#11179,.T.);
#11325 = ORIENTED_EDGE('',*,*,#11326,.T.);
#11326 = EDGE_CURVE('',#11172,#10638,#11327,.T.);
#11327 = LINE('',#11328,#11329);
#11328 = CARTESIAN_POINT('',(-6.250025194518,-2.299999904633,-0.1));
#11329 = VECTOR('',#11330,1.);
#11330 = DIRECTION('',(1.,0.,0.));
#11331 = ORIENTED_EDGE('',*,*,#10637,.F.);
#11332 = ORIENTED_EDGE('',*,*,#11333,.T.);
#11333 = EDGE_CURVE('',#10630,#10582,#11334,.T.);
#11334 = LINE('',#11335,#11336);
#11335 = CARTESIAN_POINT('',(-6.250025194518,-2.299999904633,
    0.689372145958));
#11336 = VECTOR('',#11337,1.);
#11337 = DIRECTION('',(1.,0.,-3.840904765645E-17));
#11338 = ORIENTED_EDGE('',*,*,#10614,.T.);
#11339 = ORIENTED_EDGE('',*,*,#10892,.T.);
#11340 = ORIENTED_EDGE('',*,*,#10731,.F.);
#11341 = ORIENTED_EDGE('',*,*,#11342,.T.);
#11342 = EDGE_CURVE('',#10724,#10676,#11343,.T.);
#11343 = LINE('',#11344,#11345);
#11344 = CARTESIAN_POINT('',(-6.250025194518,-2.299999904633,
    0.689372145958));
#11345 = VECTOR('',#11346,1.);
#11346 = DIRECTION('',(1.,0.,-3.840904765645E-17));
#11347 = ORIENTED_EDGE('',*,*,#10708,.T.);
#11348 = ORIENTED_EDGE('',*,*,#10854,.T.);
#11349 = ORIENTED_EDGE('',*,*,#10963,.F.);
#11350 = ORIENTED_EDGE('',*,*,#11351,.T.);
#11351 = EDGE_CURVE('',#10956,#10908,#11352,.T.);
#11352 = LINE('',#11353,#11354);
#11353 = CARTESIAN_POINT('',(-6.250025194518,-2.299999904633,
    0.689372145958));
#11354 = VECTOR('',#11355,1.);
#11355 = DIRECTION('',(1.,0.,-3.840904765645E-17));
#11356 = ORIENTED_EDGE('',*,*,#10940,.T.);
#11357 = ORIENTED_EDGE('',*,*,#10999,.T.);
#11358 = PLANE('',#11359);
#11359 = AXIS2_PLACEMENT_3D('',#11360,#11361,#11362);
#11360 = CARTESIAN_POINT('',(-6.250025194518,-2.299999904633,
    6.899999769803));
#11361 = DIRECTION('',(0.,1.,0.));
#11362 = DIRECTION('',(0.,0.,1.));
#11363 = ADVANCED_FACE('',(#11364),#11389,.T.);
#11364 = FACE_BOUND('',#11365,.T.);
#11365 = EDGE_LOOP('',(#11366,#11374,#11375,#11383));
#11366 = ORIENTED_EDGE('',*,*,#11367,.T.);
#11367 = EDGE_CURVE('',#11368,#11262,#11370,.T.);
#11368 = VERTEX_POINT('',#11369);
#11369 = CARTESIAN_POINT('',(-3.550025283308,-1.499999930941,
    6.899999769803));
#11370 = LINE('',#11371,#11372);
#11371 = CARTESIAN_POINT('',(-3.550025283308,-1.299999937518,
    6.899999769803));
#11372 = VECTOR('',#11373,1.);
#11373 = DIRECTION('',(-0.,-1.,-0.));
#11374 = ORIENTED_EDGE('',*,*,#11261,.T.);
#11375 = ORIENTED_EDGE('',*,*,#11376,.F.);
#11376 = EDGE_CURVE('',#11377,#11254,#11379,.T.);
#11377 = VERTEX_POINT('',#11378);
#11378 = CARTESIAN_POINT('',(3.549974483206,-1.499999930941,
    6.899999769803));
#11379 = LINE('',#11380,#11381);
#11380 = CARTESIAN_POINT('',(3.549974483206,-1.299999937518,
    6.899999769803));
#11381 = VECTOR('',#11382,1.);
#11382 = DIRECTION('',(-0.,-1.,-0.));
#11383 = ORIENTED_EDGE('',*,*,#11384,.F.);
#11384 = EDGE_CURVE('',#11368,#11377,#11385,.T.);
#11385 = LINE('',#11386,#11387);
#11386 = CARTESIAN_POINT('',(-5.450025220826,-1.499999930941,
    6.899999769803));
#11387 = VECTOR('',#11388,1.);
#11388 = DIRECTION('',(1.,0.,0.));
#11389 = PLANE('',#11390);
#11390 = AXIS2_PLACEMENT_3D('',#11391,#11392,#11393);
#11391 = CARTESIAN_POINT('',(-2.54000508001E-05,0.6,6.899999769803));
#11392 = DIRECTION('',(0.,0.,1.));
#11393 = DIRECTION('',(1.,0.,0.));
#11394 = ADVANCED_FACE('',(#11395),#11401,.F.);
#11395 = FACE_BOUND('',#11396,.T.);
#11396 = EDGE_LOOP('',(#11397,#11398,#11399,#11400));
#11397 = ORIENTED_EDGE('',*,*,#11113,.F.);
#11398 = ORIENTED_EDGE('',*,*,#10645,.F.);
#11399 = ORIENTED_EDGE('',*,*,#11326,.F.);
#11400 = ORIENTED_EDGE('',*,*,#11171,.F.);
#11401 = PLANE('',#11402);
#11402 = AXIS2_PLACEMENT_3D('',#11403,#11404,#11405);
#11403 = CARTESIAN_POINT('',(-2.54000508001E-05,0.6,-0.1));
#11404 = DIRECTION('',(0.,0.,1.));
#11405 = DIRECTION('',(1.,0.,0.));
#11406 = ADVANCED_FACE('',(#11407),#11553,.F.);
#11407 = FACE_BOUND('',#11408,.T.);
#11408 = EDGE_LOOP('',(#11409,#11410,#11418,#11424,#11425,#11433,#11439,
    #11440,#11441,#11449,#11457,#11465,#11473,#11482,#11490,#11496,
    #11497,#11505,#11513,#11522,#11530,#11538,#11546,#11552));
#11409 = ORIENTED_EDGE('',*,*,#9927,.F.);
#11410 = ORIENTED_EDGE('',*,*,#11411,.T.);
#11411 = EDGE_CURVE('',#9919,#11412,#11414,.T.);
#11412 = VERTEX_POINT('',#11413);
#11413 = CARTESIAN_POINT('',(5.449974420724,-1.499999930941,
    4.399999852016));
#11414 = LINE('',#11415,#11416);
#11415 = CARTESIAN_POINT('',(-5.450025220826,-1.499999930941,
    4.399999852016));
#11416 = VECTOR('',#11417,1.);
#11417 = DIRECTION('',(-1.,-0.,-0.));
#11418 = ORIENTED_EDGE('',*,*,#11419,.F.);
#11419 = EDGE_CURVE('',#10408,#11412,#11420,.T.);
#11420 = LINE('',#11421,#11422);
#11421 = CARTESIAN_POINT('',(5.449974420724,-1.499999930941,
    1.899999934229));
#11422 = VECTOR('',#11423,1.);
#11423 = DIRECTION('',(0.,0.,1.));
#11424 = ORIENTED_EDGE('',*,*,#10405,.F.);
#11425 = ORIENTED_EDGE('',*,*,#11426,.T.);
#11426 = EDGE_CURVE('',#10406,#11427,#11429,.T.);
#11427 = VERTEX_POINT('',#11428);
#11428 = CARTESIAN_POINT('',(-5.450025220826,-1.499999930941,
    4.399999852016));
#11429 = LINE('',#11430,#11431);
#11430 = CARTESIAN_POINT('',(-5.450025220826,-1.499999930941,
    1.899999934229));
#11431 = VECTOR('',#11432,1.);
#11432 = DIRECTION('',(0.,0.,1.));
#11433 = ORIENTED_EDGE('',*,*,#11434,.T.);
#11434 = EDGE_CURVE('',#11427,#11139,#11435,.T.);
#11435 = LINE('',#11436,#11437);
#11436 = CARTESIAN_POINT('',(-5.450025220826,-1.499999930941,
    4.399999852016));
#11437 = VECTOR('',#11438,1.);
#11438 = DIRECTION('',(-1.,-0.,-0.));
#11439 = ORIENTED_EDGE('',*,*,#11138,.T.);
#11440 = ORIENTED_EDGE('',*,*,#9321,.T.);
#11441 = ORIENTED_EDGE('',*,*,#11442,.T.);
#11442 = EDGE_CURVE('',#9324,#11443,#11445,.T.);
#11443 = VERTEX_POINT('',#11444);
#11444 = CARTESIAN_POINT('',(-4.750025243846,-1.499999930941,
    6.499999782957));
#11445 = LINE('',#11446,#11447);
#11446 = CARTESIAN_POINT('',(-4.750025243846,-1.499999930941,
    1.899999934229));
#11447 = VECTOR('',#11448,1.);
#11448 = DIRECTION('',(0.,0.,-1.));
#11449 = ORIENTED_EDGE('',*,*,#11450,.T.);
#11450 = EDGE_CURVE('',#11443,#11451,#11453,.T.);
#11451 = VERTEX_POINT('',#11452);
#11452 = CARTESIAN_POINT('',(-4.450025253711,-1.499999930941,
    6.199999792822));
#11453 = LINE('',#11454,#11455);
#11454 = CARTESIAN_POINT('',(-2.800025307972,-1.499999930941,
    4.549999847083));
#11455 = VECTOR('',#11456,1.);
#11456 = DIRECTION('',(0.707106781187,0.,-0.707106781187));
#11457 = ORIENTED_EDGE('',*,*,#11458,.T.);
#11458 = EDGE_CURVE('',#11451,#11459,#11461,.T.);
#11459 = VERTEX_POINT('',#11460);
#11460 = CARTESIAN_POINT('',(-4.750025243846,-1.499999930941,
    5.899999802688));
#11461 = LINE('',#11462,#11463);
#11462 = CARTESIAN_POINT('',(-7.100025166565,-1.499999930941,
    3.549999879969));
#11463 = VECTOR('',#11464,1.);
#11464 = DIRECTION('',(-0.707106781187,0.,-0.707106781187));
#11465 = ORIENTED_EDGE('',*,*,#11466,.T.);
#11466 = EDGE_CURVE('',#11459,#11467,#11469,.T.);
#11467 = VERTEX_POINT('',#11468);
#11468 = CARTESIAN_POINT('',(-4.750025243846,-1.499999930941,
    4.899999835573));
#11469 = LINE('',#11470,#11471);
#11470 = CARTESIAN_POINT('',(-4.750025243846,-1.499999930941,
    1.899999934229));
#11471 = VECTOR('',#11472,1.);
#11472 = DIRECTION('',(0.,0.,-1.));
#11473 = ORIENTED_EDGE('',*,*,#11474,.T.);
#11474 = EDGE_CURVE('',#11467,#11475,#11477,.T.);
#11475 = VERTEX_POINT('',#11476);
#11476 = CARTESIAN_POINT('',(-3.750025276731,-1.499999930941,
    3.899999868459));
#11477 = CIRCLE('',#11478,0.999999967115);
#11478 = AXIS2_PLACEMENT_3D('',#11479,#11480,#11481);
#11479 = CARTESIAN_POINT('',(-3.750025276731,-1.499999930941,
    4.899999835573));
#11480 = DIRECTION('',(0.,-1.,0.));
#11481 = DIRECTION('',(0.,0.,-1.));
#11482 = ORIENTED_EDGE('',*,*,#11483,.T.);
#11483 = EDGE_CURVE('',#11475,#11484,#11486,.T.);
#11484 = VERTEX_POINT('',#11485);
#11485 = CARTESIAN_POINT('',(-3.550025283308,-1.499999930941,
    3.899999868459));
#11486 = LINE('',#11487,#11488);
#11487 = CARTESIAN_POINT('',(-5.450025220826,-1.499999930941,
    3.899999868459));
#11488 = VECTOR('',#11489,1.);
#11489 = DIRECTION('',(1.,0.,0.));
#11490 = ORIENTED_EDGE('',*,*,#11491,.T.);
#11491 = EDGE_CURVE('',#11484,#11368,#11492,.T.);
#11492 = LINE('',#11493,#11494);
#11493 = CARTESIAN_POINT('',(-3.550025283308,-1.499999930941,
    1.899999934229));
#11494 = VECTOR('',#11495,1.);
#11495 = DIRECTION('',(-1.445602896647E-16,0.,1.));
#11496 = ORIENTED_EDGE('',*,*,#11384,.T.);
#11497 = ORIENTED_EDGE('',*,*,#11498,.T.);
#11498 = EDGE_CURVE('',#11377,#11499,#11501,.T.);
#11499 = VERTEX_POINT('',#11500);
#11500 = CARTESIAN_POINT('',(3.549974483206,-1.499999930941,
    3.899999868459));
#11501 = LINE('',#11502,#11503);
#11502 = CARTESIAN_POINT('',(3.549974483206,-1.499999930941,
    1.899999934229));
#11503 = VECTOR('',#11504,1.);
#11504 = DIRECTION('',(-1.445602896647E-16,0.,-1.));
#11505 = ORIENTED_EDGE('',*,*,#11506,.T.);
#11506 = EDGE_CURVE('',#11499,#11507,#11509,.T.);
#11507 = VERTEX_POINT('',#11508);
#11508 = CARTESIAN_POINT('',(3.749974476629,-1.499999930941,
    3.899999868459));
#11509 = LINE('',#11510,#11511);
#11510 = CARTESIAN_POINT('',(-5.450025220826,-1.499999930941,
    3.899999868459));
#11511 = VECTOR('',#11512,1.);
#11512 = DIRECTION('',(1.,0.,0.));
#11513 = ORIENTED_EDGE('',*,*,#11514,.T.);
#11514 = EDGE_CURVE('',#11507,#11515,#11517,.T.);
#11515 = VERTEX_POINT('',#11516);
#11516 = CARTESIAN_POINT('',(4.749974443744,-1.499999930941,
    4.899999835573));
#11517 = CIRCLE('',#11518,0.999999967115);
#11518 = AXIS2_PLACEMENT_3D('',#11519,#11520,#11521);
#11519 = CARTESIAN_POINT('',(3.749974476629,-1.499999930941,
    4.899999835573));
#11520 = DIRECTION('',(0.,-1.,0.));
#11521 = DIRECTION('',(0.,0.,-1.));
#11522 = ORIENTED_EDGE('',*,*,#11523,.T.);
#11523 = EDGE_CURVE('',#11515,#11524,#11526,.T.);
#11524 = VERTEX_POINT('',#11525);
#11525 = CARTESIAN_POINT('',(4.749974443744,-1.499999930941,
    5.899999802688));
#11526 = LINE('',#11527,#11528);
#11527 = CARTESIAN_POINT('',(4.749974443744,-1.499999930941,
    1.899999934229));
#11528 = VECTOR('',#11529,1.);
#11529 = DIRECTION('',(0.,0.,1.));
#11530 = ORIENTED_EDGE('',*,*,#11531,.T.);
#11531 = EDGE_CURVE('',#11524,#11532,#11534,.T.);
#11532 = VERTEX_POINT('',#11533);
#11533 = CARTESIAN_POINT('',(4.44997445361,-1.499999930941,
    6.199999792822));
#11534 = LINE('',#11535,#11536);
#11535 = CARTESIAN_POINT('',(1.649974545688,-1.499999930941,
    8.999999700744));
#11536 = VECTOR('',#11537,1.);
#11537 = DIRECTION('',(-0.707106781187,0.,0.707106781187));
#11538 = ORIENTED_EDGE('',*,*,#11539,.T.);
#11539 = EDGE_CURVE('',#11532,#11540,#11542,.T.);
#11540 = VERTEX_POINT('',#11541);
#11541 = CARTESIAN_POINT('',(4.749974443744,-1.499999930941,
    6.499999782957));
#11542 = LINE('',#11543,#11544);
#11543 = CARTESIAN_POINT('',(-2.650025312905,-1.499999930941,
    -0.899999973692));
#11544 = VECTOR('',#11545,1.);
#11545 = DIRECTION('',(0.707106781187,0.,0.707106781187));
#11546 = ORIENTED_EDGE('',*,*,#11547,.T.);
#11547 = EDGE_CURVE('',#11540,#9372,#11548,.T.);
#11548 = LINE('',#11549,#11550);
#11549 = CARTESIAN_POINT('',(4.749974443744,-1.499999930941,
    1.899999934229));
#11550 = VECTOR('',#11551,1.);
#11551 = DIRECTION('',(0.,0.,1.));
#11552 = ORIENTED_EDGE('',*,*,#9371,.T.);
#11553 = PLANE('',#11554);
#11554 = AXIS2_PLACEMENT_3D('',#11555,#11556,#11557);
#11555 = CARTESIAN_POINT('',(-5.450025220826,-1.499999930941,
    1.899999934229));
#11556 = DIRECTION('',(0.,-1.,0.));
#11557 = DIRECTION('',(0.,0.,-1.));
#11558 = ADVANCED_FACE('',(#11559),#11593,.F.);
#11559 = FACE_BOUND('',#11560,.T.);
#11560 = EDGE_LOOP('',(#11561,#11562,#11570,#11578,#11585,#11586,#11587)
  );
#11561 = ORIENTED_EDGE('',*,*,#11024,.T.);
#11562 = ORIENTED_EDGE('',*,*,#11563,.F.);
#11563 = EDGE_CURVE('',#11564,#11015,#11566,.T.);
#11564 = VERTEX_POINT('',#11565);
#11565 = CARTESIAN_POINT('',(-5.450025220826,-0.499999963826,
    3.899999868459));
#11566 = LINE('',#11567,#11568);
#11567 = CARTESIAN_POINT('',(-5.450025220826,-0.499999963826,
    3.899999868459));
#11568 = VECTOR('',#11569,1.);
#11569 = DIRECTION('',(0.,0.,1.));
#11570 = ORIENTED_EDGE('',*,*,#11571,.F.);
#11571 = EDGE_CURVE('',#11572,#11564,#11574,.T.);
#11572 = VERTEX_POINT('',#11573);
#11573 = CARTESIAN_POINT('',(-5.450025220826,-0.999999947383,
    3.899999868459));
#11574 = LINE('',#11575,#11576);
#11575 = CARTESIAN_POINT('',(-5.450025220826,-1.499999930941,
    3.899999868459));
#11576 = VECTOR('',#11577,1.);
#11577 = DIRECTION('',(0.,1.,0.));
#11578 = ORIENTED_EDGE('',*,*,#11579,.T.);
#11579 = EDGE_CURVE('',#11572,#11427,#11580,.T.);
#11580 = CIRCLE('',#11581,0.499999983557);
#11581 = AXIS2_PLACEMENT_3D('',#11582,#11583,#11584);
#11582 = CARTESIAN_POINT('',(-5.450025220826,-0.999999947383,
    4.399999852016));
#11583 = DIRECTION('',(-1.,-4.130293990421E-16,0.));
#11584 = DIRECTION('',(4.130293990421E-16,-1.,0.));
#11585 = ORIENTED_EDGE('',*,*,#11426,.F.);
#11586 = ORIENTED_EDGE('',*,*,#10431,.F.);
#11587 = ORIENTED_EDGE('',*,*,#11588,.T.);
#11588 = EDGE_CURVE('',#10424,#11025,#11589,.T.);
#11589 = LINE('',#11590,#11591);
#11590 = CARTESIAN_POINT('',(-5.450025220826,2.699999930941,
    1.899999934229));
#11591 = VECTOR('',#11592,1.);
#11592 = DIRECTION('',(0.,0.,1.));
#11593 = PLANE('',#11594);
#11594 = AXIS2_PLACEMENT_3D('',#11595,#11596,#11597);
#11595 = CARTESIAN_POINT('',(-5.450025220826,2.699999930941,
    1.899999934229));
#11596 = DIRECTION('',(-1.,-4.130293990421E-16,0.));
#11597 = DIRECTION('',(4.130293990421E-16,-1.,0.));
#11598 = ADVANCED_FACE('',(#11599),#11610,.F.);
#11599 = FACE_BOUND('',#11600,.T.);
#11600 = EDGE_LOOP('',(#11601,#11602,#11603,#11604));
#11601 = ORIENTED_EDGE('',*,*,#11032,.T.);
#11602 = ORIENTED_EDGE('',*,*,#11588,.F.);
#11603 = ORIENTED_EDGE('',*,*,#10423,.F.);
#11604 = ORIENTED_EDGE('',*,*,#11605,.T.);
#11605 = EDGE_CURVE('',#10416,#11033,#11606,.T.);
#11606 = LINE('',#11607,#11608);
#11607 = CARTESIAN_POINT('',(5.449974420724,2.699999930941,
    1.899999934229));
#11608 = VECTOR('',#11609,1.);
#11609 = DIRECTION('',(0.,0.,1.));
#11610 = PLANE('',#11611);
#11611 = AXIS2_PLACEMENT_3D('',#11612,#11613,#11614);
#11612 = CARTESIAN_POINT('',(5.449974420724,2.699999930941,
    1.899999934229));
#11613 = DIRECTION('',(0.,1.,0.));
#11614 = DIRECTION('',(0.,0.,1.));
#11615 = ADVANCED_FACE('',(#11616),#11645,.F.);
#11616 = FACE_BOUND('',#11617,.T.);
#11617 = EDGE_LOOP('',(#11618,#11628,#11634,#11635,#11636,#11637,#11638)
  );
#11618 = ORIENTED_EDGE('',*,*,#11619,.F.);
#11619 = EDGE_CURVE('',#11620,#11622,#11624,.T.);
#11620 = VERTEX_POINT('',#11621);
#11621 = CARTESIAN_POINT('',(5.449974420724,-0.499999963826,
    3.899999868459));
#11622 = VERTEX_POINT('',#11623);
#11623 = CARTESIAN_POINT('',(5.449974420724,-0.999999947383,
    3.899999868459));
#11624 = LINE('',#11625,#11626);
#11625 = CARTESIAN_POINT('',(5.449974420724,-1.499999930941,
    3.899999868459));
#11626 = VECTOR('',#11627,1.);
#11627 = DIRECTION('',(-0.,-1.,-0.));
#11628 = ORIENTED_EDGE('',*,*,#11629,.T.);
#11629 = EDGE_CURVE('',#11620,#11041,#11630,.T.);
#11630 = LINE('',#11631,#11632);
#11631 = CARTESIAN_POINT('',(5.449974420724,-0.499999963826,
    3.899999868459));
#11632 = VECTOR('',#11633,1.);
#11633 = DIRECTION('',(0.,0.,1.));
#11634 = ORIENTED_EDGE('',*,*,#11040,.T.);
#11635 = ORIENTED_EDGE('',*,*,#11605,.F.);
#11636 = ORIENTED_EDGE('',*,*,#10415,.F.);
#11637 = ORIENTED_EDGE('',*,*,#11419,.T.);
#11638 = ORIENTED_EDGE('',*,*,#11639,.T.);
#11639 = EDGE_CURVE('',#11412,#11622,#11640,.T.);
#11640 = CIRCLE('',#11641,0.499999983557);
#11641 = AXIS2_PLACEMENT_3D('',#11642,#11643,#11644);
#11642 = CARTESIAN_POINT('',(5.449974420724,-0.999999947383,
    4.399999852016));
#11643 = DIRECTION('',(1.,2.06514699521E-16,-0.));
#11644 = DIRECTION('',(-2.06514699521E-16,1.,0.));
#11645 = PLANE('',#11646);
#11646 = AXIS2_PLACEMENT_3D('',#11647,#11648,#11649);
#11647 = CARTESIAN_POINT('',(5.449974420724,-1.499999930941,
    1.899999934229));
#11648 = DIRECTION('',(1.,2.06514699521E-16,0.));
#11649 = DIRECTION('',(-2.06514699521E-16,1.,0.));
#11650 = ADVANCED_FACE('',(#11651),#11662,.F.);
#11651 = FACE_BOUND('',#11652,.T.);
#11652 = EDGE_LOOP('',(#11653,#11659,#11660,#11661));
#11653 = ORIENTED_EDGE('',*,*,#11654,.T.);
#11654 = EDGE_CURVE('',#11540,#11205,#11655,.T.);
#11655 = LINE('',#11656,#11657);
#11656 = CARTESIAN_POINT('',(4.749974443744,-1.299999937518,
    6.499999782957));
#11657 = VECTOR('',#11658,1.);
#11658 = DIRECTION('',(-0.,-1.,-0.));
#11659 = ORIENTED_EDGE('',*,*,#11204,.T.);
#11660 = ORIENTED_EDGE('',*,*,#9379,.F.);
#11661 = ORIENTED_EDGE('',*,*,#11547,.F.);
#11662 = PLANE('',#11663);
#11663 = AXIS2_PLACEMENT_3D('',#11664,#11665,#11666);
#11664 = CARTESIAN_POINT('',(4.749974443744,-1.299999937518,
    6.899999769803));
#11665 = DIRECTION('',(1.,0.,0.));
#11666 = DIRECTION('',(0.,0.,-1.));
#11667 = ADVANCED_FACE('',(#11668),#11679,.F.);
#11668 = FACE_BOUND('',#11669,.T.);
#11669 = EDGE_LOOP('',(#11670,#11676,#11677,#11678));
#11670 = ORIENTED_EDGE('',*,*,#11671,.T.);
#11671 = EDGE_CURVE('',#11532,#11213,#11672,.T.);
#11672 = LINE('',#11673,#11674);
#11673 = CARTESIAN_POINT('',(4.44997445361,-1.299999937518,
    6.199999792822));
#11674 = VECTOR('',#11675,1.);
#11675 = DIRECTION('',(-0.,-1.,-0.));
#11676 = ORIENTED_EDGE('',*,*,#11212,.T.);
#11677 = ORIENTED_EDGE('',*,*,#11654,.F.);
#11678 = ORIENTED_EDGE('',*,*,#11539,.F.);
#11679 = PLANE('',#11680);
#11680 = AXIS2_PLACEMENT_3D('',#11681,#11682,#11683);
#11681 = CARTESIAN_POINT('',(4.749974443744,-1.299999937518,
    6.499999782957));
#11682 = DIRECTION('',(0.707106781187,0.,-0.707106781187));
#11683 = DIRECTION('',(-0.707106781187,0.,-0.707106781187));
#11684 = ADVANCED_FACE('',(#11685),#11696,.F.);
#11685 = FACE_BOUND('',#11686,.T.);
#11686 = EDGE_LOOP('',(#11687,#11693,#11694,#11695));
#11687 = ORIENTED_EDGE('',*,*,#11688,.T.);
#11688 = EDGE_CURVE('',#11524,#11221,#11689,.T.);
#11689 = LINE('',#11690,#11691);
#11690 = CARTESIAN_POINT('',(4.749974443744,-1.299999937518,
    5.899999802688));
#11691 = VECTOR('',#11692,1.);
#11692 = DIRECTION('',(-0.,-1.,-0.));
#11693 = ORIENTED_EDGE('',*,*,#11220,.T.);
#11694 = ORIENTED_EDGE('',*,*,#11671,.F.);
#11695 = ORIENTED_EDGE('',*,*,#11531,.F.);
#11696 = PLANE('',#11697);
#11697 = AXIS2_PLACEMENT_3D('',#11698,#11699,#11700);
#11698 = CARTESIAN_POINT('',(4.44997445361,-1.299999937518,
    6.199999792822));
#11699 = DIRECTION('',(0.707106781187,0.,0.707106781187));
#11700 = DIRECTION('',(0.707106781187,0.,-0.707106781187));
#11701 = ADVANCED_FACE('',(#11702),#11713,.F.);
#11702 = FACE_BOUND('',#11703,.T.);
#11703 = EDGE_LOOP('',(#11704,#11710,#11711,#11712));
#11704 = ORIENTED_EDGE('',*,*,#11705,.T.);
#11705 = EDGE_CURVE('',#11515,#11229,#11706,.T.);
#11706 = LINE('',#11707,#11708);
#11707 = CARTESIAN_POINT('',(4.749974443744,-1.299999937518,
    4.899999835573));
#11708 = VECTOR('',#11709,1.);
#11709 = DIRECTION('',(-0.,-1.,-0.));
#11710 = ORIENTED_EDGE('',*,*,#11228,.T.);
#11711 = ORIENTED_EDGE('',*,*,#11688,.F.);
#11712 = ORIENTED_EDGE('',*,*,#11523,.F.);
#11713 = PLANE('',#11714);
#11714 = AXIS2_PLACEMENT_3D('',#11715,#11716,#11717);
#11715 = CARTESIAN_POINT('',(4.749974443744,-1.299999937518,
    5.899999802688));
#11716 = DIRECTION('',(1.,0.,0.));
#11717 = DIRECTION('',(0.,0.,-1.));
#11718 = ADVANCED_FACE('',(#11719),#11730,.F.);
#11719 = FACE_BOUND('',#11720,.F.);
#11720 = EDGE_LOOP('',(#11721,#11722,#11723,#11724));
#11721 = ORIENTED_EDGE('',*,*,#11514,.T.);
#11722 = ORIENTED_EDGE('',*,*,#11705,.T.);
#11723 = ORIENTED_EDGE('',*,*,#11236,.F.);
#11724 = ORIENTED_EDGE('',*,*,#11725,.F.);
#11725 = EDGE_CURVE('',#11507,#11237,#11726,.T.);
#11726 = LINE('',#11727,#11728);
#11727 = CARTESIAN_POINT('',(3.749974476629,-1.299999937518,
    3.899999868459));
#11728 = VECTOR('',#11729,1.);
#11729 = DIRECTION('',(-0.,-1.,-0.));
#11730 = CYLINDRICAL_SURFACE('',#11731,0.999999967115);
#11731 = AXIS2_PLACEMENT_3D('',#11732,#11733,#11734);
#11732 = CARTESIAN_POINT('',(3.749974476629,-1.299999937518,
    4.899999835573));
#11733 = DIRECTION('',(-0.,-1.,-0.));
#11734 = DIRECTION('',(0.,0.,-1.));
#11735 = ADVANCED_FACE('',(#11736),#11747,.F.);
#11736 = FACE_BOUND('',#11737,.T.);
#11737 = EDGE_LOOP('',(#11738,#11744,#11745,#11746));
#11738 = ORIENTED_EDGE('',*,*,#11739,.T.);
#11739 = EDGE_CURVE('',#11499,#11246,#11740,.T.);
#11740 = LINE('',#11741,#11742);
#11741 = CARTESIAN_POINT('',(3.549974483206,-1.299999937518,
    3.899999868459));
#11742 = VECTOR('',#11743,1.);
#11743 = DIRECTION('',(-0.,-1.,-0.));
#11744 = ORIENTED_EDGE('',*,*,#11245,.T.);
#11745 = ORIENTED_EDGE('',*,*,#11725,.F.);
#11746 = ORIENTED_EDGE('',*,*,#11506,.F.);
#11747 = PLANE('',#11748);
#11748 = AXIS2_PLACEMENT_3D('',#11749,#11750,#11751);
#11749 = CARTESIAN_POINT('',(3.749974476629,-1.299999937518,
    3.899999868459));
#11750 = DIRECTION('',(0.,0.,-1.));
#11751 = DIRECTION('',(-1.,0.,0.));
#11752 = ADVANCED_FACE('',(#11753),#11759,.F.);
#11753 = FACE_BOUND('',#11754,.T.);
#11754 = EDGE_LOOP('',(#11755,#11756,#11757,#11758));
#11755 = ORIENTED_EDGE('',*,*,#11376,.T.);
#11756 = ORIENTED_EDGE('',*,*,#11253,.T.);
#11757 = ORIENTED_EDGE('',*,*,#11739,.F.);
#11758 = ORIENTED_EDGE('',*,*,#11498,.F.);
#11759 = PLANE('',#11760);
#11760 = AXIS2_PLACEMENT_3D('',#11761,#11762,#11763);
#11761 = CARTESIAN_POINT('',(3.549974483206,-1.299999937518,
    6.899999769803));
#11762 = DIRECTION('',(-1.,0.,1.445602896647E-16));
#11763 = DIRECTION('',(1.445602896647E-16,0.,1.));
#11764 = ADVANCED_FACE('',(#11765),#11776,.F.);
#11765 = FACE_BOUND('',#11766,.T.);
#11766 = EDGE_LOOP('',(#11767,#11768,#11769,#11775));
#11767 = ORIENTED_EDGE('',*,*,#9347,.T.);
#11768 = ORIENTED_EDGE('',*,*,#11318,.T.);
#11769 = ORIENTED_EDGE('',*,*,#11770,.F.);
#11770 = EDGE_CURVE('',#11443,#11311,#11771,.T.);
#11771 = LINE('',#11772,#11773);
#11772 = CARTESIAN_POINT('',(-4.750025243846,-1.299999937518,
    6.499999782957));
#11773 = VECTOR('',#11774,1.);
#11774 = DIRECTION('',(-0.,-1.,-0.));
#11775 = ORIENTED_EDGE('',*,*,#11442,.F.);
#11776 = PLANE('',#11777);
#11777 = AXIS2_PLACEMENT_3D('',#11778,#11779,#11780);
#11778 = CARTESIAN_POINT('',(-4.750025243846,-1.299999937518,
    6.899999769803));
#11779 = DIRECTION('',(-1.,0.,0.));
#11780 = DIRECTION('',(0.,0.,1.));
#11781 = ADVANCED_FACE('',(#11782),#11793,.F.);
#11782 = FACE_BOUND('',#11783,.T.);
#11783 = EDGE_LOOP('',(#11784,#11790,#11791,#11792));
#11784 = ORIENTED_EDGE('',*,*,#11785,.T.);
#11785 = EDGE_CURVE('',#11484,#11270,#11786,.T.);
#11786 = LINE('',#11787,#11788);
#11787 = CARTESIAN_POINT('',(-3.550025283308,-1.299999937518,
    3.899999868459));
#11788 = VECTOR('',#11789,1.);
#11789 = DIRECTION('',(-0.,-1.,-0.));
#11790 = ORIENTED_EDGE('',*,*,#11269,.T.);
#11791 = ORIENTED_EDGE('',*,*,#11367,.F.);
#11792 = ORIENTED_EDGE('',*,*,#11491,.F.);
#11793 = PLANE('',#11794);
#11794 = AXIS2_PLACEMENT_3D('',#11795,#11796,#11797);
#11795 = CARTESIAN_POINT('',(-3.550025283308,-1.299999937518,
    6.899999769803));
#11796 = DIRECTION('',(1.,0.,1.445602896647E-16));
#11797 = DIRECTION('',(1.445602896647E-16,0.,-1.));
#11798 = ADVANCED_FACE('',(#11799),#11810,.F.);
#11799 = FACE_BOUND('',#11800,.T.);
#11800 = EDGE_LOOP('',(#11801,#11807,#11808,#11809));
#11801 = ORIENTED_EDGE('',*,*,#11802,.T.);
#11802 = EDGE_CURVE('',#11475,#11278,#11803,.T.);
#11803 = LINE('',#11804,#11805);
#11804 = CARTESIAN_POINT('',(-3.750025276731,-1.299999937518,
    3.899999868459));
#11805 = VECTOR('',#11806,1.);
#11806 = DIRECTION('',(-0.,-1.,-0.));
#11807 = ORIENTED_EDGE('',*,*,#11277,.T.);
#11808 = ORIENTED_EDGE('',*,*,#11785,.F.);
#11809 = ORIENTED_EDGE('',*,*,#11483,.F.);
#11810 = PLANE('',#11811);
#11811 = AXIS2_PLACEMENT_3D('',#11812,#11813,#11814);
#11812 = CARTESIAN_POINT('',(-3.750025276731,-1.299999937518,
    3.899999868459));
#11813 = DIRECTION('',(0.,0.,-1.));
#11814 = DIRECTION('',(-1.,0.,0.));
#11815 = ADVANCED_FACE('',(#11816),#11827,.F.);
#11816 = FACE_BOUND('',#11817,.F.);
#11817 = EDGE_LOOP('',(#11818,#11819,#11820,#11821));
#11818 = ORIENTED_EDGE('',*,*,#11474,.T.);
#11819 = ORIENTED_EDGE('',*,*,#11802,.T.);
#11820 = ORIENTED_EDGE('',*,*,#11285,.F.);
#11821 = ORIENTED_EDGE('',*,*,#11822,.F.);
#11822 = EDGE_CURVE('',#11467,#11286,#11823,.T.);
#11823 = LINE('',#11824,#11825);
#11824 = CARTESIAN_POINT('',(-4.750025243846,-1.299999937518,
    4.899999835573));
#11825 = VECTOR('',#11826,1.);
#11826 = DIRECTION('',(-0.,-1.,-0.));
#11827 = CYLINDRICAL_SURFACE('',#11828,0.999999967115);
#11828 = AXIS2_PLACEMENT_3D('',#11829,#11830,#11831);
#11829 = CARTESIAN_POINT('',(-3.750025276731,-1.299999937518,
    4.899999835573));
#11830 = DIRECTION('',(-0.,-1.,-0.));
#11831 = DIRECTION('',(0.,0.,-1.));
#11832 = ADVANCED_FACE('',(#11833),#11844,.F.);
#11833 = FACE_BOUND('',#11834,.T.);
#11834 = EDGE_LOOP('',(#11835,#11841,#11842,#11843));
#11835 = ORIENTED_EDGE('',*,*,#11836,.T.);
#11836 = EDGE_CURVE('',#11459,#11295,#11837,.T.);
#11837 = LINE('',#11838,#11839);
#11838 = CARTESIAN_POINT('',(-4.750025243846,-1.299999937518,
    5.899999802688));
#11839 = VECTOR('',#11840,1.);
#11840 = DIRECTION('',(-0.,-1.,-0.));
#11841 = ORIENTED_EDGE('',*,*,#11294,.T.);
#11842 = ORIENTED_EDGE('',*,*,#11822,.F.);
#11843 = ORIENTED_EDGE('',*,*,#11466,.F.);
#11844 = PLANE('',#11845);
#11845 = AXIS2_PLACEMENT_3D('',#11846,#11847,#11848);
#11846 = CARTESIAN_POINT('',(-4.750025243846,-1.299999937518,
    5.899999802688));
#11847 = DIRECTION('',(-1.,0.,0.));
#11848 = DIRECTION('',(0.,0.,1.));
#11849 = ADVANCED_FACE('',(#11850),#11861,.F.);
#11850 = FACE_BOUND('',#11851,.T.);
#11851 = EDGE_LOOP('',(#11852,#11858,#11859,#11860));
#11852 = ORIENTED_EDGE('',*,*,#11853,.T.);
#11853 = EDGE_CURVE('',#11451,#11303,#11854,.T.);
#11854 = LINE('',#11855,#11856);
#11855 = CARTESIAN_POINT('',(-4.450025253711,-1.299999937518,
    6.199999792822));
#11856 = VECTOR('',#11857,1.);
#11857 = DIRECTION('',(-0.,-1.,-0.));
#11858 = ORIENTED_EDGE('',*,*,#11302,.T.);
#11859 = ORIENTED_EDGE('',*,*,#11836,.F.);
#11860 = ORIENTED_EDGE('',*,*,#11458,.F.);
#11861 = PLANE('',#11862);
#11862 = AXIS2_PLACEMENT_3D('',#11863,#11864,#11865);
#11863 = CARTESIAN_POINT('',(-4.450025253711,-1.299999937518,
    6.199999792822));
#11864 = DIRECTION('',(-0.707106781187,0.,0.707106781187));
#11865 = DIRECTION('',(0.707106781187,0.,0.707106781187));
#11866 = ADVANCED_FACE('',(#11867),#11873,.F.);
#11867 = FACE_BOUND('',#11868,.T.);
#11868 = EDGE_LOOP('',(#11869,#11870,#11871,#11872));
#11869 = ORIENTED_EDGE('',*,*,#11770,.T.);
#11870 = ORIENTED_EDGE('',*,*,#11310,.T.);
#11871 = ORIENTED_EDGE('',*,*,#11853,.F.);
#11872 = ORIENTED_EDGE('',*,*,#11450,.F.);
#11873 = PLANE('',#11874);
#11874 = AXIS2_PLACEMENT_3D('',#11875,#11876,#11877);
#11875 = CARTESIAN_POINT('',(-4.750025243846,-1.299999937518,
    6.499999782957));
#11876 = DIRECTION('',(-0.707106781187,0.,-0.707106781187));
#11877 = DIRECTION('',(-0.707106781187,0.,0.707106781187));
#11878 = ADVANCED_FACE('',(#11879),#11885,.F.);
#11879 = FACE_BOUND('',#11880,.T.);
#11880 = EDGE_LOOP('',(#11881,#11882,#11883,#11884));
#11881 = ORIENTED_EDGE('',*,*,#10907,.F.);
#11882 = ORIENTED_EDGE('',*,*,#11351,.F.);
#11883 = ORIENTED_EDGE('',*,*,#10955,.F.);
#11884 = ORIENTED_EDGE('',*,*,#10357,.F.);
#11885 = PLANE('',#11886);
#11886 = AXIS2_PLACEMENT_3D('',#11887,#11888,#11889);
#11887 = CARTESIAN_POINT('',(0.649974578574,-0.899999950672,
    0.391792969406));
#11888 = DIRECTION('',(3.756971781163E-17,0.207911690818,0.978147600734)
  );
#11889 = DIRECTION('',(-1.,1.807003620809E-16,6.162975822039E-33));
#11890 = ADVANCED_FACE('',(#11891),#11897,.F.);
#11891 = FACE_BOUND('',#11892,.T.);
#11892 = EDGE_LOOP('',(#11893,#11894,#11895,#11896));
#11893 = ORIENTED_EDGE('',*,*,#10978,.F.);
#11894 = ORIENTED_EDGE('',*,*,#11088,.F.);
#11895 = ORIENTED_EDGE('',*,*,#10916,.F.);
#11896 = ORIENTED_EDGE('',*,*,#10341,.F.);
#11897 = PLANE('',#11898);
#11898 = AXIS2_PLACEMENT_3D('',#11899,#11900,#11901);
#11899 = CARTESIAN_POINT('',(0.649974578574,2.099999950672,
    0.391792969406));
#11900 = DIRECTION('',(3.756971781163E-17,-0.207911690818,0.978147600734
    ));
#11901 = DIRECTION('',(1.,1.807003620809E-16,-6.162975822039E-33));
#11902 = ADVANCED_FACE('',(#11903),#11909,.F.);
#11903 = FACE_BOUND('',#11904,.T.);
#11904 = EDGE_LOOP('',(#11905,#11906,#11907,#11908));
#11905 = ORIENTED_EDGE('',*,*,#10769,.F.);
#11906 = ORIENTED_EDGE('',*,*,#11194,.F.);
#11907 = ORIENTED_EDGE('',*,*,#10808,.F.);
#11908 = ORIENTED_EDGE('',*,*,#10283,.F.);
#11909 = PLANE('',#11910);
#11910 = AXIS2_PLACEMENT_3D('',#11911,#11912,#11913);
#11911 = CARTESIAN_POINT('',(3.14997449636,-0.899999950672,
    0.391792969406));
#11912 = DIRECTION('',(3.756971781163E-17,0.207911690818,0.978147600734)
  );
#11913 = DIRECTION('',(-1.,1.807003620809E-16,6.162975822039E-33));
#11914 = ADVANCED_FACE('',(#11915),#11921,.F.);
#11915 = FACE_BOUND('',#11916,.T.);
#11916 = EDGE_LOOP('',(#11917,#11918,#11919,#11920));
#11917 = ORIENTED_EDGE('',*,*,#10840,.F.);
#11918 = ORIENTED_EDGE('',*,*,#11079,.F.);
#11919 = ORIENTED_EDGE('',*,*,#10778,.F.);
#11920 = ORIENTED_EDGE('',*,*,#10267,.F.);
#11921 = PLANE('',#11922);
#11922 = AXIS2_PLACEMENT_3D('',#11923,#11924,#11925);
#11923 = CARTESIAN_POINT('',(3.14997449636,2.099999950672,0.391792969406
    ));
#11924 = DIRECTION('',(3.756971781163E-17,-0.207911690818,0.978147600734
    ));
#11925 = DIRECTION('',(1.,1.807003620809E-16,-6.162975822039E-33));
#11926 = ADVANCED_FACE('',(#11927),#11933,.F.);
#11927 = FACE_BOUND('',#11928,.T.);
#11928 = EDGE_LOOP('',(#11929,#11930,#11931,#11932));
#11929 = ORIENTED_EDGE('',*,*,#10675,.F.);
#11930 = ORIENTED_EDGE('',*,*,#11342,.F.);
#11931 = ORIENTED_EDGE('',*,*,#10723,.F.);
#11932 = ORIENTED_EDGE('',*,*,#10209,.F.);
#11933 = PLANE('',#11934);
#11934 = AXIS2_PLACEMENT_3D('',#11935,#11936,#11937);
#11935 = CARTESIAN_POINT('',(-1.850025339213,-0.899999950672,
    0.391792969406));
#11936 = DIRECTION('',(3.756971781163E-17,0.207911690818,0.978147600734)
  );
#11937 = DIRECTION('',(-1.,1.807003620809E-16,6.162975822039E-33));
#11938 = ADVANCED_FACE('',(#11939),#11945,.F.);
#11939 = FACE_BOUND('',#11940,.T.);
#11940 = EDGE_LOOP('',(#11941,#11942,#11943,#11944));
#11941 = ORIENTED_EDGE('',*,*,#10755,.F.);
#11942 = ORIENTED_EDGE('',*,*,#11097,.F.);
#11943 = ORIENTED_EDGE('',*,*,#10684,.F.);
#11944 = ORIENTED_EDGE('',*,*,#10193,.F.);
#11945 = PLANE('',#11946);
#11946 = AXIS2_PLACEMENT_3D('',#11947,#11948,#11949);
#11947 = CARTESIAN_POINT('',(-1.850025339213,2.099999950672,
    0.391792969406));
#11948 = DIRECTION('',(3.756971781163E-17,-0.207911690818,0.978147600734
    ));
#11949 = DIRECTION('',(1.,1.807003620809E-16,-6.162975822039E-33));
#11950 = ADVANCED_FACE('',(#11951),#11957,.F.);
#11951 = FACE_BOUND('',#11952,.T.);
#11952 = EDGE_LOOP('',(#11953,#11954,#11955,#11956));
#11953 = ORIENTED_EDGE('',*,*,#10581,.F.);
#11954 = ORIENTED_EDGE('',*,*,#11333,.F.);
#11955 = ORIENTED_EDGE('',*,*,#10629,.F.);
#11956 = ORIENTED_EDGE('',*,*,#10135,.F.);
#11957 = PLANE('',#11958);
#11958 = AXIS2_PLACEMENT_3D('',#11959,#11960,#11961);
#11959 = CARTESIAN_POINT('',(-4.350025257,-0.899999950672,0.391792969406
    ));
#11960 = DIRECTION('',(3.756971781163E-17,0.207911690818,0.978147600734)
  );
#11961 = DIRECTION('',(-1.,1.807003620809E-16,6.162975822039E-33));
#11962 = ADVANCED_FACE('',(#11963),#11969,.F.);
#11963 = FACE_BOUND('',#11964,.T.);
#11964 = EDGE_LOOP('',(#11965,#11966,#11967,#11968));
#11965 = ORIENTED_EDGE('',*,*,#10661,.F.);
#11966 = ORIENTED_EDGE('',*,*,#11106,.F.);
#11967 = ORIENTED_EDGE('',*,*,#10590,.F.);
#11968 = ORIENTED_EDGE('',*,*,#10119,.F.);
#11969 = PLANE('',#11970);
#11970 = AXIS2_PLACEMENT_3D('',#11971,#11972,#11973);
#11971 = CARTESIAN_POINT('',(-4.350025257,2.099999950672,0.391792969406)
  );
#11972 = DIRECTION('',(3.756971781163E-17,-0.207911690818,0.978147600734
    ));
#11973 = DIRECTION('',(1.,1.807003620809E-16,-6.162975822039E-33));
#11974 = ADVANCED_FACE('',(#11975),#12000,.F.);
#11975 = FACE_BOUND('',#11976,.T.);
#11976 = EDGE_LOOP('',(#11977,#11985,#11993,#11999));
#11977 = ORIENTED_EDGE('',*,*,#11978,.F.);
#11978 = EDGE_CURVE('',#11979,#10440,#11981,.T.);
#11979 = VERTEX_POINT('',#11980);
#11980 = CARTESIAN_POINT('',(1.554974548813,0.305000009701,
    5.899999802688));
#11981 = LINE('',#11982,#11983);
#11982 = CARTESIAN_POINT('',(1.554974548813,0.305000009701,
    6.399999786245));
#11983 = VECTOR('',#11984,1.);
#11984 = DIRECTION('',(-0.,-0.,-1.));
#11985 = ORIENTED_EDGE('',*,*,#11986,.T.);
#11986 = EDGE_CURVE('',#11979,#11987,#11989,.T.);
#11987 = VERTEX_POINT('',#11988);
#11988 = CARTESIAN_POINT('',(1.554974548813,-0.304999970239,
    5.899999802688));
#11989 = LINE('',#11990,#11991);
#11990 = CARTESIAN_POINT('',(1.554974548813,-0.304999970239,
    5.899999802688));
#11991 = VECTOR('',#11992,1.);
#11992 = DIRECTION('',(0.,-1.,0.));
#11993 = ORIENTED_EDGE('',*,*,#11994,.T.);
#11994 = EDGE_CURVE('',#11987,#10450,#11995,.T.);
#11995 = LINE('',#11996,#11997);
#11996 = CARTESIAN_POINT('',(1.554974548813,-0.304999970239,
    6.399999786245));
#11997 = VECTOR('',#11998,1.);
#11998 = DIRECTION('',(-0.,-0.,-1.));
#11999 = ORIENTED_EDGE('',*,*,#10449,.T.);
#12000 = PLANE('',#12001);
#12001 = AXIS2_PLACEMENT_3D('',#12002,#12003,#12004);
#12002 = CARTESIAN_POINT('',(1.554974548813,0.305000009701,
    6.399999786245));
#12003 = DIRECTION('',(-1.,0.,0.));
#12004 = DIRECTION('',(0.,0.,1.));
#12005 = ADVANCED_FACE('',(#12006),#12024,.F.);
#12006 = FACE_BOUND('',#12007,.T.);
#12007 = EDGE_LOOP('',(#12008,#12016,#12022,#12023));
#12008 = ORIENTED_EDGE('',*,*,#12009,.F.);
#12009 = EDGE_CURVE('',#12010,#10442,#12012,.T.);
#12010 = VERTEX_POINT('',#12011);
#12011 = CARTESIAN_POINT('',(0.944974568873,0.305000009701,
    5.899999802688));
#12012 = LINE('',#12013,#12014);
#12013 = CARTESIAN_POINT('',(0.944974568873,0.305000009701,
    6.399999786245));
#12014 = VECTOR('',#12015,1.);
#12015 = DIRECTION('',(-0.,-0.,-1.));
#12016 = ORIENTED_EDGE('',*,*,#12017,.T.);
#12017 = EDGE_CURVE('',#12010,#11979,#12018,.T.);
#12018 = LINE('',#12019,#12020);
#12019 = CARTESIAN_POINT('',(1.554974548813,0.305000009701,
    5.899999802688));
#12020 = VECTOR('',#12021,1.);
#12021 = DIRECTION('',(1.,0.,0.));
#12022 = ORIENTED_EDGE('',*,*,#11978,.T.);
#12023 = ORIENTED_EDGE('',*,*,#10439,.T.);
#12024 = PLANE('',#12025);
#12025 = AXIS2_PLACEMENT_3D('',#12026,#12027,#12028);
#12026 = CARTESIAN_POINT('',(0.944974568873,0.305000009701,
    6.399999786245));
#12027 = DIRECTION('',(0.,-1.,0.));
#12028 = DIRECTION('',(0.,0.,-1.));
#12029 = ADVANCED_FACE('',(#12030),#12048,.F.);
#12030 = FACE_BOUND('',#12031,.T.);
#12031 = EDGE_LOOP('',(#12032,#12040,#12046,#12047));
#12032 = ORIENTED_EDGE('',*,*,#12033,.F.);
#12033 = EDGE_CURVE('',#12034,#10458,#12036,.T.);
#12034 = VERTEX_POINT('',#12035);
#12035 = CARTESIAN_POINT('',(0.944974568873,-0.304999970239,
    5.899999802688));
#12036 = LINE('',#12037,#12038);
#12037 = CARTESIAN_POINT('',(0.944974568873,-0.304999970239,
    6.399999786245));
#12038 = VECTOR('',#12039,1.);
#12039 = DIRECTION('',(-0.,-0.,-1.));
#12040 = ORIENTED_EDGE('',*,*,#12041,.T.);
#12041 = EDGE_CURVE('',#12034,#12010,#12042,.T.);
#12042 = LINE('',#12043,#12044);
#12043 = CARTESIAN_POINT('',(0.944974568873,0.305000009701,
    5.899999802688));
#12044 = VECTOR('',#12045,1.);
#12045 = DIRECTION('',(-1.777380610632E-16,1.,0.));
#12046 = ORIENTED_EDGE('',*,*,#12009,.T.);
#12047 = ORIENTED_EDGE('',*,*,#10465,.T.);
#12048 = PLANE('',#12049);
#12049 = AXIS2_PLACEMENT_3D('',#12050,#12051,#12052);
#12050 = CARTESIAN_POINT('',(0.944974568873,0.305000009701,
    6.399999786245));
#12051 = DIRECTION('',(1.,1.777380610632E-16,0.));
#12052 = DIRECTION('',(-1.777380610632E-16,1.,0.));
#12053 = ADVANCED_FACE('',(#12054),#12065,.F.);
#12054 = FACE_BOUND('',#12055,.T.);
#12055 = EDGE_LOOP('',(#12056,#12057,#12063,#12064));
#12056 = ORIENTED_EDGE('',*,*,#11994,.F.);
#12057 = ORIENTED_EDGE('',*,*,#12058,.T.);
#12058 = EDGE_CURVE('',#11987,#12034,#12059,.T.);
#12059 = LINE('',#12060,#12061);
#12060 = CARTESIAN_POINT('',(0.944974568873,-0.304999970239,
    5.899999802688));
#12061 = VECTOR('',#12062,1.);
#12062 = DIRECTION('',(-1.,0.,0.));
#12063 = ORIENTED_EDGE('',*,*,#12033,.T.);
#12064 = ORIENTED_EDGE('',*,*,#10457,.T.);
#12065 = PLANE('',#12066);
#12066 = AXIS2_PLACEMENT_3D('',#12067,#12068,#12069);
#12067 = CARTESIAN_POINT('',(0.944974568873,-0.304999970239,
    6.399999786245));
#12068 = DIRECTION('',(0.,1.,0.));
#12069 = DIRECTION('',(0.,0.,1.));
#12070 = ADVANCED_FACE('',(#12071),#12105,.T.);
#12071 = FACE_BOUND('',#12072,.T.);
#12072 = EDGE_LOOP('',(#12073,#12083,#12091,#12099));
#12073 = ORIENTED_EDGE('',*,*,#12074,.T.);
#12074 = EDGE_CURVE('',#12075,#12077,#12079,.T.);
#12075 = VERTEX_POINT('',#12076);
#12076 = CARTESIAN_POINT('',(1.126959680021,0.123014898553,
    6.399999786245));
#12077 = VERTEX_POINT('',#12078);
#12078 = CARTESIAN_POINT('',(1.126959680021,-0.12301485909,
    6.399999786245));
#12079 = LINE('',#12080,#12081);
#12080 = CARTESIAN_POINT('',(1.126959680021,-0.304999970239,
    6.399999786245));
#12081 = VECTOR('',#12082,1.);
#12082 = DIRECTION('',(1.777380610632E-16,-1.,0.));
#12083 = ORIENTED_EDGE('',*,*,#12084,.T.);
#12084 = EDGE_CURVE('',#12077,#12085,#12087,.T.);
#12085 = VERTEX_POINT('',#12086);
#12086 = CARTESIAN_POINT('',(1.372989437664,-0.12301485909,
    6.399999786245));
#12087 = LINE('',#12088,#12089);
#12088 = CARTESIAN_POINT('',(1.554974548813,-0.12301485909,
    6.399999786245));
#12089 = VECTOR('',#12090,1.);
#12090 = DIRECTION('',(1.,0.,0.));
#12091 = ORIENTED_EDGE('',*,*,#12092,.T.);
#12092 = EDGE_CURVE('',#12085,#12093,#12095,.T.);
#12093 = VERTEX_POINT('',#12094);
#12094 = CARTESIAN_POINT('',(1.372989437664,0.123014898553,
    6.399999786245));
#12095 = LINE('',#12096,#12097);
#12096 = CARTESIAN_POINT('',(1.372989437664,0.305000009701,
    6.399999786245));
#12097 = VECTOR('',#12098,1.);
#12098 = DIRECTION('',(0.,1.,0.));
#12099 = ORIENTED_EDGE('',*,*,#12100,.T.);
#12100 = EDGE_CURVE('',#12093,#12075,#12101,.T.);
#12101 = LINE('',#12102,#12103);
#12102 = CARTESIAN_POINT('',(0.944974568873,0.123014898553,
    6.399999786245));
#12103 = VECTOR('',#12104,1.);
#12104 = DIRECTION('',(-1.,0.,0.));
#12105 = PLANE('',#12106);
#12106 = AXIS2_PLACEMENT_3D('',#12107,#12108,#12109);
#12107 = CARTESIAN_POINT('',(-2.54000508001E-05,0.6,6.399999786245));
#12108 = DIRECTION('',(0.,0.,1.));
#12109 = DIRECTION('',(1.,0.,0.));
#12110 = ADVANCED_FACE('',(#12111),#12127,.T.);
#12111 = FACE_BOUND('',#12112,.T.);
#12112 = EDGE_LOOP('',(#12113,#12119,#12120,#12126));
#12113 = ORIENTED_EDGE('',*,*,#12114,.F.);
#12114 = EDGE_CURVE('',#11979,#12093,#12115,.T.);
#12115 = LINE('',#12116,#12117);
#12116 = CARTESIAN_POINT('',(1.422942676299,0.172968137188,
    6.262754391067));
#12117 = VECTOR('',#12118,1.);
#12118 = DIRECTION('',(-0.323615577118,-0.323615577118,0.889126490716));
#12119 = ORIENTED_EDGE('',*,*,#12017,.F.);
#12120 = ORIENTED_EDGE('',*,*,#12121,.F.);
#12121 = EDGE_CURVE('',#12075,#12010,#12122,.T.);
#12122 = LINE('',#12123,#12124);
#12123 = CARTESIAN_POINT('',(1.008933866485,0.241040712089,
    6.075726528642));
#12124 = VECTOR('',#12125,1.);
#12125 = DIRECTION('',(-0.323615577118,0.323615577118,-0.889126490716));
#12126 = ORIENTED_EDGE('',*,*,#12100,.F.);
#12127 = PLANE('',#12128);
#12128 = AXIS2_PLACEMENT_3D('',#12129,#12130,#12131);
#12129 = CARTESIAN_POINT('',(-2.54000508001E-05,0.123014898553,
    6.399999786245));
#12130 = DIRECTION('',(0.,0.939692620786,0.342020143326));
#12131 = DIRECTION('',(1.,0.,0.));
#12132 = ADVANCED_FACE('',(#12133),#12144,.T.);
#12133 = FACE_BOUND('',#12134,.T.);
#12134 = EDGE_LOOP('',(#12135,#12136,#12137,#12143));
#12135 = ORIENTED_EDGE('',*,*,#12121,.T.);
#12136 = ORIENTED_EDGE('',*,*,#12041,.F.);
#12137 = ORIENTED_EDGE('',*,*,#12138,.F.);
#12138 = EDGE_CURVE('',#12077,#12034,#12139,.T.);
#12139 = LINE('',#12140,#12141);
#12140 = CARTESIAN_POINT('',(1.202678887357,-4.729565175395E-02,
    6.608036598621));
#12141 = VECTOR('',#12142,1.);
#12142 = DIRECTION('',(-0.323615577118,-0.323615577118,-0.889126490716)
  );
#12143 = ORIENTED_EDGE('',*,*,#12074,.F.);
#12144 = PLANE('',#12145);
#12145 = AXIS2_PLACEMENT_3D('',#12146,#12147,#12148);
#12146 = CARTESIAN_POINT('',(1.126959680021,0.6,6.399999786245));
#12147 = DIRECTION('',(-0.939692620786,-1.670191444139E-16,
    0.342020143326));
#12148 = DIRECTION('',(-1.777380610632E-16,1.,-2.465190328816E-32));
#12149 = ADVANCED_FACE('',(#12150),#12161,.T.);
#12150 = FACE_BOUND('',#12151,.T.);
#12151 = EDGE_LOOP('',(#12152,#12153,#12154,#12160));
#12152 = ORIENTED_EDGE('',*,*,#12114,.T.);
#12153 = ORIENTED_EDGE('',*,*,#12092,.F.);
#12154 = ORIENTED_EDGE('',*,*,#12155,.F.);
#12155 = EDGE_CURVE('',#11987,#12085,#12156,.T.);
#12156 = LINE('',#12157,#12158);
#12157 = CARTESIAN_POINT('',(1.297270230328,-4.729565175395E-02,
    6.608036598621));
#12158 = VECTOR('',#12159,1.);
#12159 = DIRECTION('',(-0.323615577118,0.323615577118,0.889126490716));
#12160 = ORIENTED_EDGE('',*,*,#11986,.F.);
#12161 = PLANE('',#12162);
#12162 = AXIS2_PLACEMENT_3D('',#12163,#12164,#12165);
#12163 = CARTESIAN_POINT('',(1.372989437664,0.6,6.399999786245));
#12164 = DIRECTION('',(0.939692620786,0.,0.342020143326));
#12165 = DIRECTION('',(0.,-1.,0.));
#12166 = ADVANCED_FACE('',(#12167),#12173,.T.);
#12167 = FACE_BOUND('',#12168,.T.);
#12168 = EDGE_LOOP('',(#12169,#12170,#12171,#12172));
#12169 = ORIENTED_EDGE('',*,*,#12138,.T.);
#12170 = ORIENTED_EDGE('',*,*,#12058,.F.);
#12171 = ORIENTED_EDGE('',*,*,#12155,.T.);
#12172 = ORIENTED_EDGE('',*,*,#12084,.F.);
#12173 = PLANE('',#12174);
#12174 = AXIS2_PLACEMENT_3D('',#12175,#12176,#12177);
#12175 = CARTESIAN_POINT('',(-2.54000508001E-05,-0.12301485909,
    6.399999786245));
#12176 = DIRECTION('',(0.,-0.939692620786,0.342020143326));
#12177 = DIRECTION('',(-1.,0.,0.));
#12178 = ADVANCED_FACE('',(#12179),#12204,.F.);
#12179 = FACE_BOUND('',#12180,.T.);
#12180 = EDGE_LOOP('',(#12181,#12189,#12197,#12203));
#12181 = ORIENTED_EDGE('',*,*,#12182,.F.);
#12182 = EDGE_CURVE('',#12183,#10474,#12185,.T.);
#12183 = VERTEX_POINT('',#12184);
#12184 = CARTESIAN_POINT('',(-0.945025368974,0.305000009701,
    5.899999802688));
#12185 = LINE('',#12186,#12187);
#12186 = CARTESIAN_POINT('',(-0.945025368974,0.305000009701,
    6.399999786245));
#12187 = VECTOR('',#12188,1.);
#12188 = DIRECTION('',(-0.,-0.,-1.));
#12189 = ORIENTED_EDGE('',*,*,#12190,.T.);
#12190 = EDGE_CURVE('',#12183,#12191,#12193,.T.);
#12191 = VERTEX_POINT('',#12192);
#12192 = CARTESIAN_POINT('',(-0.945025368974,-0.304999970239,
    5.899999802688));
#12193 = LINE('',#12194,#12195);
#12194 = CARTESIAN_POINT('',(-0.945025368974,-0.304999970239,
    5.899999802688));
#12195 = VECTOR('',#12196,1.);
#12196 = DIRECTION('',(0.,-1.,0.));
#12197 = ORIENTED_EDGE('',*,*,#12198,.T.);
#12198 = EDGE_CURVE('',#12191,#10484,#12199,.T.);
#12199 = LINE('',#12200,#12201);
#12200 = CARTESIAN_POINT('',(-0.945025368974,-0.304999970239,
    6.399999786245));
#12201 = VECTOR('',#12202,1.);
#12202 = DIRECTION('',(-0.,-0.,-1.));
#12203 = ORIENTED_EDGE('',*,*,#10483,.T.);
#12204 = PLANE('',#12205);
#12205 = AXIS2_PLACEMENT_3D('',#12206,#12207,#12208);
#12206 = CARTESIAN_POINT('',(-0.945025368974,0.305000009701,
    6.399999786245));
#12207 = DIRECTION('',(-1.,0.,0.));
#12208 = DIRECTION('',(0.,0.,1.));
#12209 = ADVANCED_FACE('',(#12210),#12228,.F.);
#12210 = FACE_BOUND('',#12211,.T.);
#12211 = EDGE_LOOP('',(#12212,#12220,#12226,#12227));
#12212 = ORIENTED_EDGE('',*,*,#12213,.F.);
#12213 = EDGE_CURVE('',#12214,#10476,#12216,.T.);
#12214 = VERTEX_POINT('',#12215);
#12215 = CARTESIAN_POINT('',(-1.555025348914,0.305000009701,
    5.899999802688));
#12216 = LINE('',#12217,#12218);
#12217 = CARTESIAN_POINT('',(-1.555025348914,0.305000009701,
    6.399999786245));
#12218 = VECTOR('',#12219,1.);
#12219 = DIRECTION('',(-0.,-0.,-1.));
#12220 = ORIENTED_EDGE('',*,*,#12221,.T.);
#12221 = EDGE_CURVE('',#12214,#12183,#12222,.T.);
#12222 = LINE('',#12223,#12224);
#12223 = CARTESIAN_POINT('',(-0.945025368974,0.305000009701,
    5.899999802688));
#12224 = VECTOR('',#12225,1.);
#12225 = DIRECTION('',(1.,0.,0.));
#12226 = ORIENTED_EDGE('',*,*,#12182,.T.);
#12227 = ORIENTED_EDGE('',*,*,#10473,.T.);
#12228 = PLANE('',#12229);
#12229 = AXIS2_PLACEMENT_3D('',#12230,#12231,#12232);
#12230 = CARTESIAN_POINT('',(-1.555025348914,0.305000009701,
    6.399999786245));
#12231 = DIRECTION('',(0.,-1.,0.));
#12232 = DIRECTION('',(0.,0.,-1.));
#12233 = ADVANCED_FACE('',(#12234),#12252,.F.);
#12234 = FACE_BOUND('',#12235,.T.);
#12235 = EDGE_LOOP('',(#12236,#12244,#12250,#12251));
#12236 = ORIENTED_EDGE('',*,*,#12237,.F.);
#12237 = EDGE_CURVE('',#12238,#10492,#12240,.T.);
#12238 = VERTEX_POINT('',#12239);
#12239 = CARTESIAN_POINT('',(-1.555025348914,-0.304999970239,
    5.899999802688));
#12240 = LINE('',#12241,#12242);
#12241 = CARTESIAN_POINT('',(-1.555025348914,-0.304999970239,
    6.399999786245));
#12242 = VECTOR('',#12243,1.);
#12243 = DIRECTION('',(-0.,-0.,-1.));
#12244 = ORIENTED_EDGE('',*,*,#12245,.T.);
#12245 = EDGE_CURVE('',#12238,#12214,#12246,.T.);
#12246 = LINE('',#12247,#12248);
#12247 = CARTESIAN_POINT('',(-1.555025348914,0.305000009701,
    5.899999802688));
#12248 = VECTOR('',#12249,1.);
#12249 = DIRECTION('',(-1.777380610632E-16,1.,0.));
#12250 = ORIENTED_EDGE('',*,*,#12213,.T.);
#12251 = ORIENTED_EDGE('',*,*,#10499,.T.);
#12252 = PLANE('',#12253);
#12253 = AXIS2_PLACEMENT_3D('',#12254,#12255,#12256);
#12254 = CARTESIAN_POINT('',(-1.555025348914,0.305000009701,
    6.399999786245));
#12255 = DIRECTION('',(1.,1.777380610632E-16,0.));
#12256 = DIRECTION('',(-1.777380610632E-16,1.,0.));
#12257 = ADVANCED_FACE('',(#12258),#12269,.F.);
#12258 = FACE_BOUND('',#12259,.T.);
#12259 = EDGE_LOOP('',(#12260,#12261,#12267,#12268));
#12260 = ORIENTED_EDGE('',*,*,#12198,.F.);
#12261 = ORIENTED_EDGE('',*,*,#12262,.T.);
#12262 = EDGE_CURVE('',#12191,#12238,#12263,.T.);
#12263 = LINE('',#12264,#12265);
#12264 = CARTESIAN_POINT('',(-1.555025348914,-0.304999970239,
    5.899999802688));
#12265 = VECTOR('',#12266,1.);
#12266 = DIRECTION('',(-1.,0.,0.));
#12267 = ORIENTED_EDGE('',*,*,#12237,.T.);
#12268 = ORIENTED_EDGE('',*,*,#10491,.T.);
#12269 = PLANE('',#12270);
#12270 = AXIS2_PLACEMENT_3D('',#12271,#12272,#12273);
#12271 = CARTESIAN_POINT('',(-1.555025348914,-0.304999970239,
    6.399999786245));
#12272 = DIRECTION('',(0.,1.,0.));
#12273 = DIRECTION('',(0.,0.,1.));
#12274 = ADVANCED_FACE('',(#12275),#12309,.T.);
#12275 = FACE_BOUND('',#12276,.T.);
#12276 = EDGE_LOOP('',(#12277,#12287,#12295,#12303));
#12277 = ORIENTED_EDGE('',*,*,#12278,.T.);
#12278 = EDGE_CURVE('',#12279,#12281,#12283,.T.);
#12279 = VERTEX_POINT('',#12280);
#12280 = CARTESIAN_POINT('',(-1.373040237766,0.123014898553,
    6.399999786245));
#12281 = VERTEX_POINT('',#12282);
#12282 = CARTESIAN_POINT('',(-1.373040237766,-0.12301485909,
    6.399999786245));
#12283 = LINE('',#12284,#12285);
#12284 = CARTESIAN_POINT('',(-1.373040237766,-0.304999970239,
    6.399999786245));
#12285 = VECTOR('',#12286,1.);
#12286 = DIRECTION('',(1.777380610632E-16,-1.,0.));
#12287 = ORIENTED_EDGE('',*,*,#12288,.T.);
#12288 = EDGE_CURVE('',#12281,#12289,#12291,.T.);
#12289 = VERTEX_POINT('',#12290);
#12290 = CARTESIAN_POINT('',(-1.127010480123,-0.12301485909,
    6.399999786245));
#12291 = LINE('',#12292,#12293);
#12292 = CARTESIAN_POINT('',(-0.945025368974,-0.12301485909,
    6.399999786245));
#12293 = VECTOR('',#12294,1.);
#12294 = DIRECTION('',(1.,0.,0.));
#12295 = ORIENTED_EDGE('',*,*,#12296,.T.);
#12296 = EDGE_CURVE('',#12289,#12297,#12299,.T.);
#12297 = VERTEX_POINT('',#12298);
#12298 = CARTESIAN_POINT('',(-1.127010480123,0.123014898553,
    6.399999786245));
#12299 = LINE('',#12300,#12301);
#12300 = CARTESIAN_POINT('',(-1.127010480123,0.305000009701,
    6.399999786245));
#12301 = VECTOR('',#12302,1.);
#12302 = DIRECTION('',(0.,1.,0.));
#12303 = ORIENTED_EDGE('',*,*,#12304,.T.);
#12304 = EDGE_CURVE('',#12297,#12279,#12305,.T.);
#12305 = LINE('',#12306,#12307);
#12306 = CARTESIAN_POINT('',(-1.555025348914,0.123014898553,
    6.399999786245));
#12307 = VECTOR('',#12308,1.);
#12308 = DIRECTION('',(-1.,0.,0.));
#12309 = PLANE('',#12310);
#12310 = AXIS2_PLACEMENT_3D('',#12311,#12312,#12313);
#12311 = CARTESIAN_POINT('',(-2.500025317837,0.6,6.399999786245));
#12312 = DIRECTION('',(0.,0.,1.));
#12313 = DIRECTION('',(1.,0.,0.));
#12314 = ADVANCED_FACE('',(#12315),#12331,.T.);
#12315 = FACE_BOUND('',#12316,.T.);
#12316 = EDGE_LOOP('',(#12317,#12323,#12324,#12330));
#12317 = ORIENTED_EDGE('',*,*,#12318,.T.);
#12318 = EDGE_CURVE('',#12279,#12214,#12319,.T.);
#12319 = LINE('',#12320,#12321);
#12320 = CARTESIAN_POINT('',(-1.491066051302,0.241040712089,
    6.075726528642));
#12321 = VECTOR('',#12322,1.);
#12322 = DIRECTION('',(-0.323615577118,0.323615577118,-0.889126490716));
#12323 = ORIENTED_EDGE('',*,*,#12245,.F.);
#12324 = ORIENTED_EDGE('',*,*,#12325,.F.);
#12325 = EDGE_CURVE('',#12281,#12238,#12326,.T.);
#12326 = LINE('',#12327,#12328);
#12327 = CARTESIAN_POINT('',(-1.297321030429,-4.729565175395E-02,
    6.608036598621));
#12328 = VECTOR('',#12329,1.);
#12329 = DIRECTION('',(-0.323615577118,-0.323615577118,-0.889126490716)
  );
#12330 = ORIENTED_EDGE('',*,*,#12278,.F.);
#12331 = PLANE('',#12332);
#12332 = AXIS2_PLACEMENT_3D('',#12333,#12334,#12335);
#12333 = CARTESIAN_POINT('',(-1.373040237766,0.6,6.399999786245));
#12334 = DIRECTION('',(-0.939692620786,-1.670191444139E-16,
    0.342020143326));
#12335 = DIRECTION('',(-1.777380610632E-16,1.,-2.465190328816E-32));
#12336 = ADVANCED_FACE('',(#12337),#12348,.T.);
#12337 = FACE_BOUND('',#12338,.T.);
#12338 = EDGE_LOOP('',(#12339,#12345,#12346,#12347));
#12339 = ORIENTED_EDGE('',*,*,#12340,.F.);
#12340 = EDGE_CURVE('',#12183,#12297,#12341,.T.);
#12341 = LINE('',#12342,#12343);
#12342 = CARTESIAN_POINT('',(-1.077057241488,0.172968137188,
    6.262754391067));
#12343 = VECTOR('',#12344,1.);
#12344 = DIRECTION('',(-0.323615577118,-0.323615577118,0.889126490716));
#12345 = ORIENTED_EDGE('',*,*,#12221,.F.);
#12346 = ORIENTED_EDGE('',*,*,#12318,.F.);
#12347 = ORIENTED_EDGE('',*,*,#12304,.F.);
#12348 = PLANE('',#12349);
#12349 = AXIS2_PLACEMENT_3D('',#12350,#12351,#12352);
#12350 = CARTESIAN_POINT('',(-2.500025317837,0.123014898553,
    6.399999786245));
#12351 = DIRECTION('',(0.,0.939692620786,0.342020143326));
#12352 = DIRECTION('',(1.,0.,0.));
#12353 = ADVANCED_FACE('',(#12354),#12365,.T.);
#12354 = FACE_BOUND('',#12355,.T.);
#12355 = EDGE_LOOP('',(#12356,#12357,#12358,#12364));
#12356 = ORIENTED_EDGE('',*,*,#12340,.T.);
#12357 = ORIENTED_EDGE('',*,*,#12296,.F.);
#12358 = ORIENTED_EDGE('',*,*,#12359,.F.);
#12359 = EDGE_CURVE('',#12191,#12289,#12360,.T.);
#12360 = LINE('',#12361,#12362);
#12361 = CARTESIAN_POINT('',(-1.202729687459,-4.729565175395E-02,
    6.608036598621));
#12362 = VECTOR('',#12363,1.);
#12363 = DIRECTION('',(-0.323615577118,0.323615577118,0.889126490716));
#12364 = ORIENTED_EDGE('',*,*,#12190,.F.);
#12365 = PLANE('',#12366);
#12366 = AXIS2_PLACEMENT_3D('',#12367,#12368,#12369);
#12367 = CARTESIAN_POINT('',(-1.127010480123,0.6,6.399999786245));
#12368 = DIRECTION('',(0.939692620786,0.,0.342020143326));
#12369 = DIRECTION('',(0.,-1.,0.));
#12370 = ADVANCED_FACE('',(#12371),#12377,.T.);
#12371 = FACE_BOUND('',#12372,.T.);
#12372 = EDGE_LOOP('',(#12373,#12374,#12375,#12376));
#12373 = ORIENTED_EDGE('',*,*,#12325,.T.);
#12374 = ORIENTED_EDGE('',*,*,#12262,.F.);
#12375 = ORIENTED_EDGE('',*,*,#12359,.T.);
#12376 = ORIENTED_EDGE('',*,*,#12288,.F.);
#12377 = PLANE('',#12378);
#12378 = AXIS2_PLACEMENT_3D('',#12379,#12380,#12381);
#12379 = CARTESIAN_POINT('',(-2.500025317837,-0.12301485909,
    6.399999786245));
#12380 = DIRECTION('',(0.,-0.939692620786,0.342020143326));
#12381 = DIRECTION('',(-1.,0.,0.));
#12382 = ADVANCED_FACE('',(#12383),#12408,.F.);
#12383 = FACE_BOUND('',#12384,.T.);
#12384 = EDGE_LOOP('',(#12385,#12393,#12401,#12407));
#12385 = ORIENTED_EDGE('',*,*,#12386,.F.);
#12386 = EDGE_CURVE('',#12387,#10508,#12389,.T.);
#12387 = VERTEX_POINT('',#12388);
#12388 = CARTESIAN_POINT('',(-3.445025286761,0.305000009701,
    5.899999802688));
#12389 = LINE('',#12390,#12391);
#12390 = CARTESIAN_POINT('',(-3.445025286761,0.305000009701,
    6.399999786245));
#12391 = VECTOR('',#12392,1.);
#12392 = DIRECTION('',(-0.,-0.,-1.));
#12393 = ORIENTED_EDGE('',*,*,#12394,.T.);
#12394 = EDGE_CURVE('',#12387,#12395,#12397,.T.);
#12395 = VERTEX_POINT('',#12396);
#12396 = CARTESIAN_POINT('',(-3.445025286761,-0.304999970239,
    5.899999802688));
#12397 = LINE('',#12398,#12399);
#12398 = CARTESIAN_POINT('',(-3.445025286761,-0.304999970239,
    5.899999802688));
#12399 = VECTOR('',#12400,1.);
#12400 = DIRECTION('',(0.,-1.,0.));
#12401 = ORIENTED_EDGE('',*,*,#12402,.T.);
#12402 = EDGE_CURVE('',#12395,#10518,#12403,.T.);
#12403 = LINE('',#12404,#12405);
#12404 = CARTESIAN_POINT('',(-3.445025286761,-0.304999970239,
    6.399999786245));
#12405 = VECTOR('',#12406,1.);
#12406 = DIRECTION('',(-0.,-0.,-1.));
#12407 = ORIENTED_EDGE('',*,*,#10517,.T.);
#12408 = PLANE('',#12409);
#12409 = AXIS2_PLACEMENT_3D('',#12410,#12411,#12412);
#12410 = CARTESIAN_POINT('',(-3.445025286761,0.305000009701,
    6.399999786245));
#12411 = DIRECTION('',(-1.,0.,0.));
#12412 = DIRECTION('',(0.,0.,1.));
#12413 = ADVANCED_FACE('',(#12414),#12432,.F.);
#12414 = FACE_BOUND('',#12415,.T.);
#12415 = EDGE_LOOP('',(#12416,#12424,#12430,#12431));
#12416 = ORIENTED_EDGE('',*,*,#12417,.F.);
#12417 = EDGE_CURVE('',#12418,#10510,#12420,.T.);
#12418 = VERTEX_POINT('',#12419);
#12419 = CARTESIAN_POINT('',(-4.055025266701,0.305000009701,
    5.899999802688));
#12420 = LINE('',#12421,#12422);
#12421 = CARTESIAN_POINT('',(-4.055025266701,0.305000009701,
    6.399999786245));
#12422 = VECTOR('',#12423,1.);
#12423 = DIRECTION('',(-0.,-0.,-1.));
#12424 = ORIENTED_EDGE('',*,*,#12425,.T.);
#12425 = EDGE_CURVE('',#12418,#12387,#12426,.T.);
#12426 = LINE('',#12427,#12428);
#12427 = CARTESIAN_POINT('',(-3.445025286761,0.305000009701,
    5.899999802688));
#12428 = VECTOR('',#12429,1.);
#12429 = DIRECTION('',(1.,0.,0.));
#12430 = ORIENTED_EDGE('',*,*,#12386,.T.);
#12431 = ORIENTED_EDGE('',*,*,#10507,.T.);
#12432 = PLANE('',#12433);
#12433 = AXIS2_PLACEMENT_3D('',#12434,#12435,#12436);
#12434 = CARTESIAN_POINT('',(-4.055025266701,0.305000009701,
    6.399999786245));
#12435 = DIRECTION('',(0.,-1.,0.));
#12436 = DIRECTION('',(0.,0.,-1.));
#12437 = ADVANCED_FACE('',(#12438),#12456,.F.);
#12438 = FACE_BOUND('',#12439,.T.);
#12439 = EDGE_LOOP('',(#12440,#12448,#12454,#12455));
#12440 = ORIENTED_EDGE('',*,*,#12441,.F.);
#12441 = EDGE_CURVE('',#12442,#10526,#12444,.T.);
#12442 = VERTEX_POINT('',#12443);
#12443 = CARTESIAN_POINT('',(-4.055025266701,-0.304999970239,
    5.899999802688));
#12444 = LINE('',#12445,#12446);
#12445 = CARTESIAN_POINT('',(-4.055025266701,-0.304999970239,
    6.399999786245));
#12446 = VECTOR('',#12447,1.);
#12447 = DIRECTION('',(-0.,-0.,-1.));
#12448 = ORIENTED_EDGE('',*,*,#12449,.T.);
#12449 = EDGE_CURVE('',#12442,#12418,#12450,.T.);
#12450 = LINE('',#12451,#12452);
#12451 = CARTESIAN_POINT('',(-4.055025266701,0.305000009701,
    5.899999802688));
#12452 = VECTOR('',#12453,1.);
#12453 = DIRECTION('',(-1.777380610632E-16,1.,0.));
#12454 = ORIENTED_EDGE('',*,*,#12417,.T.);
#12455 = ORIENTED_EDGE('',*,*,#10533,.T.);
#12456 = PLANE('',#12457);
#12457 = AXIS2_PLACEMENT_3D('',#12458,#12459,#12460);
#12458 = CARTESIAN_POINT('',(-4.055025266701,0.305000009701,
    6.399999786245));
#12459 = DIRECTION('',(1.,1.777380610632E-16,0.));
#12460 = DIRECTION('',(-1.777380610632E-16,1.,0.));
#12461 = ADVANCED_FACE('',(#12462),#12473,.F.);
#12462 = FACE_BOUND('',#12463,.T.);
#12463 = EDGE_LOOP('',(#12464,#12465,#12471,#12472));
#12464 = ORIENTED_EDGE('',*,*,#12402,.F.);
#12465 = ORIENTED_EDGE('',*,*,#12466,.T.);
#12466 = EDGE_CURVE('',#12395,#12442,#12467,.T.);
#12467 = LINE('',#12468,#12469);
#12468 = CARTESIAN_POINT('',(-4.055025266701,-0.304999970239,
    5.899999802688));
#12469 = VECTOR('',#12470,1.);
#12470 = DIRECTION('',(-1.,0.,0.));
#12471 = ORIENTED_EDGE('',*,*,#12441,.T.);
#12472 = ORIENTED_EDGE('',*,*,#10525,.T.);
#12473 = PLANE('',#12474);
#12474 = AXIS2_PLACEMENT_3D('',#12475,#12476,#12477);
#12475 = CARTESIAN_POINT('',(-4.055025266701,-0.304999970239,
    6.399999786245));
#12476 = DIRECTION('',(0.,1.,0.));
#12477 = DIRECTION('',(0.,0.,1.));
#12478 = ADVANCED_FACE('',(#12479),#12513,.T.);
#12479 = FACE_BOUND('',#12480,.T.);
#12480 = EDGE_LOOP('',(#12481,#12491,#12499,#12507));
#12481 = ORIENTED_EDGE('',*,*,#12482,.T.);
#12482 = EDGE_CURVE('',#12483,#12485,#12487,.T.);
#12483 = VERTEX_POINT('',#12484);
#12484 = CARTESIAN_POINT('',(-3.873040155552,0.123014898553,
    6.399999786245));
#12485 = VERTEX_POINT('',#12486);
#12486 = CARTESIAN_POINT('',(-3.873040155552,-0.12301485909,
    6.399999786245));
#12487 = LINE('',#12488,#12489);
#12488 = CARTESIAN_POINT('',(-3.873040155552,-0.304999970239,
    6.399999786245));
#12489 = VECTOR('',#12490,1.);
#12490 = DIRECTION('',(1.777380610632E-16,-1.,0.));
#12491 = ORIENTED_EDGE('',*,*,#12492,.T.);
#12492 = EDGE_CURVE('',#12485,#12493,#12495,.T.);
#12493 = VERTEX_POINT('',#12494);
#12494 = CARTESIAN_POINT('',(-3.627010397909,-0.12301485909,
    6.399999786245));
#12495 = LINE('',#12496,#12497);
#12496 = CARTESIAN_POINT('',(-3.445025286761,-0.12301485909,
    6.399999786245));
#12497 = VECTOR('',#12498,1.);
#12498 = DIRECTION('',(1.,0.,0.));
#12499 = ORIENTED_EDGE('',*,*,#12500,.T.);
#12500 = EDGE_CURVE('',#12493,#12501,#12503,.T.);
#12501 = VERTEX_POINT('',#12502);
#12502 = CARTESIAN_POINT('',(-3.627010397909,0.123014898553,
    6.399999786245));
#12503 = LINE('',#12504,#12505);
#12504 = CARTESIAN_POINT('',(-3.627010397909,0.305000009701,
    6.399999786245));
#12505 = VECTOR('',#12506,1.);
#12506 = DIRECTION('',(0.,1.,0.));
#12507 = ORIENTED_EDGE('',*,*,#12508,.T.);
#12508 = EDGE_CURVE('',#12501,#12483,#12509,.T.);
#12509 = LINE('',#12510,#12511);
#12510 = CARTESIAN_POINT('',(-4.055025266701,0.123014898553,
    6.399999786245));
#12511 = VECTOR('',#12512,1.);
#12512 = DIRECTION('',(-1.,0.,0.));
#12513 = PLANE('',#12514);
#12514 = AXIS2_PLACEMENT_3D('',#12515,#12516,#12517);
#12515 = CARTESIAN_POINT('',(-5.000025235624,0.6,6.399999786245));
#12516 = DIRECTION('',(0.,0.,1.));
#12517 = DIRECTION('',(1.,0.,0.));
#12518 = ADVANCED_FACE('',(#12519),#12535,.T.);
#12519 = FACE_BOUND('',#12520,.T.);
#12520 = EDGE_LOOP('',(#12521,#12527,#12528,#12534));
#12521 = ORIENTED_EDGE('',*,*,#12522,.T.);
#12522 = EDGE_CURVE('',#12483,#12418,#12523,.T.);
#12523 = LINE('',#12524,#12525);
#12524 = CARTESIAN_POINT('',(-3.991065969089,0.241040712089,
    6.075726528642));
#12525 = VECTOR('',#12526,1.);
#12526 = DIRECTION('',(-0.323615577118,0.323615577118,-0.889126490716));
#12527 = ORIENTED_EDGE('',*,*,#12449,.F.);
#12528 = ORIENTED_EDGE('',*,*,#12529,.F.);
#12529 = EDGE_CURVE('',#12485,#12442,#12530,.T.);
#12530 = LINE('',#12531,#12532);
#12531 = CARTESIAN_POINT('',(-3.797320948216,-4.729565175395E-02,
    6.608036598621));
#12532 = VECTOR('',#12533,1.);
#12533 = DIRECTION('',(-0.323615577118,-0.323615577118,-0.889126490716)
  );
#12534 = ORIENTED_EDGE('',*,*,#12482,.F.);
#12535 = PLANE('',#12536);
#12536 = AXIS2_PLACEMENT_3D('',#12537,#12538,#12539);
#12537 = CARTESIAN_POINT('',(-3.873040155552,0.6,6.399999786245));
#12538 = DIRECTION('',(-0.939692620786,-1.670191444139E-16,
    0.342020143326));
#12539 = DIRECTION('',(-1.777380610632E-16,1.,-2.465190328816E-32));
#12540 = ADVANCED_FACE('',(#12541),#12552,.T.);
#12541 = FACE_BOUND('',#12542,.T.);
#12542 = EDGE_LOOP('',(#12543,#12549,#12550,#12551));
#12543 = ORIENTED_EDGE('',*,*,#12544,.F.);
#12544 = EDGE_CURVE('',#12387,#12501,#12545,.T.);
#12545 = LINE('',#12546,#12547);
#12546 = CARTESIAN_POINT('',(-3.577057159274,0.172968137188,
    6.262754391067));
#12547 = VECTOR('',#12548,1.);
#12548 = DIRECTION('',(-0.323615577118,-0.323615577118,0.889126490716));
#12549 = ORIENTED_EDGE('',*,*,#12425,.F.);
#12550 = ORIENTED_EDGE('',*,*,#12522,.F.);
#12551 = ORIENTED_EDGE('',*,*,#12508,.F.);
#12552 = PLANE('',#12553);
#12553 = AXIS2_PLACEMENT_3D('',#12554,#12555,#12556);
#12554 = CARTESIAN_POINT('',(-5.000025235624,0.123014898553,
    6.399999786245));
#12555 = DIRECTION('',(0.,0.939692620786,0.342020143326));
#12556 = DIRECTION('',(1.,0.,0.));
#12557 = ADVANCED_FACE('',(#12558),#12569,.T.);
#12558 = FACE_BOUND('',#12559,.T.);
#12559 = EDGE_LOOP('',(#12560,#12561,#12562,#12568));
#12560 = ORIENTED_EDGE('',*,*,#12544,.T.);
#12561 = ORIENTED_EDGE('',*,*,#12500,.F.);
#12562 = ORIENTED_EDGE('',*,*,#12563,.F.);
#12563 = EDGE_CURVE('',#12395,#12493,#12564,.T.);
#12564 = LINE('',#12565,#12566);
#12565 = CARTESIAN_POINT('',(-3.702729605246,-4.729565175395E-02,
    6.608036598621));
#12566 = VECTOR('',#12567,1.);
#12567 = DIRECTION('',(-0.323615577118,0.323615577118,0.889126490716));
#12568 = ORIENTED_EDGE('',*,*,#12394,.F.);
#12569 = PLANE('',#12570);
#12570 = AXIS2_PLACEMENT_3D('',#12571,#12572,#12573);
#12571 = CARTESIAN_POINT('',(-3.627010397909,0.6,6.399999786245));
#12572 = DIRECTION('',(0.939692620786,0.,0.342020143326));
#12573 = DIRECTION('',(0.,-1.,0.));
#12574 = ADVANCED_FACE('',(#12575),#12581,.T.);
#12575 = FACE_BOUND('',#12576,.T.);
#12576 = EDGE_LOOP('',(#12577,#12578,#12579,#12580));
#12577 = ORIENTED_EDGE('',*,*,#12529,.T.);
#12578 = ORIENTED_EDGE('',*,*,#12466,.F.);
#12579 = ORIENTED_EDGE('',*,*,#12563,.T.);
#12580 = ORIENTED_EDGE('',*,*,#12492,.F.);
#12581 = PLANE('',#12582);
#12582 = AXIS2_PLACEMENT_3D('',#12583,#12584,#12585);
#12583 = CARTESIAN_POINT('',(-5.000025235624,-0.12301485909,
    6.399999786245));
#12584 = DIRECTION('',(0.,-0.939692620786,0.342020143326));
#12585 = DIRECTION('',(-1.,0.,0.));
#12586 = ADVANCED_FACE('',(#12587),#12612,.F.);
#12587 = FACE_BOUND('',#12588,.T.);
#12588 = EDGE_LOOP('',(#12589,#12597,#12605,#12611));
#12589 = ORIENTED_EDGE('',*,*,#12590,.F.);
#12590 = EDGE_CURVE('',#12591,#10542,#12593,.T.);
#12591 = VERTEX_POINT('',#12592);
#12592 = CARTESIAN_POINT('',(4.054974466599,0.305000009701,
    5.899999802688));
#12593 = LINE('',#12594,#12595);
#12594 = CARTESIAN_POINT('',(4.054974466599,0.305000009701,
    6.399999786245));
#12595 = VECTOR('',#12596,1.);
#12596 = DIRECTION('',(-0.,-0.,-1.));
#12597 = ORIENTED_EDGE('',*,*,#12598,.T.);
#12598 = EDGE_CURVE('',#12591,#12599,#12601,.T.);
#12599 = VERTEX_POINT('',#12600);
#12600 = CARTESIAN_POINT('',(4.054974466599,-0.304999970239,
    5.899999802688));
#12601 = LINE('',#12602,#12603);
#12602 = CARTESIAN_POINT('',(4.054974466599,-0.304999970239,
    5.899999802688));
#12603 = VECTOR('',#12604,1.);
#12604 = DIRECTION('',(0.,-1.,0.));
#12605 = ORIENTED_EDGE('',*,*,#12606,.T.);
#12606 = EDGE_CURVE('',#12599,#10552,#12607,.T.);
#12607 = LINE('',#12608,#12609);
#12608 = CARTESIAN_POINT('',(4.054974466599,-0.304999970239,
    6.399999786245));
#12609 = VECTOR('',#12610,1.);
#12610 = DIRECTION('',(-0.,-0.,-1.));
#12611 = ORIENTED_EDGE('',*,*,#10551,.T.);
#12612 = PLANE('',#12613);
#12613 = AXIS2_PLACEMENT_3D('',#12614,#12615,#12616);
#12614 = CARTESIAN_POINT('',(4.054974466599,0.305000009701,
    6.399999786245));
#12615 = DIRECTION('',(-1.,0.,0.));
#12616 = DIRECTION('',(0.,0.,1.));
#12617 = ADVANCED_FACE('',(#12618),#12636,.F.);
#12618 = FACE_BOUND('',#12619,.T.);
#12619 = EDGE_LOOP('',(#12620,#12628,#12634,#12635));
#12620 = ORIENTED_EDGE('',*,*,#12621,.F.);
#12621 = EDGE_CURVE('',#12622,#10544,#12624,.T.);
#12622 = VERTEX_POINT('',#12623);
#12623 = CARTESIAN_POINT('',(3.444974486659,0.305000009701,
    5.899999802688));
#12624 = LINE('',#12625,#12626);
#12625 = CARTESIAN_POINT('',(3.444974486659,0.305000009701,
    6.399999786245));
#12626 = VECTOR('',#12627,1.);
#12627 = DIRECTION('',(-0.,-0.,-1.));
#12628 = ORIENTED_EDGE('',*,*,#12629,.T.);
#12629 = EDGE_CURVE('',#12622,#12591,#12630,.T.);
#12630 = LINE('',#12631,#12632);
#12631 = CARTESIAN_POINT('',(4.054974466599,0.305000009701,
    5.899999802688));
#12632 = VECTOR('',#12633,1.);
#12633 = DIRECTION('',(1.,0.,0.));
#12634 = ORIENTED_EDGE('',*,*,#12590,.T.);
#12635 = ORIENTED_EDGE('',*,*,#10541,.T.);
#12636 = PLANE('',#12637);
#12637 = AXIS2_PLACEMENT_3D('',#12638,#12639,#12640);
#12638 = CARTESIAN_POINT('',(3.444974486659,0.305000009701,
    6.399999786245));
#12639 = DIRECTION('',(0.,-1.,0.));
#12640 = DIRECTION('',(0.,0.,-1.));
#12641 = ADVANCED_FACE('',(#12642),#12660,.F.);
#12642 = FACE_BOUND('',#12643,.T.);
#12643 = EDGE_LOOP('',(#12644,#12652,#12658,#12659));
#12644 = ORIENTED_EDGE('',*,*,#12645,.F.);
#12645 = EDGE_CURVE('',#12646,#10560,#12648,.T.);
#12646 = VERTEX_POINT('',#12647);
#12647 = CARTESIAN_POINT('',(3.444974486659,-0.304999970239,
    5.899999802688));
#12648 = LINE('',#12649,#12650);
#12649 = CARTESIAN_POINT('',(3.444974486659,-0.304999970239,
    6.399999786245));
#12650 = VECTOR('',#12651,1.);
#12651 = DIRECTION('',(-0.,-0.,-1.));
#12652 = ORIENTED_EDGE('',*,*,#12653,.T.);
#12653 = EDGE_CURVE('',#12646,#12622,#12654,.T.);
#12654 = LINE('',#12655,#12656);
#12655 = CARTESIAN_POINT('',(3.444974486659,0.305000009701,
    5.899999802688));
#12656 = VECTOR('',#12657,1.);
#12657 = DIRECTION('',(-1.777380610632E-16,1.,0.));
#12658 = ORIENTED_EDGE('',*,*,#12621,.T.);
#12659 = ORIENTED_EDGE('',*,*,#10567,.T.);
#12660 = PLANE('',#12661);
#12661 = AXIS2_PLACEMENT_3D('',#12662,#12663,#12664);
#12662 = CARTESIAN_POINT('',(3.444974486659,0.305000009701,
    6.399999786245));
#12663 = DIRECTION('',(1.,1.777380610632E-16,0.));
#12664 = DIRECTION('',(-1.777380610632E-16,1.,0.));
#12665 = ADVANCED_FACE('',(#12666),#12677,.F.);
#12666 = FACE_BOUND('',#12667,.T.);
#12667 = EDGE_LOOP('',(#12668,#12669,#12675,#12676));
#12668 = ORIENTED_EDGE('',*,*,#12606,.F.);
#12669 = ORIENTED_EDGE('',*,*,#12670,.T.);
#12670 = EDGE_CURVE('',#12599,#12646,#12671,.T.);
#12671 = LINE('',#12672,#12673);
#12672 = CARTESIAN_POINT('',(3.444974486659,-0.304999970239,
    5.899999802688));
#12673 = VECTOR('',#12674,1.);
#12674 = DIRECTION('',(-1.,0.,0.));
#12675 = ORIENTED_EDGE('',*,*,#12645,.T.);
#12676 = ORIENTED_EDGE('',*,*,#10559,.T.);
#12677 = PLANE('',#12678);
#12678 = AXIS2_PLACEMENT_3D('',#12679,#12680,#12681);
#12679 = CARTESIAN_POINT('',(3.444974486659,-0.304999970239,
    6.399999786245));
#12680 = DIRECTION('',(0.,1.,0.));
#12681 = DIRECTION('',(0.,0.,1.));
#12682 = ADVANCED_FACE('',(#12683),#12717,.T.);
#12683 = FACE_BOUND('',#12684,.T.);
#12684 = EDGE_LOOP('',(#12685,#12695,#12703,#12711));
#12685 = ORIENTED_EDGE('',*,*,#12686,.T.);
#12686 = EDGE_CURVE('',#12687,#12689,#12691,.T.);
#12687 = VERTEX_POINT('',#12688);
#12688 = CARTESIAN_POINT('',(3.626959597808,0.123014898553,
    6.399999786245));
#12689 = VERTEX_POINT('',#12690);
#12690 = CARTESIAN_POINT('',(3.626959597808,-0.12301485909,
    6.399999786245));
#12691 = LINE('',#12692,#12693);
#12692 = CARTESIAN_POINT('',(3.626959597808,-0.304999970239,
    6.399999786245));
#12693 = VECTOR('',#12694,1.);
#12694 = DIRECTION('',(1.777380610632E-16,-1.,0.));
#12695 = ORIENTED_EDGE('',*,*,#12696,.T.);
#12696 = EDGE_CURVE('',#12689,#12697,#12699,.T.);
#12697 = VERTEX_POINT('',#12698);
#12698 = CARTESIAN_POINT('',(3.872989355451,-0.12301485909,
    6.399999786245));
#12699 = LINE('',#12700,#12701);
#12700 = CARTESIAN_POINT('',(4.054974466599,-0.12301485909,
    6.399999786245));
#12701 = VECTOR('',#12702,1.);
#12702 = DIRECTION('',(1.,0.,0.));
#12703 = ORIENTED_EDGE('',*,*,#12704,.T.);
#12704 = EDGE_CURVE('',#12697,#12705,#12707,.T.);
#12705 = VERTEX_POINT('',#12706);
#12706 = CARTESIAN_POINT('',(3.872989355451,0.123014898553,
    6.399999786245));
#12707 = LINE('',#12708,#12709);
#12708 = CARTESIAN_POINT('',(3.872989355451,0.305000009701,
    6.399999786245));
#12709 = VECTOR('',#12710,1.);
#12710 = DIRECTION('',(0.,1.,0.));
#12711 = ORIENTED_EDGE('',*,*,#12712,.T.);
#12712 = EDGE_CURVE('',#12705,#12687,#12713,.T.);
#12713 = LINE('',#12714,#12715);
#12714 = CARTESIAN_POINT('',(3.444974486659,0.123014898553,
    6.399999786245));
#12715 = VECTOR('',#12716,1.);
#12716 = DIRECTION('',(-1.,0.,0.));
#12717 = PLANE('',#12718);
#12718 = AXIS2_PLACEMENT_3D('',#12719,#12720,#12721);
#12719 = CARTESIAN_POINT('',(2.499974517736,0.6,6.399999786245));
#12720 = DIRECTION('',(0.,0.,1.));
#12721 = DIRECTION('',(1.,0.,0.));
#12722 = ADVANCED_FACE('',(#12723),#12739,.T.);
#12723 = FACE_BOUND('',#12724,.T.);
#12724 = EDGE_LOOP('',(#12725,#12731,#12732,#12738));
#12725 = ORIENTED_EDGE('',*,*,#12726,.T.);
#12726 = EDGE_CURVE('',#12687,#12622,#12727,.T.);
#12727 = LINE('',#12728,#12729);
#12728 = CARTESIAN_POINT('',(3.508933784271,0.241040712089,
    6.075726528642));
#12729 = VECTOR('',#12730,1.);
#12730 = DIRECTION('',(-0.323615577118,0.323615577118,-0.889126490716));
#12731 = ORIENTED_EDGE('',*,*,#12653,.F.);
#12732 = ORIENTED_EDGE('',*,*,#12733,.F.);
#12733 = EDGE_CURVE('',#12689,#12646,#12734,.T.);
#12734 = LINE('',#12735,#12736);
#12735 = CARTESIAN_POINT('',(3.702678805144,-4.729565175395E-02,
    6.608036598621));
#12736 = VECTOR('',#12737,1.);
#12737 = DIRECTION('',(-0.323615577118,-0.323615577118,-0.889126490716)
  );
#12738 = ORIENTED_EDGE('',*,*,#12686,.F.);
#12739 = PLANE('',#12740);
#12740 = AXIS2_PLACEMENT_3D('',#12741,#12742,#12743);
#12741 = CARTESIAN_POINT('',(3.626959597808,0.6,6.399999786245));
#12742 = DIRECTION('',(-0.939692620786,-1.670191444139E-16,
    0.342020143326));
#12743 = DIRECTION('',(-1.777380610632E-16,1.,-2.465190328816E-32));
#12744 = ADVANCED_FACE('',(#12745),#12756,.T.);
#12745 = FACE_BOUND('',#12746,.T.);
#12746 = EDGE_LOOP('',(#12747,#12753,#12754,#12755));
#12747 = ORIENTED_EDGE('',*,*,#12748,.F.);
#12748 = EDGE_CURVE('',#12591,#12705,#12749,.T.);
#12749 = LINE('',#12750,#12751);
#12750 = CARTESIAN_POINT('',(3.922942594086,0.172968137188,
    6.262754391067));
#12751 = VECTOR('',#12752,1.);
#12752 = DIRECTION('',(-0.323615577118,-0.323615577118,0.889126490716));
#12753 = ORIENTED_EDGE('',*,*,#12629,.F.);
#12754 = ORIENTED_EDGE('',*,*,#12726,.F.);
#12755 = ORIENTED_EDGE('',*,*,#12712,.F.);
#12756 = PLANE('',#12757);
#12757 = AXIS2_PLACEMENT_3D('',#12758,#12759,#12760);
#12758 = CARTESIAN_POINT('',(2.499974517736,0.123014898553,
    6.399999786245));
#12759 = DIRECTION('',(0.,0.939692620786,0.342020143326));
#12760 = DIRECTION('',(1.,0.,0.));
#12761 = ADVANCED_FACE('',(#12762),#12773,.T.);
#12762 = FACE_BOUND('',#12763,.T.);
#12763 = EDGE_LOOP('',(#12764,#12765,#12766,#12772));
#12764 = ORIENTED_EDGE('',*,*,#12748,.T.);
#12765 = ORIENTED_EDGE('',*,*,#12704,.F.);
#12766 = ORIENTED_EDGE('',*,*,#12767,.F.);
#12767 = EDGE_CURVE('',#12599,#12697,#12768,.T.);
#12768 = LINE('',#12769,#12770);
#12769 = CARTESIAN_POINT('',(3.797270148114,-4.729565175395E-02,
    6.608036598621));
#12770 = VECTOR('',#12771,1.);
#12771 = DIRECTION('',(-0.323615577118,0.323615577118,0.889126490716));
#12772 = ORIENTED_EDGE('',*,*,#12598,.F.);
#12773 = PLANE('',#12774);
#12774 = AXIS2_PLACEMENT_3D('',#12775,#12776,#12777);
#12775 = CARTESIAN_POINT('',(3.872989355451,0.6,6.399999786245));
#12776 = DIRECTION('',(0.939692620786,0.,0.342020143326));
#12777 = DIRECTION('',(0.,-1.,0.));
#12778 = ADVANCED_FACE('',(#12779),#12785,.T.);
#12779 = FACE_BOUND('',#12780,.T.);
#12780 = EDGE_LOOP('',(#12781,#12782,#12783,#12784));
#12781 = ORIENTED_EDGE('',*,*,#12733,.T.);
#12782 = ORIENTED_EDGE('',*,*,#12670,.F.);
#12783 = ORIENTED_EDGE('',*,*,#12767,.T.);
#12784 = ORIENTED_EDGE('',*,*,#12696,.F.);
#12785 = PLANE('',#12786);
#12786 = AXIS2_PLACEMENT_3D('',#12787,#12788,#12789);
#12787 = CARTESIAN_POINT('',(2.499974517736,-0.12301485909,
    6.399999786245));
#12788 = DIRECTION('',(0.,-0.939692620786,0.342020143326));
#12789 = DIRECTION('',(-1.,0.,0.));
#12790 = ADVANCED_FACE('',(#12791),#12816,.F.);
#12791 = FACE_BOUND('',#12792,.T.);
#12792 = EDGE_LOOP('',(#12793,#12801,#12809,#12815));
#12793 = ORIENTED_EDGE('',*,*,#12794,.T.);
#12794 = EDGE_CURVE('',#10366,#12795,#12797,.T.);
#12795 = VERTEX_POINT('',#12796);
#12796 = CARTESIAN_POINT('',(0.944974568873,-0.304999970239,
    -2.499999921075));
#12797 = LINE('',#12798,#12799);
#12798 = CARTESIAN_POINT('',(0.944974568873,-0.304999970239,
    5.899999802688));
#12799 = VECTOR('',#12800,1.);
#12800 = DIRECTION('',(0.,0.,-1.));
#12801 = ORIENTED_EDGE('',*,*,#12802,.T.);
#12802 = EDGE_CURVE('',#12795,#12803,#12805,.T.);
#12803 = VERTEX_POINT('',#12804);
#12804 = CARTESIAN_POINT('',(1.554974548813,-0.304999970239,
    -2.499999921075));
#12805 = LINE('',#12806,#12807);
#12806 = CARTESIAN_POINT('',(1.554974548813,-0.304999970239,
    -2.499999921075));
#12807 = VECTOR('',#12808,1.);
#12808 = DIRECTION('',(1.,0.,0.));
#12809 = ORIENTED_EDGE('',*,*,#12810,.F.);
#12810 = EDGE_CURVE('',#10368,#12803,#12811,.T.);
#12811 = LINE('',#12812,#12813);
#12812 = CARTESIAN_POINT('',(1.554974548813,-0.304999970239,
    5.899999802688));
#12813 = VECTOR('',#12814,1.);
#12814 = DIRECTION('',(0.,0.,-1.));
#12815 = ORIENTED_EDGE('',*,*,#10365,.F.);
#12816 = PLANE('',#12817);
#12817 = AXIS2_PLACEMENT_3D('',#12818,#12819,#12820);
#12818 = CARTESIAN_POINT('',(1.554974548813,-0.304999970239,
    5.899999802688));
#12819 = DIRECTION('',(0.,1.,0.));
#12820 = DIRECTION('',(0.,0.,1.));
#12821 = ADVANCED_FACE('',(#12822),#12856,.T.);
#12822 = FACE_BOUND('',#12823,.T.);
#12823 = EDGE_LOOP('',(#12824,#12834,#12842,#12850));
#12824 = ORIENTED_EDGE('',*,*,#12825,.T.);
#12825 = EDGE_CURVE('',#12826,#12828,#12830,.T.);
#12826 = VERTEX_POINT('',#12827);
#12827 = CARTESIAN_POINT('',(1.372989437664,0.123014898553,
    -2.999999904633));
#12828 = VERTEX_POINT('',#12829);
#12829 = CARTESIAN_POINT('',(1.372989437664,-0.12301485909,
    -2.999999904633));
#12830 = LINE('',#12831,#12832);
#12831 = CARTESIAN_POINT('',(1.372989437664,-0.304999970239,
    -2.999999904633));
#12832 = VECTOR('',#12833,1.);
#12833 = DIRECTION('',(0.,-1.,0.));
#12834 = ORIENTED_EDGE('',*,*,#12835,.T.);
#12835 = EDGE_CURVE('',#12828,#12836,#12838,.T.);
#12836 = VERTEX_POINT('',#12837);
#12837 = CARTESIAN_POINT('',(1.126959680021,-0.12301485909,
    -2.999999904633));
#12838 = LINE('',#12839,#12840);
#12839 = CARTESIAN_POINT('',(0.944974568873,-0.12301485909,
    -2.999999904633));
#12840 = VECTOR('',#12841,1.);
#12841 = DIRECTION('',(-1.,0.,0.));
#12842 = ORIENTED_EDGE('',*,*,#12843,.T.);
#12843 = EDGE_CURVE('',#12836,#12844,#12846,.T.);
#12844 = VERTEX_POINT('',#12845);
#12845 = CARTESIAN_POINT('',(1.126959680021,0.123014898553,
    -2.999999904633));
#12846 = LINE('',#12847,#12848);
#12847 = CARTESIAN_POINT('',(1.126959680021,0.305000009701,
    -2.999999904633));
#12848 = VECTOR('',#12849,1.);
#12849 = DIRECTION('',(0.,1.,0.));
#12850 = ORIENTED_EDGE('',*,*,#12851,.T.);
#12851 = EDGE_CURVE('',#12844,#12826,#12852,.T.);
#12852 = LINE('',#12853,#12854);
#12853 = CARTESIAN_POINT('',(1.554974548813,0.123014898553,
    -2.999999904633));
#12854 = VECTOR('',#12855,1.);
#12855 = DIRECTION('',(1.,0.,0.));
#12856 = PLANE('',#12857);
#12857 = AXIS2_PLACEMENT_3D('',#12858,#12859,#12860);
#12858 = CARTESIAN_POINT('',(1.554974548813,0.305000009701,
    -2.999999904633));
#12859 = DIRECTION('',(0.,0.,-1.));
#12860 = DIRECTION('',(-1.,0.,0.));
#12861 = ADVANCED_FACE('',(#12862),#12887,.T.);
#12862 = FACE_BOUND('',#12863,.T.);
#12863 = EDGE_LOOP('',(#12864,#12872,#12880,#12886));
#12864 = ORIENTED_EDGE('',*,*,#12865,.T.);
#12865 = EDGE_CURVE('',#10376,#12866,#12868,.T.);
#12866 = VERTEX_POINT('',#12867);
#12867 = CARTESIAN_POINT('',(1.554974548813,0.305000009701,
    -2.499999921075));
#12868 = LINE('',#12869,#12870);
#12869 = CARTESIAN_POINT('',(1.554974548813,0.305000009701,
    5.899999802688));
#12870 = VECTOR('',#12871,1.);
#12871 = DIRECTION('',(0.,0.,-1.));
#12872 = ORIENTED_EDGE('',*,*,#12873,.T.);
#12873 = EDGE_CURVE('',#12866,#12874,#12876,.T.);
#12874 = VERTEX_POINT('',#12875);
#12875 = CARTESIAN_POINT('',(0.944974568873,0.305000009701,
    -2.499999921075));
#12876 = LINE('',#12877,#12878);
#12877 = CARTESIAN_POINT('',(1.554974548813,0.305000009701,
    -2.499999921075));
#12878 = VECTOR('',#12879,1.);
#12879 = DIRECTION('',(-1.,0.,0.));
#12880 = ORIENTED_EDGE('',*,*,#12881,.F.);
#12881 = EDGE_CURVE('',#10384,#12874,#12882,.T.);
#12882 = LINE('',#12883,#12884);
#12883 = CARTESIAN_POINT('',(0.944974568873,0.305000009701,
    5.899999802688));
#12884 = VECTOR('',#12885,1.);
#12885 = DIRECTION('',(0.,0.,-1.));
#12886 = ORIENTED_EDGE('',*,*,#10383,.T.);
#12887 = PLANE('',#12888);
#12888 = AXIS2_PLACEMENT_3D('',#12889,#12890,#12891);
#12889 = CARTESIAN_POINT('',(1.554974548813,0.305000009701,
    5.899999802688));
#12890 = DIRECTION('',(0.,1.,0.));
#12891 = DIRECTION('',(0.,0.,1.));
#12892 = ADVANCED_FACE('',(#12893),#12904,.F.);
#12893 = FACE_BOUND('',#12894,.T.);
#12894 = EDGE_LOOP('',(#12895,#12896,#12902,#12903));
#12895 = ORIENTED_EDGE('',*,*,#12810,.T.);
#12896 = ORIENTED_EDGE('',*,*,#12897,.T.);
#12897 = EDGE_CURVE('',#12803,#12866,#12898,.T.);
#12898 = LINE('',#12899,#12900);
#12899 = CARTESIAN_POINT('',(1.554974548813,0.305000009701,
    -2.499999921075));
#12900 = VECTOR('',#12901,1.);
#12901 = DIRECTION('',(0.,1.,0.));
#12902 = ORIENTED_EDGE('',*,*,#12865,.F.);
#12903 = ORIENTED_EDGE('',*,*,#10375,.F.);
#12904 = PLANE('',#12905);
#12905 = AXIS2_PLACEMENT_3D('',#12906,#12907,#12908);
#12906 = CARTESIAN_POINT('',(1.554974548813,0.6,-0.1));
#12907 = DIRECTION('',(-1.,0.,0.));
#12908 = DIRECTION('',(0.,0.,1.));
#12909 = ADVANCED_FACE('',(#12910),#12921,.T.);
#12910 = FACE_BOUND('',#12911,.T.);
#12911 = EDGE_LOOP('',(#12912,#12913,#12919,#12920));
#12912 = ORIENTED_EDGE('',*,*,#12881,.T.);
#12913 = ORIENTED_EDGE('',*,*,#12914,.T.);
#12914 = EDGE_CURVE('',#12874,#12795,#12915,.T.);
#12915 = LINE('',#12916,#12917);
#12916 = CARTESIAN_POINT('',(0.944974568873,0.6,-2.499999921075));
#12917 = VECTOR('',#12918,1.);
#12918 = DIRECTION('',(0.,-1.,0.));
#12919 = ORIENTED_EDGE('',*,*,#12794,.F.);
#12920 = ORIENTED_EDGE('',*,*,#10391,.T.);
#12921 = PLANE('',#12922);
#12922 = AXIS2_PLACEMENT_3D('',#12923,#12924,#12925);
#12923 = CARTESIAN_POINT('',(0.944974568873,0.6,-0.1));
#12924 = DIRECTION('',(-1.,0.,0.));
#12925 = DIRECTION('',(0.,0.,1.));
#12926 = ADVANCED_FACE('',(#12927),#12943,.F.);
#12927 = FACE_BOUND('',#12928,.T.);
#12928 = EDGE_LOOP('',(#12929,#12935,#12936,#12942));
#12929 = ORIENTED_EDGE('',*,*,#12930,.F.);
#12930 = EDGE_CURVE('',#12874,#12844,#12931,.T.);
#12931 = LINE('',#12932,#12933);
#12932 = CARTESIAN_POINT('',(0.914080092571,0.335894486002,
    -2.415118045051));
#12933 = VECTOR('',#12934,1.);
#12934 = DIRECTION('',(0.323615577118,-0.323615577118,-0.889126490716));
#12935 = ORIENTED_EDGE('',*,*,#12873,.F.);
#12936 = ORIENTED_EDGE('',*,*,#12937,.F.);
#12937 = EDGE_CURVE('',#12826,#12866,#12938,.T.);
#12938 = LINE('',#12939,#12940);
#12939 = CARTESIAN_POINT('',(1.554974548813,0.305000009701,
    -2.499999921075));
#12940 = VECTOR('',#12941,1.);
#12941 = DIRECTION('',(0.323615577118,0.323615577118,0.889126490716));
#12942 = ORIENTED_EDGE('',*,*,#12851,.F.);
#12943 = PLANE('',#12944);
#12944 = AXIS2_PLACEMENT_3D('',#12945,#12946,#12947);
#12945 = CARTESIAN_POINT('',(1.554974548813,0.305000009701,
    -2.499999921075));
#12946 = DIRECTION('',(0.,-0.939692620786,0.342020143326));
#12947 = DIRECTION('',(-1.,0.,0.));
#12948 = ADVANCED_FACE('',(#12949),#12960,.T.);
#12949 = FACE_BOUND('',#12950,.T.);
#12950 = EDGE_LOOP('',(#12951,#12952,#12953,#12959));
#12951 = ORIENTED_EDGE('',*,*,#12937,.T.);
#12952 = ORIENTED_EDGE('',*,*,#12897,.F.);
#12953 = ORIENTED_EDGE('',*,*,#12954,.F.);
#12954 = EDGE_CURVE('',#12828,#12803,#12955,.T.);
#12955 = LINE('',#12956,#12957);
#12956 = CARTESIAN_POINT('',(1.328164706629,-7.819012805526E-02,
    -3.123154840985));
#12957 = VECTOR('',#12958,1.);
#12958 = DIRECTION('',(0.323615577118,-0.323615577118,0.889126490716));
#12959 = ORIENTED_EDGE('',*,*,#12825,.F.);
#12960 = PLANE('',#12961);
#12961 = AXIS2_PLACEMENT_3D('',#12962,#12963,#12964);
#12962 = CARTESIAN_POINT('',(1.372989437664,0.305000009701,
    -2.999999904633));
#12963 = DIRECTION('',(0.939692620786,0.,-0.342020143326));
#12964 = DIRECTION('',(0.,1.,0.));
#12965 = ADVANCED_FACE('',(#12966),#12977,.F.);
#12966 = FACE_BOUND('',#12967,.T.);
#12967 = EDGE_LOOP('',(#12968,#12969,#12970,#12976));
#12968 = ORIENTED_EDGE('',*,*,#12930,.T.);
#12969 = ORIENTED_EDGE('',*,*,#12843,.F.);
#12970 = ORIENTED_EDGE('',*,*,#12971,.F.);
#12971 = EDGE_CURVE('',#12795,#12836,#12972,.T.);
#12972 = LINE('',#12973,#12974);
#12973 = CARTESIAN_POINT('',(1.039752538543,-0.210222000569,
    -2.760400252606));
#12974 = VECTOR('',#12975,1.);
#12975 = DIRECTION('',(0.323615577118,0.323615577118,-0.889126490716));
#12976 = ORIENTED_EDGE('',*,*,#12914,.F.);
#12977 = PLANE('',#12978);
#12978 = AXIS2_PLACEMENT_3D('',#12979,#12980,#12981);
#12979 = CARTESIAN_POINT('',(0.944974568873,0.6,-2.499999921075));
#12980 = DIRECTION('',(0.939692620786,0.,0.342020143326));
#12981 = DIRECTION('',(0.,-1.,0.));
#12982 = ADVANCED_FACE('',(#12983),#12989,.T.);
#12983 = FACE_BOUND('',#12984,.T.);
#12984 = EDGE_LOOP('',(#12985,#12986,#12987,#12988));
#12985 = ORIENTED_EDGE('',*,*,#12954,.T.);
#12986 = ORIENTED_EDGE('',*,*,#12802,.F.);
#12987 = ORIENTED_EDGE('',*,*,#12971,.T.);
#12988 = ORIENTED_EDGE('',*,*,#12835,.F.);
#12989 = PLANE('',#12990);
#12990 = AXIS2_PLACEMENT_3D('',#12991,#12992,#12993);
#12991 = CARTESIAN_POINT('',(1.554974548813,-0.12301485909,
    -2.999999904633));
#12992 = DIRECTION('',(0.,-0.939692620786,-0.342020143326));
#12993 = DIRECTION('',(1.,0.,0.));
#12994 = ADVANCED_FACE('',(#12995),#13020,.F.);
#12995 = FACE_BOUND('',#12996,.T.);
#12996 = EDGE_LOOP('',(#12997,#13005,#13013,#13019));
#12997 = ORIENTED_EDGE('',*,*,#12998,.T.);
#12998 = EDGE_CURVE('',#10292,#12999,#13001,.T.);
#12999 = VERTEX_POINT('',#13000);
#13000 = CARTESIAN_POINT('',(3.444974486659,-0.304999970239,
    -2.499999921075));
#13001 = LINE('',#13002,#13003);
#13002 = CARTESIAN_POINT('',(3.444974486659,-0.304999970239,
    5.899999802688));
#13003 = VECTOR('',#13004,1.);
#13004 = DIRECTION('',(0.,0.,-1.));
#13005 = ORIENTED_EDGE('',*,*,#13006,.T.);
#13006 = EDGE_CURVE('',#12999,#13007,#13009,.T.);
#13007 = VERTEX_POINT('',#13008);
#13008 = CARTESIAN_POINT('',(4.054974466599,-0.304999970239,
    -2.499999921075));
#13009 = LINE('',#13010,#13011);
#13010 = CARTESIAN_POINT('',(4.054974466599,-0.304999970239,
    -2.499999921075));
#13011 = VECTOR('',#13012,1.);
#13012 = DIRECTION('',(1.,0.,0.));
#13013 = ORIENTED_EDGE('',*,*,#13014,.F.);
#13014 = EDGE_CURVE('',#10294,#13007,#13015,.T.);
#13015 = LINE('',#13016,#13017);
#13016 = CARTESIAN_POINT('',(4.054974466599,-0.304999970239,
    5.899999802688));
#13017 = VECTOR('',#13018,1.);
#13018 = DIRECTION('',(0.,0.,-1.));
#13019 = ORIENTED_EDGE('',*,*,#10291,.F.);
#13020 = PLANE('',#13021);
#13021 = AXIS2_PLACEMENT_3D('',#13022,#13023,#13024);
#13022 = CARTESIAN_POINT('',(4.054974466599,-0.304999970239,
    5.899999802688));
#13023 = DIRECTION('',(0.,1.,0.));
#13024 = DIRECTION('',(0.,0.,1.));
#13025 = ADVANCED_FACE('',(#13026),#13060,.T.);
#13026 = FACE_BOUND('',#13027,.T.);
#13027 = EDGE_LOOP('',(#13028,#13038,#13046,#13054));
#13028 = ORIENTED_EDGE('',*,*,#13029,.T.);
#13029 = EDGE_CURVE('',#13030,#13032,#13034,.T.);
#13030 = VERTEX_POINT('',#13031);
#13031 = CARTESIAN_POINT('',(3.872989355451,0.123014898553,
    -2.999999904633));
#13032 = VERTEX_POINT('',#13033);
#13033 = CARTESIAN_POINT('',(3.872989355451,-0.12301485909,
    -2.999999904633));
#13034 = LINE('',#13035,#13036);
#13035 = CARTESIAN_POINT('',(3.872989355451,-0.304999970239,
    -2.999999904633));
#13036 = VECTOR('',#13037,1.);
#13037 = DIRECTION('',(0.,-1.,0.));
#13038 = ORIENTED_EDGE('',*,*,#13039,.T.);
#13039 = EDGE_CURVE('',#13032,#13040,#13042,.T.);
#13040 = VERTEX_POINT('',#13041);
#13041 = CARTESIAN_POINT('',(3.626959597808,-0.12301485909,
    -2.999999904633));
#13042 = LINE('',#13043,#13044);
#13043 = CARTESIAN_POINT('',(3.444974486659,-0.12301485909,
    -2.999999904633));
#13044 = VECTOR('',#13045,1.);
#13045 = DIRECTION('',(-1.,0.,0.));
#13046 = ORIENTED_EDGE('',*,*,#13047,.T.);
#13047 = EDGE_CURVE('',#13040,#13048,#13050,.T.);
#13048 = VERTEX_POINT('',#13049);
#13049 = CARTESIAN_POINT('',(3.626959597808,0.123014898553,
    -2.999999904633));
#13050 = LINE('',#13051,#13052);
#13051 = CARTESIAN_POINT('',(3.626959597808,0.305000009701,
    -2.999999904633));
#13052 = VECTOR('',#13053,1.);
#13053 = DIRECTION('',(0.,1.,0.));
#13054 = ORIENTED_EDGE('',*,*,#13055,.T.);
#13055 = EDGE_CURVE('',#13048,#13030,#13056,.T.);
#13056 = LINE('',#13057,#13058);
#13057 = CARTESIAN_POINT('',(4.054974466599,0.123014898553,
    -2.999999904633));
#13058 = VECTOR('',#13059,1.);
#13059 = DIRECTION('',(1.,0.,0.));
#13060 = PLANE('',#13061);
#13061 = AXIS2_PLACEMENT_3D('',#13062,#13063,#13064);
#13062 = CARTESIAN_POINT('',(4.054974466599,0.305000009701,
    -2.999999904633));
#13063 = DIRECTION('',(0.,0.,-1.));
#13064 = DIRECTION('',(-1.,0.,0.));
#13065 = ADVANCED_FACE('',(#13066),#13091,.T.);
#13066 = FACE_BOUND('',#13067,.T.);
#13067 = EDGE_LOOP('',(#13068,#13076,#13084,#13090));
#13068 = ORIENTED_EDGE('',*,*,#13069,.T.);
#13069 = EDGE_CURVE('',#10302,#13070,#13072,.T.);
#13070 = VERTEX_POINT('',#13071);
#13071 = CARTESIAN_POINT('',(4.054974466599,0.305000009701,
    -2.499999921075));
#13072 = LINE('',#13073,#13074);
#13073 = CARTESIAN_POINT('',(4.054974466599,0.305000009701,
    5.899999802688));
#13074 = VECTOR('',#13075,1.);
#13075 = DIRECTION('',(0.,0.,-1.));
#13076 = ORIENTED_EDGE('',*,*,#13077,.T.);
#13077 = EDGE_CURVE('',#13070,#13078,#13080,.T.);
#13078 = VERTEX_POINT('',#13079);
#13079 = CARTESIAN_POINT('',(3.444974486659,0.305000009701,
    -2.499999921075));
#13080 = LINE('',#13081,#13082);
#13081 = CARTESIAN_POINT('',(4.054974466599,0.305000009701,
    -2.499999921075));
#13082 = VECTOR('',#13083,1.);
#13083 = DIRECTION('',(-1.,0.,0.));
#13084 = ORIENTED_EDGE('',*,*,#13085,.F.);
#13085 = EDGE_CURVE('',#10310,#13078,#13086,.T.);
#13086 = LINE('',#13087,#13088);
#13087 = CARTESIAN_POINT('',(3.444974486659,0.305000009701,
    5.899999802688));
#13088 = VECTOR('',#13089,1.);
#13089 = DIRECTION('',(0.,0.,-1.));
#13090 = ORIENTED_EDGE('',*,*,#10309,.T.);
#13091 = PLANE('',#13092);
#13092 = AXIS2_PLACEMENT_3D('',#13093,#13094,#13095);
#13093 = CARTESIAN_POINT('',(4.054974466599,0.305000009701,
    5.899999802688));
#13094 = DIRECTION('',(0.,1.,0.));
#13095 = DIRECTION('',(0.,0.,1.));
#13096 = ADVANCED_FACE('',(#13097),#13108,.F.);
#13097 = FACE_BOUND('',#13098,.T.);
#13098 = EDGE_LOOP('',(#13099,#13100,#13106,#13107));
#13099 = ORIENTED_EDGE('',*,*,#13014,.T.);
#13100 = ORIENTED_EDGE('',*,*,#13101,.T.);
#13101 = EDGE_CURVE('',#13007,#13070,#13102,.T.);
#13102 = LINE('',#13103,#13104);
#13103 = CARTESIAN_POINT('',(4.054974466599,0.305000009701,
    -2.499999921075));
#13104 = VECTOR('',#13105,1.);
#13105 = DIRECTION('',(0.,1.,0.));
#13106 = ORIENTED_EDGE('',*,*,#13069,.F.);
#13107 = ORIENTED_EDGE('',*,*,#10301,.F.);
#13108 = PLANE('',#13109);
#13109 = AXIS2_PLACEMENT_3D('',#13110,#13111,#13112);
#13110 = CARTESIAN_POINT('',(4.054974466599,0.6,-0.1));
#13111 = DIRECTION('',(-1.,0.,0.));
#13112 = DIRECTION('',(0.,0.,1.));
#13113 = ADVANCED_FACE('',(#13114),#13125,.T.);
#13114 = FACE_BOUND('',#13115,.T.);
#13115 = EDGE_LOOP('',(#13116,#13117,#13123,#13124));
#13116 = ORIENTED_EDGE('',*,*,#13085,.T.);
#13117 = ORIENTED_EDGE('',*,*,#13118,.T.);
#13118 = EDGE_CURVE('',#13078,#12999,#13119,.T.);
#13119 = LINE('',#13120,#13121);
#13120 = CARTESIAN_POINT('',(3.444974486659,0.6,-2.499999921075));
#13121 = VECTOR('',#13122,1.);
#13122 = DIRECTION('',(0.,-1.,0.));
#13123 = ORIENTED_EDGE('',*,*,#12998,.F.);
#13124 = ORIENTED_EDGE('',*,*,#10317,.T.);
#13125 = PLANE('',#13126);
#13126 = AXIS2_PLACEMENT_3D('',#13127,#13128,#13129);
#13127 = CARTESIAN_POINT('',(3.444974486659,0.6,-0.1));
#13128 = DIRECTION('',(-1.,0.,0.));
#13129 = DIRECTION('',(0.,0.,1.));
#13130 = ADVANCED_FACE('',(#13131),#13156,.F.);
#13131 = FACE_BOUND('',#13132,.T.);
#13132 = EDGE_LOOP('',(#13133,#13141,#13149,#13155));
#13133 = ORIENTED_EDGE('',*,*,#13134,.T.);
#13134 = EDGE_CURVE('',#10218,#13135,#13137,.T.);
#13135 = VERTEX_POINT('',#13136);
#13136 = CARTESIAN_POINT('',(-1.555025348914,-0.304999970239,
    -2.499999921075));
#13137 = LINE('',#13138,#13139);
#13138 = CARTESIAN_POINT('',(-1.555025348914,-0.304999970239,
    5.899999802688));
#13139 = VECTOR('',#13140,1.);
#13140 = DIRECTION('',(0.,0.,-1.));
#13141 = ORIENTED_EDGE('',*,*,#13142,.T.);
#13142 = EDGE_CURVE('',#13135,#13143,#13145,.T.);
#13143 = VERTEX_POINT('',#13144);
#13144 = CARTESIAN_POINT('',(-0.945025368974,-0.304999970239,
    -2.499999921075));
#13145 = LINE('',#13146,#13147);
#13146 = CARTESIAN_POINT('',(-0.945025368974,-0.304999970239,
    -2.499999921075));
#13147 = VECTOR('',#13148,1.);
#13148 = DIRECTION('',(1.,0.,0.));
#13149 = ORIENTED_EDGE('',*,*,#13150,.F.);
#13150 = EDGE_CURVE('',#10220,#13143,#13151,.T.);
#13151 = LINE('',#13152,#13153);
#13152 = CARTESIAN_POINT('',(-0.945025368974,-0.304999970239,
    5.899999802688));
#13153 = VECTOR('',#13154,1.);
#13154 = DIRECTION('',(0.,0.,-1.));
#13155 = ORIENTED_EDGE('',*,*,#10217,.F.);
#13156 = PLANE('',#13157);
#13157 = AXIS2_PLACEMENT_3D('',#13158,#13159,#13160);
#13158 = CARTESIAN_POINT('',(-0.945025368974,-0.304999970239,
    5.899999802688));
#13159 = DIRECTION('',(0.,1.,0.));
#13160 = DIRECTION('',(0.,0.,1.));
#13161 = ADVANCED_FACE('',(#13162),#13196,.T.);
#13162 = FACE_BOUND('',#13163,.T.);
#13163 = EDGE_LOOP('',(#13164,#13174,#13182,#13190));
#13164 = ORIENTED_EDGE('',*,*,#13165,.T.);
#13165 = EDGE_CURVE('',#13166,#13168,#13170,.T.);
#13166 = VERTEX_POINT('',#13167);
#13167 = CARTESIAN_POINT('',(-1.127010480123,0.123014898553,
    -2.999999904633));
#13168 = VERTEX_POINT('',#13169);
#13169 = CARTESIAN_POINT('',(-1.127010480123,-0.12301485909,
    -2.999999904633));
#13170 = LINE('',#13171,#13172);
#13171 = CARTESIAN_POINT('',(-1.127010480123,-0.304999970239,
    -2.999999904633));
#13172 = VECTOR('',#13173,1.);
#13173 = DIRECTION('',(0.,-1.,0.));
#13174 = ORIENTED_EDGE('',*,*,#13175,.T.);
#13175 = EDGE_CURVE('',#13168,#13176,#13178,.T.);
#13176 = VERTEX_POINT('',#13177);
#13177 = CARTESIAN_POINT('',(-1.373040237766,-0.12301485909,
    -2.999999904633));
#13178 = LINE('',#13179,#13180);
#13179 = CARTESIAN_POINT('',(-1.555025348914,-0.12301485909,
    -2.999999904633));
#13180 = VECTOR('',#13181,1.);
#13181 = DIRECTION('',(-1.,0.,0.));
#13182 = ORIENTED_EDGE('',*,*,#13183,.T.);
#13183 = EDGE_CURVE('',#13176,#13184,#13186,.T.);
#13184 = VERTEX_POINT('',#13185);
#13185 = CARTESIAN_POINT('',(-1.373040237766,0.123014898553,
    -2.999999904633));
#13186 = LINE('',#13187,#13188);
#13187 = CARTESIAN_POINT('',(-1.373040237766,0.305000009701,
    -2.999999904633));
#13188 = VECTOR('',#13189,1.);
#13189 = DIRECTION('',(0.,1.,0.));
#13190 = ORIENTED_EDGE('',*,*,#13191,.T.);
#13191 = EDGE_CURVE('',#13184,#13166,#13192,.T.);
#13192 = LINE('',#13193,#13194);
#13193 = CARTESIAN_POINT('',(-0.945025368974,0.123014898553,
    -2.999999904633));
#13194 = VECTOR('',#13195,1.);
#13195 = DIRECTION('',(1.,0.,0.));
#13196 = PLANE('',#13197);
#13197 = AXIS2_PLACEMENT_3D('',#13198,#13199,#13200);
#13198 = CARTESIAN_POINT('',(-0.945025368974,0.305000009701,
    -2.999999904633));
#13199 = DIRECTION('',(0.,0.,-1.));
#13200 = DIRECTION('',(-1.,0.,0.));
#13201 = ADVANCED_FACE('',(#13202),#13227,.T.);
#13202 = FACE_BOUND('',#13203,.T.);
#13203 = EDGE_LOOP('',(#13204,#13212,#13220,#13226));
#13204 = ORIENTED_EDGE('',*,*,#13205,.T.);
#13205 = EDGE_CURVE('',#10228,#13206,#13208,.T.);
#13206 = VERTEX_POINT('',#13207);
#13207 = CARTESIAN_POINT('',(-0.945025368974,0.305000009701,
    -2.499999921075));
#13208 = LINE('',#13209,#13210);
#13209 = CARTESIAN_POINT('',(-0.945025368974,0.305000009701,
    5.899999802688));
#13210 = VECTOR('',#13211,1.);
#13211 = DIRECTION('',(0.,0.,-1.));
#13212 = ORIENTED_EDGE('',*,*,#13213,.T.);
#13213 = EDGE_CURVE('',#13206,#13214,#13216,.T.);
#13214 = VERTEX_POINT('',#13215);
#13215 = CARTESIAN_POINT('',(-1.555025348914,0.305000009701,
    -2.499999921075));
#13216 = LINE('',#13217,#13218);
#13217 = CARTESIAN_POINT('',(-0.945025368974,0.305000009701,
    -2.499999921075));
#13218 = VECTOR('',#13219,1.);
#13219 = DIRECTION('',(-1.,0.,0.));
#13220 = ORIENTED_EDGE('',*,*,#13221,.F.);
#13221 = EDGE_CURVE('',#10236,#13214,#13222,.T.);
#13222 = LINE('',#13223,#13224);
#13223 = CARTESIAN_POINT('',(-1.555025348914,0.305000009701,
    5.899999802688));
#13224 = VECTOR('',#13225,1.);
#13225 = DIRECTION('',(0.,0.,-1.));
#13226 = ORIENTED_EDGE('',*,*,#10235,.T.);
#13227 = PLANE('',#13228);
#13228 = AXIS2_PLACEMENT_3D('',#13229,#13230,#13231);
#13229 = CARTESIAN_POINT('',(-0.945025368974,0.305000009701,
    5.899999802688));
#13230 = DIRECTION('',(0.,1.,0.));
#13231 = DIRECTION('',(0.,0.,1.));
#13232 = ADVANCED_FACE('',(#13233),#13244,.F.);
#13233 = FACE_BOUND('',#13234,.T.);
#13234 = EDGE_LOOP('',(#13235,#13236,#13242,#13243));
#13235 = ORIENTED_EDGE('',*,*,#13150,.T.);
#13236 = ORIENTED_EDGE('',*,*,#13237,.T.);
#13237 = EDGE_CURVE('',#13143,#13206,#13238,.T.);
#13238 = LINE('',#13239,#13240);
#13239 = CARTESIAN_POINT('',(-0.945025368974,0.305000009701,
    -2.499999921075));
#13240 = VECTOR('',#13241,1.);
#13241 = DIRECTION('',(0.,1.,0.));
#13242 = ORIENTED_EDGE('',*,*,#13205,.F.);
#13243 = ORIENTED_EDGE('',*,*,#10227,.F.);
#13244 = PLANE('',#13245);
#13245 = AXIS2_PLACEMENT_3D('',#13246,#13247,#13248);
#13246 = CARTESIAN_POINT('',(-0.945025368974,0.6,-0.1));
#13247 = DIRECTION('',(-1.,0.,0.));
#13248 = DIRECTION('',(0.,0.,1.));
#13249 = ADVANCED_FACE('',(#13250),#13261,.T.);
#13250 = FACE_BOUND('',#13251,.T.);
#13251 = EDGE_LOOP('',(#13252,#13253,#13259,#13260));
#13252 = ORIENTED_EDGE('',*,*,#13221,.T.);
#13253 = ORIENTED_EDGE('',*,*,#13254,.T.);
#13254 = EDGE_CURVE('',#13214,#13135,#13255,.T.);
#13255 = LINE('',#13256,#13257);
#13256 = CARTESIAN_POINT('',(-1.555025348914,0.6,-2.499999921075));
#13257 = VECTOR('',#13258,1.);
#13258 = DIRECTION('',(0.,-1.,0.));
#13259 = ORIENTED_EDGE('',*,*,#13134,.F.);
#13260 = ORIENTED_EDGE('',*,*,#10243,.T.);
#13261 = PLANE('',#13262);
#13262 = AXIS2_PLACEMENT_3D('',#13263,#13264,#13265);
#13263 = CARTESIAN_POINT('',(-1.555025348914,0.6,-0.1));
#13264 = DIRECTION('',(-1.,0.,0.));
#13265 = DIRECTION('',(0.,0.,1.));
#13266 = ADVANCED_FACE('',(#13267),#13292,.F.);
#13267 = FACE_BOUND('',#13268,.T.);
#13268 = EDGE_LOOP('',(#13269,#13277,#13285,#13291));
#13269 = ORIENTED_EDGE('',*,*,#13270,.T.);
#13270 = EDGE_CURVE('',#10144,#13271,#13273,.T.);
#13271 = VERTEX_POINT('',#13272);
#13272 = CARTESIAN_POINT('',(-4.055025266701,-0.304999970239,
    -2.499999921075));
#13273 = LINE('',#13274,#13275);
#13274 = CARTESIAN_POINT('',(-4.055025266701,-0.304999970239,
    5.899999802688));
#13275 = VECTOR('',#13276,1.);
#13276 = DIRECTION('',(0.,0.,-1.));
#13277 = ORIENTED_EDGE('',*,*,#13278,.T.);
#13278 = EDGE_CURVE('',#13271,#13279,#13281,.T.);
#13279 = VERTEX_POINT('',#13280);
#13280 = CARTESIAN_POINT('',(-3.445025286761,-0.304999970239,
    -2.499999921075));
#13281 = LINE('',#13282,#13283);
#13282 = CARTESIAN_POINT('',(-3.445025286761,-0.304999970239,
    -2.499999921075));
#13283 = VECTOR('',#13284,1.);
#13284 = DIRECTION('',(1.,0.,0.));
#13285 = ORIENTED_EDGE('',*,*,#13286,.F.);
#13286 = EDGE_CURVE('',#10146,#13279,#13287,.T.);
#13287 = LINE('',#13288,#13289);
#13288 = CARTESIAN_POINT('',(-3.445025286761,-0.304999970239,
    5.899999802688));
#13289 = VECTOR('',#13290,1.);
#13290 = DIRECTION('',(0.,0.,-1.));
#13291 = ORIENTED_EDGE('',*,*,#10143,.F.);
#13292 = PLANE('',#13293);
#13293 = AXIS2_PLACEMENT_3D('',#13294,#13295,#13296);
#13294 = CARTESIAN_POINT('',(-3.445025286761,-0.304999970239,
    5.899999802688));
#13295 = DIRECTION('',(0.,1.,0.));
#13296 = DIRECTION('',(0.,0.,1.));
#13297 = ADVANCED_FACE('',(#13298),#13332,.T.);
#13298 = FACE_BOUND('',#13299,.T.);
#13299 = EDGE_LOOP('',(#13300,#13310,#13318,#13326));
#13300 = ORIENTED_EDGE('',*,*,#13301,.T.);
#13301 = EDGE_CURVE('',#13302,#13304,#13306,.T.);
#13302 = VERTEX_POINT('',#13303);
#13303 = CARTESIAN_POINT('',(-3.627010397909,0.123014898553,
    -2.999999904633));
#13304 = VERTEX_POINT('',#13305);
#13305 = CARTESIAN_POINT('',(-3.627010397909,-0.12301485909,
    -2.999999904633));
#13306 = LINE('',#13307,#13308);
#13307 = CARTESIAN_POINT('',(-3.627010397909,-0.304999970239,
    -2.999999904633));
#13308 = VECTOR('',#13309,1.);
#13309 = DIRECTION('',(0.,-1.,0.));
#13310 = ORIENTED_EDGE('',*,*,#13311,.T.);
#13311 = EDGE_CURVE('',#13304,#13312,#13314,.T.);
#13312 = VERTEX_POINT('',#13313);
#13313 = CARTESIAN_POINT('',(-3.873040155552,-0.12301485909,
    -2.999999904633));
#13314 = LINE('',#13315,#13316);
#13315 = CARTESIAN_POINT('',(-4.055025266701,-0.12301485909,
    -2.999999904633));
#13316 = VECTOR('',#13317,1.);
#13317 = DIRECTION('',(-1.,0.,0.));
#13318 = ORIENTED_EDGE('',*,*,#13319,.T.);
#13319 = EDGE_CURVE('',#13312,#13320,#13322,.T.);
#13320 = VERTEX_POINT('',#13321);
#13321 = CARTESIAN_POINT('',(-3.873040155552,0.123014898553,
    -2.999999904633));
#13322 = LINE('',#13323,#13324);
#13323 = CARTESIAN_POINT('',(-3.873040155552,0.305000009701,
    -2.999999904633));
#13324 = VECTOR('',#13325,1.);
#13325 = DIRECTION('',(0.,1.,0.));
#13326 = ORIENTED_EDGE('',*,*,#13327,.T.);
#13327 = EDGE_CURVE('',#13320,#13302,#13328,.T.);
#13328 = LINE('',#13329,#13330);
#13329 = CARTESIAN_POINT('',(-3.445025286761,0.123014898553,
    -2.999999904633));
#13330 = VECTOR('',#13331,1.);
#13331 = DIRECTION('',(1.,0.,0.));
#13332 = PLANE('',#13333);
#13333 = AXIS2_PLACEMENT_3D('',#13334,#13335,#13336);
#13334 = CARTESIAN_POINT('',(-3.445025286761,0.305000009701,
    -2.999999904633));
#13335 = DIRECTION('',(0.,0.,-1.));
#13336 = DIRECTION('',(-1.,0.,0.));
#13337 = ADVANCED_FACE('',(#13338),#13363,.T.);
#13338 = FACE_BOUND('',#13339,.T.);
#13339 = EDGE_LOOP('',(#13340,#13348,#13356,#13362));
#13340 = ORIENTED_EDGE('',*,*,#13341,.T.);
#13341 = EDGE_CURVE('',#10154,#13342,#13344,.T.);
#13342 = VERTEX_POINT('',#13343);
#13343 = CARTESIAN_POINT('',(-3.445025286761,0.305000009701,
    -2.499999921075));
#13344 = LINE('',#13345,#13346);
#13345 = CARTESIAN_POINT('',(-3.445025286761,0.305000009701,
    5.899999802688));
#13346 = VECTOR('',#13347,1.);
#13347 = DIRECTION('',(0.,0.,-1.));
#13348 = ORIENTED_EDGE('',*,*,#13349,.T.);
#13349 = EDGE_CURVE('',#13342,#13350,#13352,.T.);
#13350 = VERTEX_POINT('',#13351);
#13351 = CARTESIAN_POINT('',(-4.055025266701,0.305000009701,
    -2.499999921075));
#13352 = LINE('',#13353,#13354);
#13353 = CARTESIAN_POINT('',(-3.445025286761,0.305000009701,
    -2.499999921075));
#13354 = VECTOR('',#13355,1.);
#13355 = DIRECTION('',(-1.,0.,0.));
#13356 = ORIENTED_EDGE('',*,*,#13357,.F.);
#13357 = EDGE_CURVE('',#10162,#13350,#13358,.T.);
#13358 = LINE('',#13359,#13360);
#13359 = CARTESIAN_POINT('',(-4.055025266701,0.305000009701,
    5.899999802688));
#13360 = VECTOR('',#13361,1.);
#13361 = DIRECTION('',(0.,0.,-1.));
#13362 = ORIENTED_EDGE('',*,*,#10161,.T.);
#13363 = PLANE('',#13364);
#13364 = AXIS2_PLACEMENT_3D('',#13365,#13366,#13367);
#13365 = CARTESIAN_POINT('',(-3.445025286761,0.305000009701,
    5.899999802688));
#13366 = DIRECTION('',(0.,1.,0.));
#13367 = DIRECTION('',(0.,0.,1.));
#13368 = ADVANCED_FACE('',(#13369),#13380,.F.);
#13369 = FACE_BOUND('',#13370,.T.);
#13370 = EDGE_LOOP('',(#13371,#13372,#13378,#13379));
#13371 = ORIENTED_EDGE('',*,*,#13286,.T.);
#13372 = ORIENTED_EDGE('',*,*,#13373,.T.);
#13373 = EDGE_CURVE('',#13279,#13342,#13374,.T.);
#13374 = LINE('',#13375,#13376);
#13375 = CARTESIAN_POINT('',(-3.445025286761,0.305000009701,
    -2.499999921075));
#13376 = VECTOR('',#13377,1.);
#13377 = DIRECTION('',(0.,1.,0.));
#13378 = ORIENTED_EDGE('',*,*,#13341,.F.);
#13379 = ORIENTED_EDGE('',*,*,#10153,.F.);
#13380 = PLANE('',#13381);
#13381 = AXIS2_PLACEMENT_3D('',#13382,#13383,#13384);
#13382 = CARTESIAN_POINT('',(-3.445025286761,0.6,-0.1));
#13383 = DIRECTION('',(-1.,0.,0.));
#13384 = DIRECTION('',(0.,0.,1.));
#13385 = ADVANCED_FACE('',(#13386),#13397,.T.);
#13386 = FACE_BOUND('',#13387,.T.);
#13387 = EDGE_LOOP('',(#13388,#13389,#13395,#13396));
#13388 = ORIENTED_EDGE('',*,*,#13357,.T.);
#13389 = ORIENTED_EDGE('',*,*,#13390,.T.);
#13390 = EDGE_CURVE('',#13350,#13271,#13391,.T.);
#13391 = LINE('',#13392,#13393);
#13392 = CARTESIAN_POINT('',(-4.055025266701,0.6,-2.499999921075));
#13393 = VECTOR('',#13394,1.);
#13394 = DIRECTION('',(0.,-1.,0.));
#13395 = ORIENTED_EDGE('',*,*,#13270,.F.);
#13396 = ORIENTED_EDGE('',*,*,#10169,.T.);
#13397 = PLANE('',#13398);
#13398 = AXIS2_PLACEMENT_3D('',#13399,#13400,#13401);
#13399 = CARTESIAN_POINT('',(-4.055025266701,0.6,-0.1));
#13400 = DIRECTION('',(-1.,0.,0.));
#13401 = DIRECTION('',(0.,0.,1.));
#13402 = ADVANCED_FACE('',(#13403),#13419,.F.);
#13403 = FACE_BOUND('',#13404,.T.);
#13404 = EDGE_LOOP('',(#13405,#13411,#13412,#13418));
#13405 = ORIENTED_EDGE('',*,*,#13406,.F.);
#13406 = EDGE_CURVE('',#13078,#13048,#13407,.T.);
#13407 = LINE('',#13408,#13409);
#13408 = CARTESIAN_POINT('',(3.414080010358,0.335894486002,
    -2.415118045051));
#13409 = VECTOR('',#13410,1.);
#13410 = DIRECTION('',(0.323615577118,-0.323615577118,-0.889126490716));
#13411 = ORIENTED_EDGE('',*,*,#13077,.F.);
#13412 = ORIENTED_EDGE('',*,*,#13413,.F.);
#13413 = EDGE_CURVE('',#13030,#13070,#13414,.T.);
#13414 = LINE('',#13415,#13416);
#13415 = CARTESIAN_POINT('',(4.054974466599,0.305000009701,
    -2.499999921075));
#13416 = VECTOR('',#13417,1.);
#13417 = DIRECTION('',(0.323615577118,0.323615577118,0.889126490716));
#13418 = ORIENTED_EDGE('',*,*,#13055,.F.);
#13419 = PLANE('',#13420);
#13420 = AXIS2_PLACEMENT_3D('',#13421,#13422,#13423);
#13421 = CARTESIAN_POINT('',(4.054974466599,0.305000009701,
    -2.499999921075));
#13422 = DIRECTION('',(0.,-0.939692620786,0.342020143326));
#13423 = DIRECTION('',(-1.,0.,0.));
#13424 = ADVANCED_FACE('',(#13425),#13436,.T.);
#13425 = FACE_BOUND('',#13426,.T.);
#13426 = EDGE_LOOP('',(#13427,#13428,#13429,#13435));
#13427 = ORIENTED_EDGE('',*,*,#13413,.T.);
#13428 = ORIENTED_EDGE('',*,*,#13101,.F.);
#13429 = ORIENTED_EDGE('',*,*,#13430,.F.);
#13430 = EDGE_CURVE('',#13032,#13007,#13431,.T.);
#13431 = LINE('',#13432,#13433);
#13432 = CARTESIAN_POINT('',(3.828164624416,-7.819012805526E-02,
    -3.123154840985));
#13433 = VECTOR('',#13434,1.);
#13434 = DIRECTION('',(0.323615577118,-0.323615577118,0.889126490716));
#13435 = ORIENTED_EDGE('',*,*,#13029,.F.);
#13436 = PLANE('',#13437);
#13437 = AXIS2_PLACEMENT_3D('',#13438,#13439,#13440);
#13438 = CARTESIAN_POINT('',(3.872989355451,0.305000009701,
    -2.999999904633));
#13439 = DIRECTION('',(0.939692620786,0.,-0.342020143326));
#13440 = DIRECTION('',(0.,1.,0.));
#13441 = ADVANCED_FACE('',(#13442),#13453,.F.);
#13442 = FACE_BOUND('',#13443,.T.);
#13443 = EDGE_LOOP('',(#13444,#13445,#13446,#13452));
#13444 = ORIENTED_EDGE('',*,*,#13406,.T.);
#13445 = ORIENTED_EDGE('',*,*,#13047,.F.);
#13446 = ORIENTED_EDGE('',*,*,#13447,.F.);
#13447 = EDGE_CURVE('',#12999,#13040,#13448,.T.);
#13448 = LINE('',#13449,#13450);
#13449 = CARTESIAN_POINT('',(3.539752456329,-0.210222000569,
    -2.760400252606));
#13450 = VECTOR('',#13451,1.);
#13451 = DIRECTION('',(0.323615577118,0.323615577118,-0.889126490716));
#13452 = ORIENTED_EDGE('',*,*,#13118,.F.);
#13453 = PLANE('',#13454);
#13454 = AXIS2_PLACEMENT_3D('',#13455,#13456,#13457);
#13455 = CARTESIAN_POINT('',(3.444974486659,0.6,-2.499999921075));
#13456 = DIRECTION('',(0.939692620786,0.,0.342020143326));
#13457 = DIRECTION('',(0.,-1.,0.));
#13458 = ADVANCED_FACE('',(#13459),#13465,.T.);
#13459 = FACE_BOUND('',#13460,.T.);
#13460 = EDGE_LOOP('',(#13461,#13462,#13463,#13464));
#13461 = ORIENTED_EDGE('',*,*,#13430,.T.);
#13462 = ORIENTED_EDGE('',*,*,#13006,.F.);
#13463 = ORIENTED_EDGE('',*,*,#13447,.T.);
#13464 = ORIENTED_EDGE('',*,*,#13039,.F.);
#13465 = PLANE('',#13466);
#13466 = AXIS2_PLACEMENT_3D('',#13467,#13468,#13469);
#13467 = CARTESIAN_POINT('',(4.054974466599,-0.12301485909,
    -2.999999904633));
#13468 = DIRECTION('',(0.,-0.939692620786,-0.342020143326));
#13469 = DIRECTION('',(1.,0.,0.));
#13470 = ADVANCED_FACE('',(#13471),#13487,.F.);
#13471 = FACE_BOUND('',#13472,.T.);
#13472 = EDGE_LOOP('',(#13473,#13479,#13480,#13486));
#13473 = ORIENTED_EDGE('',*,*,#13474,.F.);
#13474 = EDGE_CURVE('',#13214,#13184,#13475,.T.);
#13475 = LINE('',#13476,#13477);
#13476 = CARTESIAN_POINT('',(-1.585919825215,0.335894486002,
    -2.415118045051));
#13477 = VECTOR('',#13478,1.);
#13478 = DIRECTION('',(0.323615577118,-0.323615577118,-0.889126490716));
#13479 = ORIENTED_EDGE('',*,*,#13213,.F.);
#13480 = ORIENTED_EDGE('',*,*,#13481,.F.);
#13481 = EDGE_CURVE('',#13166,#13206,#13482,.T.);
#13482 = LINE('',#13483,#13484);
#13483 = CARTESIAN_POINT('',(-0.945025368974,0.305000009701,
    -2.499999921075));
#13484 = VECTOR('',#13485,1.);
#13485 = DIRECTION('',(0.323615577118,0.323615577118,0.889126490716));
#13486 = ORIENTED_EDGE('',*,*,#13191,.F.);
#13487 = PLANE('',#13488);
#13488 = AXIS2_PLACEMENT_3D('',#13489,#13490,#13491);
#13489 = CARTESIAN_POINT('',(-0.945025368974,0.305000009701,
    -2.499999921075));
#13490 = DIRECTION('',(0.,-0.939692620786,0.342020143326));
#13491 = DIRECTION('',(-1.,0.,0.));
#13492 = ADVANCED_FACE('',(#13493),#13504,.T.);
#13493 = FACE_BOUND('',#13494,.T.);
#13494 = EDGE_LOOP('',(#13495,#13496,#13497,#13503));
#13495 = ORIENTED_EDGE('',*,*,#13481,.T.);
#13496 = ORIENTED_EDGE('',*,*,#13237,.F.);
#13497 = ORIENTED_EDGE('',*,*,#13498,.F.);
#13498 = EDGE_CURVE('',#13168,#13143,#13499,.T.);
#13499 = LINE('',#13500,#13501);
#13500 = CARTESIAN_POINT('',(-1.171835211158,-7.819012805526E-02,
    -3.123154840985));
#13501 = VECTOR('',#13502,1.);
#13502 = DIRECTION('',(0.323615577118,-0.323615577118,0.889126490716));
#13503 = ORIENTED_EDGE('',*,*,#13165,.F.);
#13504 = PLANE('',#13505);
#13505 = AXIS2_PLACEMENT_3D('',#13506,#13507,#13508);
#13506 = CARTESIAN_POINT('',(-1.127010480123,0.305000009701,
    -2.999999904633));
#13507 = DIRECTION('',(0.939692620786,0.,-0.342020143326));
#13508 = DIRECTION('',(0.,1.,0.));
#13509 = ADVANCED_FACE('',(#13510),#13521,.F.);
#13510 = FACE_BOUND('',#13511,.T.);
#13511 = EDGE_LOOP('',(#13512,#13513,#13514,#13520));
#13512 = ORIENTED_EDGE('',*,*,#13474,.T.);
#13513 = ORIENTED_EDGE('',*,*,#13183,.F.);
#13514 = ORIENTED_EDGE('',*,*,#13515,.F.);
#13515 = EDGE_CURVE('',#13135,#13176,#13516,.T.);
#13516 = LINE('',#13517,#13518);
#13517 = CARTESIAN_POINT('',(-1.460247379244,-0.210222000569,
    -2.760400252606));
#13518 = VECTOR('',#13519,1.);
#13519 = DIRECTION('',(0.323615577118,0.323615577118,-0.889126490716));
#13520 = ORIENTED_EDGE('',*,*,#13254,.F.);
#13521 = PLANE('',#13522);
#13522 = AXIS2_PLACEMENT_3D('',#13523,#13524,#13525);
#13523 = CARTESIAN_POINT('',(-1.555025348914,0.6,-2.499999921075));
#13524 = DIRECTION('',(0.939692620786,0.,0.342020143326));
#13525 = DIRECTION('',(0.,-1.,0.));
#13526 = ADVANCED_FACE('',(#13527),#13533,.T.);
#13527 = FACE_BOUND('',#13528,.T.);
#13528 = EDGE_LOOP('',(#13529,#13530,#13531,#13532));
#13529 = ORIENTED_EDGE('',*,*,#13498,.T.);
#13530 = ORIENTED_EDGE('',*,*,#13142,.F.);
#13531 = ORIENTED_EDGE('',*,*,#13515,.T.);
#13532 = ORIENTED_EDGE('',*,*,#13175,.F.);
#13533 = PLANE('',#13534);
#13534 = AXIS2_PLACEMENT_3D('',#13535,#13536,#13537);
#13535 = CARTESIAN_POINT('',(-0.945025368974,-0.12301485909,
    -2.999999904633));
#13536 = DIRECTION('',(0.,-0.939692620786,-0.342020143326));
#13537 = DIRECTION('',(1.,0.,0.));
#13538 = ADVANCED_FACE('',(#13539),#13555,.F.);
#13539 = FACE_BOUND('',#13540,.T.);
#13540 = EDGE_LOOP('',(#13541,#13547,#13548,#13554));
#13541 = ORIENTED_EDGE('',*,*,#13542,.F.);
#13542 = EDGE_CURVE('',#13350,#13320,#13543,.T.);
#13543 = LINE('',#13544,#13545);
#13544 = CARTESIAN_POINT('',(-4.085919743002,0.335894486002,
    -2.415118045051));
#13545 = VECTOR('',#13546,1.);
#13546 = DIRECTION('',(0.323615577118,-0.323615577118,-0.889126490716));
#13547 = ORIENTED_EDGE('',*,*,#13349,.F.);
#13548 = ORIENTED_EDGE('',*,*,#13549,.F.);
#13549 = EDGE_CURVE('',#13302,#13342,#13550,.T.);
#13550 = LINE('',#13551,#13552);
#13551 = CARTESIAN_POINT('',(-3.445025286761,0.305000009701,
    -2.499999921075));
#13552 = VECTOR('',#13553,1.);
#13553 = DIRECTION('',(0.323615577118,0.323615577118,0.889126490716));
#13554 = ORIENTED_EDGE('',*,*,#13327,.F.);
#13555 = PLANE('',#13556);
#13556 = AXIS2_PLACEMENT_3D('',#13557,#13558,#13559);
#13557 = CARTESIAN_POINT('',(-3.445025286761,0.305000009701,
    -2.499999921075));
#13558 = DIRECTION('',(0.,-0.939692620786,0.342020143326));
#13559 = DIRECTION('',(-1.,0.,0.));
#13560 = ADVANCED_FACE('',(#13561),#13572,.T.);
#13561 = FACE_BOUND('',#13562,.T.);
#13562 = EDGE_LOOP('',(#13563,#13564,#13565,#13571));
#13563 = ORIENTED_EDGE('',*,*,#13549,.T.);
#13564 = ORIENTED_EDGE('',*,*,#13373,.F.);
#13565 = ORIENTED_EDGE('',*,*,#13566,.F.);
#13566 = EDGE_CURVE('',#13304,#13279,#13567,.T.);
#13567 = LINE('',#13568,#13569);
#13568 = CARTESIAN_POINT('',(-3.671835128944,-7.819012805526E-02,
    -3.123154840985));
#13569 = VECTOR('',#13570,1.);
#13570 = DIRECTION('',(0.323615577118,-0.323615577118,0.889126490716));
#13571 = ORIENTED_EDGE('',*,*,#13301,.F.);
#13572 = PLANE('',#13573);
#13573 = AXIS2_PLACEMENT_3D('',#13574,#13575,#13576);
#13574 = CARTESIAN_POINT('',(-3.627010397909,0.305000009701,
    -2.999999904633));
#13575 = DIRECTION('',(0.939692620786,0.,-0.342020143326));
#13576 = DIRECTION('',(0.,1.,0.));
#13577 = ADVANCED_FACE('',(#13578),#13589,.F.);
#13578 = FACE_BOUND('',#13579,.T.);
#13579 = EDGE_LOOP('',(#13580,#13581,#13582,#13588));
#13580 = ORIENTED_EDGE('',*,*,#13542,.T.);
#13581 = ORIENTED_EDGE('',*,*,#13319,.F.);
#13582 = ORIENTED_EDGE('',*,*,#13583,.F.);
#13583 = EDGE_CURVE('',#13271,#13312,#13584,.T.);
#13584 = LINE('',#13585,#13586);
#13585 = CARTESIAN_POINT('',(-3.960247297031,-0.210222000569,
    -2.760400252606));
#13586 = VECTOR('',#13587,1.);
#13587 = DIRECTION('',(0.323615577118,0.323615577118,-0.889126490716));
#13588 = ORIENTED_EDGE('',*,*,#13390,.F.);
#13589 = PLANE('',#13590);
#13590 = AXIS2_PLACEMENT_3D('',#13591,#13592,#13593);
#13591 = CARTESIAN_POINT('',(-4.055025266701,0.6,-2.499999921075));
#13592 = DIRECTION('',(0.939692620786,0.,0.342020143326));
#13593 = DIRECTION('',(0.,-1.,0.));
#13594 = ADVANCED_FACE('',(#13595),#13601,.T.);
#13595 = FACE_BOUND('',#13596,.T.);
#13596 = EDGE_LOOP('',(#13597,#13598,#13599,#13600));
#13597 = ORIENTED_EDGE('',*,*,#13566,.T.);
#13598 = ORIENTED_EDGE('',*,*,#13278,.F.);
#13599 = ORIENTED_EDGE('',*,*,#13583,.T.);
#13600 = ORIENTED_EDGE('',*,*,#13311,.F.);
#13601 = PLANE('',#13602);
#13602 = AXIS2_PLACEMENT_3D('',#13603,#13604,#13605);
#13603 = CARTESIAN_POINT('',(-3.445025286761,-0.12301485909,
    -2.999999904633));
#13604 = DIRECTION('',(0.,-0.939692620786,-0.342020143326));
#13605 = DIRECTION('',(1.,0.,0.));
#13606 = ADVANCED_FACE('',(#13607),#13625,.T.);
#13607 = FACE_BOUND('',#13608,.T.);
#13608 = EDGE_LOOP('',(#13609,#13610,#13618,#13624));
#13609 = ORIENTED_EDGE('',*,*,#9523,.F.);
#13610 = ORIENTED_EDGE('',*,*,#13611,.F.);
#13611 = EDGE_CURVE('',#13612,#9516,#13614,.T.);
#13612 = VERTEX_POINT('',#13613);
#13613 = CARTESIAN_POINT('',(6.184120738045,1.470731678683,
    -9.900000003289E-02));
#13614 = LINE('',#13615,#13616);
#13615 = CARTESIAN_POINT('',(6.184120738045,1.470731678683,
    -9.900000003289E-02));
#13616 = VECTOR('',#13617,1.);
#13617 = DIRECTION('',(0.,0.,-1.));
#13618 = ORIENTED_EDGE('',*,*,#13619,.T.);
#13619 = EDGE_CURVE('',#13612,#10057,#13620,.T.);
#13620 = LINE('',#13621,#13622);
#13621 = CARTESIAN_POINT('',(6.184120738045,1.470731678683,
    -9.900000003289E-02));
#13622 = VECTOR('',#13623,1.);
#13623 = DIRECTION('',(1.,0.,6.982962677686E-15));
#13624 = ORIENTED_EDGE('',*,*,#10056,.T.);
#13625 = PLANE('',#13626);
#13626 = AXIS2_PLACEMENT_3D('',#13627,#13628,#13629);
#13627 = CARTESIAN_POINT('',(6.184120738045,1.470731678683,
    -9.900000003289E-02));
#13628 = DIRECTION('',(0.,1.,0.));
#13629 = DIRECTION('',(0.,0.,1.));
#13630 = ADVANCED_FACE('',(#13631),#13649,.T.);
#13631 = FACE_BOUND('',#13632,.T.);
#13632 = EDGE_LOOP('',(#13633,#13634,#13635,#13643));
#13633 = ORIENTED_EDGE('',*,*,#9491,.F.);
#13634 = ORIENTED_EDGE('',*,*,#10072,.F.);
#13635 = ORIENTED_EDGE('',*,*,#13636,.T.);
#13636 = EDGE_CURVE('',#10065,#13637,#13639,.T.);
#13637 = VERTEX_POINT('',#13638);
#13638 = CARTESIAN_POINT('',(5.649974414147,1.778048741747,
    -9.900000003289E-02));
#13639 = LINE('',#13640,#13641);
#13640 = CARTESIAN_POINT('',(6.249974394416,1.778048741747,
    -9.900000003289E-02));
#13641 = VECTOR('',#13642,1.);
#13642 = DIRECTION('',(-1.,0.,-6.982962677686E-15));
#13643 = ORIENTED_EDGE('',*,*,#13644,.T.);
#13644 = EDGE_CURVE('',#13637,#9492,#13645,.T.);
#13645 = LINE('',#13646,#13647);
#13646 = CARTESIAN_POINT('',(5.649974414147,1.778048741747,
    -9.900000003289E-02));
#13647 = VECTOR('',#13648,1.);
#13648 = DIRECTION('',(0.,0.,-1.));
#13649 = PLANE('',#13650);
#13650 = AXIS2_PLACEMENT_3D('',#13651,#13652,#13653);
#13651 = CARTESIAN_POINT('',(6.249974394416,1.778048741747,
    -9.900000003289E-02));
#13652 = DIRECTION('',(0.,-1.,0.));
#13653 = DIRECTION('',(0.,0.,-1.));
#13654 = ADVANCED_FACE('',(#13655),#13673,.T.);
#13655 = FACE_BOUND('',#13656,.T.);
#13656 = EDGE_LOOP('',(#13657,#13658,#13659,#13667));
#13657 = ORIENTED_EDGE('',*,*,#9499,.F.);
#13658 = ORIENTED_EDGE('',*,*,#13644,.F.);
#13659 = ORIENTED_EDGE('',*,*,#13660,.T.);
#13660 = EDGE_CURVE('',#13637,#13661,#13663,.T.);
#13661 = VERTEX_POINT('',#13662);
#13662 = CARTESIAN_POINT('',(5.649974414147,1.697560939516,
    -9.900000003289E-02));
#13663 = LINE('',#13664,#13665);
#13664 = CARTESIAN_POINT('',(5.649974414147,1.778048741747,
    -9.900000003289E-02));
#13665 = VECTOR('',#13666,1.);
#13666 = DIRECTION('',(0.,-1.,0.));
#13667 = ORIENTED_EDGE('',*,*,#13668,.T.);
#13668 = EDGE_CURVE('',#13661,#9500,#13669,.T.);
#13669 = LINE('',#13670,#13671);
#13670 = CARTESIAN_POINT('',(5.649974414147,1.697560939516,
    -9.900000003289E-02));
#13671 = VECTOR('',#13672,1.);
#13672 = DIRECTION('',(0.,0.,-1.));
#13673 = PLANE('',#13674);
#13674 = AXIS2_PLACEMENT_3D('',#13675,#13676,#13677);
#13675 = CARTESIAN_POINT('',(5.649974414147,1.778048741747,
    -9.900000003289E-02));
#13676 = DIRECTION('',(1.,0.,0.));
#13677 = DIRECTION('',(0.,0.,-1.));
#13678 = ADVANCED_FACE('',(#13679),#13697,.T.);
#13679 = FACE_BOUND('',#13680,.T.);
#13680 = EDGE_LOOP('',(#13681,#13682,#13683,#13691));
#13681 = ORIENTED_EDGE('',*,*,#9507,.F.);
#13682 = ORIENTED_EDGE('',*,*,#13668,.F.);
#13683 = ORIENTED_EDGE('',*,*,#13684,.T.);
#13684 = EDGE_CURVE('',#13661,#13685,#13687,.T.);
#13685 = VERTEX_POINT('',#13686);
#13686 = CARTESIAN_POINT('',(6.184120738045,1.697560939516,
    -9.900000003289E-02));
#13687 = LINE('',#13688,#13689);
#13688 = CARTESIAN_POINT('',(5.649974414147,1.697560939516,
    -9.900000003289E-02));
#13689 = VECTOR('',#13690,1.);
#13690 = DIRECTION('',(1.,0.,6.982962677686E-15));
#13691 = ORIENTED_EDGE('',*,*,#13692,.T.);
#13692 = EDGE_CURVE('',#13685,#9508,#13693,.T.);
#13693 = LINE('',#13694,#13695);
#13694 = CARTESIAN_POINT('',(6.184120738045,1.697560939516,
    -9.900000003289E-02));
#13695 = VECTOR('',#13696,1.);
#13696 = DIRECTION('',(0.,0.,-1.));
#13697 = PLANE('',#13698);
#13698 = AXIS2_PLACEMENT_3D('',#13699,#13700,#13701);
#13699 = CARTESIAN_POINT('',(5.649974414147,1.697560939516,
    -9.900000003289E-02));
#13700 = DIRECTION('',(0.,1.,0.));
#13701 = DIRECTION('',(0.,0.,1.));
#13702 = ADVANCED_FACE('',(#13703),#13714,.T.);
#13703 = FACE_BOUND('',#13704,.T.);
#13704 = EDGE_LOOP('',(#13705,#13706,#13707,#13713));
#13705 = ORIENTED_EDGE('',*,*,#9515,.F.);
#13706 = ORIENTED_EDGE('',*,*,#13692,.F.);
#13707 = ORIENTED_EDGE('',*,*,#13708,.T.);
#13708 = EDGE_CURVE('',#13685,#13612,#13709,.T.);
#13709 = LINE('',#13710,#13711);
#13710 = CARTESIAN_POINT('',(6.184120738045,1.697560939516,
    -9.900000003289E-02));
#13711 = VECTOR('',#13712,1.);
#13712 = DIRECTION('',(0.,-1.,0.));
#13713 = ORIENTED_EDGE('',*,*,#13611,.T.);
#13714 = PLANE('',#13715);
#13715 = AXIS2_PLACEMENT_3D('',#13716,#13717,#13718);
#13716 = CARTESIAN_POINT('',(6.184120738045,1.697560939516,
    -9.900000003289E-02));
#13717 = DIRECTION('',(1.,0.,0.));
#13718 = DIRECTION('',(0.,0.,-1.));
#13719 = ADVANCED_FACE('',(#13720),#13728,.F.);
#13720 = FACE_BOUND('',#13721,.T.);
#13721 = EDGE_LOOP('',(#13722,#13723,#13724,#13725,#13726,#13727));
#13722 = ORIENTED_EDGE('',*,*,#13619,.F.);
#13723 = ORIENTED_EDGE('',*,*,#13708,.F.);
#13724 = ORIENTED_EDGE('',*,*,#13684,.F.);
#13725 = ORIENTED_EDGE('',*,*,#13660,.F.);
#13726 = ORIENTED_EDGE('',*,*,#13636,.F.);
#13727 = ORIENTED_EDGE('',*,*,#10064,.F.);
#13728 = PLANE('',#13729);
#13729 = AXIS2_PLACEMENT_3D('',#13730,#13731,#13732);
#13730 = CARTESIAN_POINT('',(-2.54000508001E-05,0.6,-9.900000003293E-02)
  );
#13731 = DIRECTION('',(-6.982962677686E-15,0.,1.));
#13732 = DIRECTION('',(1.,0.,6.982962677686E-15));
#13733 = ADVANCED_FACE('',(#13734),#13757,.T.);
#13734 = FACE_BOUND('',#13735,.T.);
#13735 = EDGE_LOOP('',(#13736,#13737,#13738,#13746));
#13736 = ORIENTED_EDGE('',*,*,#10033,.T.);
#13737 = ORIENTED_EDGE('',*,*,#9697,.F.);
#13738 = ORIENTED_EDGE('',*,*,#13739,.F.);
#13739 = EDGE_CURVE('',#13740,#9690,#13742,.T.);
#13740 = VERTEX_POINT('',#13741);
#13741 = CARTESIAN_POINT('',(6.218876834463,0.973170719435,
    -9.900000003289E-02));
#13742 = LINE('',#13743,#13744);
#13743 = CARTESIAN_POINT('',(6.218876834463,0.973170719435,
    -9.900000003289E-02));
#13744 = VECTOR('',#13745,1.);
#13745 = DIRECTION('',(0.,0.,-1.));
#13746 = ORIENTED_EDGE('',*,*,#13747,.T.);
#13747 = EDGE_CURVE('',#13740,#10034,#13748,.T.);
#13748 = B_SPLINE_CURVE_WITH_KNOTS('',3,(#13749,#13750,#13751,#13752,
    #13753,#13754,#13755,#13756),.UNSPECIFIED.,.F.,.F.,(4,1,1,1,1,4),(0.
    ,0.112448389909,0.226527675213,0.344401949326,0.465864972487,
    0.528831969665),.UNSPECIFIED.);
#13749 = CARTESIAN_POINT('',(6.218876834463,0.973170719435,
    -9.900000003289E-02));
#13750 = CARTESIAN_POINT('',(6.221984384163,0.978800753715,
    -9.900000003289E-02));
#13751 = CARTESIAN_POINT('',(6.228244553914,0.990142477486,
    -9.900000003289E-02));
#13752 = CARTESIAN_POINT('',(6.235969007727,1.00828027558,
    -9.900000003289E-02));
#13753 = CARTESIAN_POINT('',(6.242631712674,1.027365634706,
    -9.900000003289E-02));
#13754 = CARTESIAN_POINT('',(6.247030440724,1.044089834436,
    -9.900000003289E-02));
#13755 = CARTESIAN_POINT('',(6.249267232386,1.05439539805,
    -9.900000003289E-02));
#13756 = CARTESIAN_POINT('',(6.249974393566,1.057924813778,
    -9.900000003289E-02));
#13757 = B_SPLINE_SURFACE_WITH_KNOTS('',3,1,(
    (#13758,#13759)
    ,(#13760,#13761)
    ,(#13762,#13763)
    ,(#13764,#13765)
    ,(#13766,#13767)
    ,(#13768,#13769)
    ,(#13770,#13771)
    ,(#13772,#13773
    )),.UNSPECIFIED.,.F.,.F.,.F.,(4,1,1,1,1,4),(2,2),(0.,0.112448389909,
    0.226527675213,0.344401949326,0.465864972487,0.528831965699),(0.,1.)
  ,.UNSPECIFIED.);
#13758 = CARTESIAN_POINT('',(6.218876834463,0.973170719435,
    -9.900000003289E-02));
#13759 = CARTESIAN_POINT('',(6.218876834463,0.973170719435,-0.1));
#13760 = CARTESIAN_POINT('',(6.221984384163,0.978800753715,
    -9.900000003289E-02));
#13761 = CARTESIAN_POINT('',(6.221984384163,0.978800753715,-0.1));
#13762 = CARTESIAN_POINT('',(6.228244553914,0.990142477486,
    -9.900000003289E-02));
#13763 = CARTESIAN_POINT('',(6.228244553914,0.990142477486,-0.1));
#13764 = CARTESIAN_POINT('',(6.235969007727,1.00828027558,
    -9.900000003289E-02));
#13765 = CARTESIAN_POINT('',(6.235969007727,1.00828027558,-0.1));
#13766 = CARTESIAN_POINT('',(6.242631712674,1.027365634706,
    -9.900000003289E-02));
#13767 = CARTESIAN_POINT('',(6.242631712674,1.027365634706,-0.1));
#13768 = CARTESIAN_POINT('',(6.247030440666,1.044089834217,
    -9.900000003289E-02));
#13769 = CARTESIAN_POINT('',(6.247030440666,1.044089834217,-0.1));
#13770 = CARTESIAN_POINT('',(6.24926723229,1.054395397607,
    -9.900000003289E-02));
#13771 = CARTESIAN_POINT('',(6.24926723229,1.054395397607,-0.1));
#13772 = CARTESIAN_POINT('',(6.249974393432,1.057924813112,
    -9.900000003289E-02));
#13773 = CARTESIAN_POINT('',(6.249974393432,1.057924813112,-0.1));
#13774 = ADVANCED_FACE('',(#13775),#13807,.T.);
#13775 = FACE_BOUND('',#13776,.T.);
#13776 = EDGE_LOOP('',(#13777,#13778,#13800,#13806));
#13777 = ORIENTED_EDGE('',*,*,#10049,.T.);
#13778 = ORIENTED_EDGE('',*,*,#13779,.T.);
#13779 = EDGE_CURVE('',#10042,#13780,#13782,.T.);
#13780 = VERTEX_POINT('',#13781);
#13781 = CARTESIAN_POINT('',(5.96129300147,1.419512168172,
    -9.900000003289E-02));
#13782 = B_SPLINE_CURVE_WITH_KNOTS('',3,(#13783,#13784,#13785,#13786,
    #13787,#13788,#13789,#13790,#13791,#13792,#13793,#13794,#13795,
    #13796,#13797,#13798,#13799),.UNSPECIFIED.,.F.,.F.,(4,1,1,1,1,1,1,1,
    1,1,1,1,1,1,4),(0.158212783929,0.195070526452,0.255608671289,
    0.314831535745,0.373425415132,0.432573279624,0.492284445125,
    0.552531138275,0.612378952807,0.672482211004,0.733811565777,
    0.796573754797,0.861435846733,0.929191812402,1.),.UNSPECIFIED.);
#13783 = CARTESIAN_POINT('',(6.249974394416,1.210628502128,
    -9.900000003289E-02));
#13784 = CARTESIAN_POINT('',(6.248765323114,1.216157429668,
    -9.900000003289E-02));
#13785 = CARTESIAN_POINT('',(6.245148088784,1.230672682987,
    -9.900000003289E-02));
#13786 = CARTESIAN_POINT('',(6.23743341444,1.253480847907,
    -9.900000003289E-02));
#13787 = CARTESIAN_POINT('',(6.22615490332,1.278485085307,
    -9.900000003289E-02));
#13788 = CARTESIAN_POINT('',(6.212034462219,1.301762289549,
    -9.900000003289E-02));
#13789 = CARTESIAN_POINT('',(6.195412943011,1.323403489368,
    -9.900000003289E-02));
#13790 = CARTESIAN_POINT('',(6.176389048317,1.343320200137,
    -9.900000003289E-02));
#13791 = CARTESIAN_POINT('',(6.155305110499,1.361202930319,
    -9.900000003289E-02));
#13792 = CARTESIAN_POINT('',(6.132436843379,1.376850999447,
    -9.900000003289E-02));
#13793 = CARTESIAN_POINT('',(6.107889097771,1.390050671699,
    -9.900000003289E-02));
#13794 = CARTESIAN_POINT('',(6.081757828767,1.400964194771,
    -9.900000003289E-02));
#13795 = CARTESIAN_POINT('',(6.053922496083,1.409291340172,
    -9.900000003289E-02));
#13796 = CARTESIAN_POINT('',(6.024485422673,1.415157050663,
    -9.900000003289E-02));
#13797 = CARTESIAN_POINT('',(5.993442640938,1.418956895896,
    -9.900000003289E-02));
#13798 = CARTESIAN_POINT('',(5.972165773362,1.419324379167,
    -9.900000003289E-02));
#13799 = CARTESIAN_POINT('',(5.96129300147,1.419512168172,
    -9.900000003289E-02));
#13800 = ORIENTED_EDGE('',*,*,#13801,.T.);
#13801 = EDGE_CURVE('',#13780,#9540,#13802,.T.);
#13802 = LINE('',#13803,#13804);
#13803 = CARTESIAN_POINT('',(5.96129300147,1.419512168172,
    -9.900000003289E-02));
#13804 = VECTOR('',#13805,1.);
#13805 = DIRECTION('',(0.,0.,-1.));
#13806 = ORIENTED_EDGE('',*,*,#9539,.F.);
#13807 = B_SPLINE_SURFACE_WITH_KNOTS('',3,1,(
    (#13808,#13809)
    ,(#13810,#13811)
    ,(#13812,#13813)
    ,(#13814,#13815)
    ,(#13816,#13817)
    ,(#13818,#13819)
    ,(#13820,#13821)
    ,(#13822,#13823)
    ,(#13824,#13825)
    ,(#13826,#13827)
    ,(#13828,#13829)
    ,(#13830,#13831)
    ,(#13832,#13833)
    ,(#13834,#13835)
    ,(#13836,#13837)
    ,(#13838,#13839)
    ,(#13840,#13841
    )),.UNSPECIFIED.,.F.,.F.,.F.,(4,1,1,1,1,1,1,1,1,1,1,1,1,1,4),(2,2),(
    0.158212783337,0.195070526452,0.255608671289,0.314831535745,
    0.373425415132,0.432573279624,0.492284445125,0.552531138275,
    0.612378952807,0.672482211004,0.733811565777,0.796573754797,
    0.861435846733,0.929191812402,1.),(0.,1.),.UNSPECIFIED.);
#13808 = CARTESIAN_POINT('',(6.249974390328,1.210628500954,
    -9.900000003289E-02));
#13809 = CARTESIAN_POINT('',(6.249974390328,1.210628500954,-0.1));
#13810 = CARTESIAN_POINT('',(6.248765323158,1.216157429491,
    -9.900000003289E-02));
#13811 = CARTESIAN_POINT('',(6.248765323158,1.216157429491,-0.1));
#13812 = CARTESIAN_POINT('',(6.245148088813,1.2306726829,
    -9.900000003289E-02));
#13813 = CARTESIAN_POINT('',(6.245148088813,1.2306726829,-0.1));
#13814 = CARTESIAN_POINT('',(6.23743341444,1.253480847907,
    -9.900000003289E-02));
#13815 = CARTESIAN_POINT('',(6.23743341444,1.253480847907,-0.1));
#13816 = CARTESIAN_POINT('',(6.22615490332,1.278485085307,
    -9.900000003289E-02));
#13817 = CARTESIAN_POINT('',(6.22615490332,1.278485085307,-0.1));
#13818 = CARTESIAN_POINT('',(6.212034462219,1.301762289549,
    -9.900000003289E-02));
#13819 = CARTESIAN_POINT('',(6.212034462219,1.301762289549,-0.1));
#13820 = CARTESIAN_POINT('',(6.195412943011,1.323403489368,
    -9.900000003289E-02));
#13821 = CARTESIAN_POINT('',(6.195412943011,1.323403489368,-0.1));
#13822 = CARTESIAN_POINT('',(6.176389048317,1.343320200137,
    -9.900000003289E-02));
#13823 = CARTESIAN_POINT('',(6.176389048317,1.343320200137,-0.1));
#13824 = CARTESIAN_POINT('',(6.155305110499,1.361202930319,
    -9.900000003289E-02));
#13825 = CARTESIAN_POINT('',(6.155305110499,1.361202930319,-0.1));
#13826 = CARTESIAN_POINT('',(6.132436843379,1.376850999447,
    -9.900000003289E-02));
#13827 = CARTESIAN_POINT('',(6.132436843379,1.376850999447,-0.1));
#13828 = CARTESIAN_POINT('',(6.107889097771,1.390050671699,
    -9.900000003289E-02));
#13829 = CARTESIAN_POINT('',(6.107889097771,1.390050671699,-0.1));
#13830 = CARTESIAN_POINT('',(6.081757828767,1.400964194771,
    -9.900000003289E-02));
#13831 = CARTESIAN_POINT('',(6.081757828767,1.400964194771,-0.1));
#13832 = CARTESIAN_POINT('',(6.053922496083,1.409291340172,
    -9.900000003289E-02));
#13833 = CARTESIAN_POINT('',(6.053922496083,1.409291340172,-0.1));
#13834 = CARTESIAN_POINT('',(6.024485422673,1.415157050663,
    -9.900000003289E-02));
#13835 = CARTESIAN_POINT('',(6.024485422673,1.415157050663,-0.1));
#13836 = CARTESIAN_POINT('',(5.993442640938,1.418956895896,
    -9.900000003289E-02));
#13837 = CARTESIAN_POINT('',(5.993442640938,1.418956895896,-0.1));
#13838 = CARTESIAN_POINT('',(5.972165773362,1.419324379167,
    -9.900000003289E-02));
#13839 = CARTESIAN_POINT('',(5.972165773362,1.419324379167,-0.1));
#13840 = CARTESIAN_POINT('',(5.96129300147,1.419512168172,
    -9.900000003289E-02));
#13841 = CARTESIAN_POINT('',(5.96129300147,1.419512168172,-0.1));
#13842 = ADVANCED_FACE('',(#13843),#13982,.T.);
#13843 = FACE_BOUND('',#13844,.T.);
#13844 = EDGE_LOOP('',(#13845,#13846,#13847,#13855,#13871,#13895,#13919,
    #13935,#13943,#13959,#13981));
#13845 = ORIENTED_EDGE('',*,*,#10041,.T.);
#13846 = ORIENTED_EDGE('',*,*,#13747,.F.);
#13847 = ORIENTED_EDGE('',*,*,#13848,.F.);
#13848 = EDGE_CURVE('',#13849,#13740,#13851,.T.);
#13849 = VERTEX_POINT('',#13850);
#13850 = CARTESIAN_POINT('',(6.153023178092,0.973170719435,
    -9.900000003289E-02));
#13851 = LINE('',#13852,#13853);
#13852 = CARTESIAN_POINT('',(6.153023178092,0.973170719435,
    -9.900000003289E-02));
#13853 = VECTOR('',#13854,1.);
#13854 = DIRECTION('',(1.,0.,6.982962677686E-15));
#13855 = ORIENTED_EDGE('',*,*,#13856,.F.);
#13856 = EDGE_CURVE('',#13857,#13849,#13859,.T.);
#13857 = VERTEX_POINT('',#13858);
#13858 = CARTESIAN_POINT('',(6.191437810975,1.127172238761,
    -9.900000003289E-02));
#13859 = B_SPLINE_CURVE_WITH_KNOTS('',3,(#13860,#13861,#13862,#13863,
    #13864,#13865,#13866,#13867,#13868,#13869,#13870),.UNSPECIFIED.,.F.,
  .F.,(4,1,1,1,1,1,1,1,4),(0.,0.135294604763,0.266765657925,
    0.394816018836,0.520051654434,0.642175702971,0.762651820558,
    0.88183400438,1.),.UNSPECIFIED.);
#13860 = CARTESIAN_POINT('',(6.191437810975,1.127172238761,
    -9.900000003289E-02));
#13861 = CARTESIAN_POINT('',(6.19134268665,1.11992698666,
    -9.900000003289E-02));
#13862 = CARTESIAN_POINT('',(6.191155126301,1.105641240033,
    -9.900000003289E-02));
#13863 = CARTESIAN_POINT('',(6.189230341395,1.084574111622,
    -9.900000003289E-02));
#13864 = CARTESIAN_POINT('',(6.186333409901,1.064167975024,
    -9.900000003289E-02));
#13865 = CARTESIAN_POINT('',(6.182069381208,1.044511525158,
    -9.900000003289E-02));
#13866 = CARTESIAN_POINT('',(6.176731779674,1.025537369395,
    -9.900000003289E-02));
#13867 = CARTESIAN_POINT('',(6.17002734323,1.007353078203,
    -9.900000003289E-02));
#13868 = CARTESIAN_POINT('',(6.16236949045,0.989764343708,
    -9.900000003289E-02));
#13869 = CARTESIAN_POINT('',(6.156129710497,0.978686117331,
    -9.900000003289E-02));
#13870 = CARTESIAN_POINT('',(6.153023178092,0.973170719435,
    -9.900000003289E-02));
#13871 = ORIENTED_EDGE('',*,*,#13872,.F.);
#13872 = EDGE_CURVE('',#13873,#13857,#13875,.T.);
#13873 = VERTEX_POINT('',#13874);
#13874 = CARTESIAN_POINT('',(5.956376843095,1.339024365941,
    -9.900000003289E-02));
#13875 = B_SPLINE_CURVE_WITH_KNOTS('',3,(#13876,#13877,#13878,#13879,
    #13880,#13881,#13882,#13883,#13884,#13885,#13886,#13887,#13888,
    #13889,#13890,#13891,#13892,#13893,#13894),.UNSPECIFIED.,.F.,.F.,(4,
    1,1,1,1,1,1,1,1,1,1,1,1,1,1,1,4),(0.,7.377411937406E-02,
    0.144079114726,0.211348518309,0.27607688574,0.33852091582,
    0.399885116693,0.460254067465,0.520588964391,0.580207684563,
    0.638632908553,0.696364549491,0.75400177466,0.812805681374,
    0.872754425526,0.935181996978,1.),.UNSPECIFIED.);
#13876 = CARTESIAN_POINT('',(5.956376843095,1.339024365941,
    -9.900000003289E-02));
#13877 = CARTESIAN_POINT('',(5.965149566224,1.338857674036,
    -9.900000003289E-02));
#13878 = CARTESIAN_POINT('',(5.982282487537,1.338532128679,
    -9.900000003289E-02));
#13879 = CARTESIAN_POINT('',(6.007289093469,1.335735176797,
    -9.900000003289E-02));
#13880 = CARTESIAN_POINT('',(6.030933125798,1.3312044304,
    -9.900000003289E-02));
#13881 = CARTESIAN_POINT('',(6.053193743773,1.324837025591,
    -9.900000003289E-02));
#13882 = CARTESIAN_POINT('',(6.074050346734,1.316534162751,
    -9.900000003289E-02));
#13883 = CARTESIAN_POINT('',(6.093558350604,1.306504595429,
    -9.900000003289E-02));
#13884 = CARTESIAN_POINT('',(6.111629660991,1.294512985171,
    -9.900000003289E-02));
#13885 = CARTESIAN_POINT('',(6.128179675994,1.280824045743,
    -9.900000003289E-02));
#13886 = CARTESIAN_POINT('',(6.143021066772,1.26562571723,
    -9.900000003289E-02));
#13887 = CARTESIAN_POINT('',(6.156055142537,1.249236263005,
    -9.900000003289E-02));
#13888 = CARTESIAN_POINT('',(6.166934538278,1.231619975502,
    -9.900000003289E-02));
#13889 = CARTESIAN_POINT('',(6.17595607851,1.212941123711,
    -9.900000003289E-02));
#13890 = CARTESIAN_POINT('',(6.182930973397,1.193115312931,
    -9.900000003289E-02));
#13891 = CARTESIAN_POINT('',(6.187820619324,1.172105431435,
    -9.900000003289E-02));
#13892 = CARTESIAN_POINT('',(6.190849160809,1.150011988511,
    -9.900000003289E-02));
#13893 = CARTESIAN_POINT('',(6.191239152131,1.134880243515,
    -9.900000003289E-02));
#13894 = CARTESIAN_POINT('',(6.191437810975,1.127172238761,
    -9.900000003289E-02));
#13895 = ORIENTED_EDGE('',*,*,#13896,.F.);
#13896 = EDGE_CURVE('',#13897,#13873,#13899,.T.);
#13897 = VERTEX_POINT('',#13898);
#13898 = CARTESIAN_POINT('',(5.708510997588,1.113681385546,
    -9.900000003289E-02));
#13899 = B_SPLINE_CURVE_WITH_KNOTS('',3,(#13900,#13901,#13902,#13903,
    #13904,#13905,#13906,#13907,#13908,#13909,#13910,#13911,#13912,
    #13913,#13914,#13915,#13916,#13917,#13918),.UNSPECIFIED.,.F.,.F.,(4,
    1,1,1,1,1,1,1,1,1,1,1,1,1,1,1,4),(0.,6.460397028839E-02,
    0.126702413963,0.186756814036,0.245505687365,0.30365202445,
    0.361503073971,0.420240222928,0.480033340777,0.540678134776,
    0.601191806381,0.662333502477,0.724739510297,0.789467736173,
    0.856504860044,0.926312095839,1.),.UNSPECIFIED.);
#13900 = CARTESIAN_POINT('',(5.708510997588,1.113681385546,
    -9.900000003289E-02));
#13901 = CARTESIAN_POINT('',(5.708685799234,1.121811002398,
    -9.900000003289E-02));
#13902 = CARTESIAN_POINT('',(5.709028623218,1.137754946324,
    -9.900000003289E-02));
#13903 = CARTESIAN_POINT('',(5.712394520919,1.161047832185,
    -9.900000003289E-02));
#13904 = CARTESIAN_POINT('',(5.717430284292,1.183264267363,
    -9.900000003289E-02));
#13905 = CARTESIAN_POINT('',(5.724800514417,1.204315165462,
    -9.900000003289E-02));
#13906 = CARTESIAN_POINT('',(5.734312932312,1.224176623089,
    -9.900000003289E-02));
#13907 = CARTESIAN_POINT('',(5.746003216315,1.242831416875,
    -9.900000003289E-02));
#13908 = CARTESIAN_POINT('',(5.759620727291,1.260394112931,
    -9.900000003289E-02));
#13909 = CARTESIAN_POINT('',(5.775335349127,1.276596798298,
    -9.900000003289E-02));
#13910 = CARTESIAN_POINT('',(5.792713210822,1.291361951678,
    -9.900000003289E-02));
#13911 = CARTESIAN_POINT('',(5.811869236594,1.304035649463,
    -9.900000003289E-02));
#13912 = CARTESIAN_POINT('',(5.832284943975,1.315025669234,
    -9.900000003289E-02));
#13913 = CARTESIAN_POINT('',(5.85431852139,1.323826455699,
    -9.900000003289E-02));
#13914 = CARTESIAN_POINT('',(5.87780091494,1.330642155021,
    -9.900000003289E-02));
#13915 = CARTESIAN_POINT('',(5.90270008292,1.335561653277,
    -9.900000003289E-02));
#13916 = CARTESIAN_POINT('',(5.929061948105,1.338411942793,
    -9.900000003289E-02));
#13917 = CARTESIAN_POINT('',(5.947109188834,1.33881657726,
    -9.900000003289E-02));
#13918 = CARTESIAN_POINT('',(5.956376843095,1.339024365941,
    -9.900000003289E-02));
#13919 = ORIENTED_EDGE('',*,*,#13920,.F.);
#13920 = EDGE_CURVE('',#13921,#13897,#13923,.T.);
#13921 = VERTEX_POINT('',#13922);
#13922 = CARTESIAN_POINT('',(5.746925630471,0.973170719435,
    -9.900000003289E-02));
#13923 = B_SPLINE_CURVE_WITH_KNOTS('',3,(#13924,#13925,#13926,#13927,
    #13928,#13929,#13930,#13931,#13932,#13933,#13934),.UNSPECIFIED.,.F.,
  .F.,(4,1,1,1,1,1,1,1,4),(0.,0.125279696736,0.249419970742,
    0.373356799493,0.496681278782,0.620202915744,0.745086320161,
    0.871269195019,1.),.UNSPECIFIED.);
#13924 = CARTESIAN_POINT('',(5.746925630471,0.973170719435,
    -9.900000003289E-02));
#13925 = CARTESIAN_POINT('',(5.743829526778,0.978498950637,
    -9.900000003289E-02));
#13926 = CARTESIAN_POINT('',(5.737665478551,0.989106952612,
    -9.900000003289E-02));
#13927 = CARTESIAN_POINT('',(5.729959205149,1.005791411031,
    -9.900000003289E-02));
#13928 = CARTESIAN_POINT('',(5.723275122464,1.022797356363,
    -9.900000003289E-02));
#13929 = CARTESIAN_POINT('',(5.717939322142,1.040243838722,
    -9.900000003289E-02));
#13930 = CARTESIAN_POINT('',(5.713630622431,1.058021055134,
    -9.900000003289E-02));
#13931 = CARTESIAN_POINT('',(5.710740656098,1.076222225739,
    -9.900000003289E-02));
#13932 = CARTESIAN_POINT('',(5.708796276009,1.094812865769,
    -9.900000003289E-02));
#13933 = CARTESIAN_POINT('',(5.708606721943,1.107350107929,
    -9.900000003289E-02));
#13934 = CARTESIAN_POINT('',(5.708510997588,1.113681385546,
    -9.900000003289E-02));
#13935 = ORIENTED_EDGE('',*,*,#13936,.F.);
#13936 = EDGE_CURVE('',#13937,#13921,#13939,.T.);
#13937 = VERTEX_POINT('',#13938);
#13938 = CARTESIAN_POINT('',(5.66643782824,0.973170719435,
    -9.900000003289E-02));
#13939 = LINE('',#13940,#13941);
#13940 = CARTESIAN_POINT('',(5.66643782824,0.973170719435,
    -9.900000003289E-02));
#13941 = VECTOR('',#13942,1.);
#13942 = DIRECTION('',(1.,0.,6.982962677686E-15));
#13943 = ORIENTED_EDGE('',*,*,#13944,.F.);
#13944 = EDGE_CURVE('',#13945,#13937,#13947,.T.);
#13945 = VERTEX_POINT('',#13946);
#13946 = CARTESIAN_POINT('',(5.642657341217,1.114367361134,
    -9.900000003289E-02));
#13947 = B_SPLINE_CURVE_WITH_KNOTS('',3,(#13948,#13949,#13950,#13951,
    #13952,#13953,#13954,#13955,#13956,#13957,#13958),.UNSPECIFIED.,.F.,
  .F.,(4,1,1,1,1,1,1,1,4),(0.,0.145186866472,0.28344261092,
    0.416524365929,0.543181123535,0.665153082638,0.781360206313,
    0.892756655642,1.),.UNSPECIFIED.);
#13948 = CARTESIAN_POINT('',(5.642657341217,1.114367361134,
    -9.900000003289E-02));
#13949 = CARTESIAN_POINT('',(5.642707347877,1.107391244989,
    -9.900000003289E-02));
#13950 = CARTESIAN_POINT('',(5.642804973912,1.093772047728,
    -9.900000003289E-02));
#13951 = CARTESIAN_POINT('',(5.644029213432,1.073792501404,
    -9.900000003289E-02));
#13952 = CARTESIAN_POINT('',(5.645759438606,1.054744135753,
    -9.900000003289E-02));
#13953 = CARTESIAN_POINT('',(5.648457411558,1.036599385546,
    -9.900000003289E-02));
#13954 = CARTESIAN_POINT('',(5.651669067088,1.019359184424,
    -9.900000003289E-02));
#13955 = CARTESIAN_POINT('',(5.655855614065,1.003088116782,
    -9.900000003289E-02));
#13956 = CARTESIAN_POINT('',(5.660546608482,0.987683899488,
    -9.900000003289E-02));
#13957 = CARTESIAN_POINT('',(5.664499114525,0.977946793385,
    -9.900000003289E-02));
#13958 = CARTESIAN_POINT('',(5.66643782824,0.973170719435,
    -9.900000003289E-02));
#13959 = ORIENTED_EDGE('',*,*,#13960,.F.);
#13960 = EDGE_CURVE('',#13780,#13945,#13961,.T.);
#13961 = B_SPLINE_CURVE_WITH_KNOTS('',3,(#13962,#13963,#13964,#13965,
    #13966,#13967,#13968,#13969,#13970,#13971,#13972,#13973,#13974,
    #13975,#13976,#13977,#13978,#13979,#13980),.UNSPECIFIED.,.F.,.F.,(4,
    1,1,1,1,1,1,1,1,1,1,1,1,1,1,1,4),(0.,7.0642150723E-02,0.138253647067
    ,0.203359610795,0.266248414883,0.327919677888,0.388751281404,
    0.449435747492,0.510871867311,0.572088893231,0.631742601943,
    0.691124065861,0.750365569949,0.810037116623,0.871365305784,
    0.934428596542,1.),.UNSPECIFIED.);
#13962 = CARTESIAN_POINT('',(5.96129300147,1.419512168172,
    -9.900000003289E-02));
#13963 = CARTESIAN_POINT('',(5.949620121963,1.419249604287,
    -9.900000003289E-02));
#13964 = CARTESIAN_POINT('',(5.926775147014,1.418735740902,
    -9.900000003289E-02));
#13965 = CARTESIAN_POINT('',(5.893362988362,1.414688198033,
    -9.900000003289E-02));
#13966 = CARTESIAN_POINT('',(5.861719368657,1.407957549925,
    -9.900000003289E-02));
#13967 = CARTESIAN_POINT('',(5.8317403486,1.398636479372,
    -9.900000003289E-02));
#13968 = CARTESIAN_POINT('',(5.80366334054,1.386265226517,
    -9.900000003289E-02));
#13969 = CARTESIAN_POINT('',(5.777165721556,1.371538384114,
    -9.900000003289E-02));
#13970 = CARTESIAN_POINT('',(5.752547133343,1.35388666917,
    -9.900000003289E-02));
#13971 = CARTESIAN_POINT('',(5.729924360389,1.333674623597,
    -9.900000003289E-02));
#13972 = CARTESIAN_POINT('',(5.709420704717,1.311546758411,
    -9.900000003289E-02));
#13973 = CARTESIAN_POINT('',(5.69152833492,1.287672349913,
    -9.900000003289E-02));
#13974 = CARTESIAN_POINT('',(5.676407916928,1.26233764747,
    -9.900000003289E-02));
#13975 = CARTESIAN_POINT('',(5.663959555247,1.235578966823,
    -9.900000003289E-02));
#13976 = CARTESIAN_POINT('',(5.654457200076,1.207297817495,
    -9.900000003289E-02));
#13977 = CARTESIAN_POINT('',(5.647632858789,1.177626551713,
    -9.900000003289E-02));
#13978 = CARTESIAN_POINT('',(5.643404102063,1.146462973448,
    -9.900000003289E-02));
#13979 = CARTESIAN_POINT('',(5.642909476229,1.12520406693,
    -9.900000003289E-02));
#13980 = CARTESIAN_POINT('',(5.642657341217,1.114367361134,
    -9.900000003289E-02));
#13981 = ORIENTED_EDGE('',*,*,#13779,.F.);
#13982 = PLANE('',#13983);
#13983 = AXIS2_PLACEMENT_3D('',#13984,#13985,#13986);
#13984 = CARTESIAN_POINT('',(6.248967867752,1.053083542961,
    -9.900000003289E-02));
#13985 = DIRECTION('',(6.982962677684E-15,4.448963232336E-28,-1.));
#13986 = DIRECTION('',(-1.,0.,-6.982962677684E-15));
#13987 = ADVANCED_FACE('',(#13988),#13999,.T.);
#13988 = FACE_BOUND('',#13989,.T.);
#13989 = EDGE_LOOP('',(#13990,#13991,#13997,#13998));
#13990 = ORIENTED_EDGE('',*,*,#9689,.F.);
#13991 = ORIENTED_EDGE('',*,*,#13992,.F.);
#13992 = EDGE_CURVE('',#13849,#9674,#13993,.T.);
#13993 = LINE('',#13994,#13995);
#13994 = CARTESIAN_POINT('',(6.153023178092,0.973170719435,
    -9.900000003289E-02));
#13995 = VECTOR('',#13996,1.);
#13996 = DIRECTION('',(0.,0.,-1.));
#13997 = ORIENTED_EDGE('',*,*,#13848,.T.);
#13998 = ORIENTED_EDGE('',*,*,#13739,.T.);
#13999 = PLANE('',#14000);
#14000 = AXIS2_PLACEMENT_3D('',#14001,#14002,#14003);
#14001 = CARTESIAN_POINT('',(6.153023178092,0.973170719435,
    -9.900000003289E-02));
#14002 = DIRECTION('',(0.,1.,0.));
#14003 = DIRECTION('',(0.,0.,1.));
#14004 = ADVANCED_FACE('',(#14005),#14016,.T.);
#14005 = FACE_BOUND('',#14006,.T.);
#14006 = EDGE_LOOP('',(#14007,#14008,#14009,#14010));
#14007 = ORIENTED_EDGE('',*,*,#9561,.F.);
#14008 = ORIENTED_EDGE('',*,*,#13801,.F.);
#14009 = ORIENTED_EDGE('',*,*,#13960,.T.);
#14010 = ORIENTED_EDGE('',*,*,#14011,.T.);
#14011 = EDGE_CURVE('',#13945,#9562,#14012,.T.);
#14012 = LINE('',#14013,#14014);
#14013 = CARTESIAN_POINT('',(5.642657341217,1.114367361134,
    -9.900000003289E-02));
#14014 = VECTOR('',#14015,1.);
#14015 = DIRECTION('',(0.,0.,-1.));
#14016 = B_SPLINE_SURFACE_WITH_KNOTS('',3,1,(
    (#14017,#14018)
    ,(#14019,#14020)
    ,(#14021,#14022)
    ,(#14023,#14024)
    ,(#14025,#14026)
    ,(#14027,#14028)
    ,(#14029,#14030)
    ,(#14031,#14032)
    ,(#14033,#14034)
    ,(#14035,#14036)
    ,(#14037,#14038)
    ,(#14039,#14040)
    ,(#14041,#14042)
    ,(#14043,#14044)
    ,(#14045,#14046)
    ,(#14047,#14048)
    ,(#14049,#14050)
    ,(#14051,#14052)
    ,(#14053,#14054
    )),.UNSPECIFIED.,.F.,.F.,.F.,(4,1,1,1,1,1,1,1,1,1,1,1,1,1,1,1,4),(2,
    2),(0.,7.0642150723E-02,0.138253647067,0.203359610795,0.266248414883
    ,0.327919677888,0.388751281404,0.449435747492,0.510871867311,
    0.572088893231,0.631742601943,0.691124065861,0.750365569949,
    0.810037116623,0.871365305784,0.934428596542,1.),(0.,1.),
  .UNSPECIFIED.);
#14017 = CARTESIAN_POINT('',(5.96129300147,1.419512168172,
    -9.900000003289E-02));
#14018 = CARTESIAN_POINT('',(5.96129300147,1.419512168172,-0.1));
#14019 = CARTESIAN_POINT('',(5.949620121963,1.419249604287,
    -9.900000003289E-02));
#14020 = CARTESIAN_POINT('',(5.949620121963,1.419249604287,-0.1));
#14021 = CARTESIAN_POINT('',(5.926775147014,1.418735740902,
    -9.900000003289E-02));
#14022 = CARTESIAN_POINT('',(5.926775147014,1.418735740902,-0.1));
#14023 = CARTESIAN_POINT('',(5.893362988362,1.414688198033,
    -9.900000003289E-02));
#14024 = CARTESIAN_POINT('',(5.893362988362,1.414688198033,-0.1));
#14025 = CARTESIAN_POINT('',(5.861719368657,1.407957549925,
    -9.900000003289E-02));
#14026 = CARTESIAN_POINT('',(5.861719368657,1.407957549925,-0.1));
#14027 = CARTESIAN_POINT('',(5.8317403486,1.398636479372,
    -9.900000003289E-02));
#14028 = CARTESIAN_POINT('',(5.8317403486,1.398636479372,-0.1));
#14029 = CARTESIAN_POINT('',(5.80366334054,1.386265226517,
    -9.900000003289E-02));
#14030 = CARTESIAN_POINT('',(5.80366334054,1.386265226517,-0.1));
#14031 = CARTESIAN_POINT('',(5.777165721556,1.371538384114,
    -9.900000003289E-02));
#14032 = CARTESIAN_POINT('',(5.777165721556,1.371538384114,-0.1));
#14033 = CARTESIAN_POINT('',(5.752547133343,1.35388666917,
    -9.900000003289E-02));
#14034 = CARTESIAN_POINT('',(5.752547133343,1.35388666917,-0.1));
#14035 = CARTESIAN_POINT('',(5.729924360389,1.333674623597,
    -9.900000003289E-02));
#14036 = CARTESIAN_POINT('',(5.729924360389,1.333674623597,-0.1));
#14037 = CARTESIAN_POINT('',(5.709420704717,1.311546758411,
    -9.900000003289E-02));
#14038 = CARTESIAN_POINT('',(5.709420704717,1.311546758411,-0.1));
#14039 = CARTESIAN_POINT('',(5.69152833492,1.287672349913,
    -9.900000003289E-02));
#14040 = CARTESIAN_POINT('',(5.69152833492,1.287672349913,-0.1));
#14041 = CARTESIAN_POINT('',(5.676407916928,1.26233764747,
    -9.900000003289E-02));
#14042 = CARTESIAN_POINT('',(5.676407916928,1.26233764747,-0.1));
#14043 = CARTESIAN_POINT('',(5.663959555247,1.235578966823,
    -9.900000003289E-02));
#14044 = CARTESIAN_POINT('',(5.663959555247,1.235578966823,-0.1));
#14045 = CARTESIAN_POINT('',(5.654457200076,1.207297817495,
    -9.900000003289E-02));
#14046 = CARTESIAN_POINT('',(5.654457200076,1.207297817495,-0.1));
#14047 = CARTESIAN_POINT('',(5.647632858789,1.177626551713,
    -9.900000003289E-02));
#14048 = CARTESIAN_POINT('',(5.647632858789,1.177626551713,-0.1));
#14049 = CARTESIAN_POINT('',(5.643404102063,1.146462973448,
    -9.900000003289E-02));
#14050 = CARTESIAN_POINT('',(5.643404102063,1.146462973448,-0.1));
#14051 = CARTESIAN_POINT('',(5.642909476229,1.12520406693,
    -9.900000003289E-02));
#14052 = CARTESIAN_POINT('',(5.642909476229,1.12520406693,-0.1));
#14053 = CARTESIAN_POINT('',(5.642657341217,1.114367361134,
    -9.900000003289E-02));
#14054 = CARTESIAN_POINT('',(5.642657341217,1.114367361134,-0.1));
#14055 = ADVANCED_FACE('',(#14056),#14067,.T.);
#14056 = FACE_BOUND('',#14057,.T.);
#14057 = EDGE_LOOP('',(#14058,#14059,#14060,#14061));
#14058 = ORIENTED_EDGE('',*,*,#9585,.F.);
#14059 = ORIENTED_EDGE('',*,*,#14011,.F.);
#14060 = ORIENTED_EDGE('',*,*,#13944,.T.);
#14061 = ORIENTED_EDGE('',*,*,#14062,.T.);
#14062 = EDGE_CURVE('',#13937,#9586,#14063,.T.);
#14063 = LINE('',#14064,#14065);
#14064 = CARTESIAN_POINT('',(5.66643782824,0.973170719435,
    -9.900000003289E-02));
#14065 = VECTOR('',#14066,1.);
#14066 = DIRECTION('',(0.,0.,-1.));
#14067 = B_SPLINE_SURFACE_WITH_KNOTS('',3,1,(
    (#14068,#14069)
    ,(#14070,#14071)
    ,(#14072,#14073)
    ,(#14074,#14075)
    ,(#14076,#14077)
    ,(#14078,#14079)
    ,(#14080,#14081)
    ,(#14082,#14083)
    ,(#14084,#14085)
    ,(#14086,#14087)
    ,(#14088,#14089
    )),.UNSPECIFIED.,.F.,.F.,.F.,(4,1,1,1,1,1,1,1,4),(2,2),(0.,
    0.145186866472,0.28344261092,0.416524365929,0.543181123535,
    0.665153082638,0.781360206313,0.892756655642,1.),(0.,1.),
  .UNSPECIFIED.);
#14068 = CARTESIAN_POINT('',(5.642657341217,1.114367361134,
    -9.900000003289E-02));
#14069 = CARTESIAN_POINT('',(5.642657341217,1.114367361134,-0.1));
#14070 = CARTESIAN_POINT('',(5.642707347877,1.107391244989,
    -9.900000003289E-02));
#14071 = CARTESIAN_POINT('',(5.642707347877,1.107391244989,-0.1));
#14072 = CARTESIAN_POINT('',(5.642804973912,1.093772047728,
    -9.900000003289E-02));
#14073 = CARTESIAN_POINT('',(5.642804973912,1.093772047728,-0.1));
#14074 = CARTESIAN_POINT('',(5.644029213432,1.073792501404,
    -9.900000003289E-02));
#14075 = CARTESIAN_POINT('',(5.644029213432,1.073792501404,-0.1));
#14076 = CARTESIAN_POINT('',(5.645759438606,1.054744135753,
    -9.900000003289E-02));
#14077 = CARTESIAN_POINT('',(5.645759438606,1.054744135753,-0.1));
#14078 = CARTESIAN_POINT('',(5.648457411558,1.036599385546,
    -9.900000003289E-02));
#14079 = CARTESIAN_POINT('',(5.648457411558,1.036599385546,-0.1));
#14080 = CARTESIAN_POINT('',(5.651669067088,1.019359184424,
    -9.900000003289E-02));
#14081 = CARTESIAN_POINT('',(5.651669067088,1.019359184424,-0.1));
#14082 = CARTESIAN_POINT('',(5.655855614065,1.003088116782,
    -9.900000003289E-02));
#14083 = CARTESIAN_POINT('',(5.655855614065,1.003088116782,-0.1));
#14084 = CARTESIAN_POINT('',(5.660546608482,0.987683899488,
    -9.900000003289E-02));
#14085 = CARTESIAN_POINT('',(5.660546608482,0.987683899488,-0.1));
#14086 = CARTESIAN_POINT('',(5.664499114525,0.977946793385,
    -9.900000003289E-02));
#14087 = CARTESIAN_POINT('',(5.664499114525,0.977946793385,-0.1));
#14088 = CARTESIAN_POINT('',(5.66643782824,0.973170719435,
    -9.900000003289E-02));
#14089 = CARTESIAN_POINT('',(5.66643782824,0.973170719435,-0.1));
#14090 = ADVANCED_FACE('',(#14091),#14102,.T.);
#14091 = FACE_BOUND('',#14092,.T.);
#14092 = EDGE_LOOP('',(#14093,#14094,#14095,#14096));
#14093 = ORIENTED_EDGE('',*,*,#9601,.F.);
#14094 = ORIENTED_EDGE('',*,*,#14062,.F.);
#14095 = ORIENTED_EDGE('',*,*,#13936,.T.);
#14096 = ORIENTED_EDGE('',*,*,#14097,.T.);
#14097 = EDGE_CURVE('',#13921,#9602,#14098,.T.);
#14098 = LINE('',#14099,#14100);
#14099 = CARTESIAN_POINT('',(5.746925630471,0.973170719435,
    -9.900000003289E-02));
#14100 = VECTOR('',#14101,1.);
#14101 = DIRECTION('',(0.,0.,-1.));
#14102 = PLANE('',#14103);
#14103 = AXIS2_PLACEMENT_3D('',#14104,#14105,#14106);
#14104 = CARTESIAN_POINT('',(5.66643782824,0.973170719435,
    -9.900000003289E-02));
#14105 = DIRECTION('',(0.,1.,0.));
#14106 = DIRECTION('',(0.,0.,1.));
#14107 = ADVANCED_FACE('',(#14108),#14119,.T.);
#14108 = FACE_BOUND('',#14109,.T.);
#14109 = EDGE_LOOP('',(#14110,#14111,#14112,#14113));
#14110 = ORIENTED_EDGE('',*,*,#9609,.F.);
#14111 = ORIENTED_EDGE('',*,*,#14097,.F.);
#14112 = ORIENTED_EDGE('',*,*,#13920,.T.);
#14113 = ORIENTED_EDGE('',*,*,#14114,.T.);
#14114 = EDGE_CURVE('',#13897,#9610,#14115,.T.);
#14115 = LINE('',#14116,#14117);
#14116 = CARTESIAN_POINT('',(5.708510997588,1.113681385546,
    -9.900000003289E-02));
#14117 = VECTOR('',#14118,1.);
#14118 = DIRECTION('',(0.,0.,-1.));
#14119 = B_SPLINE_SURFACE_WITH_KNOTS('',3,1,(
    (#14120,#14121)
    ,(#14122,#14123)
    ,(#14124,#14125)
    ,(#14126,#14127)
    ,(#14128,#14129)
    ,(#14130,#14131)
    ,(#14132,#14133)
    ,(#14134,#14135)
    ,(#14136,#14137)
    ,(#14138,#14139)
    ,(#14140,#14141
    )),.UNSPECIFIED.,.F.,.F.,.F.,(4,1,1,1,1,1,1,1,4),(2,2),(0.,
    0.125279696736,0.249419970742,0.373356799493,0.496681278782,
    0.620202915744,0.745086320161,0.871269195019,1.),(0.,1.),
  .UNSPECIFIED.);
#14120 = CARTESIAN_POINT('',(5.746925630471,0.973170719435,
    -9.900000003289E-02));
#14121 = CARTESIAN_POINT('',(5.746925630471,0.973170719435,-0.1));
#14122 = CARTESIAN_POINT('',(5.743829526778,0.978498950637,
    -9.900000003289E-02));
#14123 = CARTESIAN_POINT('',(5.743829526778,0.978498950637,-0.1));
#14124 = CARTESIAN_POINT('',(5.737665478551,0.989106952612,
    -9.900000003289E-02));
#14125 = CARTESIAN_POINT('',(5.737665478551,0.989106952612,-0.1));
#14126 = CARTESIAN_POINT('',(5.729959205149,1.005791411031,
    -9.900000003289E-02));
#14127 = CARTESIAN_POINT('',(5.729959205149,1.005791411031,-0.1));
#14128 = CARTESIAN_POINT('',(5.723275122464,1.022797356363,
    -9.900000003289E-02));
#14129 = CARTESIAN_POINT('',(5.723275122464,1.022797356363,-0.1));
#14130 = CARTESIAN_POINT('',(5.717939322142,1.040243838722,
    -9.900000003289E-02));
#14131 = CARTESIAN_POINT('',(5.717939322142,1.040243838722,-0.1));
#14132 = CARTESIAN_POINT('',(5.713630622431,1.058021055134,
    -9.900000003289E-02));
#14133 = CARTESIAN_POINT('',(5.713630622431,1.058021055134,-0.1));
#14134 = CARTESIAN_POINT('',(5.710740656098,1.076222225739,
    -9.900000003289E-02));
#14135 = CARTESIAN_POINT('',(5.710740656098,1.076222225739,-0.1));
#14136 = CARTESIAN_POINT('',(5.708796276009,1.094812865769,
    -9.900000003289E-02));
#14137 = CARTESIAN_POINT('',(5.708796276009,1.094812865769,-0.1));
#14138 = CARTESIAN_POINT('',(5.708606721943,1.107350107929,
    -9.900000003289E-02));
#14139 = CARTESIAN_POINT('',(5.708606721943,1.107350107929,-0.1));
#14140 = CARTESIAN_POINT('',(5.708510997588,1.113681385546,
    -9.900000003289E-02));
#14141 = CARTESIAN_POINT('',(5.708510997588,1.113681385546,-0.1));
#14142 = ADVANCED_FACE('',(#14143),#14154,.T.);
#14143 = FACE_BOUND('',#14144,.T.);
#14144 = EDGE_LOOP('',(#14145,#14146,#14147,#14148));
#14145 = ORIENTED_EDGE('',*,*,#9625,.F.);
#14146 = ORIENTED_EDGE('',*,*,#14114,.F.);
#14147 = ORIENTED_EDGE('',*,*,#13896,.T.);
#14148 = ORIENTED_EDGE('',*,*,#14149,.T.);
#14149 = EDGE_CURVE('',#13873,#9626,#14150,.T.);
#14150 = LINE('',#14151,#14152);
#14151 = CARTESIAN_POINT('',(5.956376843095,1.339024365941,
    -9.900000003289E-02));
#14152 = VECTOR('',#14153,1.);
#14153 = DIRECTION('',(0.,0.,-1.));
#14154 = B_SPLINE_SURFACE_WITH_KNOTS('',3,1,(
    (#14155,#14156)
    ,(#14157,#14158)
    ,(#14159,#14160)
    ,(#14161,#14162)
    ,(#14163,#14164)
    ,(#14165,#14166)
    ,(#14167,#14168)
    ,(#14169,#14170)
    ,(#14171,#14172)
    ,(#14173,#14174)
    ,(#14175,#14176)
    ,(#14177,#14178)
    ,(#14179,#14180)
    ,(#14181,#14182)
    ,(#14183,#14184)
    ,(#14185,#14186)
    ,(#14187,#14188)
    ,(#14189,#14190)
    ,(#14191,#14192
    )),.UNSPECIFIED.,.F.,.F.,.F.,(4,1,1,1,1,1,1,1,1,1,1,1,1,1,1,1,4),(2,
    2),(0.,6.460397028839E-02,0.126702413963,0.186756814036,
    0.245505687365,0.30365202445,0.361503073971,0.420240222928,
    0.480033340777,0.540678134776,0.601191806381,0.662333502477,
    0.724739510297,0.789467736173,0.856504860044,0.926312095839,1.),(0.,
    1.),.UNSPECIFIED.);
#14155 = CARTESIAN_POINT('',(5.708510997588,1.113681385546,
    -9.900000003289E-02));
#14156 = CARTESIAN_POINT('',(5.708510997588,1.113681385546,-0.1));
#14157 = CARTESIAN_POINT('',(5.708685799234,1.121811002398,
    -9.900000003289E-02));
#14158 = CARTESIAN_POINT('',(5.708685799234,1.121811002398,-0.1));
#14159 = CARTESIAN_POINT('',(5.709028623218,1.137754946324,
    -9.900000003289E-02));
#14160 = CARTESIAN_POINT('',(5.709028623218,1.137754946324,-0.1));
#14161 = CARTESIAN_POINT('',(5.712394520919,1.161047832185,
    -9.900000003289E-02));
#14162 = CARTESIAN_POINT('',(5.712394520919,1.161047832185,-0.1));
#14163 = CARTESIAN_POINT('',(5.717430284292,1.183264267363,
    -9.900000003289E-02));
#14164 = CARTESIAN_POINT('',(5.717430284292,1.183264267363,-0.1));
#14165 = CARTESIAN_POINT('',(5.724800514417,1.204315165462,
    -9.900000003289E-02));
#14166 = CARTESIAN_POINT('',(5.724800514417,1.204315165462,-0.1));
#14167 = CARTESIAN_POINT('',(5.734312932312,1.224176623089,
    -9.900000003289E-02));
#14168 = CARTESIAN_POINT('',(5.734312932312,1.224176623089,-0.1));
#14169 = CARTESIAN_POINT('',(5.746003216315,1.242831416875,
    -9.900000003289E-02));
#14170 = CARTESIAN_POINT('',(5.746003216315,1.242831416875,-0.1));
#14171 = CARTESIAN_POINT('',(5.759620727291,1.260394112931,
    -9.900000003289E-02));
#14172 = CARTESIAN_POINT('',(5.759620727291,1.260394112931,-0.1));
#14173 = CARTESIAN_POINT('',(5.775335349127,1.276596798298,
    -9.900000003289E-02));
#14174 = CARTESIAN_POINT('',(5.775335349127,1.276596798298,-0.1));
#14175 = CARTESIAN_POINT('',(5.792713210822,1.291361951678,
    -9.900000003289E-02));
#14176 = CARTESIAN_POINT('',(5.792713210822,1.291361951678,-0.1));
#14177 = CARTESIAN_POINT('',(5.811869236594,1.304035649463,
    -9.900000003289E-02));
#14178 = CARTESIAN_POINT('',(5.811869236594,1.304035649463,-0.1));
#14179 = CARTESIAN_POINT('',(5.832284943975,1.315025669234,
    -9.900000003289E-02));
#14180 = CARTESIAN_POINT('',(5.832284943975,1.315025669234,-0.1));
#14181 = CARTESIAN_POINT('',(5.85431852139,1.323826455699,
    -9.900000003289E-02));
#14182 = CARTESIAN_POINT('',(5.85431852139,1.323826455699,-0.1));
#14183 = CARTESIAN_POINT('',(5.87780091494,1.330642155021,
    -9.900000003289E-02));
#14184 = CARTESIAN_POINT('',(5.87780091494,1.330642155021,-0.1));
#14185 = CARTESIAN_POINT('',(5.90270008292,1.335561653277,
    -9.900000003289E-02));
#14186 = CARTESIAN_POINT('',(5.90270008292,1.335561653277,-0.1));
#14187 = CARTESIAN_POINT('',(5.929061948105,1.338411942793,
    -9.900000003289E-02));
#14188 = CARTESIAN_POINT('',(5.929061948105,1.338411942793,-0.1));
#14189 = CARTESIAN_POINT('',(5.947109188834,1.33881657726,
    -9.900000003289E-02));
#14190 = CARTESIAN_POINT('',(5.947109188834,1.33881657726,-0.1));
#14191 = CARTESIAN_POINT('',(5.956376843095,1.339024365941,
    -9.900000003289E-02));
#14192 = CARTESIAN_POINT('',(5.956376843095,1.339024365941,-0.1));
#14193 = ADVANCED_FACE('',(#14194),#14205,.T.);
#14194 = FACE_BOUND('',#14195,.T.);
#14195 = EDGE_LOOP('',(#14196,#14197,#14198,#14199));
#14196 = ORIENTED_EDGE('',*,*,#9649,.F.);
#14197 = ORIENTED_EDGE('',*,*,#14149,.F.);
#14198 = ORIENTED_EDGE('',*,*,#13872,.T.);
#14199 = ORIENTED_EDGE('',*,*,#14200,.T.);
#14200 = EDGE_CURVE('',#13857,#9650,#14201,.T.);
#14201 = LINE('',#14202,#14203);
#14202 = CARTESIAN_POINT('',(6.191437810975,1.127172238761,
    -9.900000003289E-02));
#14203 = VECTOR('',#14204,1.);
#14204 = DIRECTION('',(0.,0.,-1.));
#14205 = B_SPLINE_SURFACE_WITH_KNOTS('',3,1,(
    (#14206,#14207)
    ,(#14208,#14209)
    ,(#14210,#14211)
    ,(#14212,#14213)
    ,(#14214,#14215)
    ,(#14216,#14217)
    ,(#14218,#14219)
    ,(#14220,#14221)
    ,(#14222,#14223)
    ,(#14224,#14225)
    ,(#14226,#14227)
    ,(#14228,#14229)
    ,(#14230,#14231)
    ,(#14232,#14233)
    ,(#14234,#14235)
    ,(#14236,#14237)
    ,(#14238,#14239)
    ,(#14240,#14241)
    ,(#14242,#14243
    )),.UNSPECIFIED.,.F.,.F.,.F.,(4,1,1,1,1,1,1,1,1,1,1,1,1,1,1,1,4),(2,
    2),(0.,7.377411937406E-02,0.144079114726,0.211348518309,
    0.27607688574,0.33852091582,0.399885116693,0.460254067465,
    0.520588964391,0.580207684563,0.638632908553,0.696364549491,
    0.75400177466,0.812805681374,0.872754425526,0.935181996978,1.),(0.,
    1.),.UNSPECIFIED.);
#14206 = CARTESIAN_POINT('',(5.956376843095,1.339024365941,
    -9.900000003289E-02));
#14207 = CARTESIAN_POINT('',(5.956376843095,1.339024365941,-0.1));
#14208 = CARTESIAN_POINT('',(5.965149566224,1.338857674036,
    -9.900000003289E-02));
#14209 = CARTESIAN_POINT('',(5.965149566224,1.338857674036,-0.1));
#14210 = CARTESIAN_POINT('',(5.982282487537,1.338532128679,
    -9.900000003289E-02));
#14211 = CARTESIAN_POINT('',(5.982282487537,1.338532128679,-0.1));
#14212 = CARTESIAN_POINT('',(6.007289093469,1.335735176797,
    -9.900000003289E-02));
#14213 = CARTESIAN_POINT('',(6.007289093469,1.335735176797,-0.1));
#14214 = CARTESIAN_POINT('',(6.030933125798,1.3312044304,
    -9.900000003289E-02));
#14215 = CARTESIAN_POINT('',(6.030933125798,1.3312044304,-0.1));
#14216 = CARTESIAN_POINT('',(6.053193743773,1.324837025591,
    -9.900000003289E-02));
#14217 = CARTESIAN_POINT('',(6.053193743773,1.324837025591,-0.1));
#14218 = CARTESIAN_POINT('',(6.074050346734,1.316534162751,
    -9.900000003289E-02));
#14219 = CARTESIAN_POINT('',(6.074050346734,1.316534162751,-0.1));
#14220 = CARTESIAN_POINT('',(6.093558350604,1.306504595429,
    -9.900000003289E-02));
#14221 = CARTESIAN_POINT('',(6.093558350604,1.306504595429,-0.1));
#14222 = CARTESIAN_POINT('',(6.111629660991,1.294512985171,
    -9.900000003289E-02));
#14223 = CARTESIAN_POINT('',(6.111629660991,1.294512985171,-0.1));
#14224 = CARTESIAN_POINT('',(6.128179675994,1.280824045743,
    -9.900000003289E-02));
#14225 = CARTESIAN_POINT('',(6.128179675994,1.280824045743,-0.1));
#14226 = CARTESIAN_POINT('',(6.143021066772,1.26562571723,
    -9.900000003289E-02));
#14227 = CARTESIAN_POINT('',(6.143021066772,1.26562571723,-0.1));
#14228 = CARTESIAN_POINT('',(6.156055142537,1.249236263005,
    -9.900000003289E-02));
#14229 = CARTESIAN_POINT('',(6.156055142537,1.249236263005,-0.1));
#14230 = CARTESIAN_POINT('',(6.166934538278,1.231619975502,
    -9.900000003289E-02));
#14231 = CARTESIAN_POINT('',(6.166934538278,1.231619975502,-0.1));
#14232 = CARTESIAN_POINT('',(6.17595607851,1.212941123711,
    -9.900000003289E-02));
#14233 = CARTESIAN_POINT('',(6.17595607851,1.212941123711,-0.1));
#14234 = CARTESIAN_POINT('',(6.182930973397,1.193115312931,
    -9.900000003289E-02));
#14235 = CARTESIAN_POINT('',(6.182930973397,1.193115312931,-0.1));
#14236 = CARTESIAN_POINT('',(6.187820619324,1.172105431435,
    -9.900000003289E-02));
#14237 = CARTESIAN_POINT('',(6.187820619324,1.172105431435,-0.1));
#14238 = CARTESIAN_POINT('',(6.190849160809,1.150011988511,
    -9.900000003289E-02));
#14239 = CARTESIAN_POINT('',(6.190849160809,1.150011988511,-0.1));
#14240 = CARTESIAN_POINT('',(6.191239152131,1.134880243515,
    -9.900000003289E-02));
#14241 = CARTESIAN_POINT('',(6.191239152131,1.134880243515,-0.1));
#14242 = CARTESIAN_POINT('',(6.191437810975,1.127172238761,
    -9.900000003289E-02));
#14243 = CARTESIAN_POINT('',(6.191437810975,1.127172238761,-0.1));
#14244 = ADVANCED_FACE('',(#14245),#14251,.T.);
#14245 = FACE_BOUND('',#14246,.T.);
#14246 = EDGE_LOOP('',(#14247,#14248,#14249,#14250));
#14247 = ORIENTED_EDGE('',*,*,#9673,.F.);
#14248 = ORIENTED_EDGE('',*,*,#14200,.F.);
#14249 = ORIENTED_EDGE('',*,*,#13856,.T.);
#14250 = ORIENTED_EDGE('',*,*,#13992,.T.);
#14251 = B_SPLINE_SURFACE_WITH_KNOTS('',3,1,(
    (#14252,#14253)
    ,(#14254,#14255)
    ,(#14256,#14257)
    ,(#14258,#14259)
    ,(#14260,#14261)
    ,(#14262,#14263)
    ,(#14264,#14265)
    ,(#14266,#14267)
    ,(#14268,#14269)
    ,(#14270,#14271)
    ,(#14272,#14273
    )),.UNSPECIFIED.,.F.,.F.,.F.,(4,1,1,1,1,1,1,1,4),(2,2),(0.,
    0.135294604763,0.266765657925,0.394816018836,0.520051654434,
    0.642175702971,0.762651820558,0.88183400438,1.),(0.,1.),
  .UNSPECIFIED.);
#14252 = CARTESIAN_POINT('',(6.191437810975,1.127172238761,
    -9.900000003289E-02));
#14253 = CARTESIAN_POINT('',(6.191437810975,1.127172238761,-0.1));
#14254 = CARTESIAN_POINT('',(6.19134268665,1.11992698666,
    -9.900000003289E-02));
#14255 = CARTESIAN_POINT('',(6.19134268665,1.11992698666,-0.1));
#14256 = CARTESIAN_POINT('',(6.191155126301,1.105641240033,
    -9.900000003289E-02));
#14257 = CARTESIAN_POINT('',(6.191155126301,1.105641240033,-0.1));
#14258 = CARTESIAN_POINT('',(6.189230341395,1.084574111622,
    -9.900000003289E-02));
#14259 = CARTESIAN_POINT('',(6.189230341395,1.084574111622,-0.1));
#14260 = CARTESIAN_POINT('',(6.186333409901,1.064167975024,
    -9.900000003289E-02));
#14261 = CARTESIAN_POINT('',(6.186333409901,1.064167975024,-0.1));
#14262 = CARTESIAN_POINT('',(6.182069381208,1.044511525158,
    -9.900000003289E-02));
#14263 = CARTESIAN_POINT('',(6.182069381208,1.044511525158,-0.1));
#14264 = CARTESIAN_POINT('',(6.176731779674,1.025537369395,
    -9.900000003289E-02));
#14265 = CARTESIAN_POINT('',(6.176731779674,1.025537369395,-0.1));
#14266 = CARTESIAN_POINT('',(6.17002734323,1.007353078203,
    -9.900000003289E-02));
#14267 = CARTESIAN_POINT('',(6.17002734323,1.007353078203,-0.1));
#14268 = CARTESIAN_POINT('',(6.16236949045,0.989764343708,
    -9.900000003289E-02));
#14269 = CARTESIAN_POINT('',(6.16236949045,0.989764343708,-0.1));
#14270 = CARTESIAN_POINT('',(6.156129710497,0.978686117331,
    -9.900000003289E-02));
#14271 = CARTESIAN_POINT('',(6.156129710497,0.978686117331,-0.1));
#14272 = CARTESIAN_POINT('',(6.153023178092,0.973170719435,
    -9.900000003289E-02));
#14273 = CARTESIAN_POINT('',(6.153023178092,0.973170719435,-0.1));
#14274 = ADVANCED_FACE('',(#14275),#14293,.T.);
#14275 = FACE_BOUND('',#14276,.T.);
#14276 = EDGE_LOOP('',(#14277,#14278,#14286,#14292));
#14277 = ORIENTED_EDGE('',*,*,#9798,.F.);
#14278 = ORIENTED_EDGE('',*,*,#14279,.F.);
#14279 = EDGE_CURVE('',#14280,#9791,#14282,.T.);
#14280 = VERTEX_POINT('',#14281);
#14281 = CARTESIAN_POINT('',(6.184120738045,0.534146343629,
    -9.900000003289E-02));
#14282 = LINE('',#14283,#14284);
#14283 = CARTESIAN_POINT('',(6.184120738045,0.534146343629,
    -9.900000003289E-02));
#14284 = VECTOR('',#14285,1.);
#14285 = DIRECTION('',(0.,0.,-1.));
#14286 = ORIENTED_EDGE('',*,*,#14287,.T.);
#14287 = EDGE_CURVE('',#14280,#10011,#14288,.T.);
#14288 = LINE('',#14289,#14290);
#14289 = CARTESIAN_POINT('',(6.184120738045,0.534146343629,
    -9.900000003289E-02));
#14290 = VECTOR('',#14291,1.);
#14291 = DIRECTION('',(1.,0.,6.982962677686E-15));
#14292 = ORIENTED_EDGE('',*,*,#10010,.T.);
#14293 = PLANE('',#14294);
#14294 = AXIS2_PLACEMENT_3D('',#14295,#14296,#14297);
#14295 = CARTESIAN_POINT('',(6.184120738045,0.534146343629,
    -9.900000003289E-02));
#14296 = DIRECTION('',(0.,1.,0.));
#14297 = DIRECTION('',(0.,0.,1.));
#14298 = ADVANCED_FACE('',(#14299),#14317,.T.);
#14299 = FACE_BOUND('',#14300,.T.);
#14300 = EDGE_LOOP('',(#14301,#14302,#14303,#14311));
#14301 = ORIENTED_EDGE('',*,*,#9718,.F.);
#14302 = ORIENTED_EDGE('',*,*,#10026,.F.);
#14303 = ORIENTED_EDGE('',*,*,#14304,.T.);
#14304 = EDGE_CURVE('',#10019,#14305,#14307,.T.);
#14305 = VERTEX_POINT('',#14306);
#14306 = CARTESIAN_POINT('',(5.649974414147,0.856097552554,
    -9.900000003289E-02));
#14307 = LINE('',#14308,#14309);
#14308 = CARTESIAN_POINT('',(6.249974394416,0.856097552554,
    -9.900000003289E-02));
#14309 = VECTOR('',#14310,1.);
#14310 = DIRECTION('',(-1.,0.,-6.982962677686E-15));
#14311 = ORIENTED_EDGE('',*,*,#14312,.T.);
#14312 = EDGE_CURVE('',#14305,#9719,#14313,.T.);
#14313 = LINE('',#14314,#14315);
#14314 = CARTESIAN_POINT('',(5.649974414147,0.856097552554,
    -9.900000003289E-02));
#14315 = VECTOR('',#14316,1.);
#14316 = DIRECTION('',(0.,0.,-1.));
#14317 = PLANE('',#14318);
#14318 = AXIS2_PLACEMENT_3D('',#14319,#14320,#14321);
#14319 = CARTESIAN_POINT('',(6.249974394416,0.856097552554,
    -9.900000003289E-02));
#14320 = DIRECTION('',(0.,-1.,0.));
#14321 = DIRECTION('',(0.,0.,-1.));
#14322 = ADVANCED_FACE('',(#14323),#14341,.T.);
#14323 = FACE_BOUND('',#14324,.T.);
#14324 = EDGE_LOOP('',(#14325,#14326,#14327,#14335));
#14325 = ORIENTED_EDGE('',*,*,#9726,.F.);
#14326 = ORIENTED_EDGE('',*,*,#14312,.F.);
#14327 = ORIENTED_EDGE('',*,*,#14328,.T.);
#14328 = EDGE_CURVE('',#14305,#14329,#14331,.T.);
#14329 = VERTEX_POINT('',#14330);
#14330 = CARTESIAN_POINT('',(5.649974414147,0.548780489489,
    -9.900000003289E-02));
#14331 = LINE('',#14332,#14333);
#14332 = CARTESIAN_POINT('',(5.649974414147,0.856097552554,
    -9.900000003289E-02));
#14333 = VECTOR('',#14334,1.);
#14334 = DIRECTION('',(0.,-1.,0.));
#14335 = ORIENTED_EDGE('',*,*,#14336,.T.);
#14336 = EDGE_CURVE('',#14329,#9727,#14337,.T.);
#14337 = LINE('',#14338,#14339);
#14338 = CARTESIAN_POINT('',(5.649974414147,0.548780489489,
    -9.900000003289E-02));
#14339 = VECTOR('',#14340,1.);
#14340 = DIRECTION('',(0.,0.,-1.));
#14341 = PLANE('',#14342);
#14342 = AXIS2_PLACEMENT_3D('',#14343,#14344,#14345);
#14343 = CARTESIAN_POINT('',(5.649974414147,0.856097552554,
    -9.900000003289E-02));
#14344 = DIRECTION('',(1.,0.,0.));
#14345 = DIRECTION('',(0.,0.,-1.));
#14346 = ADVANCED_FACE('',(#14347),#14365,.T.);
#14347 = FACE_BOUND('',#14348,.T.);
#14348 = EDGE_LOOP('',(#14349,#14350,#14351,#14359));
#14349 = ORIENTED_EDGE('',*,*,#9734,.F.);
#14350 = ORIENTED_EDGE('',*,*,#14336,.F.);
#14351 = ORIENTED_EDGE('',*,*,#14352,.T.);
#14352 = EDGE_CURVE('',#14329,#14353,#14355,.T.);
#14353 = VERTEX_POINT('',#14354);
#14354 = CARTESIAN_POINT('',(5.715828070518,0.548780489489,
    -9.900000003289E-02));
#14355 = LINE('',#14356,#14357);
#14356 = CARTESIAN_POINT('',(5.649974414147,0.548780489489,
    -9.900000003289E-02));
#14357 = VECTOR('',#14358,1.);
#14358 = DIRECTION('',(1.,0.,6.982962677686E-15));
#14359 = ORIENTED_EDGE('',*,*,#14360,.T.);
#14360 = EDGE_CURVE('',#14353,#9735,#14361,.T.);
#14361 = LINE('',#14362,#14363);
#14362 = CARTESIAN_POINT('',(5.715828070518,0.548780489489,
    -9.900000003289E-02));
#14363 = VECTOR('',#14364,1.);
#14364 = DIRECTION('',(0.,0.,-1.));
#14365 = PLANE('',#14366);
#14366 = AXIS2_PLACEMENT_3D('',#14367,#14368,#14369);
#14367 = CARTESIAN_POINT('',(5.649974414147,0.548780489489,
    -9.900000003289E-02));
#14368 = DIRECTION('',(0.,1.,0.));
#14369 = DIRECTION('',(0.,0.,1.));
#14370 = ADVANCED_FACE('',(#14371),#14389,.T.);
#14371 = FACE_BOUND('',#14372,.T.);
#14372 = EDGE_LOOP('',(#14373,#14374,#14375,#14383));
#14373 = ORIENTED_EDGE('',*,*,#9742,.F.);
#14374 = ORIENTED_EDGE('',*,*,#14360,.F.);
#14375 = ORIENTED_EDGE('',*,*,#14376,.T.);
#14376 = EDGE_CURVE('',#14353,#14377,#14379,.T.);
#14377 = VERTEX_POINT('',#14378);
#14378 = CARTESIAN_POINT('',(5.715828070518,0.775609750323,
    -9.900000003289E-02));
#14379 = LINE('',#14380,#14381);
#14380 = CARTESIAN_POINT('',(5.715828070518,0.548780489489,
    -9.900000003289E-02));
#14381 = VECTOR('',#14382,1.);
#14382 = DIRECTION('',(0.,1.,0.));
#14383 = ORIENTED_EDGE('',*,*,#14384,.T.);
#14384 = EDGE_CURVE('',#14377,#9743,#14385,.T.);
#14385 = LINE('',#14386,#14387);
#14386 = CARTESIAN_POINT('',(5.715828070518,0.775609750323,
    -9.900000003289E-02));
#14387 = VECTOR('',#14388,1.);
#14388 = DIRECTION('',(0.,0.,-1.));
#14389 = PLANE('',#14390);
#14390 = AXIS2_PLACEMENT_3D('',#14391,#14392,#14393);
#14391 = CARTESIAN_POINT('',(5.715828070518,0.548780489489,
    -9.900000003289E-02));
#14392 = DIRECTION('',(-1.,0.,0.));
#14393 = DIRECTION('',(0.,0.,1.));
#14394 = ADVANCED_FACE('',(#14395),#14413,.T.);
#14395 = FACE_BOUND('',#14396,.T.);
#14396 = EDGE_LOOP('',(#14397,#14398,#14399,#14407));
#14397 = ORIENTED_EDGE('',*,*,#9750,.F.);
#14398 = ORIENTED_EDGE('',*,*,#14384,.F.);
#14399 = ORIENTED_EDGE('',*,*,#14400,.T.);
#14400 = EDGE_CURVE('',#14377,#14401,#14403,.T.);
#14401 = VERTEX_POINT('',#14402);
#14402 = CARTESIAN_POINT('',(5.913389039631,0.775609750323,
    -9.900000003289E-02));
#14403 = LINE('',#14404,#14405);
#14404 = CARTESIAN_POINT('',(5.715828070518,0.775609750323,
    -9.900000003289E-02));
#14405 = VECTOR('',#14406,1.);
#14406 = DIRECTION('',(1.,0.,6.982962677686E-15));
#14407 = ORIENTED_EDGE('',*,*,#14408,.T.);
#14408 = EDGE_CURVE('',#14401,#9751,#14409,.T.);
#14409 = LINE('',#14410,#14411);
#14410 = CARTESIAN_POINT('',(5.913389039631,0.775609750323,
    -9.900000003289E-02));
#14411 = VECTOR('',#14412,1.);
#14412 = DIRECTION('',(0.,0.,-1.));
#14413 = PLANE('',#14414);
#14414 = AXIS2_PLACEMENT_3D('',#14415,#14416,#14417);
#14415 = CARTESIAN_POINT('',(5.715828070518,0.775609750323,
    -9.900000003289E-02));
#14416 = DIRECTION('',(0.,1.,0.));
#14417 = DIRECTION('',(0.,0.,1.));
#14418 = ADVANCED_FACE('',(#14419),#14437,.T.);
#14419 = FACE_BOUND('',#14420,.T.);
#14420 = EDGE_LOOP('',(#14421,#14422,#14423,#14431));
#14421 = ORIENTED_EDGE('',*,*,#9758,.F.);
#14422 = ORIENTED_EDGE('',*,*,#14408,.F.);
#14423 = ORIENTED_EDGE('',*,*,#14424,.T.);
#14424 = EDGE_CURVE('',#14401,#14425,#14427,.T.);
#14425 = VERTEX_POINT('',#14426);
#14426 = CARTESIAN_POINT('',(5.913389039631,0.563414635349,
    -9.900000003289E-02));
#14427 = LINE('',#14428,#14429);
#14428 = CARTESIAN_POINT('',(5.913389039631,0.775609750323,
    -9.900000003289E-02));
#14429 = VECTOR('',#14430,1.);
#14430 = DIRECTION('',(0.,-1.,0.));
#14431 = ORIENTED_EDGE('',*,*,#14432,.T.);
#14432 = EDGE_CURVE('',#14425,#9759,#14433,.T.);
#14433 = LINE('',#14434,#14435);
#14434 = CARTESIAN_POINT('',(5.913389039631,0.563414635349,
    -9.900000003289E-02));
#14435 = VECTOR('',#14436,1.);
#14436 = DIRECTION('',(0.,0.,-1.));
#14437 = PLANE('',#14438);
#14438 = AXIS2_PLACEMENT_3D('',#14439,#14440,#14441);
#14439 = CARTESIAN_POINT('',(5.913389039631,0.775609750323,
    -9.900000003289E-02));
#14440 = DIRECTION('',(1.,0.,0.));
#14441 = DIRECTION('',(0.,0.,-1.));
#14442 = ADVANCED_FACE('',(#14443),#14461,.T.);
#14443 = FACE_BOUND('',#14444,.T.);
#14444 = EDGE_LOOP('',(#14445,#14446,#14447,#14455));
#14445 = ORIENTED_EDGE('',*,*,#9766,.F.);
#14446 = ORIENTED_EDGE('',*,*,#14432,.F.);
#14447 = ORIENTED_EDGE('',*,*,#14448,.T.);
#14448 = EDGE_CURVE('',#14425,#14449,#14451,.T.);
#14449 = VERTEX_POINT('',#14450);
#14450 = CARTESIAN_POINT('',(5.979242696002,0.563414635349,
    -9.900000003289E-02));
#14451 = LINE('',#14452,#14453);
#14452 = CARTESIAN_POINT('',(5.913389039631,0.563414635349,
    -9.900000003289E-02));
#14453 = VECTOR('',#14454,1.);
#14454 = DIRECTION('',(1.,0.,6.982962677686E-15));
#14455 = ORIENTED_EDGE('',*,*,#14456,.T.);
#14456 = EDGE_CURVE('',#14449,#9767,#14457,.T.);
#14457 = LINE('',#14458,#14459);
#14458 = CARTESIAN_POINT('',(5.979242696002,0.563414635349,
    -9.900000003289E-02));
#14459 = VECTOR('',#14460,1.);
#14460 = DIRECTION('',(0.,0.,-1.));
#14461 = PLANE('',#14462);
#14462 = AXIS2_PLACEMENT_3D('',#14463,#14464,#14465);
#14463 = CARTESIAN_POINT('',(5.913389039631,0.563414635349,
    -9.900000003289E-02));
#14464 = DIRECTION('',(0.,1.,0.));
#14465 = DIRECTION('',(0.,0.,1.));
#14466 = ADVANCED_FACE('',(#14467),#14485,.T.);
#14467 = FACE_BOUND('',#14468,.T.);
#14468 = EDGE_LOOP('',(#14469,#14470,#14471,#14479));
#14469 = ORIENTED_EDGE('',*,*,#9774,.F.);
#14470 = ORIENTED_EDGE('',*,*,#14456,.F.);
#14471 = ORIENTED_EDGE('',*,*,#14472,.T.);
#14472 = EDGE_CURVE('',#14449,#14473,#14475,.T.);
#14473 = VERTEX_POINT('',#14474);
#14474 = CARTESIAN_POINT('',(5.979242696002,0.775609750323,
    -9.900000003289E-02));
#14475 = LINE('',#14476,#14477);
#14476 = CARTESIAN_POINT('',(5.979242696002,0.563414635349,
    -9.900000003289E-02));
#14477 = VECTOR('',#14478,1.);
#14478 = DIRECTION('',(0.,1.,0.));
#14479 = ORIENTED_EDGE('',*,*,#14480,.T.);
#14480 = EDGE_CURVE('',#14473,#9775,#14481,.T.);
#14481 = LINE('',#14482,#14483);
#14482 = CARTESIAN_POINT('',(5.979242696002,0.775609750323,
    -9.900000003289E-02));
#14483 = VECTOR('',#14484,1.);
#14484 = DIRECTION('',(0.,0.,-1.));
#14485 = PLANE('',#14486);
#14486 = AXIS2_PLACEMENT_3D('',#14487,#14488,#14489);
#14487 = CARTESIAN_POINT('',(5.979242696002,0.563414635349,
    -9.900000003289E-02));
#14488 = DIRECTION('',(-1.,0.,0.));
#14489 = DIRECTION('',(0.,0.,1.));
#14490 = ADVANCED_FACE('',(#14491),#14509,.T.);
#14491 = FACE_BOUND('',#14492,.T.);
#14492 = EDGE_LOOP('',(#14493,#14494,#14495,#14503));
#14493 = ORIENTED_EDGE('',*,*,#9782,.F.);
#14494 = ORIENTED_EDGE('',*,*,#14480,.F.);
#14495 = ORIENTED_EDGE('',*,*,#14496,.T.);
#14496 = EDGE_CURVE('',#14473,#14497,#14499,.T.);
#14497 = VERTEX_POINT('',#14498);
#14498 = CARTESIAN_POINT('',(6.184120738045,0.775609750323,
    -9.900000003289E-02));
#14499 = LINE('',#14500,#14501);
#14500 = CARTESIAN_POINT('',(5.979242696002,0.775609750323,
    -9.900000003289E-02));
#14501 = VECTOR('',#14502,1.);
#14502 = DIRECTION('',(1.,0.,6.982962677686E-15));
#14503 = ORIENTED_EDGE('',*,*,#14504,.T.);
#14504 = EDGE_CURVE('',#14497,#9783,#14505,.T.);
#14505 = LINE('',#14506,#14507);
#14506 = CARTESIAN_POINT('',(6.184120738045,0.775609750323,
    -9.900000003289E-02));
#14507 = VECTOR('',#14508,1.);
#14508 = DIRECTION('',(0.,0.,-1.));
#14509 = PLANE('',#14510);
#14510 = AXIS2_PLACEMENT_3D('',#14511,#14512,#14513);
#14511 = CARTESIAN_POINT('',(5.979242696002,0.775609750323,
    -9.900000003289E-02));
#14512 = DIRECTION('',(0.,1.,0.));
#14513 = DIRECTION('',(0.,0.,1.));
#14514 = ADVANCED_FACE('',(#14515),#14526,.T.);
#14515 = FACE_BOUND('',#14516,.T.);
#14516 = EDGE_LOOP('',(#14517,#14518,#14519,#14525));
#14517 = ORIENTED_EDGE('',*,*,#9790,.F.);
#14518 = ORIENTED_EDGE('',*,*,#14504,.F.);
#14519 = ORIENTED_EDGE('',*,*,#14520,.T.);
#14520 = EDGE_CURVE('',#14497,#14280,#14521,.T.);
#14521 = LINE('',#14522,#14523);
#14522 = CARTESIAN_POINT('',(6.184120738045,0.775609750323,
    -9.900000003289E-02));
#14523 = VECTOR('',#14524,1.);
#14524 = DIRECTION('',(0.,-1.,0.));
#14525 = ORIENTED_EDGE('',*,*,#14279,.T.);
#14526 = PLANE('',#14527);
#14527 = AXIS2_PLACEMENT_3D('',#14528,#14529,#14530);
#14528 = CARTESIAN_POINT('',(6.184120738045,0.775609750323,
    -9.900000003289E-02));
#14529 = DIRECTION('',(1.,0.,0.));
#14530 = DIRECTION('',(0.,0.,-1.));
#14531 = ADVANCED_FACE('',(#14532),#14546,.F.);
#14532 = FACE_BOUND('',#14533,.T.);
#14533 = EDGE_LOOP('',(#14534,#14535,#14536,#14537,#14538,#14539,#14540,
    #14541,#14542,#14543,#14544,#14545));
#14534 = ORIENTED_EDGE('',*,*,#14287,.F.);
#14535 = ORIENTED_EDGE('',*,*,#14520,.F.);
#14536 = ORIENTED_EDGE('',*,*,#14496,.F.);
#14537 = ORIENTED_EDGE('',*,*,#14472,.F.);
#14538 = ORIENTED_EDGE('',*,*,#14448,.F.);
#14539 = ORIENTED_EDGE('',*,*,#14424,.F.);
#14540 = ORIENTED_EDGE('',*,*,#14400,.F.);
#14541 = ORIENTED_EDGE('',*,*,#14376,.F.);
#14542 = ORIENTED_EDGE('',*,*,#14352,.F.);
#14543 = ORIENTED_EDGE('',*,*,#14328,.F.);
#14544 = ORIENTED_EDGE('',*,*,#14304,.F.);
#14545 = ORIENTED_EDGE('',*,*,#10018,.F.);
#14546 = PLANE('',#14547);
#14547 = AXIS2_PLACEMENT_3D('',#14548,#14549,#14550);
#14548 = CARTESIAN_POINT('',(-2.54000508001E-05,0.6,-9.900000003293E-02)
  );
#14549 = DIRECTION('',(-6.982962677686E-15,0.,1.));
#14550 = DIRECTION('',(1.,0.,6.982962677686E-15));
#14551 = ADVANCED_FACE('',(#14552),#14570,.T.);
#14552 = FACE_BOUND('',#14553,.T.);
#14553 = EDGE_LOOP('',(#14554,#14555,#14556,#14564));
#14554 = ORIENTED_EDGE('',*,*,#9814,.F.);
#14555 = ORIENTED_EDGE('',*,*,#10003,.F.);
#14556 = ORIENTED_EDGE('',*,*,#14557,.T.);
#14557 = EDGE_CURVE('',#9996,#14558,#14560,.T.);
#14558 = VERTEX_POINT('',#14559);
#14559 = CARTESIAN_POINT('',(5.649974414147,0.417073176747,
    -9.900000003289E-02));
#14560 = LINE('',#14561,#14562);
#14561 = CARTESIAN_POINT('',(6.249974394416,0.417073176747,
    -9.900000003289E-02));
#14562 = VECTOR('',#14563,1.);
#14563 = DIRECTION('',(-1.,0.,-6.982962677686E-15));
#14564 = ORIENTED_EDGE('',*,*,#14565,.T.);
#14565 = EDGE_CURVE('',#14558,#9815,#14566,.T.);
#14566 = LINE('',#14567,#14568);
#14567 = CARTESIAN_POINT('',(5.649974414147,0.417073176747,
    -9.900000003289E-02));
#14568 = VECTOR('',#14569,1.);
#14569 = DIRECTION('',(0.,0.,-1.));
#14570 = PLANE('',#14571);
#14571 = AXIS2_PLACEMENT_3D('',#14572,#14573,#14574);
#14572 = CARTESIAN_POINT('',(6.249974394416,0.417073176747,
    -9.900000003289E-02));
#14573 = DIRECTION('',(0.,-1.,0.));
#14574 = DIRECTION('',(0.,0.,-1.));
#14575 = ADVANCED_FACE('',(#14576),#14594,.T.);
#14576 = FACE_BOUND('',#14577,.T.);
#14577 = EDGE_LOOP('',(#14578,#14579,#14580,#14588));
#14578 = ORIENTED_EDGE('',*,*,#9822,.F.);
#14579 = ORIENTED_EDGE('',*,*,#14565,.F.);
#14580 = ORIENTED_EDGE('',*,*,#14581,.T.);
#14581 = EDGE_CURVE('',#14558,#14582,#14584,.T.);
#14582 = VERTEX_POINT('',#14583);
#14583 = CARTESIAN_POINT('',(5.649974414147,0.247751535974,
    -9.900000003289E-02));
#14584 = LINE('',#14585,#14586);
#14585 = CARTESIAN_POINT('',(5.649974414147,0.417073176747,
    -9.900000003289E-02));
#14586 = VECTOR('',#14587,1.);
#14587 = DIRECTION('',(0.,-1.,0.));
#14588 = ORIENTED_EDGE('',*,*,#14589,.T.);
#14589 = EDGE_CURVE('',#14582,#9823,#14590,.T.);
#14590 = LINE('',#14591,#14592);
#14591 = CARTESIAN_POINT('',(5.649974414147,0.247751535974,
    -9.900000003289E-02));
#14592 = VECTOR('',#14593,1.);
#14593 = DIRECTION('',(0.,0.,-1.));
#14594 = PLANE('',#14595);
#14595 = AXIS2_PLACEMENT_3D('',#14596,#14597,#14598);
#14596 = CARTESIAN_POINT('',(5.649974414147,0.417073176747,
    -9.900000003289E-02));
#14597 = DIRECTION('',(1.,0.,0.));
#14598 = DIRECTION('',(0.,0.,-1.));
#14599 = ADVANCED_FACE('',(#14600),#14634,.T.);
#14600 = FACE_BOUND('',#14601,.T.);
#14601 = EDGE_LOOP('',(#14602,#14603,#14604,#14628));
#14602 = ORIENTED_EDGE('',*,*,#9830,.F.);
#14603 = ORIENTED_EDGE('',*,*,#14589,.F.);
#14604 = ORIENTED_EDGE('',*,*,#14605,.T.);
#14605 = EDGE_CURVE('',#14582,#14606,#14608,.T.);
#14606 = VERTEX_POINT('',#14607);
#14607 = CARTESIAN_POINT('',(5.942428672822,-6.585363663977E-02,
    -9.900000003289E-02));
#14608 = B_SPLINE_CURVE_WITH_KNOTS('',3,(#14609,#14610,#14611,#14612,
    #14613,#14614,#14615,#14616,#14617,#14618,#14619,#14620,#14621,
    #14622,#14623,#14624,#14625,#14626,#14627),.UNSPECIFIED.,.F.,.F.,(4,
    1,1,1,1,1,1,1,1,1,1,1,1,1,1,1,4),(0.,6.863281452251E-02,
    0.134569673473,0.198332881225,0.260795982648,0.322006826436,
    0.382730868797,0.443548045892,0.5051454695,0.566227370652,
    0.626120788049,0.685365657679,0.744910152778,0.805411203839,
    0.867633111414,0.932306168837,1.),.UNSPECIFIED.);
#14609 = CARTESIAN_POINT('',(5.649974414147,0.247751535974,
    -9.900000003289E-02));
#14610 = CARTESIAN_POINT('',(5.650220109296,0.236728417865,
    -9.900000003289E-02));
#14611 = CARTESIAN_POINT('',(5.650701848478,0.21511517914,
    -9.900000003289E-02));
#14612 = CARTESIAN_POINT('',(5.654361221711,0.183420694124,
    -9.900000003289E-02));
#14613 = CARTESIAN_POINT('',(5.660711422636,0.153183187668,
    -9.900000003289E-02));
#14614 = CARTESIAN_POINT('',(5.669374524304,0.124319518342,
    -9.900000003289E-02));
#14615 = CARTESIAN_POINT('',(5.680441528797,9.679621720944E-02,
    -9.900000003289E-02));
#14616 = CARTESIAN_POINT('',(5.694305579798,7.087270511947E-02,
    -9.900000003289E-02));
#14617 = CARTESIAN_POINT('',(5.710484615914,4.626406462583E-02,
    -9.900000003289E-02));
#14618 = CARTESIAN_POINT('',(5.729014550837,2.329232445012E-02,
    -9.900000003289E-02));
#14619 = CARTESIAN_POINT('',(5.74961554531,2.349205448369E-03,
    -9.900000003289E-02));
#14620 = CARTESIAN_POINT('',(5.772155259458,-1.588893667925E-02,
    -9.900000003289E-02));
#14621 = CARTESIAN_POINT('',(5.796277158241,-3.15632670647E-02,
    -9.900000003289E-02));
#14622 = CARTESIAN_POINT('',(5.822348897114,-4.393070470958E-02,
    -9.900000003289E-02));
#14623 = CARTESIAN_POINT('',(5.849922074441,-5.391392063783E-02,
    -9.900000003289E-02));
#14624 = CARTESIAN_POINT('',(5.879277759275,-6.077115012473E-02,
    -9.900000003289E-02));
#14625 = CARTESIAN_POINT('',(5.91028411108,-6.514938563375E-02,
    -9.900000003289E-02));
#14626 = CARTESIAN_POINT('',(5.93155203228,-6.561534174231E-02,
    -9.900000003289E-02));
#14627 = CARTESIAN_POINT('',(5.942428672822,-6.585363663977E-02,
    -9.900000003289E-02));
#14628 = ORIENTED_EDGE('',*,*,#14629,.T.);
#14629 = EDGE_CURVE('',#14606,#9831,#14630,.T.);
#14630 = LINE('',#14631,#14632);
#14631 = CARTESIAN_POINT('',(5.942428672822,-6.585363663977E-02,
    -9.900000003289E-02));
#14632 = VECTOR('',#14633,1.);
#14633 = DIRECTION('',(0.,0.,-1.));
#14634 = B_SPLINE_SURFACE_WITH_KNOTS('',3,1,(
    (#14635,#14636)
    ,(#14637,#14638)
    ,(#14639,#14640)
    ,(#14641,#14642)
    ,(#14643,#14644)
    ,(#14645,#14646)
    ,(#14647,#14648)
    ,(#14649,#14650)
    ,(#14651,#14652)
    ,(#14653,#14654)
    ,(#14655,#14656)
    ,(#14657,#14658)
    ,(#14659,#14660)
    ,(#14661,#14662)
    ,(#14663,#14664)
    ,(#14665,#14666)
    ,(#14667,#14668)
    ,(#14669,#14670)
    ,(#14671,#14672
    )),.UNSPECIFIED.,.F.,.F.,.F.,(4,1,1,1,1,1,1,1,1,1,1,1,1,1,1,1,4),(2,
    2),(0.,6.863281452251E-02,0.134569673473,0.198332881225,
    0.260795982648,0.322006826436,0.382730868797,0.443548045892,
    0.5051454695,0.566227370652,0.626120788049,0.685365657679,
    0.744910152778,0.805411203839,0.867633111414,0.932306168837,1.),(0.,
    1.),.UNSPECIFIED.);
#14635 = CARTESIAN_POINT('',(5.649974414147,0.247751535974,
    -9.900000003289E-02));
#14636 = CARTESIAN_POINT('',(5.649974414147,0.247751535974,-0.1));
#14637 = CARTESIAN_POINT('',(5.650220109296,0.236728417865,
    -9.900000003289E-02));
#14638 = CARTESIAN_POINT('',(5.650220109296,0.236728417865,-0.1));
#14639 = CARTESIAN_POINT('',(5.650701848478,0.21511517914,
    -9.900000003289E-02));
#14640 = CARTESIAN_POINT('',(5.650701848478,0.21511517914,-0.1));
#14641 = CARTESIAN_POINT('',(5.654361221711,0.183420694124,
    -9.900000003289E-02));
#14642 = CARTESIAN_POINT('',(5.654361221711,0.183420694124,-0.1));
#14643 = CARTESIAN_POINT('',(5.660711422636,0.153183187668,
    -9.900000003289E-02));
#14644 = CARTESIAN_POINT('',(5.660711422636,0.153183187668,-0.1));
#14645 = CARTESIAN_POINT('',(5.669374524304,0.124319518342,
    -9.900000003289E-02));
#14646 = CARTESIAN_POINT('',(5.669374524304,0.124319518342,-0.1));
#14647 = CARTESIAN_POINT('',(5.680441528797,9.679621720944E-02,
    -9.900000003289E-02));
#14648 = CARTESIAN_POINT('',(5.680441528797,9.679621720944E-02,-0.1));
#14649 = CARTESIAN_POINT('',(5.694305579798,7.087270511947E-02,
    -9.900000003289E-02));
#14650 = CARTESIAN_POINT('',(5.694305579798,7.087270511947E-02,-0.1));
#14651 = CARTESIAN_POINT('',(5.710484615914,4.626406462583E-02,
    -9.900000003289E-02));
#14652 = CARTESIAN_POINT('',(5.710484615914,4.626406462583E-02,-0.1));
#14653 = CARTESIAN_POINT('',(5.729014550837,2.329232445012E-02,
    -9.900000003289E-02));
#14654 = CARTESIAN_POINT('',(5.729014550837,2.329232445012E-02,-0.1));
#14655 = CARTESIAN_POINT('',(5.74961554531,2.349205448369E-03,
    -9.900000003289E-02));
#14656 = CARTESIAN_POINT('',(5.74961554531,2.349205448369E-03,-0.1));
#14657 = CARTESIAN_POINT('',(5.772155259458,-1.588893667925E-02,
    -9.900000003289E-02));
#14658 = CARTESIAN_POINT('',(5.772155259458,-1.588893667925E-02,-0.1));
#14659 = CARTESIAN_POINT('',(5.796277158241,-3.15632670647E-02,
    -9.900000003289E-02));
#14660 = CARTESIAN_POINT('',(5.796277158241,-3.15632670647E-02,-0.1));
#14661 = CARTESIAN_POINT('',(5.822348897114,-4.393070470958E-02,
    -9.900000003289E-02));
#14662 = CARTESIAN_POINT('',(5.822348897114,-4.393070470958E-02,-0.1));
#14663 = CARTESIAN_POINT('',(5.849922074441,-5.391392063783E-02,
    -9.900000003289E-02));
#14664 = CARTESIAN_POINT('',(5.849922074441,-5.391392063783E-02,-0.1));
#14665 = CARTESIAN_POINT('',(5.879277759275,-6.077115012473E-02,
    -9.900000003289E-02));
#14666 = CARTESIAN_POINT('',(5.879277759275,-6.077115012473E-02,-0.1));
#14667 = CARTESIAN_POINT('',(5.91028411108,-6.514938563375E-02,
    -9.900000003289E-02));
#14668 = CARTESIAN_POINT('',(5.91028411108,-6.514938563375E-02,-0.1));
#14669 = CARTESIAN_POINT('',(5.93155203228,-6.561534174231E-02,
    -9.900000003289E-02));
#14670 = CARTESIAN_POINT('',(5.93155203228,-6.561534174231E-02,-0.1));
#14671 = CARTESIAN_POINT('',(5.942428672822,-6.585363663977E-02,
    -9.900000003289E-02));
#14672 = CARTESIAN_POINT('',(5.942428672822,-6.585363663977E-02,-0.1));
#14673 = ADVANCED_FACE('',(#14674),#14701,.T.);
#14674 = FACE_BOUND('',#14675,.T.);
#14675 = EDGE_LOOP('',(#14676,#14677,#14678,#14700));
#14676 = ORIENTED_EDGE('',*,*,#9854,.F.);
#14677 = ORIENTED_EDGE('',*,*,#14629,.F.);
#14678 = ORIENTED_EDGE('',*,*,#14679,.T.);
#14679 = EDGE_CURVE('',#14606,#9988,#14680,.T.);
#14680 = B_SPLINE_CURVE_WITH_KNOTS('',3,(#14681,#14682,#14683,#14684,
    #14685,#14686,#14687,#14688,#14689,#14690,#14691,#14692,#14693,
    #14694,#14695,#14696,#14697,#14698,#14699),.UNSPECIFIED.,.F.,.F.,(4,
    1,1,1,1,1,1,1,1,1,1,1,1,1,1,1,4),(0.,6.807022544602E-02,
    0.133430431124,0.196150441495,0.257127947319,0.316867312535,
    0.3761731907,0.435947660585,0.496523923289,0.557455399094,
    0.617678272287,0.67793640363,0.738799415387,0.800944863813,
    0.864811629662,0.931023231107,1.),.UNSPECIFIED.);
#14681 = CARTESIAN_POINT('',(5.942428672822,-6.585363663977E-02,
    -9.900000003289E-02));
#14682 = CARTESIAN_POINT('',(5.953761667725,-6.561253629881E-02,
    -9.900000003289E-02));
#14683 = CARTESIAN_POINT('',(5.975976467012,-6.513993433183E-02,
    -9.900000003289E-02));
#14684 = CARTESIAN_POINT('',(6.008389530643,-6.078130986764E-02,
    -9.900000003289E-02));
#14685 = CARTESIAN_POINT('',(6.039142140338,-5.390974885935E-02,
    -9.900000003289E-02));
#14686 = CARTESIAN_POINT('',(6.068057429017,-4.396043009686E-02,
    -9.900000003289E-02));
#14687 = CARTESIAN_POINT('',(6.095405522003,-3.157687968345E-02,
    -9.900000003289E-02));
#14688 = CARTESIAN_POINT('',(6.120788502876,-1.59127540383E-02,
    -9.900000003289E-02));
#14689 = CARTESIAN_POINT('',(6.144571038951,2.288376794286E-03,
    -9.900000003289E-02));
#14690 = CARTESIAN_POINT('',(6.166374168212,2.323374739703E-02,
    -9.900000003289E-02));
#14691 = CARTESIAN_POINT('',(6.185889993238,4.639211936833E-02,
    -9.900000003289E-02));
#14692 = CARTESIAN_POINT('',(6.2032459507,7.115731715343E-02,
    -9.900000003289E-02));
#14693 = CARTESIAN_POINT('',(6.217666580225,9.774034321516E-02,
    -9.900000003289E-02));
#14694 = CARTESIAN_POINT('',(6.229448883003,0.125914628946,
    -9.900000003289E-02));
#14695 = CARTESIAN_POINT('',(6.238803337126,0.155630768962,
    -9.900000003289E-02));
#14696 = CARTESIAN_POINT('',(6.245172323268,0.187017584228,
    -9.900000003289E-02));
#14697 = CARTESIAN_POINT('',(6.249359374496,0.219932419007,
    -9.900000003289E-02));
#14698 = CARTESIAN_POINT('',(6.249766611211,0.242440886416,
    -9.900000003289E-02));
#14699 = CARTESIAN_POINT('',(6.249974394416,0.253925316259,
    -9.900000003289E-02));
#14700 = ORIENTED_EDGE('',*,*,#9987,.T.);
#14701 = B_SPLINE_SURFACE_WITH_KNOTS('',3,1,(
    (#14702,#14703)
    ,(#14704,#14705)
    ,(#14706,#14707)
    ,(#14708,#14709)
    ,(#14710,#14711)
    ,(#14712,#14713)
    ,(#14714,#14715)
    ,(#14716,#14717)
    ,(#14718,#14719)
    ,(#14720,#14721)
    ,(#14722,#14723)
    ,(#14724,#14725)
    ,(#14726,#14727)
    ,(#14728,#14729)
    ,(#14730,#14731)
    ,(#14732,#14733)
    ,(#14734,#14735)
    ,(#14736,#14737)
    ,(#14738,#14739
    )),.UNSPECIFIED.,.F.,.F.,.F.,(4,1,1,1,1,1,1,1,1,1,1,1,1,1,1,1,4),(2,
    2),(0.,6.807022544602E-02,0.133430431124,0.196150441495,
    0.257127947319,0.316867312535,0.3761731907,0.435947660585,
    0.496523923289,0.557455399094,0.617678272287,0.67793640363,
    0.738799415387,0.800944863813,0.864811629662,0.931023231107,1.),(0.,
    1.),.UNSPECIFIED.);
#14702 = CARTESIAN_POINT('',(5.942428672822,-6.585363663977E-02,
    -9.900000003289E-02));
#14703 = CARTESIAN_POINT('',(5.942428672822,-6.585363663977E-02,-0.1));
#14704 = CARTESIAN_POINT('',(5.953761667725,-6.561253629881E-02,
    -9.900000003289E-02));
#14705 = CARTESIAN_POINT('',(5.953761667725,-6.561253629881E-02,-0.1));
#14706 = CARTESIAN_POINT('',(5.975976467012,-6.513993433183E-02,
    -9.900000003289E-02));
#14707 = CARTESIAN_POINT('',(5.975976467012,-6.513993433183E-02,-0.1));
#14708 = CARTESIAN_POINT('',(6.008389530643,-6.078130986764E-02,
    -9.900000003289E-02));
#14709 = CARTESIAN_POINT('',(6.008389530643,-6.078130986764E-02,-0.1));
#14710 = CARTESIAN_POINT('',(6.039142140338,-5.390974885935E-02,
    -9.900000003289E-02));
#14711 = CARTESIAN_POINT('',(6.039142140338,-5.390974885935E-02,-0.1));
#14712 = CARTESIAN_POINT('',(6.068057429017,-4.396043009686E-02,
    -9.900000003289E-02));
#14713 = CARTESIAN_POINT('',(6.068057429017,-4.396043009686E-02,-0.1));
#14714 = CARTESIAN_POINT('',(6.095405522003,-3.157687968345E-02,
    -9.900000003289E-02));
#14715 = CARTESIAN_POINT('',(6.095405522003,-3.157687968345E-02,-0.1));
#14716 = CARTESIAN_POINT('',(6.120788502876,-1.59127540383E-02,
    -9.900000003289E-02));
#14717 = CARTESIAN_POINT('',(6.120788502876,-1.59127540383E-02,-0.1));
#14718 = CARTESIAN_POINT('',(6.144571038951,2.288376794286E-03,
    -9.900000003289E-02));
#14719 = CARTESIAN_POINT('',(6.144571038951,2.288376794286E-03,-0.1));
#14720 = CARTESIAN_POINT('',(6.166374168212,2.323374739703E-02,
    -9.900000003289E-02));
#14721 = CARTESIAN_POINT('',(6.166374168212,2.323374739703E-02,-0.1));
#14722 = CARTESIAN_POINT('',(6.185889993238,4.639211936833E-02,
    -9.900000003289E-02));
#14723 = CARTESIAN_POINT('',(6.185889993238,4.639211936833E-02,-0.1));
#14724 = CARTESIAN_POINT('',(6.2032459507,7.115731715343E-02,
    -9.900000003289E-02));
#14725 = CARTESIAN_POINT('',(6.2032459507,7.115731715343E-02,-0.1));
#14726 = CARTESIAN_POINT('',(6.217666580225,9.774034321516E-02,
    -9.900000003289E-02));
#14727 = CARTESIAN_POINT('',(6.217666580225,9.774034321516E-02,-0.1));
#14728 = CARTESIAN_POINT('',(6.229448883003,0.125914628946,
    -9.900000003289E-02));
#14729 = CARTESIAN_POINT('',(6.229448883003,0.125914628946,-0.1));
#14730 = CARTESIAN_POINT('',(6.238803337126,0.155630768962,
    -9.900000003289E-02));
#14731 = CARTESIAN_POINT('',(6.238803337126,0.155630768962,-0.1));
#14732 = CARTESIAN_POINT('',(6.245172323268,0.187017584228,
    -9.900000003289E-02));
#14733 = CARTESIAN_POINT('',(6.245172323268,0.187017584228,-0.1));
#14734 = CARTESIAN_POINT('',(6.249359374496,0.219932419007,
    -9.900000003289E-02));
#14735 = CARTESIAN_POINT('',(6.249359374496,0.219932419007,-0.1));
#14736 = CARTESIAN_POINT('',(6.249766611211,0.242440886416,
    -9.900000003289E-02));
#14737 = CARTESIAN_POINT('',(6.249766611211,0.242440886416,-0.1));
#14738 = CARTESIAN_POINT('',(6.249974394416,0.253925316259,
    -9.900000003289E-02));
#14739 = CARTESIAN_POINT('',(6.249974394416,0.253925316259,-0.1));
#14740 = ADVANCED_FACE('',(#14741,#14815),#14822,.T.);
#14741 = FACE_BOUND('',#14742,.T.);
#14742 = EDGE_LOOP('',(#14743,#14769,#14793,#14801,#14809));
#14743 = ORIENTED_EDGE('',*,*,#14744,.F.);
#14744 = EDGE_CURVE('',#14745,#14747,#14749,.T.);
#14745 = VERTEX_POINT('',#14746);
#14746 = CARTESIAN_POINT('',(5.94414361179,1.463416559141E-02,
    -9.900000003289E-02));
#14747 = VERTEX_POINT('',#14748);
#14748 = CARTESIAN_POINT('',(5.715828070518,0.248094523768,
    -9.900000003289E-02));
#14749 = B_SPLINE_CURVE_WITH_KNOTS('',3,(#14750,#14751,#14752,#14753,
    #14754,#14755,#14756,#14757,#14758,#14759,#14760,#14761,#14762,
    #14763,#14764,#14765,#14766,#14767,#14768),.UNSPECIFIED.,.F.,.F.,(4,
    1,1,1,1,1,1,1,1,1,1,1,1,1,1,1,4),(0.,7.429619169028E-02,
    0.144378832147,0.210477952163,0.273514610305,0.333790578699,
    0.392333266512,0.449885157851,0.507612406006,0.56525080752,
    0.623187291839,0.681329810989,0.74094001482,0.801876031617,
    0.865255029843,0.930948724944,1.),.UNSPECIFIED.);
#14750 = CARTESIAN_POINT('',(5.94414361179,1.463416559141E-02,
    -9.900000003289E-02));
#14751 = CARTESIAN_POINT('',(5.93495112158,1.483090299575E-02,
    -9.900000003289E-02));
#14752 = CARTESIAN_POINT('',(5.917087473782,1.521322025904E-02,
    -9.900000003289E-02));
#14753 = CARTESIAN_POINT('',(5.891178314806,1.818600372975E-02,
    -9.900000003289E-02));
#14754 = CARTESIAN_POINT('',(5.867008069795,2.317289579871E-02,
    -9.900000003289E-02));
#14755 = CARTESIAN_POINT('',(5.844622081775,3.024670740854E-02,
    -9.900000003289E-02));
#14756 = CARTESIAN_POINT('',(5.823990861199,3.932270163326E-02,
    -9.900000003289E-02));
#14757 = CARTESIAN_POINT('',(5.805073937413,5.030178011657E-02,
    -9.900000003289E-02));
#14758 = CARTESIAN_POINT('',(5.787995938071,6.34700924009E-02,
    -9.900000003289E-02));
#14759 = CARTESIAN_POINT('',(5.772810199182,7.860973475621E-02,
    -9.900000003289E-02));
#14760 = CARTESIAN_POINT('',(5.759418360794,9.54011202725E-02,
    -9.900000003289E-02));
#14761 = CARTESIAN_POINT('',(5.74774166513,0.113484008745,
    -9.900000003289E-02));
#14762 = CARTESIAN_POINT('',(5.737836602711,0.13287030847,
    -9.900000003289E-02));
#14763 = CARTESIAN_POINT('',(5.729737095277,0.153473083069,
    -9.900000003289E-02));
#14764 = CARTESIAN_POINT('',(5.723409602874,0.175363949792,
    -9.900000003289E-02));
#14765 = CARTESIAN_POINT('',(5.719019595272,0.198483127723,
    -9.900000003289E-02));
#14766 = CARTESIAN_POINT('',(5.716346879329,0.222879232637,
    -9.900000003289E-02));
#14767 = CARTESIAN_POINT('',(5.716003855945,0.239550951232,
    -9.900000003289E-02));
#14768 = CARTESIAN_POINT('',(5.715828070518,0.248094523768,
    -9.900000003289E-02));
#14769 = ORIENTED_EDGE('',*,*,#14770,.F.);
#14770 = EDGE_CURVE('',#14771,#14745,#14773,.T.);
#14771 = VERTEX_POINT('',#14772);
#14772 = CARTESIAN_POINT('',(6.184120738045,0.251410072439,
    -9.900000003289E-02));
#14773 = B_SPLINE_CURVE_WITH_KNOTS('',3,(#14774,#14775,#14776,#14777,
    #14778,#14779,#14780,#14781,#14782,#14783,#14784,#14785,#14786,
    #14787,#14788,#14789,#14790,#14791,#14792),.UNSPECIFIED.,.F.,.F.,(4,
    1,1,1,1,1,1,1,1,1,1,1,1,1,1,1,4),(0.,7.08219982341E-02,
    0.138160109658,0.202462254702,0.263956705717,0.323634249907,
    0.381786926327,0.439375658535,0.497106665548,0.554862380228,
    0.612766889486,0.671560049995,0.731673053056,0.794311096852,
    0.859491280295,0.927685996141,1.),.UNSPECIFIED.);
#14774 = CARTESIAN_POINT('',(6.184120738045,0.251410072439,
    -9.900000003289E-02));
#14775 = CARTESIAN_POINT('',(6.183925474524,0.242369459167,
    -9.900000003289E-02));
#14776 = CARTESIAN_POINT('',(6.183544552916,0.224732959884,
    -9.900000003289E-02));
#14777 = CARTESIAN_POINT('',(6.180514827266,0.199032029828,
    -9.900000003289E-02));
#14778 = CARTESIAN_POINT('',(6.175661227115,0.174838356418,
    -9.900000003289E-02));
#14779 = CARTESIAN_POINT('',(6.168812888328,0.152135675501,
    -9.900000003289E-02));
#14780 = CARTESIAN_POINT('',(6.159878804547,0.131016946812,
    -9.900000003289E-02));
#14781 = CARTESIAN_POINT('',(6.148950016412,0.111426030772,
    -9.900000003289E-02));
#14782 = CARTESIAN_POINT('',(6.136061251132,9.337253418304E-02,
    -9.900000003289E-02));
#14783 = CARTESIAN_POINT('',(6.121322128622,7.685494001747E-02,
    -9.900000003289E-02));
#14784 = CARTESIAN_POINT('',(6.104674068639,6.219962878466E-02,
    -9.900000003289E-02));
#14785 = CARTESIAN_POINT('',(6.086380875408,4.942600073155E-02,
    -9.900000003289E-02));
#14786 = CARTESIAN_POINT('',(6.066491749344,3.867367711763E-02,
    -9.900000003289E-02));
#14787 = CARTESIAN_POINT('',(6.04504415532,2.979856470489E-02,
    -9.900000003289E-02));
#14788 = CARTESIAN_POINT('',(6.02200071772,2.300689792082E-02,
    -9.900000003289E-02));
#14789 = CARTESIAN_POINT('',(5.997443183607,1.808628700003E-02,
    -9.900000003289E-02));
#14790 = CARTESIAN_POINT('',(5.971306467062,1.524353328183E-02,
    -9.900000003289E-02));
#14791 = CARTESIAN_POINT('',(5.953373147002,1.484121969155E-02,
    -9.900000003289E-02));
#14792 = CARTESIAN_POINT('',(5.94414361179,1.463416559141E-02,
    -9.900000003289E-02));
#14793 = ORIENTED_EDGE('',*,*,#14794,.F.);
#14794 = EDGE_CURVE('',#14795,#14771,#14797,.T.);
#14795 = VERTEX_POINT('',#14796);
#14796 = CARTESIAN_POINT('',(6.184120738045,0.336585374516,
    -9.900000003289E-02));
#14797 = LINE('',#14798,#14799);
#14798 = CARTESIAN_POINT('',(6.184120738045,0.336585374516,
    -9.900000003289E-02));
#14799 = VECTOR('',#14800,1.);
#14800 = DIRECTION('',(0.,-1.,0.));
#14801 = ORIENTED_EDGE('',*,*,#14802,.F.);
#14802 = EDGE_CURVE('',#14803,#14795,#14805,.T.);
#14803 = VERTEX_POINT('',#14804);
#14804 = CARTESIAN_POINT('',(5.715828070518,0.336585374516,
    -9.900000003289E-02));
#14805 = LINE('',#14806,#14807);
#14806 = CARTESIAN_POINT('',(5.715828070518,0.336585374516,
    -9.900000003289E-02));
#14807 = VECTOR('',#14808,1.);
#14808 = DIRECTION('',(1.,0.,6.982962677686E-15));
#14809 = ORIENTED_EDGE('',*,*,#14810,.F.);
#14810 = EDGE_CURVE('',#14747,#14803,#14811,.T.);
#14811 = LINE('',#14812,#14813);
#14812 = CARTESIAN_POINT('',(5.715828070518,0.248094523768,
    -9.900000003289E-02));
#14813 = VECTOR('',#14814,1.);
#14814 = DIRECTION('',(0.,1.,0.));
#14815 = FACE_BOUND('',#14816,.T.);
#14816 = EDGE_LOOP('',(#14817,#14818,#14819,#14820,#14821));
#14817 = ORIENTED_EDGE('',*,*,#9995,.F.);
#14818 = ORIENTED_EDGE('',*,*,#14679,.F.);
#14819 = ORIENTED_EDGE('',*,*,#14605,.F.);
#14820 = ORIENTED_EDGE('',*,*,#14581,.F.);
#14821 = ORIENTED_EDGE('',*,*,#14557,.F.);
#14822 = PLANE('',#14823);
#14823 = AXIS2_PLACEMENT_3D('',#14824,#14825,#14826);
#14824 = CARTESIAN_POINT('',(5.72779025437,2.540986699168E-02,
    -9.900000003289E-02));
#14825 = DIRECTION('',(6.982962677706E-15,1.297766495289E-27,-1.));
#14826 = DIRECTION('',(-1.,0.,-6.982962677706E-15));
#14827 = ADVANCED_FACE('',(#14828),#14853,.T.);
#14828 = FACE_BOUND('',#14829,.T.);
#14829 = EDGE_LOOP('',(#14830,#14840,#14846,#14847));
#14830 = ORIENTED_EDGE('',*,*,#14831,.F.);
#14831 = EDGE_CURVE('',#14832,#14834,#14836,.T.);
#14832 = VERTEX_POINT('',#14833);
#14833 = CARTESIAN_POINT('',(5.715828070518,0.248094523768,-0.1));
#14834 = VERTEX_POINT('',#14835);
#14835 = CARTESIAN_POINT('',(5.715828070518,0.336585374516,-0.1));
#14836 = LINE('',#14837,#14838);
#14837 = CARTESIAN_POINT('',(5.715828070518,0.248094523768,-0.1));
#14838 = VECTOR('',#14839,1.);
#14839 = DIRECTION('',(0.,1.,0.));
#14840 = ORIENTED_EDGE('',*,*,#14841,.F.);
#14841 = EDGE_CURVE('',#14747,#14832,#14842,.T.);
#14842 = LINE('',#14843,#14844);
#14843 = CARTESIAN_POINT('',(5.715828070518,0.248094523768,
    -9.900000003289E-02));
#14844 = VECTOR('',#14845,1.);
#14845 = DIRECTION('',(0.,0.,-1.));
#14846 = ORIENTED_EDGE('',*,*,#14810,.T.);
#14847 = ORIENTED_EDGE('',*,*,#14848,.T.);
#14848 = EDGE_CURVE('',#14803,#14834,#14849,.T.);
#14849 = LINE('',#14850,#14851);
#14850 = CARTESIAN_POINT('',(5.715828070518,0.336585374516,
    -9.900000003289E-02));
#14851 = VECTOR('',#14852,1.);
#14852 = DIRECTION('',(0.,0.,-1.));
#14853 = PLANE('',#14854);
#14854 = AXIS2_PLACEMENT_3D('',#14855,#14856,#14857);
#14855 = CARTESIAN_POINT('',(5.715828070518,0.248094523768,
    -9.900000003289E-02));
#14856 = DIRECTION('',(-1.,0.,0.));
#14857 = DIRECTION('',(0.,0.,1.));
#14858 = ADVANCED_FACE('',(#14859),#14893,.T.);
#14859 = FACE_BOUND('',#14860,.T.);
#14860 = EDGE_LOOP('',(#14861,#14885,#14891,#14892));
#14861 = ORIENTED_EDGE('',*,*,#14862,.F.);
#14862 = EDGE_CURVE('',#14863,#14832,#14865,.T.);
#14863 = VERTEX_POINT('',#14864);
#14864 = CARTESIAN_POINT('',(5.94414361179,1.463416559141E-02,-0.1));
#14865 = B_SPLINE_CURVE_WITH_KNOTS('',3,(#14866,#14867,#14868,#14869,
    #14870,#14871,#14872,#14873,#14874,#14875,#14876,#14877,#14878,
    #14879,#14880,#14881,#14882,#14883,#14884),.UNSPECIFIED.,.F.,.F.,(4,
    1,1,1,1,1,1,1,1,1,1,1,1,1,1,1,4),(0.,7.429619169028E-02,
    0.144378832147,0.210477952163,0.273514610305,0.333790578699,
    0.392333266512,0.449885157851,0.507612406006,0.56525080752,
    0.623187291839,0.681329810989,0.74094001482,0.801876031617,
    0.865255029843,0.930948724944,1.),.UNSPECIFIED.);
#14866 = CARTESIAN_POINT('',(5.94414361179,1.463416559141E-02,-0.1));
#14867 = CARTESIAN_POINT('',(5.93495112158,1.483090299575E-02,-0.1));
#14868 = CARTESIAN_POINT('',(5.917087473782,1.521322025904E-02,-0.1));
#14869 = CARTESIAN_POINT('',(5.891178314806,1.818600372975E-02,-0.1));
#14870 = CARTESIAN_POINT('',(5.867008069795,2.317289579871E-02,-0.1));
#14871 = CARTESIAN_POINT('',(5.844622081775,3.024670740854E-02,-0.1));
#14872 = CARTESIAN_POINT('',(5.823990861199,3.932270163326E-02,-0.1));
#14873 = CARTESIAN_POINT('',(5.805073937413,5.030178011657E-02,-0.1));
#14874 = CARTESIAN_POINT('',(5.787995938071,6.34700924009E-02,-0.1));
#14875 = CARTESIAN_POINT('',(5.772810199182,7.860973475621E-02,-0.1));
#14876 = CARTESIAN_POINT('',(5.759418360794,9.54011202725E-02,-0.1));
#14877 = CARTESIAN_POINT('',(5.74774166513,0.113484008745,-0.1));
#14878 = CARTESIAN_POINT('',(5.737836602711,0.13287030847,-0.1));
#14879 = CARTESIAN_POINT('',(5.729737095277,0.153473083069,-0.1));
#14880 = CARTESIAN_POINT('',(5.723409602874,0.175363949792,-0.1));
#14881 = CARTESIAN_POINT('',(5.719019595272,0.198483127723,-0.1));
#14882 = CARTESIAN_POINT('',(5.716346879329,0.222879232637,-0.1));
#14883 = CARTESIAN_POINT('',(5.716003855945,0.239550951232,-0.1));
#14884 = CARTESIAN_POINT('',(5.715828070518,0.248094523768,-0.1));
#14885 = ORIENTED_EDGE('',*,*,#14886,.F.);
#14886 = EDGE_CURVE('',#14745,#14863,#14887,.T.);
#14887 = LINE('',#14888,#14889);
#14888 = CARTESIAN_POINT('',(5.94414361179,1.463416559141E-02,
    -9.900000003289E-02));
#14889 = VECTOR('',#14890,1.);
#14890 = DIRECTION('',(0.,0.,-1.));
#14891 = ORIENTED_EDGE('',*,*,#14744,.T.);
#14892 = ORIENTED_EDGE('',*,*,#14841,.T.);
#14893 = B_SPLINE_SURFACE_WITH_KNOTS('',3,1,(
    (#14894,#14895)
    ,(#14896,#14897)
    ,(#14898,#14899)
    ,(#14900,#14901)
    ,(#14902,#14903)
    ,(#14904,#14905)
    ,(#14906,#14907)
    ,(#14908,#14909)
    ,(#14910,#14911)
    ,(#14912,#14913)
    ,(#14914,#14915)
    ,(#14916,#14917)
    ,(#14918,#14919)
    ,(#14920,#14921)
    ,(#14922,#14923)
    ,(#14924,#14925)
    ,(#14926,#14927)
    ,(#14928,#14929)
    ,(#14930,#14931
    )),.UNSPECIFIED.,.F.,.F.,.F.,(4,1,1,1,1,1,1,1,1,1,1,1,1,1,1,1,4),(2,
    2),(0.,7.429619169028E-02,0.144378832147,0.210477952163,
    0.273514610305,0.333790578699,0.392333266512,0.449885157851,
    0.507612406006,0.56525080752,0.623187291839,0.681329810989,
    0.74094001482,0.801876031617,0.865255029843,0.930948724944,1.),(0.,
    1.),.UNSPECIFIED.);
#14894 = CARTESIAN_POINT('',(5.94414361179,1.463416559141E-02,
    -9.900000003289E-02));
#14895 = CARTESIAN_POINT('',(5.94414361179,1.463416559141E-02,-0.1));
#14896 = CARTESIAN_POINT('',(5.93495112158,1.483090299575E-02,
    -9.900000003289E-02));
#14897 = CARTESIAN_POINT('',(5.93495112158,1.483090299575E-02,-0.1));
#14898 = CARTESIAN_POINT('',(5.917087473782,1.521322025904E-02,
    -9.900000003289E-02));
#14899 = CARTESIAN_POINT('',(5.917087473782,1.521322025904E-02,-0.1));
#14900 = CARTESIAN_POINT('',(5.891178314806,1.818600372975E-02,
    -9.900000003289E-02));
#14901 = CARTESIAN_POINT('',(5.891178314806,1.818600372975E-02,-0.1));
#14902 = CARTESIAN_POINT('',(5.867008069795,2.317289579871E-02,
    -9.900000003289E-02));
#14903 = CARTESIAN_POINT('',(5.867008069795,2.317289579871E-02,-0.1));
#14904 = CARTESIAN_POINT('',(5.844622081775,3.024670740854E-02,
    -9.900000003289E-02));
#14905 = CARTESIAN_POINT('',(5.844622081775,3.024670740854E-02,-0.1));
#14906 = CARTESIAN_POINT('',(5.823990861199,3.932270163326E-02,
    -9.900000003289E-02));
#14907 = CARTESIAN_POINT('',(5.823990861199,3.932270163326E-02,-0.1));
#14908 = CARTESIAN_POINT('',(5.805073937413,5.030178011657E-02,
    -9.900000003289E-02));
#14909 = CARTESIAN_POINT('',(5.805073937413,5.030178011657E-02,-0.1));
#14910 = CARTESIAN_POINT('',(5.787995938071,6.34700924009E-02,
    -9.900000003289E-02));
#14911 = CARTESIAN_POINT('',(5.787995938071,6.34700924009E-02,-0.1));
#14912 = CARTESIAN_POINT('',(5.772810199182,7.860973475621E-02,
    -9.900000003289E-02));
#14913 = CARTESIAN_POINT('',(5.772810199182,7.860973475621E-02,-0.1));
#14914 = CARTESIAN_POINT('',(5.759418360794,9.54011202725E-02,
    -9.900000003289E-02));
#14915 = CARTESIAN_POINT('',(5.759418360794,9.54011202725E-02,-0.1));
#14916 = CARTESIAN_POINT('',(5.74774166513,0.113484008745,
    -9.900000003289E-02));
#14917 = CARTESIAN_POINT('',(5.74774166513,0.113484008745,-0.1));
#14918 = CARTESIAN_POINT('',(5.737836602711,0.13287030847,
    -9.900000003289E-02));
#14919 = CARTESIAN_POINT('',(5.737836602711,0.13287030847,-0.1));
#14920 = CARTESIAN_POINT('',(5.729737095277,0.153473083069,
    -9.900000003289E-02));
#14921 = CARTESIAN_POINT('',(5.729737095277,0.153473083069,-0.1));
#14922 = CARTESIAN_POINT('',(5.723409602874,0.175363949792,
    -9.900000003289E-02));
#14923 = CARTESIAN_POINT('',(5.723409602874,0.175363949792,-0.1));
#14924 = CARTESIAN_POINT('',(5.719019595272,0.198483127723,
    -9.900000003289E-02));
#14925 = CARTESIAN_POINT('',(5.719019595272,0.198483127723,-0.1));
#14926 = CARTESIAN_POINT('',(5.716346879329,0.222879232637,
    -9.900000003289E-02));
#14927 = CARTESIAN_POINT('',(5.716346879329,0.222879232637,-0.1));
#14928 = CARTESIAN_POINT('',(5.716003855945,0.239550951232,
    -9.900000003289E-02));
#14929 = CARTESIAN_POINT('',(5.716003855945,0.239550951232,-0.1));
#14930 = CARTESIAN_POINT('',(5.715828070518,0.248094523768,
    -9.900000003289E-02));
#14931 = CARTESIAN_POINT('',(5.715828070518,0.248094523768,-0.1));
#14932 = ADVANCED_FACE('',(#14933),#14967,.T.);
#14933 = FACE_BOUND('',#14934,.T.);
#14934 = EDGE_LOOP('',(#14935,#14959,#14965,#14966));
#14935 = ORIENTED_EDGE('',*,*,#14936,.F.);
#14936 = EDGE_CURVE('',#14937,#14863,#14939,.T.);
#14937 = VERTEX_POINT('',#14938);
#14938 = CARTESIAN_POINT('',(6.184120738045,0.251410072439,-0.1));
#14939 = B_SPLINE_CURVE_WITH_KNOTS('',3,(#14940,#14941,#14942,#14943,
    #14944,#14945,#14946,#14947,#14948,#14949,#14950,#14951,#14952,
    #14953,#14954,#14955,#14956,#14957,#14958),.UNSPECIFIED.,.F.,.F.,(4,
    1,1,1,1,1,1,1,1,1,1,1,1,1,1,1,4),(0.,7.08219982341E-02,
    0.138160109658,0.202462254702,0.263956705717,0.323634249907,
    0.381786926327,0.439375658535,0.497106665548,0.554862380228,
    0.612766889486,0.671560049995,0.731673053056,0.794311096852,
    0.859491280295,0.927685996141,1.),.UNSPECIFIED.);
#14940 = CARTESIAN_POINT('',(6.184120738045,0.251410072439,-0.1));
#14941 = CARTESIAN_POINT('',(6.183925474524,0.242369459167,-0.1));
#14942 = CARTESIAN_POINT('',(6.183544552916,0.224732959884,-0.1));
#14943 = CARTESIAN_POINT('',(6.180514827266,0.199032029828,-0.1));
#14944 = CARTESIAN_POINT('',(6.175661227115,0.174838356418,-0.1));
#14945 = CARTESIAN_POINT('',(6.168812888328,0.152135675501,-0.1));
#14946 = CARTESIAN_POINT('',(6.159878804547,0.131016946812,-0.1));
#14947 = CARTESIAN_POINT('',(6.148950016412,0.111426030772,-0.1));
#14948 = CARTESIAN_POINT('',(6.136061251132,9.337253418304E-02,-0.1));
#14949 = CARTESIAN_POINT('',(6.121322128622,7.685494001747E-02,-0.1));
#14950 = CARTESIAN_POINT('',(6.104674068639,6.219962878466E-02,-0.1));
#14951 = CARTESIAN_POINT('',(6.086380875408,4.942600073155E-02,-0.1));
#14952 = CARTESIAN_POINT('',(6.066491749344,3.867367711763E-02,-0.1));
#14953 = CARTESIAN_POINT('',(6.04504415532,2.979856470489E-02,-0.1));
#14954 = CARTESIAN_POINT('',(6.02200071772,2.300689792082E-02,-0.1));
#14955 = CARTESIAN_POINT('',(5.997443183607,1.808628700003E-02,-0.1));
#14956 = CARTESIAN_POINT('',(5.971306467062,1.524353328183E-02,-0.1));
#14957 = CARTESIAN_POINT('',(5.953373147002,1.484121969155E-02,-0.1));
#14958 = CARTESIAN_POINT('',(5.94414361179,1.463416559141E-02,-0.1));
#14959 = ORIENTED_EDGE('',*,*,#14960,.F.);
#14960 = EDGE_CURVE('',#14771,#14937,#14961,.T.);
#14961 = LINE('',#14962,#14963);
#14962 = CARTESIAN_POINT('',(6.184120738045,0.251410072439,
    -9.900000003289E-02));
#14963 = VECTOR('',#14964,1.);
#14964 = DIRECTION('',(0.,0.,-1.));
#14965 = ORIENTED_EDGE('',*,*,#14770,.T.);
#14966 = ORIENTED_EDGE('',*,*,#14886,.T.);
#14967 = B_SPLINE_SURFACE_WITH_KNOTS('',3,1,(
    (#14968,#14969)
    ,(#14970,#14971)
    ,(#14972,#14973)
    ,(#14974,#14975)
    ,(#14976,#14977)
    ,(#14978,#14979)
    ,(#14980,#14981)
    ,(#14982,#14983)
    ,(#14984,#14985)
    ,(#14986,#14987)
    ,(#14988,#14989)
    ,(#14990,#14991)
    ,(#14992,#14993)
    ,(#14994,#14995)
    ,(#14996,#14997)
    ,(#14998,#14999)
    ,(#15000,#15001)
    ,(#15002,#15003)
    ,(#15004,#15005
    )),.UNSPECIFIED.,.F.,.F.,.F.,(4,1,1,1,1,1,1,1,1,1,1,1,1,1,1,1,4),(2,
    2),(0.,7.08219982341E-02,0.138160109658,0.202462254702,
    0.263956705717,0.323634249907,0.381786926327,0.439375658535,
    0.497106665548,0.554862380228,0.612766889486,0.671560049995,
    0.731673053056,0.794311096852,0.859491280295,0.927685996141,1.),(0.,
    1.),.UNSPECIFIED.);
#14968 = CARTESIAN_POINT('',(6.184120738045,0.251410072439,
    -9.900000003289E-02));
#14969 = CARTESIAN_POINT('',(6.184120738045,0.251410072439,-0.1));
#14970 = CARTESIAN_POINT('',(6.183925474524,0.242369459167,
    -9.900000003289E-02));
#14971 = CARTESIAN_POINT('',(6.183925474524,0.242369459167,-0.1));
#14972 = CARTESIAN_POINT('',(6.183544552916,0.224732959884,
    -9.900000003289E-02));
#14973 = CARTESIAN_POINT('',(6.183544552916,0.224732959884,-0.1));
#14974 = CARTESIAN_POINT('',(6.180514827266,0.199032029828,
    -9.900000003289E-02));
#14975 = CARTESIAN_POINT('',(6.180514827266,0.199032029828,-0.1));
#14976 = CARTESIAN_POINT('',(6.175661227115,0.174838356418,
    -9.900000003289E-02));
#14977 = CARTESIAN_POINT('',(6.175661227115,0.174838356418,-0.1));
#14978 = CARTESIAN_POINT('',(6.168812888328,0.152135675501,
    -9.900000003289E-02));
#14979 = CARTESIAN_POINT('',(6.168812888328,0.152135675501,-0.1));
#14980 = CARTESIAN_POINT('',(6.159878804547,0.131016946812,
    -9.900000003289E-02));
#14981 = CARTESIAN_POINT('',(6.159878804547,0.131016946812,-0.1));
#14982 = CARTESIAN_POINT('',(6.148950016412,0.111426030772,
    -9.900000003289E-02));
#14983 = CARTESIAN_POINT('',(6.148950016412,0.111426030772,-0.1));
#14984 = CARTESIAN_POINT('',(6.136061251132,9.337253418304E-02,
    -9.900000003289E-02));
#14985 = CARTESIAN_POINT('',(6.136061251132,9.337253418304E-02,-0.1));
#14986 = CARTESIAN_POINT('',(6.121322128622,7.685494001747E-02,
    -9.900000003289E-02));
#14987 = CARTESIAN_POINT('',(6.121322128622,7.685494001747E-02,-0.1));
#14988 = CARTESIAN_POINT('',(6.104674068639,6.219962878466E-02,
    -9.900000003289E-02));
#14989 = CARTESIAN_POINT('',(6.104674068639,6.219962878466E-02,-0.1));
#14990 = CARTESIAN_POINT('',(6.086380875408,4.942600073155E-02,
    -9.900000003289E-02));
#14991 = CARTESIAN_POINT('',(6.086380875408,4.942600073155E-02,-0.1));
#14992 = CARTESIAN_POINT('',(6.066491749344,3.867367711763E-02,
    -9.900000003289E-02));
#14993 = CARTESIAN_POINT('',(6.066491749344,3.867367711763E-02,-0.1));
#14994 = CARTESIAN_POINT('',(6.04504415532,2.979856470489E-02,
    -9.900000003289E-02));
#14995 = CARTESIAN_POINT('',(6.04504415532,2.979856470489E-02,-0.1));
#14996 = CARTESIAN_POINT('',(6.02200071772,2.300689792082E-02,
    -9.900000003289E-02));
#14997 = CARTESIAN_POINT('',(6.02200071772,2.300689792082E-02,-0.1));
#14998 = CARTESIAN_POINT('',(5.997443183607,1.808628700003E-02,
    -9.900000003289E-02));
#14999 = CARTESIAN_POINT('',(5.997443183607,1.808628700003E-02,-0.1));
#15000 = CARTESIAN_POINT('',(5.971306467062,1.524353328183E-02,
    -9.900000003289E-02));
#15001 = CARTESIAN_POINT('',(5.971306467062,1.524353328183E-02,-0.1));
#15002 = CARTESIAN_POINT('',(5.953373147002,1.484121969155E-02,
    -9.900000003289E-02));
#15003 = CARTESIAN_POINT('',(5.953373147002,1.484121969155E-02,-0.1));
#15004 = CARTESIAN_POINT('',(5.94414361179,1.463416559141E-02,
    -9.900000003289E-02));
#15005 = CARTESIAN_POINT('',(5.94414361179,1.463416559141E-02,-0.1));
#15006 = ADVANCED_FACE('',(#15007),#15025,.T.);
#15007 = FACE_BOUND('',#15008,.T.);
#15008 = EDGE_LOOP('',(#15009,#15017,#15023,#15024));
#15009 = ORIENTED_EDGE('',*,*,#15010,.F.);
#15010 = EDGE_CURVE('',#15011,#14937,#15013,.T.);
#15011 = VERTEX_POINT('',#15012);
#15012 = CARTESIAN_POINT('',(6.184120738045,0.336585374516,-0.1));
#15013 = LINE('',#15014,#15015);
#15014 = CARTESIAN_POINT('',(6.184120738045,0.336585374516,-0.1));
#15015 = VECTOR('',#15016,1.);
#15016 = DIRECTION('',(0.,-1.,0.));
#15017 = ORIENTED_EDGE('',*,*,#15018,.F.);
#15018 = EDGE_CURVE('',#14795,#15011,#15019,.T.);
#15019 = LINE('',#15020,#15021);
#15020 = CARTESIAN_POINT('',(6.184120738045,0.336585374516,
    -9.900000003289E-02));
#15021 = VECTOR('',#15022,1.);
#15022 = DIRECTION('',(0.,0.,-1.));
#15023 = ORIENTED_EDGE('',*,*,#14794,.T.);
#15024 = ORIENTED_EDGE('',*,*,#14960,.T.);
#15025 = PLANE('',#15026);
#15026 = AXIS2_PLACEMENT_3D('',#15027,#15028,#15029);
#15027 = CARTESIAN_POINT('',(6.184120738045,0.336585374516,
    -9.900000003289E-02));
#15028 = DIRECTION('',(1.,0.,0.));
#15029 = DIRECTION('',(0.,0.,-1.));
#15030 = ADVANCED_FACE('',(#15031),#15042,.T.);
#15031 = FACE_BOUND('',#15032,.T.);
#15032 = EDGE_LOOP('',(#15033,#15039,#15040,#15041));
#15033 = ORIENTED_EDGE('',*,*,#15034,.F.);
#15034 = EDGE_CURVE('',#14834,#15011,#15035,.T.);
#15035 = LINE('',#15036,#15037);
#15036 = CARTESIAN_POINT('',(5.715828070518,0.336585374516,-0.1));
#15037 = VECTOR('',#15038,1.);
#15038 = DIRECTION('',(1.,0.,6.982962677686E-15));
#15039 = ORIENTED_EDGE('',*,*,#14848,.F.);
#15040 = ORIENTED_EDGE('',*,*,#14802,.T.);
#15041 = ORIENTED_EDGE('',*,*,#15018,.T.);
#15042 = PLANE('',#15043);
#15043 = AXIS2_PLACEMENT_3D('',#15044,#15045,#15046);
#15044 = CARTESIAN_POINT('',(5.715828070518,0.336585374516,
    -9.900000003289E-02));
#15045 = DIRECTION('',(0.,1.,0.));
#15046 = DIRECTION('',(0.,0.,1.));
#15047 = ADVANCED_FACE('',(#15048),#15066,.T.);
#15048 = FACE_BOUND('',#15049,.T.);
#15049 = EDGE_LOOP('',(#15050,#15051,#15059,#15065));
#15050 = ORIENTED_EDGE('',*,*,#9441,.F.);
#15051 = ORIENTED_EDGE('',*,*,#15052,.F.);
#15052 = EDGE_CURVE('',#15053,#9442,#15055,.T.);
#15053 = VERTEX_POINT('',#15054);
#15054 = CARTESIAN_POINT('',(5.649974414147,-0.417073137285,
    -9.900000003289E-02));
#15055 = LINE('',#15056,#15057);
#15056 = CARTESIAN_POINT('',(5.649974414147,-0.417073137285,
    -9.900000003289E-02));
#15057 = VECTOR('',#15058,1.);
#15058 = DIRECTION('',(0.,0.,-1.));
#15059 = ORIENTED_EDGE('',*,*,#15060,.T.);
#15060 = EDGE_CURVE('',#15053,#9942,#15061,.T.);
#15061 = LINE('',#15062,#15063);
#15062 = CARTESIAN_POINT('',(5.649974414147,-0.417073137285,
    -9.900000003289E-02));
#15063 = VECTOR('',#15064,1.);
#15064 = DIRECTION('',(0.931577619485,-0.363542485653,6.505171748232E-15
    ));
#15065 = ORIENTED_EDGE('',*,*,#9941,.T.);
#15066 = PLANE('',#15067);
#15067 = AXIS2_PLACEMENT_3D('',#15068,#15069,#15070);
#15068 = CARTESIAN_POINT('',(5.649974414147,-0.417073137285,
    -9.900000003289E-02));
#15069 = DIRECTION('',(0.363542485653,0.931577619485,0.));
#15070 = DIRECTION('',(-0.931577619485,0.363542485653,0.));
#15071 = ADVANCED_FACE('',(#15072),#15090,.T.);
#15072 = FACE_BOUND('',#15073,.T.);
#15073 = EDGE_LOOP('',(#15074,#15075,#15076,#15084));
#15074 = ORIENTED_EDGE('',*,*,#9401,.F.);
#15075 = ORIENTED_EDGE('',*,*,#9957,.F.);
#15076 = ORIENTED_EDGE('',*,*,#15077,.T.);
#15077 = EDGE_CURVE('',#9950,#15078,#15080,.T.);
#15078 = VERTEX_POINT('',#15079);
#15079 = CARTESIAN_POINT('',(6.081681717023,-0.50270575642,
    -9.900000003289E-02));
#15080 = LINE('',#15081,#15082);
#15081 = CARTESIAN_POINT('',(6.249974394416,-0.563414595887,
    -9.900000003289E-02));
#15082 = VECTOR('',#15083,1.);
#15083 = DIRECTION('',(-0.940667260544,0.339330377275,
    -6.568644372497E-15));
#15084 = ORIENTED_EDGE('',*,*,#15085,.T.);
#15085 = EDGE_CURVE('',#15078,#9404,#15086,.T.);
#15086 = LINE('',#15087,#15088);
#15087 = CARTESIAN_POINT('',(6.081681717023,-0.50270575642,
    -9.900000003289E-02));
#15088 = VECTOR('',#15089,1.);
#15089 = DIRECTION('',(0.,0.,-1.));
#15090 = PLANE('',#15091);
#15091 = AXIS2_PLACEMENT_3D('',#15092,#15093,#15094);
#15092 = CARTESIAN_POINT('',(6.249974394416,-0.563414595887,
    -9.900000003289E-02));
#15093 = DIRECTION('',(-0.339330377275,-0.940667260544,0.));
#15094 = DIRECTION('',(0.940667260544,-0.339330377275,0.));
#15095 = ADVANCED_FACE('',(#15096),#15114,.T.);
#15096 = FACE_BOUND('',#15097,.T.);
#15097 = EDGE_LOOP('',(#15098,#15099,#15100,#15108));
#15098 = ORIENTED_EDGE('',*,*,#9411,.F.);
#15099 = ORIENTED_EDGE('',*,*,#15085,.F.);
#15100 = ORIENTED_EDGE('',*,*,#15101,.T.);
#15101 = EDGE_CURVE('',#15078,#15102,#15104,.T.);
#15102 = VERTEX_POINT('',#15103);
#15103 = CARTESIAN_POINT('',(6.081681717023,-0.254839910913,
    -9.900000003289E-02));
#15104 = LINE('',#15105,#15106);
#15105 = CARTESIAN_POINT('',(6.081681717023,-0.50270575642,
    -9.900000003289E-02));
#15106 = VECTOR('',#15107,1.);
#15107 = DIRECTION('',(0.,1.,0.));
#15108 = ORIENTED_EDGE('',*,*,#15109,.T.);
#15109 = EDGE_CURVE('',#15102,#9412,#15110,.T.);
#15110 = LINE('',#15111,#15112);
#15111 = CARTESIAN_POINT('',(6.081681717023,-0.254839910913,
    -9.900000003289E-02));
#15112 = VECTOR('',#15113,1.);
#15113 = DIRECTION('',(0.,0.,-1.));
#15114 = PLANE('',#15115);
#15115 = AXIS2_PLACEMENT_3D('',#15116,#15117,#15118);
#15116 = CARTESIAN_POINT('',(6.081681717023,-0.50270575642,
    -9.900000003289E-02));
#15117 = DIRECTION('',(-1.,0.,0.));
#15118 = DIRECTION('',(0.,0.,1.));
#15119 = ADVANCED_FACE('',(#15120),#15131,.T.);
#15120 = FACE_BOUND('',#15121,.T.);
#15121 = EDGE_LOOP('',(#15122,#15123,#15124,#15130));
#15122 = ORIENTED_EDGE('',*,*,#9419,.F.);
#15123 = ORIENTED_EDGE('',*,*,#15109,.F.);
#15124 = ORIENTED_EDGE('',*,*,#15125,.T.);
#15125 = EDGE_CURVE('',#15102,#9965,#15126,.T.);
#15126 = LINE('',#15127,#15128);
#15127 = CARTESIAN_POINT('',(6.081681717023,-0.254839910913,
    -9.900000003289E-02));
#15128 = VECTOR('',#15129,1.);
#15129 = DIRECTION('',(0.946670776072,0.322202485606,6.610566697369E-15)
  );
#15130 = ORIENTED_EDGE('',*,*,#9964,.T.);
#15131 = PLANE('',#15132);
#15132 = AXIS2_PLACEMENT_3D('',#15133,#15134,#15135);
#15133 = CARTESIAN_POINT('',(6.081681717023,-0.254839910913,
    -9.900000003289E-02));
#15134 = DIRECTION('',(-0.322202485606,0.946670776072,0.));
#15135 = DIRECTION('',(-0.946670776072,-0.322202485606,0.));
#15136 = ADVANCED_FACE('',(#15137),#15155,.T.);
#15137 = FACE_BOUND('',#15138,.T.);
#15138 = EDGE_LOOP('',(#15139,#15140,#15141,#15149));
#15139 = ORIENTED_EDGE('',*,*,#9886,.F.);
#15140 = ORIENTED_EDGE('',*,*,#9980,.F.);
#15141 = ORIENTED_EDGE('',*,*,#15142,.T.);
#15142 = EDGE_CURVE('',#9973,#15143,#15145,.T.);
#15143 = VERTEX_POINT('',#15144);
#15144 = CARTESIAN_POINT('',(5.649974414147,-0.336585335054,
    -9.900000003289E-02));
#15145 = LINE('',#15146,#15147);
#15146 = CARTESIAN_POINT('',(6.249974394416,-0.10975607422,
    -9.900000003289E-02));
#15147 = VECTOR('',#15148,1.);
#15148 = DIRECTION('',(-0.93538826358,-0.353622392329,
    -6.531781333726E-15));
#15149 = ORIENTED_EDGE('',*,*,#15150,.T.);
#15150 = EDGE_CURVE('',#15143,#9887,#15151,.T.);
#15151 = LINE('',#15152,#15153);
#15152 = CARTESIAN_POINT('',(5.649974414147,-0.336585335054,
    -9.900000003289E-02));
#15153 = VECTOR('',#15154,1.);
#15154 = DIRECTION('',(0.,0.,-1.));
#15155 = PLANE('',#15156);
#15156 = AXIS2_PLACEMENT_3D('',#15157,#15158,#15159);
#15157 = CARTESIAN_POINT('',(6.249974394416,-0.10975607422,
    -9.900000003289E-02));
#15158 = DIRECTION('',(0.353622392329,-0.93538826358,0.));
#15159 = DIRECTION('',(0.93538826358,0.353622392329,0.));
#15160 = ADVANCED_FACE('',(#15161),#15172,.T.);
#15161 = FACE_BOUND('',#15162,.T.);
#15162 = EDGE_LOOP('',(#15163,#15164,#15165,#15171));
#15163 = ORIENTED_EDGE('',*,*,#9894,.F.);
#15164 = ORIENTED_EDGE('',*,*,#15150,.F.);
#15165 = ORIENTED_EDGE('',*,*,#15166,.T.);
#15166 = EDGE_CURVE('',#15143,#15053,#15167,.T.);
#15167 = LINE('',#15168,#15169);
#15168 = CARTESIAN_POINT('',(5.649974414147,-0.336585335054,
    -9.900000003289E-02));
#15169 = VECTOR('',#15170,1.);
#15170 = DIRECTION('',(0.,-1.,0.));
#15171 = ORIENTED_EDGE('',*,*,#15052,.T.);
#15172 = PLANE('',#15173);
#15173 = AXIS2_PLACEMENT_3D('',#15174,#15175,#15176);
#15174 = CARTESIAN_POINT('',(5.649974414147,-0.336585335054,
    -9.900000003289E-02));
#15175 = DIRECTION('',(1.,0.,0.));
#15176 = DIRECTION('',(0.,0.,-1.));
#15177 = ADVANCED_FACE('',(#15178,#15236),#15246,.F.);
#15178 = FACE_BOUND('',#15179,.T.);
#15179 = EDGE_LOOP('',(#15180,#15190,#15198,#15210,#15218,#15230));
#15180 = ORIENTED_EDGE('',*,*,#15181,.F.);
#15181 = EDGE_CURVE('',#15182,#15184,#15186,.T.);
#15182 = VERTEX_POINT('',#15183);
#15183 = CARTESIAN_POINT('',(6.015828060653,-0.275076190735,
    -9.900000003289E-02));
#15184 = VERTEX_POINT('',#15185);
#15185 = CARTESIAN_POINT('',(6.015828060653,-0.47572404999,
    -9.900000003289E-02));
#15186 = LINE('',#15187,#15188);
#15187 = CARTESIAN_POINT('',(6.015828060653,-0.275076190735,
    -9.900000003289E-02));
#15188 = VECTOR('',#15189,1.);
#15189 = DIRECTION('',(0.,-1.,0.));
#15190 = ORIENTED_EDGE('',*,*,#15191,.F.);
#15191 = EDGE_CURVE('',#15192,#15182,#15194,.T.);
#15192 = VERTEX_POINT('',#15193);
#15193 = CARTESIAN_POINT('',(5.765218312796,-0.364596004864,
    -9.900000003289E-02));
#15194 = LINE('',#15195,#15196);
#15195 = CARTESIAN_POINT('',(5.765218312796,-0.364596004864,
    -9.900000003289E-02));
#15196 = VECTOR('',#15197,1.);
#15197 = DIRECTION('',(0.941722470297,0.336390827665,6.576012862823E-15)
  );
#15198 = ORIENTED_EDGE('',*,*,#15199,.F.);
#15199 = EDGE_CURVE('',#15200,#15192,#15202,.T.);
#15200 = VERTEX_POINT('',#15201);
#15201 = CARTESIAN_POINT('',(5.723145143448,-0.374199663085,
    -9.900000003289E-02));
#15202 = B_SPLINE_CURVE_WITH_KNOTS('',3,(#15203,#15204,#15205,#15206,
    #15207,#15208,#15209),.UNSPECIFIED.,.F.,.F.,(4,1,1,1,4),(0.,
    0.30057486777,0.568347412612,0.800011154954,1.),.UNSPECIFIED.);
#15203 = CARTESIAN_POINT('',(5.723145143448,-0.374199663085,
    -9.900000003289E-02));
#15204 = CARTESIAN_POINT('',(5.727421974549,-0.373519703133,
    -9.900000003289E-02));
#15205 = CARTESIAN_POINT('',(5.735508897812,-0.372233988587,
    -9.900000003289E-02));
#15206 = CARTESIAN_POINT('',(5.746763209871,-0.369757989715,
    -9.900000003289E-02));
#15207 = CARTESIAN_POINT('',(5.756590040707,-0.367497120698,
    -9.900000003289E-02));
#15208 = CARTESIAN_POINT('',(5.762486449303,-0.365514549429,
    -9.900000003289E-02));
#15209 = CARTESIAN_POINT('',(5.765218312796,-0.364596004864,
    -9.900000003289E-02));
#15210 = ORIENTED_EDGE('',*,*,#15211,.F.);
#15211 = EDGE_CURVE('',#15212,#15200,#15214,.T.);
#15212 = VERTEX_POINT('',#15213);
#15213 = CARTESIAN_POINT('',(5.723145143448,-0.376143260582,
    -9.900000003289E-02));
#15214 = LINE('',#15215,#15216);
#15215 = CARTESIAN_POINT('',(5.723145143448,-0.376143260582,
    -9.900000003289E-02));
#15216 = VECTOR('',#15217,1.);
#15217 = DIRECTION('',(0.,1.,0.));
#15218 = ORIENTED_EDGE('',*,*,#15219,.F.);
#15219 = EDGE_CURVE('',#15220,#15212,#15222,.T.);
#15220 = VERTEX_POINT('',#15221);
#15221 = CARTESIAN_POINT('',(5.765218312796,-0.385403931009,
    -9.900000003289E-02));
#15222 = B_SPLINE_CURVE_WITH_KNOTS('',3,(#15223,#15224,#15225,#15226,
    #15227,#15228,#15229),.UNSPECIFIED.,.F.,.F.,(4,1,1,1,4),(0.,
    0.174481715317,0.398285759128,0.673897847399,1.),.UNSPECIFIED.);
#15223 = CARTESIAN_POINT('',(5.765218312796,-0.385403931009,
    -9.900000003289E-02));
#15224 = CARTESIAN_POINT('',(5.762824412203,-0.38465518796,
    -9.900000003289E-02));
#15225 = CARTESIAN_POINT('',(5.757359905431,-0.382946047874,
    -9.900000003289E-02));
#15226 = CARTESIAN_POINT('',(5.747928469997,-0.380706363167,
    -9.900000003289E-02));
#15227 = CARTESIAN_POINT('',(5.736268279193,-0.37851049287,
    -9.900000003289E-02));
#15228 = CARTESIAN_POINT('',(5.727757567679,-0.376975278156,
    -9.900000003289E-02));
#15229 = CARTESIAN_POINT('',(5.723145143448,-0.376143260582,
    -9.900000003289E-02));
#15230 = ORIENTED_EDGE('',*,*,#15231,.F.);
#15231 = EDGE_CURVE('',#15184,#15220,#15232,.T.);
#15232 = LINE('',#15233,#15234);
#15233 = CARTESIAN_POINT('',(6.015828060653,-0.47572404999,
    -9.900000003289E-02));
#15234 = VECTOR('',#15235,1.);
#15235 = DIRECTION('',(-0.940766986967,0.339053795485,-6.56934075839E-15
    ));
#15236 = FACE_BOUND('',#15237,.T.);
#15237 = EDGE_LOOP('',(#15238,#15239,#15240,#15241,#15242,#15243,#15244,
    #15245));
#15238 = ORIENTED_EDGE('',*,*,#15060,.F.);
#15239 = ORIENTED_EDGE('',*,*,#15166,.F.);
#15240 = ORIENTED_EDGE('',*,*,#15142,.F.);
#15241 = ORIENTED_EDGE('',*,*,#9972,.F.);
#15242 = ORIENTED_EDGE('',*,*,#15125,.F.);
#15243 = ORIENTED_EDGE('',*,*,#15101,.F.);
#15244 = ORIENTED_EDGE('',*,*,#15077,.F.);
#15245 = ORIENTED_EDGE('',*,*,#9949,.F.);
#15246 = PLANE('',#15247);
#15247 = AXIS2_PLACEMENT_3D('',#15248,#15249,#15250);
#15248 = CARTESIAN_POINT('',(-2.54000508001E-05,0.6,-9.900000003293E-02)
  );
#15249 = DIRECTION('',(-6.982962677686E-15,0.,1.));
#15250 = DIRECTION('',(1.,0.,6.982962677686E-15));
#15251 = ADVANCED_FACE('',(#15252),#15277,.T.);
#15252 = FACE_BOUND('',#15253,.T.);
#15253 = EDGE_LOOP('',(#15254,#15264,#15270,#15271));
#15254 = ORIENTED_EDGE('',*,*,#15255,.F.);
#15255 = EDGE_CURVE('',#15256,#15258,#15260,.T.);
#15256 = VERTEX_POINT('',#15257);
#15257 = CARTESIAN_POINT('',(6.015828060653,-0.275076190735,-0.1));
#15258 = VERTEX_POINT('',#15259);
#15259 = CARTESIAN_POINT('',(6.015828060653,-0.47572404999,-0.1));
#15260 = LINE('',#15261,#15262);
#15261 = CARTESIAN_POINT('',(6.015828060653,-0.275076190735,-0.1));
#15262 = VECTOR('',#15263,1.);
#15263 = DIRECTION('',(0.,-1.,0.));
#15264 = ORIENTED_EDGE('',*,*,#15265,.F.);
#15265 = EDGE_CURVE('',#15182,#15256,#15266,.T.);
#15266 = LINE('',#15267,#15268);
#15267 = CARTESIAN_POINT('',(6.015828060653,-0.275076190735,
    -9.900000003289E-02));
#15268 = VECTOR('',#15269,1.);
#15269 = DIRECTION('',(0.,0.,-1.));
#15270 = ORIENTED_EDGE('',*,*,#15181,.T.);
#15271 = ORIENTED_EDGE('',*,*,#15272,.T.);
#15272 = EDGE_CURVE('',#15184,#15258,#15273,.T.);
#15273 = LINE('',#15274,#15275);
#15274 = CARTESIAN_POINT('',(6.015828060653,-0.47572404999,
    -9.900000003289E-02));
#15275 = VECTOR('',#15276,1.);
#15276 = DIRECTION('',(0.,0.,-1.));
#15277 = PLANE('',#15278);
#15278 = AXIS2_PLACEMENT_3D('',#15279,#15280,#15281);
#15279 = CARTESIAN_POINT('',(6.015828060653,-0.275076190735,
    -9.900000003289E-02));
#15280 = DIRECTION('',(1.,0.,0.));
#15281 = DIRECTION('',(0.,0.,-1.));
#15282 = ADVANCED_FACE('',(#15283),#15301,.T.);
#15283 = FACE_BOUND('',#15284,.T.);
#15284 = EDGE_LOOP('',(#15285,#15293,#15299,#15300));
#15285 = ORIENTED_EDGE('',*,*,#15286,.F.);
#15286 = EDGE_CURVE('',#15287,#15256,#15289,.T.);
#15287 = VERTEX_POINT('',#15288);
#15288 = CARTESIAN_POINT('',(5.765218312796,-0.364596004864,-0.1));
#15289 = LINE('',#15290,#15291);
#15290 = CARTESIAN_POINT('',(5.765218312796,-0.364596004864,-0.1));
#15291 = VECTOR('',#15292,1.);
#15292 = DIRECTION('',(0.941722470297,0.336390827665,6.576012862823E-15)
  );
#15293 = ORIENTED_EDGE('',*,*,#15294,.F.);
#15294 = EDGE_CURVE('',#15192,#15287,#15295,.T.);
#15295 = LINE('',#15296,#15297);
#15296 = CARTESIAN_POINT('',(5.765218312796,-0.364596004864,
    -9.900000003289E-02));
#15297 = VECTOR('',#15298,1.);
#15298 = DIRECTION('',(0.,0.,-1.));
#15299 = ORIENTED_EDGE('',*,*,#15191,.T.);
#15300 = ORIENTED_EDGE('',*,*,#15265,.T.);
#15301 = PLANE('',#15302);
#15302 = AXIS2_PLACEMENT_3D('',#15303,#15304,#15305);
#15303 = CARTESIAN_POINT('',(5.765218312796,-0.364596004864,
    -9.900000003289E-02));
#15304 = DIRECTION('',(-0.336390827665,0.941722470297,0.));
#15305 = DIRECTION('',(-0.941722470297,-0.336390827665,0.));
#15306 = ADVANCED_FACE('',(#15307),#15329,.T.);
#15307 = FACE_BOUND('',#15308,.T.);
#15308 = EDGE_LOOP('',(#15309,#15321,#15327,#15328));
#15309 = ORIENTED_EDGE('',*,*,#15310,.F.);
#15310 = EDGE_CURVE('',#15311,#15287,#15313,.T.);
#15311 = VERTEX_POINT('',#15312);
#15312 = CARTESIAN_POINT('',(5.723145143448,-0.374199663085,-0.1));
#15313 = B_SPLINE_CURVE_WITH_KNOTS('',3,(#15314,#15315,#15316,#15317,
    #15318,#15319,#15320),.UNSPECIFIED.,.F.,.F.,(4,1,1,1,4),(0.,
    0.30057486777,0.568347412612,0.800011154954,1.),.UNSPECIFIED.);
#15314 = CARTESIAN_POINT('',(5.723145143448,-0.374199663085,-0.1));
#15315 = CARTESIAN_POINT('',(5.727421974549,-0.373519703133,-0.1));
#15316 = CARTESIAN_POINT('',(5.735508897812,-0.372233988587,-0.1));
#15317 = CARTESIAN_POINT('',(5.746763209871,-0.369757989715,-0.1));
#15318 = CARTESIAN_POINT('',(5.756590040707,-0.367497120698,-0.1));
#15319 = CARTESIAN_POINT('',(5.762486449303,-0.365514549429,-0.1));
#15320 = CARTESIAN_POINT('',(5.765218312796,-0.364596004864,-0.1));
#15321 = ORIENTED_EDGE('',*,*,#15322,.F.);
#15322 = EDGE_CURVE('',#15200,#15311,#15323,.T.);
#15323 = LINE('',#15324,#15325);
#15324 = CARTESIAN_POINT('',(5.723145143448,-0.374199663085,
    -9.900000003289E-02));
#15325 = VECTOR('',#15326,1.);
#15326 = DIRECTION('',(0.,0.,-1.));
#15327 = ORIENTED_EDGE('',*,*,#15199,.T.);
#15328 = ORIENTED_EDGE('',*,*,#15294,.T.);
#15329 = B_SPLINE_SURFACE_WITH_KNOTS('',3,1,(
    (#15330,#15331)
    ,(#15332,#15333)
    ,(#15334,#15335)
    ,(#15336,#15337)
    ,(#15338,#15339)
    ,(#15340,#15341)
    ,(#15342,#15343
    )),.UNSPECIFIED.,.F.,.F.,.F.,(4,1,1,1,4),(2,2),(0.,0.30057486777,
    0.568347412612,0.800011154954,1.),(0.,1.),.UNSPECIFIED.);
#15330 = CARTESIAN_POINT('',(5.723145143448,-0.374199663085,
    -9.900000003289E-02));
#15331 = CARTESIAN_POINT('',(5.723145143448,-0.374199663085,-0.1));
#15332 = CARTESIAN_POINT('',(5.727421974549,-0.373519703133,
    -9.900000003289E-02));
#15333 = CARTESIAN_POINT('',(5.727421974549,-0.373519703133,-0.1));
#15334 = CARTESIAN_POINT('',(5.735508897812,-0.372233988587,
    -9.900000003289E-02));
#15335 = CARTESIAN_POINT('',(5.735508897812,-0.372233988587,-0.1));
#15336 = CARTESIAN_POINT('',(5.746763209871,-0.369757989715,
    -9.900000003289E-02));
#15337 = CARTESIAN_POINT('',(5.746763209871,-0.369757989715,-0.1));
#15338 = CARTESIAN_POINT('',(5.756590040707,-0.367497120698,
    -9.900000003289E-02));
#15339 = CARTESIAN_POINT('',(5.756590040707,-0.367497120698,-0.1));
#15340 = CARTESIAN_POINT('',(5.762486449303,-0.365514549429,
    -9.900000003289E-02));
#15341 = CARTESIAN_POINT('',(5.762486449303,-0.365514549429,-0.1));
#15342 = CARTESIAN_POINT('',(5.765218312796,-0.364596004864,
    -9.900000003289E-02));
#15343 = CARTESIAN_POINT('',(5.765218312796,-0.364596004864,-0.1));
#15344 = ADVANCED_FACE('',(#15345),#15363,.T.);
#15345 = FACE_BOUND('',#15346,.T.);
#15346 = EDGE_LOOP('',(#15347,#15355,#15361,#15362));
#15347 = ORIENTED_EDGE('',*,*,#15348,.F.);
#15348 = EDGE_CURVE('',#15349,#15311,#15351,.T.);
#15349 = VERTEX_POINT('',#15350);
#15350 = CARTESIAN_POINT('',(5.723145143448,-0.376143260582,-0.1));
#15351 = LINE('',#15352,#15353);
#15352 = CARTESIAN_POINT('',(5.723145143448,-0.376143260582,-0.1));
#15353 = VECTOR('',#15354,1.);
#15354 = DIRECTION('',(0.,1.,0.));
#15355 = ORIENTED_EDGE('',*,*,#15356,.F.);
#15356 = EDGE_CURVE('',#15212,#15349,#15357,.T.);
#15357 = LINE('',#15358,#15359);
#15358 = CARTESIAN_POINT('',(5.723145143448,-0.376143260582,
    -9.900000003289E-02));
#15359 = VECTOR('',#15360,1.);
#15360 = DIRECTION('',(0.,0.,-1.));
#15361 = ORIENTED_EDGE('',*,*,#15211,.T.);
#15362 = ORIENTED_EDGE('',*,*,#15322,.T.);
#15363 = PLANE('',#15364);
#15364 = AXIS2_PLACEMENT_3D('',#15365,#15366,#15367);
#15365 = CARTESIAN_POINT('',(5.723145143448,-0.376143260582,
    -9.900000003289E-02));
#15366 = DIRECTION('',(-1.,0.,0.));
#15367 = DIRECTION('',(0.,0.,1.));
#15368 = ADVANCED_FACE('',(#15369),#15391,.T.);
#15369 = FACE_BOUND('',#15370,.T.);
#15370 = EDGE_LOOP('',(#15371,#15383,#15389,#15390));
#15371 = ORIENTED_EDGE('',*,*,#15372,.F.);
#15372 = EDGE_CURVE('',#15373,#15349,#15375,.T.);
#15373 = VERTEX_POINT('',#15374);
#15374 = CARTESIAN_POINT('',(5.765218312796,-0.385403931009,-0.1));
#15375 = B_SPLINE_CURVE_WITH_KNOTS('',3,(#15376,#15377,#15378,#15379,
    #15380,#15381,#15382),.UNSPECIFIED.,.F.,.F.,(4,1,1,1,4),(0.,
    0.174481715317,0.398285759128,0.673897847399,1.),.UNSPECIFIED.);
#15376 = CARTESIAN_POINT('',(5.765218312796,-0.385403931009,-0.1));
#15377 = CARTESIAN_POINT('',(5.762824412203,-0.38465518796,-0.1));
#15378 = CARTESIAN_POINT('',(5.757359905431,-0.382946047874,-0.1));
#15379 = CARTESIAN_POINT('',(5.747928469997,-0.380706363167,-0.1));
#15380 = CARTESIAN_POINT('',(5.736268279193,-0.37851049287,-0.1));
#15381 = CARTESIAN_POINT('',(5.727757567679,-0.376975278156,-0.1));
#15382 = CARTESIAN_POINT('',(5.723145143448,-0.376143260582,-0.1));
#15383 = ORIENTED_EDGE('',*,*,#15384,.F.);
#15384 = EDGE_CURVE('',#15220,#15373,#15385,.T.);
#15385 = LINE('',#15386,#15387);
#15386 = CARTESIAN_POINT('',(5.765218312796,-0.385403931009,
    -9.900000003289E-02));
#15387 = VECTOR('',#15388,1.);
#15388 = DIRECTION('',(0.,0.,-1.));
#15389 = ORIENTED_EDGE('',*,*,#15219,.T.);
#15390 = ORIENTED_EDGE('',*,*,#15356,.T.);
#15391 = B_SPLINE_SURFACE_WITH_KNOTS('',3,1,(
    (#15392,#15393)
    ,(#15394,#15395)
    ,(#15396,#15397)
    ,(#15398,#15399)
    ,(#15400,#15401)
    ,(#15402,#15403)
    ,(#15404,#15405
    )),.UNSPECIFIED.,.F.,.F.,.F.,(4,1,1,1,4),(2,2),(0.,0.174481715317,
    0.398285759128,0.673897847399,1.),(0.,1.),.UNSPECIFIED.);
#15392 = CARTESIAN_POINT('',(5.765218312796,-0.385403931009,
    -9.900000003289E-02));
#15393 = CARTESIAN_POINT('',(5.765218312796,-0.385403931009,-0.1));
#15394 = CARTESIAN_POINT('',(5.762824412203,-0.38465518796,
    -9.900000003289E-02));
#15395 = CARTESIAN_POINT('',(5.762824412203,-0.38465518796,-0.1));
#15396 = CARTESIAN_POINT('',(5.757359905431,-0.382946047874,
    -9.900000003289E-02));
#15397 = CARTESIAN_POINT('',(5.757359905431,-0.382946047874,-0.1));
#15398 = CARTESIAN_POINT('',(5.747928469997,-0.380706363167,
    -9.900000003289E-02));
#15399 = CARTESIAN_POINT('',(5.747928469997,-0.380706363167,-0.1));
#15400 = CARTESIAN_POINT('',(5.736268279193,-0.37851049287,
    -9.900000003289E-02));
#15401 = CARTESIAN_POINT('',(5.736268279193,-0.37851049287,-0.1));
#15402 = CARTESIAN_POINT('',(5.727757567679,-0.376975278156,
    -9.900000003289E-02));
#15403 = CARTESIAN_POINT('',(5.727757567679,-0.376975278156,-0.1));
#15404 = CARTESIAN_POINT('',(5.723145143448,-0.376143260582,
    -9.900000003289E-02));
#15405 = CARTESIAN_POINT('',(5.723145143448,-0.376143260582,-0.1));
#15406 = ADVANCED_FACE('',(#15407),#15418,.T.);
#15407 = FACE_BOUND('',#15408,.T.);
#15408 = EDGE_LOOP('',(#15409,#15415,#15416,#15417));
#15409 = ORIENTED_EDGE('',*,*,#15410,.F.);
#15410 = EDGE_CURVE('',#15258,#15373,#15411,.T.);
#15411 = LINE('',#15412,#15413);
#15412 = CARTESIAN_POINT('',(6.015828060653,-0.47572404999,-0.1));
#15413 = VECTOR('',#15414,1.);
#15414 = DIRECTION('',(-0.940766986967,0.339053795485,-6.56934075839E-15
    ));
#15415 = ORIENTED_EDGE('',*,*,#15272,.F.);
#15416 = ORIENTED_EDGE('',*,*,#15231,.T.);
#15417 = ORIENTED_EDGE('',*,*,#15384,.T.);
#15418 = PLANE('',#15419);
#15419 = AXIS2_PLACEMENT_3D('',#15420,#15421,#15422);
#15420 = CARTESIAN_POINT('',(6.015828060653,-0.47572404999,
    -9.900000003289E-02));
#15421 = DIRECTION('',(-0.339053795485,-0.940766986967,0.));
#15422 = DIRECTION('',(0.940766986967,-0.339053795485,0.));
#15423 = ADVANCED_FACE('',(#15424),#15431,.F.);
#15424 = FACE_BOUND('',#15425,.T.);
#15425 = EDGE_LOOP('',(#15426,#15427,#15428,#15429,#15430));
#15426 = ORIENTED_EDGE('',*,*,#14831,.T.);
#15427 = ORIENTED_EDGE('',*,*,#15034,.T.);
#15428 = ORIENTED_EDGE('',*,*,#15010,.T.);
#15429 = ORIENTED_EDGE('',*,*,#14936,.T.);
#15430 = ORIENTED_EDGE('',*,*,#14862,.T.);
#15431 = PLANE('',#15432);
#15432 = AXIS2_PLACEMENT_3D('',#15433,#15434,#15435);
#15433 = CARTESIAN_POINT('',(-2.54000508001E-05,0.6,-0.1));
#15434 = DIRECTION('',(0.,0.,1.));
#15435 = DIRECTION('',(1.,0.,0.));
#15436 = ADVANCED_FACE('',(#15437),#15445,.F.);
#15437 = FACE_BOUND('',#15438,.T.);
#15438 = EDGE_LOOP('',(#15439,#15440,#15441,#15442,#15443,#15444));
#15439 = ORIENTED_EDGE('',*,*,#15255,.T.);
#15440 = ORIENTED_EDGE('',*,*,#15410,.T.);
#15441 = ORIENTED_EDGE('',*,*,#15372,.T.);
#15442 = ORIENTED_EDGE('',*,*,#15348,.T.);
#15443 = ORIENTED_EDGE('',*,*,#15310,.T.);
#15444 = ORIENTED_EDGE('',*,*,#15286,.T.);
#15445 = PLANE('',#15446);
#15446 = AXIS2_PLACEMENT_3D('',#15447,#15448,#15449);
#15447 = CARTESIAN_POINT('',(-2.54000508001E-05,0.6,-0.1));
#15448 = DIRECTION('',(0.,0.,1.));
#15449 = DIRECTION('',(1.,0.,0.));
#15450 = ADVANCED_FACE('',(#15451),#15462,.F.);
#15451 = FACE_BOUND('',#15452,.T.);
#15452 = EDGE_LOOP('',(#15453,#15454,#15455,#15461));
#15453 = ORIENTED_EDGE('',*,*,#11048,.T.);
#15454 = ORIENTED_EDGE('',*,*,#11629,.F.);
#15455 = ORIENTED_EDGE('',*,*,#15456,.F.);
#15456 = EDGE_CURVE('',#9911,#11620,#15457,.T.);
#15457 = LINE('',#15458,#15459);
#15458 = CARTESIAN_POINT('',(5.449974420724,-0.499999963826,
    3.899999868459));
#15459 = VECTOR('',#15460,1.);
#15460 = DIRECTION('',(-1.,-2.710505431214E-16,-0.));
#15461 = ORIENTED_EDGE('',*,*,#10095,.T.);
#15462 = PLANE('',#15463);
#15463 = AXIS2_PLACEMENT_3D('',#15464,#15465,#15466);
#15464 = CARTESIAN_POINT('',(5.449974420724,-0.499999963826,
    3.899999868459));
#15465 = DIRECTION('',(-2.710505431214E-16,1.,0.));
#15466 = DIRECTION('',(-1.,-2.710505431214E-16,0.));
#15467 = ADVANCED_FACE('',(#15468),#15479,.T.);
#15468 = FACE_BOUND('',#15469,.T.);
#15469 = EDGE_LOOP('',(#15470,#15471,#15477,#15478));
#15470 = ORIENTED_EDGE('',*,*,#11619,.T.);
#15471 = ORIENTED_EDGE('',*,*,#15472,.T.);
#15472 = EDGE_CURVE('',#11622,#9909,#15473,.T.);
#15473 = LINE('',#15474,#15475);
#15474 = CARTESIAN_POINT('',(-2.54000508001E-05,-0.999999947383,
    3.899999868459));
#15475 = VECTOR('',#15476,1.);
#15476 = DIRECTION('',(1.,0.,0.));
#15477 = ORIENTED_EDGE('',*,*,#9908,.T.);
#15478 = ORIENTED_EDGE('',*,*,#15456,.T.);
#15479 = PLANE('',#15480);
#15480 = AXIS2_PLACEMENT_3D('',#15481,#15482,#15483);
#15481 = CARTESIAN_POINT('',(-2.54000508001E-05,0.6,3.899999868459));
#15482 = DIRECTION('',(0.,0.,1.));
#15483 = DIRECTION('',(1.,0.,0.));
#15484 = ADVANCED_FACE('',(#15485),#15496,.F.);
#15485 = FACE_BOUND('',#15486,.T.);
#15486 = EDGE_LOOP('',(#15487,#15488,#15489,#15495));
#15487 = ORIENTED_EDGE('',*,*,#11014,.T.);
#15488 = ORIENTED_EDGE('',*,*,#11163,.F.);
#15489 = ORIENTED_EDGE('',*,*,#15490,.F.);
#15490 = EDGE_CURVE('',#11564,#11156,#15491,.T.);
#15491 = LINE('',#15492,#15493);
#15492 = CARTESIAN_POINT('',(-5.450025220826,-0.499999963826,
    3.899999868459));
#15493 = VECTOR('',#15494,1.);
#15494 = DIRECTION('',(-1.,0.,0.));
#15495 = ORIENTED_EDGE('',*,*,#11563,.T.);
#15496 = PLANE('',#15497);
#15497 = AXIS2_PLACEMENT_3D('',#15498,#15499,#15500);
#15498 = CARTESIAN_POINT('',(-5.450025220826,-0.499999963826,
    3.899999868459));
#15499 = DIRECTION('',(0.,1.,0.));
#15500 = DIRECTION('',(0.,0.,1.));
#15501 = ADVANCED_FACE('',(#15502),#15513,.T.);
#15502 = FACE_BOUND('',#15503,.T.);
#15503 = EDGE_LOOP('',(#15504,#15505,#15511,#15512));
#15504 = ORIENTED_EDGE('',*,*,#11155,.T.);
#15505 = ORIENTED_EDGE('',*,*,#15506,.T.);
#15506 = EDGE_CURVE('',#11147,#11572,#15507,.T.);
#15507 = LINE('',#15508,#15509);
#15508 = CARTESIAN_POINT('',(-2.54000508001E-05,-0.999999947383,
    3.899999868459));
#15509 = VECTOR('',#15510,1.);
#15510 = DIRECTION('',(1.,0.,0.));
#15511 = ORIENTED_EDGE('',*,*,#11571,.T.);
#15512 = ORIENTED_EDGE('',*,*,#15490,.T.);
#15513 = PLANE('',#15514);
#15514 = AXIS2_PLACEMENT_3D('',#15515,#15516,#15517);
#15515 = CARTESIAN_POINT('',(-2.54000508001E-05,0.6,3.899999868459));
#15516 = DIRECTION('',(0.,0.,1.));
#15517 = DIRECTION('',(1.,0.,0.));
#15518 = ADVANCED_FACE('',(#15519),#15525,.F.);
#15519 = FACE_BOUND('',#15520,.F.);
#15520 = EDGE_LOOP('',(#15521,#15522,#15523,#15524));
#15521 = ORIENTED_EDGE('',*,*,#15472,.T.);
#15522 = ORIENTED_EDGE('',*,*,#9918,.T.);
#15523 = ORIENTED_EDGE('',*,*,#11411,.T.);
#15524 = ORIENTED_EDGE('',*,*,#11639,.T.);
#15525 = CYLINDRICAL_SURFACE('',#15526,0.499999983557);
#15526 = AXIS2_PLACEMENT_3D('',#15527,#15528,#15529);
#15527 = CARTESIAN_POINT('',(-2.54000508001E-05,-0.999999947383,
    4.399999852016));
#15528 = DIRECTION('',(1.,0.,0.));
#15529 = DIRECTION('',(0.,0.,-1.));
#15530 = ADVANCED_FACE('',(#15531),#15537,.F.);
#15531 = FACE_BOUND('',#15532,.F.);
#15532 = EDGE_LOOP('',(#15533,#15534,#15535,#15536));
#15533 = ORIENTED_EDGE('',*,*,#15506,.T.);
#15534 = ORIENTED_EDGE('',*,*,#11579,.T.);
#15535 = ORIENTED_EDGE('',*,*,#11434,.T.);
#15536 = ORIENTED_EDGE('',*,*,#11146,.T.);
#15537 = CYLINDRICAL_SURFACE('',#15538,0.499999983557);
#15538 = AXIS2_PLACEMENT_3D('',#15539,#15540,#15541);
#15539 = CARTESIAN_POINT('',(-2.54000508001E-05,-0.999999947383,
    4.399999852016));
#15540 = DIRECTION('',(1.,0.,0.));
#15541 = DIRECTION('',(0.,0.,-1.));
#15542 = ( GEOMETRIC_REPRESENTATION_CONTEXT(3) 
GLOBAL_UNCERTAINTY_ASSIGNED_CONTEXT((#15546)) 
GLOBAL_UNIT_ASSIGNED_CONTEXT((#15543,#15544,#15545)) 
REPRESENTATION_CONTEXT('Context #1',
  '3D Context with UNIT and UNCERTAINTY') );
#15543 = ( LENGTH_UNIT() NAMED_UNIT(*) SI_UNIT(.MILLI.,.METRE.) );
#15544 = ( NAMED_UNIT(*) PLANE_ANGLE_UNIT() SI_UNIT($,.RADIAN.) );
#15545 = ( NAMED_UNIT(*) SI_UNIT($,.STERADIAN.) SOLID_ANGLE_UNIT() );
#15546 = UNCERTAINTY_MEASURE_WITH_UNIT(LENGTH_MEASURE(1.E-07),#15543,
  'distance_accuracy_value','confusion accuracy');
#15547 = CONTEXT_DEPENDENT_SHAPE_REPRESENTATION(#15548,#15550);
#15548 = ( REPRESENTATION_RELATIONSHIP('','',#9314,#9291) 
REPRESENTATION_RELATIONSHIP_WITH_TRANSFORMATION(#15549) 
SHAPE_REPRESENTATION_RELATIONSHIP() );
#15549 = ITEM_DEFINED_TRANSFORMATION('','',#11,#9292);
#15550 = PRODUCT_DEFINITION_SHAPE('Placement','Placement of an item',
  #15551);
#15551 = NEXT_ASSEMBLY_USAGE_OCCURRENCE('6','=>[0:1:1:8]','',#9286,#9309
  ,$);
#15552 = PRODUCT_RELATED_PRODUCT_CATEGORY('part',$,(#9311));
#15553 = CONTEXT_DEPENDENT_SHAPE_REPRESENTATION(#15554,#15556);
#15554 = ( REPRESENTATION_RELATIONSHIP('','',#9291,#10) 
REPRESENTATION_RELATIONSHIP_WITH_TRANSFORMATION(#15555) 
SHAPE_REPRESENTATION_RELATIONSHIP() );
#15555 = ITEM_DEFINED_TRANSFORMATION('','',#11,#39);
#15556 = PRODUCT_DEFINITION_SHAPE('Placement','Placement of an item',
  #15557);
#15557 = NEXT_ASSEMBLY_USAGE_OCCURRENCE('8','=>[0:1:1:7]','',#5,#9286,$
  );
#15558 = CONTEXT_DEPENDENT_SHAPE_REPRESENTATION(#15559,#15561);
#15559 = ( REPRESENTATION_RELATIONSHIP('','',#9291,#10) 
REPRESENTATION_RELATIONSHIP_WITH_TRANSFORMATION(#15560) 
SHAPE_REPRESENTATION_RELATIONSHIP() );
#15560 = ITEM_DEFINED_TRANSFORMATION('','',#11,#43);
#15561 = PRODUCT_DEFINITION_SHAPE('Placement','Placement of an item',
  #15562);
#15562 = NEXT_ASSEMBLY_USAGE_OCCURRENCE('9','=>[0:1:1:7]','',#5,#9286,$
  );
#15563 = CONTEXT_DEPENDENT_SHAPE_REPRESENTATION(#15564,#15566);
#15564 = ( REPRESENTATION_RELATIONSHIP('','',#9291,#10) 
REPRESENTATION_RELATIONSHIP_WITH_TRANSFORMATION(#15565) 
SHAPE_REPRESENTATION_RELATIONSHIP() );
#15565 = ITEM_DEFINED_TRANSFORMATION('','',#11,#47);
#15566 = PRODUCT_DEFINITION_SHAPE('Placement','Placement of an item',
  #15567);
#15567 = NEXT_ASSEMBLY_USAGE_OCCURRENCE('10','=>[0:1:1:7]','',#5,#9286,$
  );
#15568 = SHAPE_DEFINITION_REPRESENTATION(#15569,#15575);
#15569 = PRODUCT_DEFINITION_SHAPE('','',#15570);
#15570 = PRODUCT_DEFINITION('design','',#15571,#15574);
#15571 = PRODUCT_DEFINITION_FORMATION('','',#15572);
#15572 = PRODUCT('CN1~JST-XH5P~jst xh-5p~5Y95',
  'CN1~JST-XH5P~jst xh-5p~5Y95','',(#15573));
#15573 = PRODUCT_CONTEXT('',#2,'mechanical');
#15574 = PRODUCT_DEFINITION_CONTEXT('part definition',#2,'design');
#15575 = SHAPE_REPRESENTATION('',(#11,#15576),#15580);
#15576 = AXIS2_PLACEMENT_3D('',#15577,#15578,#15579);
#15577 = CARTESIAN_POINT('',(0.,0.,0.));
#15578 = DIRECTION('',(0.,0.,1.));
#15579 = DIRECTION('',(1.,0.,-0.));
#15580 = ( GEOMETRIC_REPRESENTATION_CONTEXT(3) 
GLOBAL_UNCERTAINTY_ASSIGNED_CONTEXT((#15584)) 
GLOBAL_UNIT_ASSIGNED_CONTEXT((#15581,#15582,#15583)) 
REPRESENTATION_CONTEXT('Context #1',
  '3D Context with UNIT and UNCERTAINTY') );
#15581 = ( LENGTH_UNIT() NAMED_UNIT(*) SI_UNIT(.MILLI.,.METRE.) );
#15582 = ( NAMED_UNIT(*) PLANE_ANGLE_UNIT() SI_UNIT($,.RADIAN.) );
#15583 = ( NAMED_UNIT(*) SI_UNIT($,.STERADIAN.) SOLID_ANGLE_UNIT() );
#15584 = UNCERTAINTY_MEASURE_WITH_UNIT(LENGTH_MEASURE(1.E-07),#15581,
  'distance_accuracy_value','confusion accuracy');
#15585 = CONTEXT_DEPENDENT_SHAPE_REPRESENTATION(#15586,#15588);
#15586 = ( REPRESENTATION_RELATIONSHIP('','',#15575,#10) 
REPRESENTATION_RELATIONSHIP_WITH_TRANSFORMATION(#15587) 
SHAPE_REPRESENTATION_RELATIONSHIP() );
#15587 = ITEM_DEFINED_TRANSFORMATION('','',#11,#51);
#15588 = PRODUCT_DEFINITION_SHAPE('Placement','Placement of an item',
  #15589);
#15589 = NEXT_ASSEMBLY_USAGE_OCCURRENCE('12','=>[0:1:1:10]','',#5,#15570
  ,$);
#15590 = PRODUCT_RELATED_PRODUCT_CATEGORY('part',$,(#15572));
#15591 = SHAPE_DEFINITION_REPRESENTATION(#15592,#15598);
#15592 = PRODUCT_DEFINITION_SHAPE('','',#15593);
#15593 = PRODUCT_DEFINITION('design','',#15594,#15597);
#15594 = PRODUCT_DEFINITION_FORMATION('','',#15595);
#15595 = PRODUCT('CN2~JST-XH5P~jst xh-5p~5Y95',
  'CN2~JST-XH5P~jst xh-5p~5Y95','',(#15596));
#15596 = PRODUCT_CONTEXT('',#2,'mechanical');
#15597 = PRODUCT_DEFINITION_CONTEXT('part definition',#2,'design');
#15598 = ADVANCED_BREP_SHAPE_REPRESENTATION('',(#11,#15599),#15737);
#15599 = MANIFOLD_SOLID_BREP('',#15600);
#15600 = CLOSED_SHELL('',(#15601,#15637,#15673,#15693,#15713,#15725));
#15601 = ADVANCED_FACE('',(#15602),#15632,.F.);
#15602 = FACE_BOUND('',#15603,.F.);
#15603 = EDGE_LOOP('',(#15604,#15613,#15620,#15627));
#15604 = ORIENTED_EDGE('',*,*,#15605,.F.);
#15605 = EDGE_CURVE('',#15606,#15608,#15610,.T.);
#15606 = VERTEX_POINT('',#15607);
#15607 = CARTESIAN_POINT('',(-7.830975099406,-1.264729821406E-05,
    -0.481000694318));
#15608 = VERTEX_POINT('',#15609);
#15609 = CARTESIAN_POINT('',(-7.830975099406,-0.762014164314,
    -0.481000694318));
#15610 = B_SPLINE_CURVE_WITH_KNOTS('',1,(#15611,#15612),.UNSPECIFIED.,
  .F.,.F.,(2,2),(0.,0.762001524003),.PIECEWISE_BEZIER_KNOTS.);
#15611 = CARTESIAN_POINT('',(-7.830975099406,-1.264729821406E-05,
    -0.481000694318));
#15612 = CARTESIAN_POINT('',(-7.830975099406,-0.762014164314,
    -0.481000694318));
#15613 = ORIENTED_EDGE('',*,*,#15614,.T.);
#15614 = EDGE_CURVE('',#15606,#15615,#15617,.T.);
#15615 = VERTEX_POINT('',#15616);
#15616 = CARTESIAN_POINT('',(-7.830975099406,-1.264729821402E-05,
    0.281000822697));
#15617 = B_SPLINE_CURVE_WITH_KNOTS('',1,(#15618,#15619),.UNSPECIFIED.,
  .F.,.F.,(2,2),(0.,0.762001524003),.PIECEWISE_BEZIER_KNOTS.);
#15618 = CARTESIAN_POINT('',(-7.830975099406,-1.264729821406E-05,
    -0.481000694318));
#15619 = CARTESIAN_POINT('',(-7.830975099406,-1.264729821402E-05,
    0.281000822697));
#15620 = ORIENTED_EDGE('',*,*,#15621,.T.);
#15621 = EDGE_CURVE('',#15615,#15622,#15624,.T.);
#15622 = VERTEX_POINT('',#15623);
#15623 = CARTESIAN_POINT('',(-7.830975099406,-0.762014164314,
    0.281000822697));
#15624 = B_SPLINE_CURVE_WITH_KNOTS('',1,(#15625,#15626),.UNSPECIFIED.,
  .F.,.F.,(2,2),(0.,0.762001524003),.PIECEWISE_BEZIER_KNOTS.);
#15625 = CARTESIAN_POINT('',(-7.830975099406,-1.264729821402E-05,
    0.281000822697));
#15626 = CARTESIAN_POINT('',(-7.830975099406,-0.762014164314,
    0.281000822697));
#15627 = ORIENTED_EDGE('',*,*,#15628,.F.);
#15628 = EDGE_CURVE('',#15608,#15622,#15629,.T.);
#15629 = B_SPLINE_CURVE_WITH_KNOTS('',1,(#15630,#15631),.UNSPECIFIED.,
  .F.,.F.,(2,2),(0.,0.762001524003),.PIECEWISE_BEZIER_KNOTS.);
#15630 = CARTESIAN_POINT('',(-7.830975099406,-0.762014164314,
    -0.481000694318));
#15631 = CARTESIAN_POINT('',(-7.830975099406,-0.762014164314,
    0.281000822697));
#15632 = B_SPLINE_SURFACE_WITH_KNOTS('',1,1,(
    (#15633,#15634)
    ,(#15635,#15636
    )),.UNSPECIFIED.,.F.,.F.,.F.,(2,2),(2,2),(0.,0.762001524003),(
    -0.762001524003,0.),.PIECEWISE_BEZIER_KNOTS.);
#15633 = CARTESIAN_POINT('',(-7.830975099406,-1.264729821402E-05,
    0.281000822697));
#15634 = CARTESIAN_POINT('',(-7.830975099406,-1.264729821406E-05,
    -0.481000694318));
#15635 = CARTESIAN_POINT('',(-7.830975099406,-0.762014164314,
    0.281000822697));
#15636 = CARTESIAN_POINT('',(-7.830975099406,-0.762014164314,
    -0.481000694318));
#15637 = ADVANCED_FACE('',(#15638),#15668,.T.);
#15638 = FACE_BOUND('',#15639,.T.);
#15639 = EDGE_LOOP('',(#15640,#15649,#15656,#15663));
#15640 = ORIENTED_EDGE('',*,*,#15641,.F.);
#15641 = EDGE_CURVE('',#15642,#15644,#15646,.T.);
#15642 = VERTEX_POINT('',#15643);
#15643 = CARTESIAN_POINT('',(-7.06897358239,-1.264729821406E-05,
    -0.481000694318));
#15644 = VERTEX_POINT('',#15645);
#15645 = CARTESIAN_POINT('',(-7.06897358239,-0.762014164314,
    -0.481000694318));
#15646 = B_SPLINE_CURVE_WITH_KNOTS('',1,(#15647,#15648),.UNSPECIFIED.,
  .F.,.F.,(2,2),(0.,0.762001524003),.PIECEWISE_BEZIER_KNOTS.);
#15647 = CARTESIAN_POINT('',(-7.06897358239,-1.264729821406E-05,
    -0.481000694318));
#15648 = CARTESIAN_POINT('',(-7.06897358239,-0.762014164314,
    -0.481000694318));
#15649 = ORIENTED_EDGE('',*,*,#15650,.T.);
#15650 = EDGE_CURVE('',#15642,#15651,#15653,.T.);
#15651 = VERTEX_POINT('',#15652);
#15652 = CARTESIAN_POINT('',(-7.06897358239,-1.264729821402E-05,
    0.281000822697));
#15653 = B_SPLINE_CURVE_WITH_KNOTS('',1,(#15654,#15655),.UNSPECIFIED.,
  .F.,.F.,(2,2),(0.,0.762001524003),.PIECEWISE_BEZIER_KNOTS.);
#15654 = CARTESIAN_POINT('',(-7.06897358239,-1.264729821406E-05,
    -0.481000694318));
#15655 = CARTESIAN_POINT('',(-7.06897358239,-1.264729821402E-05,
    0.281000822697));
#15656 = ORIENTED_EDGE('',*,*,#15657,.T.);
#15657 = EDGE_CURVE('',#15651,#15658,#15660,.T.);
#15658 = VERTEX_POINT('',#15659);
#15659 = CARTESIAN_POINT('',(-7.06897358239,-0.762014164314,
    0.281000822697));
#15660 = B_SPLINE_CURVE_WITH_KNOTS('',1,(#15661,#15662),.UNSPECIFIED.,
  .F.,.F.,(2,2),(0.,0.762001524003),.PIECEWISE_BEZIER_KNOTS.);
#15661 = CARTESIAN_POINT('',(-7.06897358239,-1.264729821402E-05,
    0.281000822697));
#15662 = CARTESIAN_POINT('',(-7.06897358239,-0.762014164314,
    0.281000822697));
#15663 = ORIENTED_EDGE('',*,*,#15664,.F.);
#15664 = EDGE_CURVE('',#15644,#15658,#15665,.T.);
#15665 = B_SPLINE_CURVE_WITH_KNOTS('',1,(#15666,#15667),.UNSPECIFIED.,
  .F.,.F.,(2,2),(0.,0.762001524003),.PIECEWISE_BEZIER_KNOTS.);
#15666 = CARTESIAN_POINT('',(-7.06897358239,-0.762014164314,
    -0.481000694318));
#15667 = CARTESIAN_POINT('',(-7.06897358239,-0.762014164314,
    0.281000822697));
#15668 = B_SPLINE_SURFACE_WITH_KNOTS('',1,1,(
    (#15669,#15670)
    ,(#15671,#15672
    )),.UNSPECIFIED.,.F.,.F.,.F.,(2,2),(2,2),(0.,0.762001524003),(
    -0.762001524003,0.),.PIECEWISE_BEZIER_KNOTS.);
#15669 = CARTESIAN_POINT('',(-7.06897358239,-1.264729821402E-05,
    0.281000822697));
#15670 = CARTESIAN_POINT('',(-7.06897358239,-1.264729821406E-05,
    -0.481000694318));
#15671 = CARTESIAN_POINT('',(-7.06897358239,-0.762014164314,
    0.281000822697));
#15672 = CARTESIAN_POINT('',(-7.06897358239,-0.762014164314,
    -0.481000694318));
#15673 = ADVANCED_FACE('',(#15674),#15688,.F.);
#15674 = FACE_BOUND('',#15675,.F.);
#15675 = EDGE_LOOP('',(#15676,#15681,#15682,#15687));
#15676 = ORIENTED_EDGE('',*,*,#15677,.F.);
#15677 = EDGE_CURVE('',#15606,#15642,#15678,.T.);
#15678 = B_SPLINE_CURVE_WITH_KNOTS('',1,(#15679,#15680),.UNSPECIFIED.,
  .F.,.F.,(2,2),(0.,0.762001524003),.PIECEWISE_BEZIER_KNOTS.);
#15679 = CARTESIAN_POINT('',(-7.830975099406,-1.264729821406E-05,
    -0.481000694318));
#15680 = CARTESIAN_POINT('',(-7.06897358239,-1.264729821406E-05,
    -0.481000694318));
#15681 = ORIENTED_EDGE('',*,*,#15605,.T.);
#15682 = ORIENTED_EDGE('',*,*,#15683,.T.);
#15683 = EDGE_CURVE('',#15608,#15644,#15684,.T.);
#15684 = B_SPLINE_CURVE_WITH_KNOTS('',1,(#15685,#15686),.UNSPECIFIED.,
  .F.,.F.,(2,2),(0.,0.762001524003),.PIECEWISE_BEZIER_KNOTS.);
#15685 = CARTESIAN_POINT('',(-7.830975099406,-0.762014164314,
    -0.481000694318));
#15686 = CARTESIAN_POINT('',(-7.06897358239,-0.762014164314,
    -0.481000694318));
#15687 = ORIENTED_EDGE('',*,*,#15641,.F.);
#15688 = B_SPLINE_SURFACE_WITH_KNOTS('',1,1,(
    (#15689,#15690)
    ,(#15691,#15692
    )),.UNSPECIFIED.,.F.,.F.,.F.,(2,2),(2,2),(0.,0.762001524003),(0.,
    0.762001524003),.PIECEWISE_BEZIER_KNOTS.);
#15689 = CARTESIAN_POINT('',(-7.830975099406,-1.264729821406E-05,
    -0.481000694318));
#15690 = CARTESIAN_POINT('',(-7.06897358239,-1.264729821406E-05,
    -0.481000694318));
#15691 = CARTESIAN_POINT('',(-7.830975099406,-0.762014164314,
    -0.481000694318));
#15692 = CARTESIAN_POINT('',(-7.06897358239,-0.762014164314,
    -0.481000694318));
#15693 = ADVANCED_FACE('',(#15694),#15708,.T.);
#15694 = FACE_BOUND('',#15695,.T.);
#15695 = EDGE_LOOP('',(#15696,#15701,#15702,#15707));
#15696 = ORIENTED_EDGE('',*,*,#15697,.F.);
#15697 = EDGE_CURVE('',#15615,#15651,#15698,.T.);
#15698 = B_SPLINE_CURVE_WITH_KNOTS('',1,(#15699,#15700),.UNSPECIFIED.,
  .F.,.F.,(2,2),(0.,0.762001524003),.PIECEWISE_BEZIER_KNOTS.);
#15699 = CARTESIAN_POINT('',(-7.830975099406,-1.264729821402E-05,
    0.281000822697));
#15700 = CARTESIAN_POINT('',(-7.06897358239,-1.264729821402E-05,
    0.281000822697));
#15701 = ORIENTED_EDGE('',*,*,#15621,.T.);
#15702 = ORIENTED_EDGE('',*,*,#15703,.T.);
#15703 = EDGE_CURVE('',#15622,#15658,#15704,.T.);
#15704 = B_SPLINE_CURVE_WITH_KNOTS('',1,(#15705,#15706),.UNSPECIFIED.,
  .F.,.F.,(2,2),(0.,0.762001524003),.PIECEWISE_BEZIER_KNOTS.);
#15705 = CARTESIAN_POINT('',(-7.830975099406,-0.762014164314,
    0.281000822697));
#15706 = CARTESIAN_POINT('',(-7.06897358239,-0.762014164314,
    0.281000822697));
#15707 = ORIENTED_EDGE('',*,*,#15657,.F.);
#15708 = B_SPLINE_SURFACE_WITH_KNOTS('',1,1,(
    (#15709,#15710)
    ,(#15711,#15712
    )),.UNSPECIFIED.,.F.,.F.,.F.,(2,2),(2,2),(0.,0.762001524003),(0.,
    0.762001524003),.PIECEWISE_BEZIER_KNOTS.);
#15709 = CARTESIAN_POINT('',(-7.830975099406,-1.264729821402E-05,
    0.281000822697));
#15710 = CARTESIAN_POINT('',(-7.06897358239,-1.264729821402E-05,
    0.281000822697));
#15711 = CARTESIAN_POINT('',(-7.830975099406,-0.762014164314,
    0.281000822697));
#15712 = CARTESIAN_POINT('',(-7.06897358239,-0.762014164314,
    0.281000822697));
#15713 = ADVANCED_FACE('',(#15714),#15720,.F.);
#15714 = FACE_BOUND('',#15715,.F.);
#15715 = EDGE_LOOP('',(#15716,#15717,#15718,#15719));
#15716 = ORIENTED_EDGE('',*,*,#15614,.F.);
#15717 = ORIENTED_EDGE('',*,*,#15677,.T.);
#15718 = ORIENTED_EDGE('',*,*,#15650,.T.);
#15719 = ORIENTED_EDGE('',*,*,#15697,.F.);
#15720 = B_SPLINE_SURFACE_WITH_KNOTS('',1,1,(
    (#15721,#15722)
    ,(#15723,#15724
    )),.UNSPECIFIED.,.F.,.F.,.F.,(2,2),(2,2),(0.,0.762001524003),(0.,
    0.762001524003),.PIECEWISE_BEZIER_KNOTS.);
#15721 = CARTESIAN_POINT('',(-7.830975099406,-1.264729821406E-05,
    -0.481000694318));
#15722 = CARTESIAN_POINT('',(-7.830975099406,-1.264729821402E-05,
    0.281000822697));
#15723 = CARTESIAN_POINT('',(-7.06897358239,-1.264729821406E-05,
    -0.481000694318));
#15724 = CARTESIAN_POINT('',(-7.06897358239,-1.264729821402E-05,
    0.281000822697));
#15725 = ADVANCED_FACE('',(#15726),#15732,.T.);
#15726 = FACE_BOUND('',#15727,.T.);
#15727 = EDGE_LOOP('',(#15728,#15729,#15730,#15731));
#15728 = ORIENTED_EDGE('',*,*,#15628,.F.);
#15729 = ORIENTED_EDGE('',*,*,#15683,.T.);
#15730 = ORIENTED_EDGE('',*,*,#15664,.T.);
#15731 = ORIENTED_EDGE('',*,*,#15703,.F.);
#15732 = B_SPLINE_SURFACE_WITH_KNOTS('',1,1,(
    (#15733,#15734)
    ,(#15735,#15736
    )),.UNSPECIFIED.,.F.,.F.,.F.,(2,2),(2,2),(0.,0.762001524003),(0.,
    0.762001524003),.PIECEWISE_BEZIER_KNOTS.);
#15733 = CARTESIAN_POINT('',(-7.830975099406,-0.762014164314,
    -0.481000694318));
#15734 = CARTESIAN_POINT('',(-7.830975099406,-0.762014164314,
    0.281000822697));
#15735 = CARTESIAN_POINT('',(-7.06897358239,-0.762014164314,
    -0.481000694318));
#15736 = CARTESIAN_POINT('',(-7.06897358239,-0.762014164314,
    0.281000822697));
#15737 = ( GEOMETRIC_REPRESENTATION_CONTEXT(3) 
GLOBAL_UNCERTAINTY_ASSIGNED_CONTEXT((#15741)) 
GLOBAL_UNIT_ASSIGNED_CONTEXT((#15738,#15739,#15740)) 
REPRESENTATION_CONTEXT('Context #1',
  '3D Context with UNIT and UNCERTAINTY') );
#15738 = ( LENGTH_UNIT() NAMED_UNIT(*) SI_UNIT(.MILLI.,.METRE.) );
#15739 = ( NAMED_UNIT(*) PLANE_ANGLE_UNIT() SI_UNIT($,.RADIAN.) );
#15740 = ( NAMED_UNIT(*) SI_UNIT($,.STERADIAN.) SOLID_ANGLE_UNIT() );
#15741 = UNCERTAINTY_MEASURE_WITH_UNIT(LENGTH_MEASURE(1.E-07),#15738,
  'distance_accuracy_value','confusion accuracy');
#15742 = CONTEXT_DEPENDENT_SHAPE_REPRESENTATION(#15743,#15745);
#15743 = ( REPRESENTATION_RELATIONSHIP('','',#15598,#15575) 
REPRESENTATION_RELATIONSHIP_WITH_TRANSFORMATION(#15744) 
SHAPE_REPRESENTATION_RELATIONSHIP() );
#15744 = ITEM_DEFINED_TRANSFORMATION('','',#11,#15576);
#15745 = PRODUCT_DEFINITION_SHAPE('Placement','Placement of an item',
  #15746);
#15746 = NEXT_ASSEMBLY_USAGE_OCCURRENCE('11','=>[0:1:1:9]','',#15570,
  #15593,$);
#15747 = PRODUCT_RELATED_PRODUCT_CATEGORY('part',$,(#15595));
#15748 = CONTEXT_DEPENDENT_SHAPE_REPRESENTATION(#15749,#15751);
#15749 = ( REPRESENTATION_RELATIONSHIP('','',#15598,#10) 
REPRESENTATION_RELATIONSHIP_WITH_TRANSFORMATION(#15750) 
SHAPE_REPRESENTATION_RELATIONSHIP() );
#15750 = ITEM_DEFINED_TRANSFORMATION('','',#11,#55);
#15751 = PRODUCT_DEFINITION_SHAPE('Placement','Placement of an item',
  #15752);
#15752 = NEXT_ASSEMBLY_USAGE_OCCURRENCE('13','=>[0:1:1:9]','',#5,#15593,
  $);
#15753 = MECHANICAL_DESIGN_GEOMETRIC_PRESENTATION_REPRESENTATION('',(
    #15754,#15764,#15774,#15783,#15792,#15801,#15810,#15819,#15828,
    #15837,#15846,#15855,#15864,#15873,#15882,#15891,#15900,#15909,
    #15918,#15927,#15936,#15945,#15954,#15963,#15972,#15981,#15990,
    #15999,#16008,#16017,#16026,#16035,#16044,#16053,#16062,#16071,
    #16080,#16089,#16098,#16107,#16116,#16125,#16134,#16143,#16152,
    #16161,#16170,#16179,#16188,#16197,#16206,#16215,#16224,#16233,
    #16242,#16252,#16261,#16270,#16279,#16288,#16297,#16306,#16315,
    #16324,#16333,#16342,#16351,#16360,#16369,#16378,#16387,#16396,
    #16405,#16414,#16423,#16432,#16441,#16450,#16459,#16468,#16477,
    #16486,#16495,#16504,#16513,#16522,#16531,#16540,#16549,#16558,
    #16567,#16576,#16585,#16594,#16603,#16612,#16621,#16630,#16639,
    #16648,#16657,#16666,#16675,#16684,#16693,#16702,#16711,#16720,
    #16729,#16738,#16747,#16756,#16765,#16774,#16783,#16792,#16801,
    #16810,#16819,#16828,#16837,#16846,#16855,#16864,#16873,#16882,
    #16891,#16901,#16910,#16919,#16928,#16937,#16946,#16955,#16964,
    #16973,#16982,#16991,#17000,#17009,#17018,#17027,#17036,#17045,
    #17054,#17063,#17072,#17081,#17090,#17099,#17108,#17117,#17126,
    #17135,#17144,#17153,#17162,#17171,#17180,#17189,#17198,#17207,
    #17216,#17225,#17234,#17243,#17252,#17261,#17270,#17279,#17288,
    #17297,#17306,#17315,#17324,#17333,#17342,#17351,#17360,#17369,
    #17378,#17387,#17396,#17405,#17414,#17423),#15542);
#15754 = STYLED_ITEM('color',(#15755),#9315);
#15755 = PRESENTATION_STYLE_ASSIGNMENT((#15756,#15762));
#15756 = SURFACE_STYLE_USAGE(.BOTH.,#15757);
#15757 = SURFACE_SIDE_STYLE('',(#15758));
#15758 = SURFACE_STYLE_FILL_AREA(#15759);
#15759 = FILL_AREA_STYLE('',(#15760));
#15760 = FILL_AREA_STYLE_COLOUR('',#15761);
#15761 = COLOUR_RGB('',0.501960785193,0.250980388104,0.250980388104);
#15762 = CURVE_STYLE('',#15763,POSITIVE_LENGTH_MEASURE(0.1),#15761);
#15763 = DRAUGHTING_PRE_DEFINED_CURVE_FONT('continuous');
#15764 = OVER_RIDING_STYLED_ITEM('overriding color',(#15765),#9317,
  #15754);
#15765 = PRESENTATION_STYLE_ASSIGNMENT((#15766,#15772));
#15766 = SURFACE_STYLE_USAGE(.BOTH.,#15767);
#15767 = SURFACE_SIDE_STYLE('',(#15768));
#15768 = SURFACE_STYLE_FILL_AREA(#15769);
#15769 = FILL_AREA_STYLE('',(#15770));
#15770 = FILL_AREA_STYLE_COLOUR('',#15771);
#15771 = DRAUGHTING_PRE_DEFINED_COLOUR('white');
#15772 = CURVE_STYLE('',#15773,POSITIVE_LENGTH_MEASURE(0.1),#15771);
#15773 = DRAUGHTING_PRE_DEFINED_CURVE_FONT('continuous');
#15774 = OVER_RIDING_STYLED_ITEM('overriding color',(#15775),#9357,
  #15754);
#15775 = PRESENTATION_STYLE_ASSIGNMENT((#15776,#15781));
#15776 = SURFACE_STYLE_USAGE(.BOTH.,#15777);
#15777 = SURFACE_SIDE_STYLE('',(#15778));
#15778 = SURFACE_STYLE_FILL_AREA(#15779);
#15779 = FILL_AREA_STYLE('',(#15780));
#15780 = FILL_AREA_STYLE_COLOUR('',#15771);
#15781 = CURVE_STYLE('',#15782,POSITIVE_LENGTH_MEASURE(0.1),#15771);
#15782 = DRAUGHTING_PRE_DEFINED_CURVE_FONT('continuous');
#15783 = OVER_RIDING_STYLED_ITEM('overriding color',(#15784),#9397,
  #15754);
#15784 = PRESENTATION_STYLE_ASSIGNMENT((#15785,#15790));
#15785 = SURFACE_STYLE_USAGE(.BOTH.,#15786);
#15786 = SURFACE_SIDE_STYLE('',(#15787));
#15787 = SURFACE_STYLE_FILL_AREA(#15788);
#15788 = FILL_AREA_STYLE('',(#15789));
#15789 = FILL_AREA_STYLE_COLOUR('',#15771);
#15790 = CURVE_STYLE('',#15791,POSITIVE_LENGTH_MEASURE(0.1),#15771);
#15791 = DRAUGHTING_PRE_DEFINED_CURVE_FONT('continuous');
#15792 = OVER_RIDING_STYLED_ITEM('overriding color',(#15793),#9437,
  #15754);
#15793 = PRESENTATION_STYLE_ASSIGNMENT((#15794,#15799));
#15794 = SURFACE_STYLE_USAGE(.BOTH.,#15795);
#15795 = SURFACE_SIDE_STYLE('',(#15796));
#15796 = SURFACE_STYLE_FILL_AREA(#15797);
#15797 = FILL_AREA_STYLE('',(#15798));
#15798 = FILL_AREA_STYLE_COLOUR('',#15771);
#15799 = CURVE_STYLE('',#15800,POSITIVE_LENGTH_MEASURE(0.1),#15771);
#15800 = DRAUGHTING_PRE_DEFINED_CURVE_FONT('continuous');
#15801 = OVER_RIDING_STYLED_ITEM('overriding color',(#15802),#9904,
  #15754);
#15802 = PRESENTATION_STYLE_ASSIGNMENT((#15803,#15808));
#15803 = SURFACE_STYLE_USAGE(.BOTH.,#15804);
#15804 = SURFACE_SIDE_STYLE('',(#15805));
#15805 = SURFACE_STYLE_FILL_AREA(#15806);
#15806 = FILL_AREA_STYLE('',(#15807));
#15807 = FILL_AREA_STYLE_COLOUR('',#15771);
#15808 = CURVE_STYLE('',#15809,POSITIVE_LENGTH_MEASURE(0.1),#15771);
#15809 = DRAUGHTING_PRE_DEFINED_CURVE_FONT('continuous');
#15810 = OVER_RIDING_STYLED_ITEM('overriding color',(#15811),#10105,
  #15754);
#15811 = PRESENTATION_STYLE_ASSIGNMENT((#15812,#15817));
#15812 = SURFACE_STYLE_USAGE(.BOTH.,#15813);
#15813 = SURFACE_SIDE_STYLE('',(#15814));
#15814 = SURFACE_STYLE_FILL_AREA(#15815);
#15815 = FILL_AREA_STYLE('',(#15816));
#15816 = FILL_AREA_STYLE_COLOUR('',#15771);
#15817 = CURVE_STYLE('',#15818,POSITIVE_LENGTH_MEASURE(0.1),#15771);
#15818 = DRAUGHTING_PRE_DEFINED_CURVE_FONT('continuous');
#15819 = OVER_RIDING_STYLED_ITEM('overriding color',(#15820),#10179,
  #15754);
#15820 = PRESENTATION_STYLE_ASSIGNMENT((#15821,#15826));
#15821 = SURFACE_STYLE_USAGE(.BOTH.,#15822);
#15822 = SURFACE_SIDE_STYLE('',(#15823));
#15823 = SURFACE_STYLE_FILL_AREA(#15824);
#15824 = FILL_AREA_STYLE('',(#15825));
#15825 = FILL_AREA_STYLE_COLOUR('',#15771);
#15826 = CURVE_STYLE('',#15827,POSITIVE_LENGTH_MEASURE(0.1),#15771);
#15827 = DRAUGHTING_PRE_DEFINED_CURVE_FONT('continuous');
#15828 = OVER_RIDING_STYLED_ITEM('overriding color',(#15829),#10253,
  #15754);
#15829 = PRESENTATION_STYLE_ASSIGNMENT((#15830,#15835));
#15830 = SURFACE_STYLE_USAGE(.BOTH.,#15831);
#15831 = SURFACE_SIDE_STYLE('',(#15832));
#15832 = SURFACE_STYLE_FILL_AREA(#15833);
#15833 = FILL_AREA_STYLE('',(#15834));
#15834 = FILL_AREA_STYLE_COLOUR('',#15771);
#15835 = CURVE_STYLE('',#15836,POSITIVE_LENGTH_MEASURE(0.1),#15771);
#15836 = DRAUGHTING_PRE_DEFINED_CURVE_FONT('continuous');
#15837 = OVER_RIDING_STYLED_ITEM('overriding color',(#15838),#10327,
  #15754);
#15838 = PRESENTATION_STYLE_ASSIGNMENT((#15839,#15844));
#15839 = SURFACE_STYLE_USAGE(.BOTH.,#15840);
#15840 = SURFACE_SIDE_STYLE('',(#15841));
#15841 = SURFACE_STYLE_FILL_AREA(#15842);
#15842 = FILL_AREA_STYLE('',(#15843));
#15843 = FILL_AREA_STYLE_COLOUR('',#15771);
#15844 = CURVE_STYLE('',#15845,POSITIVE_LENGTH_MEASURE(0.1),#15771);
#15845 = DRAUGHTING_PRE_DEFINED_CURVE_FONT('continuous');
#15846 = OVER_RIDING_STYLED_ITEM('overriding color',(#15847),#10401,
  #15754);
#15847 = PRESENTATION_STYLE_ASSIGNMENT((#15848,#15853));
#15848 = SURFACE_STYLE_USAGE(.BOTH.,#15849);
#15849 = SURFACE_SIDE_STYLE('',(#15850));
#15850 = SURFACE_STYLE_FILL_AREA(#15851);
#15851 = FILL_AREA_STYLE('',(#15852));
#15852 = FILL_AREA_STYLE_COLOUR('',#15771);
#15853 = CURVE_STYLE('',#15854,POSITIVE_LENGTH_MEASURE(0.1),#15771);
#15854 = DRAUGHTING_PRE_DEFINED_CURVE_FONT('continuous');
#15855 = OVER_RIDING_STYLED_ITEM('overriding color',(#15856),#10577,
  #15754);
#15856 = PRESENTATION_STYLE_ASSIGNMENT((#15857,#15862));
#15857 = SURFACE_STYLE_USAGE(.BOTH.,#15858);
#15858 = SURFACE_SIDE_STYLE('',(#15859));
#15859 = SURFACE_STYLE_FILL_AREA(#15860);
#15860 = FILL_AREA_STYLE('',(#15861));
#15861 = FILL_AREA_STYLE_COLOUR('',#15771);
#15862 = CURVE_STYLE('',#15863,POSITIVE_LENGTH_MEASURE(0.1),#15771);
#15863 = DRAUGHTING_PRE_DEFINED_CURVE_FONT('continuous');
#15864 = OVER_RIDING_STYLED_ITEM('overriding color',(#15865),#10624,
  #15754);
#15865 = PRESENTATION_STYLE_ASSIGNMENT((#15866,#15871));
#15866 = SURFACE_STYLE_USAGE(.BOTH.,#15867);
#15867 = SURFACE_SIDE_STYLE('',(#15868));
#15868 = SURFACE_STYLE_FILL_AREA(#15869);
#15869 = FILL_AREA_STYLE('',(#15870));
#15870 = FILL_AREA_STYLE_COLOUR('',#15771);
#15871 = CURVE_STYLE('',#15872,POSITIVE_LENGTH_MEASURE(0.1),#15771);
#15872 = DRAUGHTING_PRE_DEFINED_CURVE_FONT('continuous');
#15873 = OVER_RIDING_STYLED_ITEM('overriding color',(#15874),#10671,
  #15754);
#15874 = PRESENTATION_STYLE_ASSIGNMENT((#15875,#15880));
#15875 = SURFACE_STYLE_USAGE(.BOTH.,#15876);
#15876 = SURFACE_SIDE_STYLE('',(#15877));
#15877 = SURFACE_STYLE_FILL_AREA(#15878);
#15878 = FILL_AREA_STYLE('',(#15879));
#15879 = FILL_AREA_STYLE_COLOUR('',#15771);
#15880 = CURVE_STYLE('',#15881,POSITIVE_LENGTH_MEASURE(0.1),#15771);
#15881 = DRAUGHTING_PRE_DEFINED_CURVE_FONT('continuous');
#15882 = OVER_RIDING_STYLED_ITEM('overriding color',(#15883),#10718,
  #15754);
#15883 = PRESENTATION_STYLE_ASSIGNMENT((#15884,#15889));
#15884 = SURFACE_STYLE_USAGE(.BOTH.,#15885);
#15885 = SURFACE_SIDE_STYLE('',(#15886));
#15886 = SURFACE_STYLE_FILL_AREA(#15887);
#15887 = FILL_AREA_STYLE('',(#15888));
#15888 = FILL_AREA_STYLE_COLOUR('',#15771);
#15889 = CURVE_STYLE('',#15890,POSITIVE_LENGTH_MEASURE(0.1),#15771);
#15890 = DRAUGHTING_PRE_DEFINED_CURVE_FONT('continuous');
#15891 = OVER_RIDING_STYLED_ITEM('overriding color',(#15892),#10765,
  #15754);
#15892 = PRESENTATION_STYLE_ASSIGNMENT((#15893,#15898));
#15893 = SURFACE_STYLE_USAGE(.BOTH.,#15894);
#15894 = SURFACE_SIDE_STYLE('',(#15895));
#15895 = SURFACE_STYLE_FILL_AREA(#15896);
#15896 = FILL_AREA_STYLE('',(#15897));
#15897 = FILL_AREA_STYLE_COLOUR('',#15771);
#15898 = CURVE_STYLE('',#15899,POSITIVE_LENGTH_MEASURE(0.1),#15771);
#15899 = DRAUGHTING_PRE_DEFINED_CURVE_FONT('continuous');
#15900 = OVER_RIDING_STYLED_ITEM('overriding color',(#15901),#10803,
  #15754);
#15901 = PRESENTATION_STYLE_ASSIGNMENT((#15902,#15907));
#15902 = SURFACE_STYLE_USAGE(.BOTH.,#15903);
#15903 = SURFACE_SIDE_STYLE('',(#15904));
#15904 = SURFACE_STYLE_FILL_AREA(#15905);
#15905 = FILL_AREA_STYLE('',(#15906));
#15906 = FILL_AREA_STYLE_COLOUR('',#15771);
#15907 = CURVE_STYLE('',#15908,POSITIVE_LENGTH_MEASURE(0.1),#15771);
#15908 = DRAUGHTING_PRE_DEFINED_CURVE_FONT('continuous');
#15909 = OVER_RIDING_STYLED_ITEM('overriding color',(#15910),#10850,
  #15754);
#15910 = PRESENTATION_STYLE_ASSIGNMENT((#15911,#15916));
#15911 = SURFACE_STYLE_USAGE(.BOTH.,#15912);
#15912 = SURFACE_SIDE_STYLE('',(#15913));
#15913 = SURFACE_STYLE_FILL_AREA(#15914);
#15914 = FILL_AREA_STYLE('',(#15915));
#15915 = FILL_AREA_STYLE_COLOUR('',#15771);
#15916 = CURVE_STYLE('',#15917,POSITIVE_LENGTH_MEASURE(0.1),#15771);
#15917 = DRAUGHTING_PRE_DEFINED_CURVE_FONT('continuous');
#15918 = OVER_RIDING_STYLED_ITEM('overriding color',(#15919),#10881,
  #15754);
#15919 = PRESENTATION_STYLE_ASSIGNMENT((#15920,#15925));
#15920 = SURFACE_STYLE_USAGE(.BOTH.,#15921);
#15921 = SURFACE_SIDE_STYLE('',(#15922));
#15922 = SURFACE_STYLE_FILL_AREA(#15923);
#15923 = FILL_AREA_STYLE('',(#15924));
#15924 = FILL_AREA_STYLE_COLOUR('',#15771);
#15925 = CURVE_STYLE('',#15926,POSITIVE_LENGTH_MEASURE(0.1),#15771);
#15926 = DRAUGHTING_PRE_DEFINED_CURVE_FONT('continuous');
#15927 = OVER_RIDING_STYLED_ITEM('overriding color',(#15928),#10903,
  #15754);
#15928 = PRESENTATION_STYLE_ASSIGNMENT((#15929,#15934));
#15929 = SURFACE_STYLE_USAGE(.BOTH.,#15930);
#15930 = SURFACE_SIDE_STYLE('',(#15931));
#15931 = SURFACE_STYLE_FILL_AREA(#15932);
#15932 = FILL_AREA_STYLE('',(#15933));
#15933 = FILL_AREA_STYLE_COLOUR('',#15771);
#15934 = CURVE_STYLE('',#15935,POSITIVE_LENGTH_MEASURE(0.1),#15771);
#15935 = DRAUGHTING_PRE_DEFINED_CURVE_FONT('continuous');
#15936 = OVER_RIDING_STYLED_ITEM('overriding color',(#15937),#10950,
  #15754);
#15937 = PRESENTATION_STYLE_ASSIGNMENT((#15938,#15943));
#15938 = SURFACE_STYLE_USAGE(.BOTH.,#15939);
#15939 = SURFACE_SIDE_STYLE('',(#15940));
#15940 = SURFACE_STYLE_FILL_AREA(#15941);
#15941 = FILL_AREA_STYLE('',(#15942));
#15942 = FILL_AREA_STYLE_COLOUR('',#15771);
#15943 = CURVE_STYLE('',#15944,POSITIVE_LENGTH_MEASURE(0.1),#15771);
#15944 = DRAUGHTING_PRE_DEFINED_CURVE_FONT('continuous');
#15945 = OVER_RIDING_STYLED_ITEM('overriding color',(#15946),#10988,
  #15754);
#15946 = PRESENTATION_STYLE_ASSIGNMENT((#15947,#15952));
#15947 = SURFACE_STYLE_USAGE(.BOTH.,#15948);
#15948 = SURFACE_SIDE_STYLE('',(#15949));
#15949 = SURFACE_STYLE_FILL_AREA(#15950);
#15950 = FILL_AREA_STYLE('',(#15951));
#15951 = FILL_AREA_STYLE_COLOUR('',#15771);
#15952 = CURVE_STYLE('',#15953,POSITIVE_LENGTH_MEASURE(0.1),#15771);
#15953 = DRAUGHTING_PRE_DEFINED_CURVE_FONT('continuous');
#15954 = OVER_RIDING_STYLED_ITEM('overriding color',(#15955),#11010,
  #15754);
#15955 = PRESENTATION_STYLE_ASSIGNMENT((#15956,#15961));
#15956 = SURFACE_STYLE_USAGE(.BOTH.,#15957);
#15957 = SURFACE_SIDE_STYLE('',(#15958));
#15958 = SURFACE_STYLE_FILL_AREA(#15959);
#15959 = FILL_AREA_STYLE('',(#15960));
#15960 = FILL_AREA_STYLE_COLOUR('',#15771);
#15961 = CURVE_STYLE('',#15962,POSITIVE_LENGTH_MEASURE(0.1),#15771);
#15962 = DRAUGHTING_PRE_DEFINED_CURVE_FONT('continuous');
#15963 = OVER_RIDING_STYLED_ITEM('overriding color',(#15964),#11073,
  #15754);
#15964 = PRESENTATION_STYLE_ASSIGNMENT((#15965,#15970));
#15965 = SURFACE_STYLE_USAGE(.BOTH.,#15966);
#15966 = SURFACE_SIDE_STYLE('',(#15967));
#15967 = SURFACE_STYLE_FILL_AREA(#15968);
#15968 = FILL_AREA_STYLE('',(#15969));
#15969 = FILL_AREA_STYLE_COLOUR('',#15771);
#15970 = CURVE_STYLE('',#15971,POSITIVE_LENGTH_MEASURE(0.1),#15771);
#15971 = DRAUGHTING_PRE_DEFINED_CURVE_FONT('continuous');
#15972 = OVER_RIDING_STYLED_ITEM('overriding color',(#15973),#11133,
  #15754);
#15973 = PRESENTATION_STYLE_ASSIGNMENT((#15974,#15979));
#15974 = SURFACE_STYLE_USAGE(.BOTH.,#15975);
#15975 = SURFACE_SIDE_STYLE('',(#15976));
#15976 = SURFACE_STYLE_FILL_AREA(#15977);
#15977 = FILL_AREA_STYLE('',(#15978));
#15978 = FILL_AREA_STYLE_COLOUR('',#15771);
#15979 = CURVE_STYLE('',#15980,POSITIVE_LENGTH_MEASURE(0.1),#15771);
#15980 = DRAUGHTING_PRE_DEFINED_CURVE_FONT('continuous');
#15981 = OVER_RIDING_STYLED_ITEM('overriding color',(#15982),#11189,
  #15754);
#15982 = PRESENTATION_STYLE_ASSIGNMENT((#15983,#15988));
#15983 = SURFACE_STYLE_USAGE(.BOTH.,#15984);
#15984 = SURFACE_SIDE_STYLE('',(#15985));
#15985 = SURFACE_STYLE_FILL_AREA(#15986);
#15986 = FILL_AREA_STYLE('',(#15987));
#15987 = FILL_AREA_STYLE_COLOUR('',#15771);
#15988 = CURVE_STYLE('',#15989,POSITIVE_LENGTH_MEASURE(0.1),#15771);
#15989 = DRAUGHTING_PRE_DEFINED_CURVE_FONT('continuous');
#15990 = OVER_RIDING_STYLED_ITEM('overriding color',(#15991),#11363,
  #15754);
#15991 = PRESENTATION_STYLE_ASSIGNMENT((#15992,#15997));
#15992 = SURFACE_STYLE_USAGE(.BOTH.,#15993);
#15993 = SURFACE_SIDE_STYLE('',(#15994));
#15994 = SURFACE_STYLE_FILL_AREA(#15995);
#15995 = FILL_AREA_STYLE('',(#15996));
#15996 = FILL_AREA_STYLE_COLOUR('',#15771);
#15997 = CURVE_STYLE('',#15998,POSITIVE_LENGTH_MEASURE(0.1),#15771);
#15998 = DRAUGHTING_PRE_DEFINED_CURVE_FONT('continuous');
#15999 = OVER_RIDING_STYLED_ITEM('overriding color',(#16000),#11394,
  #15754);
#16000 = PRESENTATION_STYLE_ASSIGNMENT((#16001,#16006));
#16001 = SURFACE_STYLE_USAGE(.BOTH.,#16002);
#16002 = SURFACE_SIDE_STYLE('',(#16003));
#16003 = SURFACE_STYLE_FILL_AREA(#16004);
#16004 = FILL_AREA_STYLE('',(#16005));
#16005 = FILL_AREA_STYLE_COLOUR('',#15771);
#16006 = CURVE_STYLE('',#16007,POSITIVE_LENGTH_MEASURE(0.1),#15771);
#16007 = DRAUGHTING_PRE_DEFINED_CURVE_FONT('continuous');
#16008 = OVER_RIDING_STYLED_ITEM('overriding color',(#16009),#11406,
  #15754);
#16009 = PRESENTATION_STYLE_ASSIGNMENT((#16010,#16015));
#16010 = SURFACE_STYLE_USAGE(.BOTH.,#16011);
#16011 = SURFACE_SIDE_STYLE('',(#16012));
#16012 = SURFACE_STYLE_FILL_AREA(#16013);
#16013 = FILL_AREA_STYLE('',(#16014));
#16014 = FILL_AREA_STYLE_COLOUR('',#15771);
#16015 = CURVE_STYLE('',#16016,POSITIVE_LENGTH_MEASURE(0.1),#15771);
#16016 = DRAUGHTING_PRE_DEFINED_CURVE_FONT('continuous');
#16017 = OVER_RIDING_STYLED_ITEM('overriding color',(#16018),#11558,
  #15754);
#16018 = PRESENTATION_STYLE_ASSIGNMENT((#16019,#16024));
#16019 = SURFACE_STYLE_USAGE(.BOTH.,#16020);
#16020 = SURFACE_SIDE_STYLE('',(#16021));
#16021 = SURFACE_STYLE_FILL_AREA(#16022);
#16022 = FILL_AREA_STYLE('',(#16023));
#16023 = FILL_AREA_STYLE_COLOUR('',#15771);
#16024 = CURVE_STYLE('',#16025,POSITIVE_LENGTH_MEASURE(0.1),#15771);
#16025 = DRAUGHTING_PRE_DEFINED_CURVE_FONT('continuous');
#16026 = OVER_RIDING_STYLED_ITEM('overriding color',(#16027),#11598,
  #15754);
#16027 = PRESENTATION_STYLE_ASSIGNMENT((#16028,#16033));
#16028 = SURFACE_STYLE_USAGE(.BOTH.,#16029);
#16029 = SURFACE_SIDE_STYLE('',(#16030));
#16030 = SURFACE_STYLE_FILL_AREA(#16031);
#16031 = FILL_AREA_STYLE('',(#16032));
#16032 = FILL_AREA_STYLE_COLOUR('',#15771);
#16033 = CURVE_STYLE('',#16034,POSITIVE_LENGTH_MEASURE(0.1),#15771);
#16034 = DRAUGHTING_PRE_DEFINED_CURVE_FONT('continuous');
#16035 = OVER_RIDING_STYLED_ITEM('overriding color',(#16036),#11615,
  #15754);
#16036 = PRESENTATION_STYLE_ASSIGNMENT((#16037,#16042));
#16037 = SURFACE_STYLE_USAGE(.BOTH.,#16038);
#16038 = SURFACE_SIDE_STYLE('',(#16039));
#16039 = SURFACE_STYLE_FILL_AREA(#16040);
#16040 = FILL_AREA_STYLE('',(#16041));
#16041 = FILL_AREA_STYLE_COLOUR('',#15771);
#16042 = CURVE_STYLE('',#16043,POSITIVE_LENGTH_MEASURE(0.1),#15771);
#16043 = DRAUGHTING_PRE_DEFINED_CURVE_FONT('continuous');
#16044 = OVER_RIDING_STYLED_ITEM('overriding color',(#16045),#11650,
  #15754);
#16045 = PRESENTATION_STYLE_ASSIGNMENT((#16046,#16051));
#16046 = SURFACE_STYLE_USAGE(.BOTH.,#16047);
#16047 = SURFACE_SIDE_STYLE('',(#16048));
#16048 = SURFACE_STYLE_FILL_AREA(#16049);
#16049 = FILL_AREA_STYLE('',(#16050));
#16050 = FILL_AREA_STYLE_COLOUR('',#15771);
#16051 = CURVE_STYLE('',#16052,POSITIVE_LENGTH_MEASURE(0.1),#15771);
#16052 = DRAUGHTING_PRE_DEFINED_CURVE_FONT('continuous');
#16053 = OVER_RIDING_STYLED_ITEM('overriding color',(#16054),#11667,
  #15754);
#16054 = PRESENTATION_STYLE_ASSIGNMENT((#16055,#16060));
#16055 = SURFACE_STYLE_USAGE(.BOTH.,#16056);
#16056 = SURFACE_SIDE_STYLE('',(#16057));
#16057 = SURFACE_STYLE_FILL_AREA(#16058);
#16058 = FILL_AREA_STYLE('',(#16059));
#16059 = FILL_AREA_STYLE_COLOUR('',#15771);
#16060 = CURVE_STYLE('',#16061,POSITIVE_LENGTH_MEASURE(0.1),#15771);
#16061 = DRAUGHTING_PRE_DEFINED_CURVE_FONT('continuous');
#16062 = OVER_RIDING_STYLED_ITEM('overriding color',(#16063),#11684,
  #15754);
#16063 = PRESENTATION_STYLE_ASSIGNMENT((#16064,#16069));
#16064 = SURFACE_STYLE_USAGE(.BOTH.,#16065);
#16065 = SURFACE_SIDE_STYLE('',(#16066));
#16066 = SURFACE_STYLE_FILL_AREA(#16067);
#16067 = FILL_AREA_STYLE('',(#16068));
#16068 = FILL_AREA_STYLE_COLOUR('',#15771);
#16069 = CURVE_STYLE('',#16070,POSITIVE_LENGTH_MEASURE(0.1),#15771);
#16070 = DRAUGHTING_PRE_DEFINED_CURVE_FONT('continuous');
#16071 = OVER_RIDING_STYLED_ITEM('overriding color',(#16072),#11701,
  #15754);
#16072 = PRESENTATION_STYLE_ASSIGNMENT((#16073,#16078));
#16073 = SURFACE_STYLE_USAGE(.BOTH.,#16074);
#16074 = SURFACE_SIDE_STYLE('',(#16075));
#16075 = SURFACE_STYLE_FILL_AREA(#16076);
#16076 = FILL_AREA_STYLE('',(#16077));
#16077 = FILL_AREA_STYLE_COLOUR('',#15771);
#16078 = CURVE_STYLE('',#16079,POSITIVE_LENGTH_MEASURE(0.1),#15771);
#16079 = DRAUGHTING_PRE_DEFINED_CURVE_FONT('continuous');
#16080 = OVER_RIDING_STYLED_ITEM('overriding color',(#16081),#11718,
  #15754);
#16081 = PRESENTATION_STYLE_ASSIGNMENT((#16082,#16087));
#16082 = SURFACE_STYLE_USAGE(.BOTH.,#16083);
#16083 = SURFACE_SIDE_STYLE('',(#16084));
#16084 = SURFACE_STYLE_FILL_AREA(#16085);
#16085 = FILL_AREA_STYLE('',(#16086));
#16086 = FILL_AREA_STYLE_COLOUR('',#15771);
#16087 = CURVE_STYLE('',#16088,POSITIVE_LENGTH_MEASURE(0.1),#15771);
#16088 = DRAUGHTING_PRE_DEFINED_CURVE_FONT('continuous');
#16089 = OVER_RIDING_STYLED_ITEM('overriding color',(#16090),#11735,
  #15754);
#16090 = PRESENTATION_STYLE_ASSIGNMENT((#16091,#16096));
#16091 = SURFACE_STYLE_USAGE(.BOTH.,#16092);
#16092 = SURFACE_SIDE_STYLE('',(#16093));
#16093 = SURFACE_STYLE_FILL_AREA(#16094);
#16094 = FILL_AREA_STYLE('',(#16095));
#16095 = FILL_AREA_STYLE_COLOUR('',#15771);
#16096 = CURVE_STYLE('',#16097,POSITIVE_LENGTH_MEASURE(0.1),#15771);
#16097 = DRAUGHTING_PRE_DEFINED_CURVE_FONT('continuous');
#16098 = OVER_RIDING_STYLED_ITEM('overriding color',(#16099),#11752,
  #15754);
#16099 = PRESENTATION_STYLE_ASSIGNMENT((#16100,#16105));
#16100 = SURFACE_STYLE_USAGE(.BOTH.,#16101);
#16101 = SURFACE_SIDE_STYLE('',(#16102));
#16102 = SURFACE_STYLE_FILL_AREA(#16103);
#16103 = FILL_AREA_STYLE('',(#16104));
#16104 = FILL_AREA_STYLE_COLOUR('',#15771);
#16105 = CURVE_STYLE('',#16106,POSITIVE_LENGTH_MEASURE(0.1),#15771);
#16106 = DRAUGHTING_PRE_DEFINED_CURVE_FONT('continuous');
#16107 = OVER_RIDING_STYLED_ITEM('overriding color',(#16108),#11764,
  #15754);
#16108 = PRESENTATION_STYLE_ASSIGNMENT((#16109,#16114));
#16109 = SURFACE_STYLE_USAGE(.BOTH.,#16110);
#16110 = SURFACE_SIDE_STYLE('',(#16111));
#16111 = SURFACE_STYLE_FILL_AREA(#16112);
#16112 = FILL_AREA_STYLE('',(#16113));
#16113 = FILL_AREA_STYLE_COLOUR('',#15771);
#16114 = CURVE_STYLE('',#16115,POSITIVE_LENGTH_MEASURE(0.1),#15771);
#16115 = DRAUGHTING_PRE_DEFINED_CURVE_FONT('continuous');
#16116 = OVER_RIDING_STYLED_ITEM('overriding color',(#16117),#11781,
  #15754);
#16117 = PRESENTATION_STYLE_ASSIGNMENT((#16118,#16123));
#16118 = SURFACE_STYLE_USAGE(.BOTH.,#16119);
#16119 = SURFACE_SIDE_STYLE('',(#16120));
#16120 = SURFACE_STYLE_FILL_AREA(#16121);
#16121 = FILL_AREA_STYLE('',(#16122));
#16122 = FILL_AREA_STYLE_COLOUR('',#15771);
#16123 = CURVE_STYLE('',#16124,POSITIVE_LENGTH_MEASURE(0.1),#15771);
#16124 = DRAUGHTING_PRE_DEFINED_CURVE_FONT('continuous');
#16125 = OVER_RIDING_STYLED_ITEM('overriding color',(#16126),#11798,
  #15754);
#16126 = PRESENTATION_STYLE_ASSIGNMENT((#16127,#16132));
#16127 = SURFACE_STYLE_USAGE(.BOTH.,#16128);
#16128 = SURFACE_SIDE_STYLE('',(#16129));
#16129 = SURFACE_STYLE_FILL_AREA(#16130);
#16130 = FILL_AREA_STYLE('',(#16131));
#16131 = FILL_AREA_STYLE_COLOUR('',#15771);
#16132 = CURVE_STYLE('',#16133,POSITIVE_LENGTH_MEASURE(0.1),#15771);
#16133 = DRAUGHTING_PRE_DEFINED_CURVE_FONT('continuous');
#16134 = OVER_RIDING_STYLED_ITEM('overriding color',(#16135),#11815,
  #15754);
#16135 = PRESENTATION_STYLE_ASSIGNMENT((#16136,#16141));
#16136 = SURFACE_STYLE_USAGE(.BOTH.,#16137);
#16137 = SURFACE_SIDE_STYLE('',(#16138));
#16138 = SURFACE_STYLE_FILL_AREA(#16139);
#16139 = FILL_AREA_STYLE('',(#16140));
#16140 = FILL_AREA_STYLE_COLOUR('',#15771);
#16141 = CURVE_STYLE('',#16142,POSITIVE_LENGTH_MEASURE(0.1),#15771);
#16142 = DRAUGHTING_PRE_DEFINED_CURVE_FONT('continuous');
#16143 = OVER_RIDING_STYLED_ITEM('overriding color',(#16144),#11832,
  #15754);
#16144 = PRESENTATION_STYLE_ASSIGNMENT((#16145,#16150));
#16145 = SURFACE_STYLE_USAGE(.BOTH.,#16146);
#16146 = SURFACE_SIDE_STYLE('',(#16147));
#16147 = SURFACE_STYLE_FILL_AREA(#16148);
#16148 = FILL_AREA_STYLE('',(#16149));
#16149 = FILL_AREA_STYLE_COLOUR('',#15771);
#16150 = CURVE_STYLE('',#16151,POSITIVE_LENGTH_MEASURE(0.1),#15771);
#16151 = DRAUGHTING_PRE_DEFINED_CURVE_FONT('continuous');
#16152 = OVER_RIDING_STYLED_ITEM('overriding color',(#16153),#11849,
  #15754);
#16153 = PRESENTATION_STYLE_ASSIGNMENT((#16154,#16159));
#16154 = SURFACE_STYLE_USAGE(.BOTH.,#16155);
#16155 = SURFACE_SIDE_STYLE('',(#16156));
#16156 = SURFACE_STYLE_FILL_AREA(#16157);
#16157 = FILL_AREA_STYLE('',(#16158));
#16158 = FILL_AREA_STYLE_COLOUR('',#15771);
#16159 = CURVE_STYLE('',#16160,POSITIVE_LENGTH_MEASURE(0.1),#15771);
#16160 = DRAUGHTING_PRE_DEFINED_CURVE_FONT('continuous');
#16161 = OVER_RIDING_STYLED_ITEM('overriding color',(#16162),#11866,
  #15754);
#16162 = PRESENTATION_STYLE_ASSIGNMENT((#16163,#16168));
#16163 = SURFACE_STYLE_USAGE(.BOTH.,#16164);
#16164 = SURFACE_SIDE_STYLE('',(#16165));
#16165 = SURFACE_STYLE_FILL_AREA(#16166);
#16166 = FILL_AREA_STYLE('',(#16167));
#16167 = FILL_AREA_STYLE_COLOUR('',#15771);
#16168 = CURVE_STYLE('',#16169,POSITIVE_LENGTH_MEASURE(0.1),#15771);
#16169 = DRAUGHTING_PRE_DEFINED_CURVE_FONT('continuous');
#16170 = OVER_RIDING_STYLED_ITEM('overriding color',(#16171),#11878,
  #15754);
#16171 = PRESENTATION_STYLE_ASSIGNMENT((#16172,#16177));
#16172 = SURFACE_STYLE_USAGE(.BOTH.,#16173);
#16173 = SURFACE_SIDE_STYLE('',(#16174));
#16174 = SURFACE_STYLE_FILL_AREA(#16175);
#16175 = FILL_AREA_STYLE('',(#16176));
#16176 = FILL_AREA_STYLE_COLOUR('',#15771);
#16177 = CURVE_STYLE('',#16178,POSITIVE_LENGTH_MEASURE(0.1),#15771);
#16178 = DRAUGHTING_PRE_DEFINED_CURVE_FONT('continuous');
#16179 = OVER_RIDING_STYLED_ITEM('overriding color',(#16180),#11890,
  #15754);
#16180 = PRESENTATION_STYLE_ASSIGNMENT((#16181,#16186));
#16181 = SURFACE_STYLE_USAGE(.BOTH.,#16182);
#16182 = SURFACE_SIDE_STYLE('',(#16183));
#16183 = SURFACE_STYLE_FILL_AREA(#16184);
#16184 = FILL_AREA_STYLE('',(#16185));
#16185 = FILL_AREA_STYLE_COLOUR('',#15771);
#16186 = CURVE_STYLE('',#16187,POSITIVE_LENGTH_MEASURE(0.1),#15771);
#16187 = DRAUGHTING_PRE_DEFINED_CURVE_FONT('continuous');
#16188 = OVER_RIDING_STYLED_ITEM('overriding color',(#16189),#11902,
  #15754);
#16189 = PRESENTATION_STYLE_ASSIGNMENT((#16190,#16195));
#16190 = SURFACE_STYLE_USAGE(.BOTH.,#16191);
#16191 = SURFACE_SIDE_STYLE('',(#16192));
#16192 = SURFACE_STYLE_FILL_AREA(#16193);
#16193 = FILL_AREA_STYLE('',(#16194));
#16194 = FILL_AREA_STYLE_COLOUR('',#15771);
#16195 = CURVE_STYLE('',#16196,POSITIVE_LENGTH_MEASURE(0.1),#15771);
#16196 = DRAUGHTING_PRE_DEFINED_CURVE_FONT('continuous');
#16197 = OVER_RIDING_STYLED_ITEM('overriding color',(#16198),#11914,
  #15754);
#16198 = PRESENTATION_STYLE_ASSIGNMENT((#16199,#16204));
#16199 = SURFACE_STYLE_USAGE(.BOTH.,#16200);
#16200 = SURFACE_SIDE_STYLE('',(#16201));
#16201 = SURFACE_STYLE_FILL_AREA(#16202);
#16202 = FILL_AREA_STYLE('',(#16203));
#16203 = FILL_AREA_STYLE_COLOUR('',#15771);
#16204 = CURVE_STYLE('',#16205,POSITIVE_LENGTH_MEASURE(0.1),#15771);
#16205 = DRAUGHTING_PRE_DEFINED_CURVE_FONT('continuous');
#16206 = OVER_RIDING_STYLED_ITEM('overriding color',(#16207),#11926,
  #15754);
#16207 = PRESENTATION_STYLE_ASSIGNMENT((#16208,#16213));
#16208 = SURFACE_STYLE_USAGE(.BOTH.,#16209);
#16209 = SURFACE_SIDE_STYLE('',(#16210));
#16210 = SURFACE_STYLE_FILL_AREA(#16211);
#16211 = FILL_AREA_STYLE('',(#16212));
#16212 = FILL_AREA_STYLE_COLOUR('',#15771);
#16213 = CURVE_STYLE('',#16214,POSITIVE_LENGTH_MEASURE(0.1),#15771);
#16214 = DRAUGHTING_PRE_DEFINED_CURVE_FONT('continuous');
#16215 = OVER_RIDING_STYLED_ITEM('overriding color',(#16216),#11938,
  #15754);
#16216 = PRESENTATION_STYLE_ASSIGNMENT((#16217,#16222));
#16217 = SURFACE_STYLE_USAGE(.BOTH.,#16218);
#16218 = SURFACE_SIDE_STYLE('',(#16219));
#16219 = SURFACE_STYLE_FILL_AREA(#16220);
#16220 = FILL_AREA_STYLE('',(#16221));
#16221 = FILL_AREA_STYLE_COLOUR('',#15771);
#16222 = CURVE_STYLE('',#16223,POSITIVE_LENGTH_MEASURE(0.1),#15771);
#16223 = DRAUGHTING_PRE_DEFINED_CURVE_FONT('continuous');
#16224 = OVER_RIDING_STYLED_ITEM('overriding color',(#16225),#11950,
  #15754);
#16225 = PRESENTATION_STYLE_ASSIGNMENT((#16226,#16231));
#16226 = SURFACE_STYLE_USAGE(.BOTH.,#16227);
#16227 = SURFACE_SIDE_STYLE('',(#16228));
#16228 = SURFACE_STYLE_FILL_AREA(#16229);
#16229 = FILL_AREA_STYLE('',(#16230));
#16230 = FILL_AREA_STYLE_COLOUR('',#15771);
#16231 = CURVE_STYLE('',#16232,POSITIVE_LENGTH_MEASURE(0.1),#15771);
#16232 = DRAUGHTING_PRE_DEFINED_CURVE_FONT('continuous');
#16233 = OVER_RIDING_STYLED_ITEM('overriding color',(#16234),#11962,
  #15754);
#16234 = PRESENTATION_STYLE_ASSIGNMENT((#16235,#16240));
#16235 = SURFACE_STYLE_USAGE(.BOTH.,#16236);
#16236 = SURFACE_SIDE_STYLE('',(#16237));
#16237 = SURFACE_STYLE_FILL_AREA(#16238);
#16238 = FILL_AREA_STYLE('',(#16239));
#16239 = FILL_AREA_STYLE_COLOUR('',#15771);
#16240 = CURVE_STYLE('',#16241,POSITIVE_LENGTH_MEASURE(0.1),#15771);
#16241 = DRAUGHTING_PRE_DEFINED_CURVE_FONT('continuous');
#16242 = OVER_RIDING_STYLED_ITEM('overriding color',(#16243),#11974,
  #15754);
#16243 = PRESENTATION_STYLE_ASSIGNMENT((#16244,#16250));
#16244 = SURFACE_STYLE_USAGE(.BOTH.,#16245);
#16245 = SURFACE_SIDE_STYLE('',(#16246));
#16246 = SURFACE_STYLE_FILL_AREA(#16247);
#16247 = FILL_AREA_STYLE('',(#16248));
#16248 = FILL_AREA_STYLE_COLOUR('',#16249);
#16249 = COLOUR_RGB('',0.752941164258,0.752941164258,0.752941164258);
#16250 = CURVE_STYLE('',#16251,POSITIVE_LENGTH_MEASURE(0.1),#16249);
#16251 = DRAUGHTING_PRE_DEFINED_CURVE_FONT('continuous');
#16252 = OVER_RIDING_STYLED_ITEM('overriding color',(#16253),#12005,
  #15754);
#16253 = PRESENTATION_STYLE_ASSIGNMENT((#16254,#16259));
#16254 = SURFACE_STYLE_USAGE(.BOTH.,#16255);
#16255 = SURFACE_SIDE_STYLE('',(#16256));
#16256 = SURFACE_STYLE_FILL_AREA(#16257);
#16257 = FILL_AREA_STYLE('',(#16258));
#16258 = FILL_AREA_STYLE_COLOUR('',#16249);
#16259 = CURVE_STYLE('',#16260,POSITIVE_LENGTH_MEASURE(0.1),#16249);
#16260 = DRAUGHTING_PRE_DEFINED_CURVE_FONT('continuous');
#16261 = OVER_RIDING_STYLED_ITEM('overriding color',(#16262),#12029,
  #15754);
#16262 = PRESENTATION_STYLE_ASSIGNMENT((#16263,#16268));
#16263 = SURFACE_STYLE_USAGE(.BOTH.,#16264);
#16264 = SURFACE_SIDE_STYLE('',(#16265));
#16265 = SURFACE_STYLE_FILL_AREA(#16266);
#16266 = FILL_AREA_STYLE('',(#16267));
#16267 = FILL_AREA_STYLE_COLOUR('',#16249);
#16268 = CURVE_STYLE('',#16269,POSITIVE_LENGTH_MEASURE(0.1),#16249);
#16269 = DRAUGHTING_PRE_DEFINED_CURVE_FONT('continuous');
#16270 = OVER_RIDING_STYLED_ITEM('overriding color',(#16271),#12053,
  #15754);
#16271 = PRESENTATION_STYLE_ASSIGNMENT((#16272,#16277));
#16272 = SURFACE_STYLE_USAGE(.BOTH.,#16273);
#16273 = SURFACE_SIDE_STYLE('',(#16274));
#16274 = SURFACE_STYLE_FILL_AREA(#16275);
#16275 = FILL_AREA_STYLE('',(#16276));
#16276 = FILL_AREA_STYLE_COLOUR('',#16249);
#16277 = CURVE_STYLE('',#16278,POSITIVE_LENGTH_MEASURE(0.1),#16249);
#16278 = DRAUGHTING_PRE_DEFINED_CURVE_FONT('continuous');
#16279 = OVER_RIDING_STYLED_ITEM('overriding color',(#16280),#12070,
  #15754);
#16280 = PRESENTATION_STYLE_ASSIGNMENT((#16281,#16286));
#16281 = SURFACE_STYLE_USAGE(.BOTH.,#16282);
#16282 = SURFACE_SIDE_STYLE('',(#16283));
#16283 = SURFACE_STYLE_FILL_AREA(#16284);
#16284 = FILL_AREA_STYLE('',(#16285));
#16285 = FILL_AREA_STYLE_COLOUR('',#16249);
#16286 = CURVE_STYLE('',#16287,POSITIVE_LENGTH_MEASURE(0.1),#16249);
#16287 = DRAUGHTING_PRE_DEFINED_CURVE_FONT('continuous');
#16288 = OVER_RIDING_STYLED_ITEM('overriding color',(#16289),#12110,
  #15754);
#16289 = PRESENTATION_STYLE_ASSIGNMENT((#16290,#16295));
#16290 = SURFACE_STYLE_USAGE(.BOTH.,#16291);
#16291 = SURFACE_SIDE_STYLE('',(#16292));
#16292 = SURFACE_STYLE_FILL_AREA(#16293);
#16293 = FILL_AREA_STYLE('',(#16294));
#16294 = FILL_AREA_STYLE_COLOUR('',#16249);
#16295 = CURVE_STYLE('',#16296,POSITIVE_LENGTH_MEASURE(0.1),#16249);
#16296 = DRAUGHTING_PRE_DEFINED_CURVE_FONT('continuous');
#16297 = OVER_RIDING_STYLED_ITEM('overriding color',(#16298),#12132,
  #15754);
#16298 = PRESENTATION_STYLE_ASSIGNMENT((#16299,#16304));
#16299 = SURFACE_STYLE_USAGE(.BOTH.,#16300);
#16300 = SURFACE_SIDE_STYLE('',(#16301));
#16301 = SURFACE_STYLE_FILL_AREA(#16302);
#16302 = FILL_AREA_STYLE('',(#16303));
#16303 = FILL_AREA_STYLE_COLOUR('',#16249);
#16304 = CURVE_STYLE('',#16305,POSITIVE_LENGTH_MEASURE(0.1),#16249);
#16305 = DRAUGHTING_PRE_DEFINED_CURVE_FONT('continuous');
#16306 = OVER_RIDING_STYLED_ITEM('overriding color',(#16307),#12149,
  #15754);
#16307 = PRESENTATION_STYLE_ASSIGNMENT((#16308,#16313));
#16308 = SURFACE_STYLE_USAGE(.BOTH.,#16309);
#16309 = SURFACE_SIDE_STYLE('',(#16310));
#16310 = SURFACE_STYLE_FILL_AREA(#16311);
#16311 = FILL_AREA_STYLE('',(#16312));
#16312 = FILL_AREA_STYLE_COLOUR('',#16249);
#16313 = CURVE_STYLE('',#16314,POSITIVE_LENGTH_MEASURE(0.1),#16249);
#16314 = DRAUGHTING_PRE_DEFINED_CURVE_FONT('continuous');
#16315 = OVER_RIDING_STYLED_ITEM('overriding color',(#16316),#12166,
  #15754);
#16316 = PRESENTATION_STYLE_ASSIGNMENT((#16317,#16322));
#16317 = SURFACE_STYLE_USAGE(.BOTH.,#16318);
#16318 = SURFACE_SIDE_STYLE('',(#16319));
#16319 = SURFACE_STYLE_FILL_AREA(#16320);
#16320 = FILL_AREA_STYLE('',(#16321));
#16321 = FILL_AREA_STYLE_COLOUR('',#16249);
#16322 = CURVE_STYLE('',#16323,POSITIVE_LENGTH_MEASURE(0.1),#16249);
#16323 = DRAUGHTING_PRE_DEFINED_CURVE_FONT('continuous');
#16324 = OVER_RIDING_STYLED_ITEM('overriding color',(#16325),#12178,
  #15754);
#16325 = PRESENTATION_STYLE_ASSIGNMENT((#16326,#16331));
#16326 = SURFACE_STYLE_USAGE(.BOTH.,#16327);
#16327 = SURFACE_SIDE_STYLE('',(#16328));
#16328 = SURFACE_STYLE_FILL_AREA(#16329);
#16329 = FILL_AREA_STYLE('',(#16330));
#16330 = FILL_AREA_STYLE_COLOUR('',#16249);
#16331 = CURVE_STYLE('',#16332,POSITIVE_LENGTH_MEASURE(0.1),#16249);
#16332 = DRAUGHTING_PRE_DEFINED_CURVE_FONT('continuous');
#16333 = OVER_RIDING_STYLED_ITEM('overriding color',(#16334),#12209,
  #15754);
#16334 = PRESENTATION_STYLE_ASSIGNMENT((#16335,#16340));
#16335 = SURFACE_STYLE_USAGE(.BOTH.,#16336);
#16336 = SURFACE_SIDE_STYLE('',(#16337));
#16337 = SURFACE_STYLE_FILL_AREA(#16338);
#16338 = FILL_AREA_STYLE('',(#16339));
#16339 = FILL_AREA_STYLE_COLOUR('',#16249);
#16340 = CURVE_STYLE('',#16341,POSITIVE_LENGTH_MEASURE(0.1),#16249);
#16341 = DRAUGHTING_PRE_DEFINED_CURVE_FONT('continuous');
#16342 = OVER_RIDING_STYLED_ITEM('overriding color',(#16343),#12233,
  #15754);
#16343 = PRESENTATION_STYLE_ASSIGNMENT((#16344,#16349));
#16344 = SURFACE_STYLE_USAGE(.BOTH.,#16345);
#16345 = SURFACE_SIDE_STYLE('',(#16346));
#16346 = SURFACE_STYLE_FILL_AREA(#16347);
#16347 = FILL_AREA_STYLE('',(#16348));
#16348 = FILL_AREA_STYLE_COLOUR('',#16249);
#16349 = CURVE_STYLE('',#16350,POSITIVE_LENGTH_MEASURE(0.1),#16249);
#16350 = DRAUGHTING_PRE_DEFINED_CURVE_FONT('continuous');
#16351 = OVER_RIDING_STYLED_ITEM('overriding color',(#16352),#12257,
  #15754);
#16352 = PRESENTATION_STYLE_ASSIGNMENT((#16353,#16358));
#16353 = SURFACE_STYLE_USAGE(.BOTH.,#16354);
#16354 = SURFACE_SIDE_STYLE('',(#16355));
#16355 = SURFACE_STYLE_FILL_AREA(#16356);
#16356 = FILL_AREA_STYLE('',(#16357));
#16357 = FILL_AREA_STYLE_COLOUR('',#16249);
#16358 = CURVE_STYLE('',#16359,POSITIVE_LENGTH_MEASURE(0.1),#16249);
#16359 = DRAUGHTING_PRE_DEFINED_CURVE_FONT('continuous');
#16360 = OVER_RIDING_STYLED_ITEM('overriding color',(#16361),#12274,
  #15754);
#16361 = PRESENTATION_STYLE_ASSIGNMENT((#16362,#16367));
#16362 = SURFACE_STYLE_USAGE(.BOTH.,#16363);
#16363 = SURFACE_SIDE_STYLE('',(#16364));
#16364 = SURFACE_STYLE_FILL_AREA(#16365);
#16365 = FILL_AREA_STYLE('',(#16366));
#16366 = FILL_AREA_STYLE_COLOUR('',#16249);
#16367 = CURVE_STYLE('',#16368,POSITIVE_LENGTH_MEASURE(0.1),#16249);
#16368 = DRAUGHTING_PRE_DEFINED_CURVE_FONT('continuous');
#16369 = OVER_RIDING_STYLED_ITEM('overriding color',(#16370),#12314,
  #15754);
#16370 = PRESENTATION_STYLE_ASSIGNMENT((#16371,#16376));
#16371 = SURFACE_STYLE_USAGE(.BOTH.,#16372);
#16372 = SURFACE_SIDE_STYLE('',(#16373));
#16373 = SURFACE_STYLE_FILL_AREA(#16374);
#16374 = FILL_AREA_STYLE('',(#16375));
#16375 = FILL_AREA_STYLE_COLOUR('',#16249);
#16376 = CURVE_STYLE('',#16377,POSITIVE_LENGTH_MEASURE(0.1),#16249);
#16377 = DRAUGHTING_PRE_DEFINED_CURVE_FONT('continuous');
#16378 = OVER_RIDING_STYLED_ITEM('overriding color',(#16379),#12336,
  #15754);
#16379 = PRESENTATION_STYLE_ASSIGNMENT((#16380,#16385));
#16380 = SURFACE_STYLE_USAGE(.BOTH.,#16381);
#16381 = SURFACE_SIDE_STYLE('',(#16382));
#16382 = SURFACE_STYLE_FILL_AREA(#16383);
#16383 = FILL_AREA_STYLE('',(#16384));
#16384 = FILL_AREA_STYLE_COLOUR('',#16249);
#16385 = CURVE_STYLE('',#16386,POSITIVE_LENGTH_MEASURE(0.1),#16249);
#16386 = DRAUGHTING_PRE_DEFINED_CURVE_FONT('continuous');
#16387 = OVER_RIDING_STYLED_ITEM('overriding color',(#16388),#12353,
  #15754);
#16388 = PRESENTATION_STYLE_ASSIGNMENT((#16389,#16394));
#16389 = SURFACE_STYLE_USAGE(.BOTH.,#16390);
#16390 = SURFACE_SIDE_STYLE('',(#16391));
#16391 = SURFACE_STYLE_FILL_AREA(#16392);
#16392 = FILL_AREA_STYLE('',(#16393));
#16393 = FILL_AREA_STYLE_COLOUR('',#16249);
#16394 = CURVE_STYLE('',#16395,POSITIVE_LENGTH_MEASURE(0.1),#16249);
#16395 = DRAUGHTING_PRE_DEFINED_CURVE_FONT('continuous');
#16396 = OVER_RIDING_STYLED_ITEM('overriding color',(#16397),#12370,
  #15754);
#16397 = PRESENTATION_STYLE_ASSIGNMENT((#16398,#16403));
#16398 = SURFACE_STYLE_USAGE(.BOTH.,#16399);
#16399 = SURFACE_SIDE_STYLE('',(#16400));
#16400 = SURFACE_STYLE_FILL_AREA(#16401);
#16401 = FILL_AREA_STYLE('',(#16402));
#16402 = FILL_AREA_STYLE_COLOUR('',#16249);
#16403 = CURVE_STYLE('',#16404,POSITIVE_LENGTH_MEASURE(0.1),#16249);
#16404 = DRAUGHTING_PRE_DEFINED_CURVE_FONT('continuous');
#16405 = OVER_RIDING_STYLED_ITEM('overriding color',(#16406),#12382,
  #15754);
#16406 = PRESENTATION_STYLE_ASSIGNMENT((#16407,#16412));
#16407 = SURFACE_STYLE_USAGE(.BOTH.,#16408);
#16408 = SURFACE_SIDE_STYLE('',(#16409));
#16409 = SURFACE_STYLE_FILL_AREA(#16410);
#16410 = FILL_AREA_STYLE('',(#16411));
#16411 = FILL_AREA_STYLE_COLOUR('',#16249);
#16412 = CURVE_STYLE('',#16413,POSITIVE_LENGTH_MEASURE(0.1),#16249);
#16413 = DRAUGHTING_PRE_DEFINED_CURVE_FONT('continuous');
#16414 = OVER_RIDING_STYLED_ITEM('overriding color',(#16415),#12413,
  #15754);
#16415 = PRESENTATION_STYLE_ASSIGNMENT((#16416,#16421));
#16416 = SURFACE_STYLE_USAGE(.BOTH.,#16417);
#16417 = SURFACE_SIDE_STYLE('',(#16418));
#16418 = SURFACE_STYLE_FILL_AREA(#16419);
#16419 = FILL_AREA_STYLE('',(#16420));
#16420 = FILL_AREA_STYLE_COLOUR('',#16249);
#16421 = CURVE_STYLE('',#16422,POSITIVE_LENGTH_MEASURE(0.1),#16249);
#16422 = DRAUGHTING_PRE_DEFINED_CURVE_FONT('continuous');
#16423 = OVER_RIDING_STYLED_ITEM('overriding color',(#16424),#12437,
  #15754);
#16424 = PRESENTATION_STYLE_ASSIGNMENT((#16425,#16430));
#16425 = SURFACE_STYLE_USAGE(.BOTH.,#16426);
#16426 = SURFACE_SIDE_STYLE('',(#16427));
#16427 = SURFACE_STYLE_FILL_AREA(#16428);
#16428 = FILL_AREA_STYLE('',(#16429));
#16429 = FILL_AREA_STYLE_COLOUR('',#16249);
#16430 = CURVE_STYLE('',#16431,POSITIVE_LENGTH_MEASURE(0.1),#16249);
#16431 = DRAUGHTING_PRE_DEFINED_CURVE_FONT('continuous');
#16432 = OVER_RIDING_STYLED_ITEM('overriding color',(#16433),#12461,
  #15754);
#16433 = PRESENTATION_STYLE_ASSIGNMENT((#16434,#16439));
#16434 = SURFACE_STYLE_USAGE(.BOTH.,#16435);
#16435 = SURFACE_SIDE_STYLE('',(#16436));
#16436 = SURFACE_STYLE_FILL_AREA(#16437);
#16437 = FILL_AREA_STYLE('',(#16438));
#16438 = FILL_AREA_STYLE_COLOUR('',#16249);
#16439 = CURVE_STYLE('',#16440,POSITIVE_LENGTH_MEASURE(0.1),#16249);
#16440 = DRAUGHTING_PRE_DEFINED_CURVE_FONT('continuous');
#16441 = OVER_RIDING_STYLED_ITEM('overriding color',(#16442),#12478,
  #15754);
#16442 = PRESENTATION_STYLE_ASSIGNMENT((#16443,#16448));
#16443 = SURFACE_STYLE_USAGE(.BOTH.,#16444);
#16444 = SURFACE_SIDE_STYLE('',(#16445));
#16445 = SURFACE_STYLE_FILL_AREA(#16446);
#16446 = FILL_AREA_STYLE('',(#16447));
#16447 = FILL_AREA_STYLE_COLOUR('',#16249);
#16448 = CURVE_STYLE('',#16449,POSITIVE_LENGTH_MEASURE(0.1),#16249);
#16449 = DRAUGHTING_PRE_DEFINED_CURVE_FONT('continuous');
#16450 = OVER_RIDING_STYLED_ITEM('overriding color',(#16451),#12518,
  #15754);
#16451 = PRESENTATION_STYLE_ASSIGNMENT((#16452,#16457));
#16452 = SURFACE_STYLE_USAGE(.BOTH.,#16453);
#16453 = SURFACE_SIDE_STYLE('',(#16454));
#16454 = SURFACE_STYLE_FILL_AREA(#16455);
#16455 = FILL_AREA_STYLE('',(#16456));
#16456 = FILL_AREA_STYLE_COLOUR('',#16249);
#16457 = CURVE_STYLE('',#16458,POSITIVE_LENGTH_MEASURE(0.1),#16249);
#16458 = DRAUGHTING_PRE_DEFINED_CURVE_FONT('continuous');
#16459 = OVER_RIDING_STYLED_ITEM('overriding color',(#16460),#12540,
  #15754);
#16460 = PRESENTATION_STYLE_ASSIGNMENT((#16461,#16466));
#16461 = SURFACE_STYLE_USAGE(.BOTH.,#16462);
#16462 = SURFACE_SIDE_STYLE('',(#16463));
#16463 = SURFACE_STYLE_FILL_AREA(#16464);
#16464 = FILL_AREA_STYLE('',(#16465));
#16465 = FILL_AREA_STYLE_COLOUR('',#16249);
#16466 = CURVE_STYLE('',#16467,POSITIVE_LENGTH_MEASURE(0.1),#16249);
#16467 = DRAUGHTING_PRE_DEFINED_CURVE_FONT('continuous');
#16468 = OVER_RIDING_STYLED_ITEM('overriding color',(#16469),#12557,
  #15754);
#16469 = PRESENTATION_STYLE_ASSIGNMENT((#16470,#16475));
#16470 = SURFACE_STYLE_USAGE(.BOTH.,#16471);
#16471 = SURFACE_SIDE_STYLE('',(#16472));
#16472 = SURFACE_STYLE_FILL_AREA(#16473);
#16473 = FILL_AREA_STYLE('',(#16474));
#16474 = FILL_AREA_STYLE_COLOUR('',#16249);
#16475 = CURVE_STYLE('',#16476,POSITIVE_LENGTH_MEASURE(0.1),#16249);
#16476 = DRAUGHTING_PRE_DEFINED_CURVE_FONT('continuous');
#16477 = OVER_RIDING_STYLED_ITEM('overriding color',(#16478),#12574,
  #15754);
#16478 = PRESENTATION_STYLE_ASSIGNMENT((#16479,#16484));
#16479 = SURFACE_STYLE_USAGE(.BOTH.,#16480);
#16480 = SURFACE_SIDE_STYLE('',(#16481));
#16481 = SURFACE_STYLE_FILL_AREA(#16482);
#16482 = FILL_AREA_STYLE('',(#16483));
#16483 = FILL_AREA_STYLE_COLOUR('',#16249);
#16484 = CURVE_STYLE('',#16485,POSITIVE_LENGTH_MEASURE(0.1),#16249);
#16485 = DRAUGHTING_PRE_DEFINED_CURVE_FONT('continuous');
#16486 = OVER_RIDING_STYLED_ITEM('overriding color',(#16487),#12586,
  #15754);
#16487 = PRESENTATION_STYLE_ASSIGNMENT((#16488,#16493));
#16488 = SURFACE_STYLE_USAGE(.BOTH.,#16489);
#16489 = SURFACE_SIDE_STYLE('',(#16490));
#16490 = SURFACE_STYLE_FILL_AREA(#16491);
#16491 = FILL_AREA_STYLE('',(#16492));
#16492 = FILL_AREA_STYLE_COLOUR('',#16249);
#16493 = CURVE_STYLE('',#16494,POSITIVE_LENGTH_MEASURE(0.1),#16249);
#16494 = DRAUGHTING_PRE_DEFINED_CURVE_FONT('continuous');
#16495 = OVER_RIDING_STYLED_ITEM('overriding color',(#16496),#12617,
  #15754);
#16496 = PRESENTATION_STYLE_ASSIGNMENT((#16497,#16502));
#16497 = SURFACE_STYLE_USAGE(.BOTH.,#16498);
#16498 = SURFACE_SIDE_STYLE('',(#16499));
#16499 = SURFACE_STYLE_FILL_AREA(#16500);
#16500 = FILL_AREA_STYLE('',(#16501));
#16501 = FILL_AREA_STYLE_COLOUR('',#16249);
#16502 = CURVE_STYLE('',#16503,POSITIVE_LENGTH_MEASURE(0.1),#16249);
#16503 = DRAUGHTING_PRE_DEFINED_CURVE_FONT('continuous');
#16504 = OVER_RIDING_STYLED_ITEM('overriding color',(#16505),#12641,
  #15754);
#16505 = PRESENTATION_STYLE_ASSIGNMENT((#16506,#16511));
#16506 = SURFACE_STYLE_USAGE(.BOTH.,#16507);
#16507 = SURFACE_SIDE_STYLE('',(#16508));
#16508 = SURFACE_STYLE_FILL_AREA(#16509);
#16509 = FILL_AREA_STYLE('',(#16510));
#16510 = FILL_AREA_STYLE_COLOUR('',#16249);
#16511 = CURVE_STYLE('',#16512,POSITIVE_LENGTH_MEASURE(0.1),#16249);
#16512 = DRAUGHTING_PRE_DEFINED_CURVE_FONT('continuous');
#16513 = OVER_RIDING_STYLED_ITEM('overriding color',(#16514),#12665,
  #15754);
#16514 = PRESENTATION_STYLE_ASSIGNMENT((#16515,#16520));
#16515 = SURFACE_STYLE_USAGE(.BOTH.,#16516);
#16516 = SURFACE_SIDE_STYLE('',(#16517));
#16517 = SURFACE_STYLE_FILL_AREA(#16518);
#16518 = FILL_AREA_STYLE('',(#16519));
#16519 = FILL_AREA_STYLE_COLOUR('',#16249);
#16520 = CURVE_STYLE('',#16521,POSITIVE_LENGTH_MEASURE(0.1),#16249);
#16521 = DRAUGHTING_PRE_DEFINED_CURVE_FONT('continuous');
#16522 = OVER_RIDING_STYLED_ITEM('overriding color',(#16523),#12682,
  #15754);
#16523 = PRESENTATION_STYLE_ASSIGNMENT((#16524,#16529));
#16524 = SURFACE_STYLE_USAGE(.BOTH.,#16525);
#16525 = SURFACE_SIDE_STYLE('',(#16526));
#16526 = SURFACE_STYLE_FILL_AREA(#16527);
#16527 = FILL_AREA_STYLE('',(#16528));
#16528 = FILL_AREA_STYLE_COLOUR('',#16249);
#16529 = CURVE_STYLE('',#16530,POSITIVE_LENGTH_MEASURE(0.1),#16249);
#16530 = DRAUGHTING_PRE_DEFINED_CURVE_FONT('continuous');
#16531 = OVER_RIDING_STYLED_ITEM('overriding color',(#16532),#12722,
  #15754);
#16532 = PRESENTATION_STYLE_ASSIGNMENT((#16533,#16538));
#16533 = SURFACE_STYLE_USAGE(.BOTH.,#16534);
#16534 = SURFACE_SIDE_STYLE('',(#16535));
#16535 = SURFACE_STYLE_FILL_AREA(#16536);
#16536 = FILL_AREA_STYLE('',(#16537));
#16537 = FILL_AREA_STYLE_COLOUR('',#16249);
#16538 = CURVE_STYLE('',#16539,POSITIVE_LENGTH_MEASURE(0.1),#16249);
#16539 = DRAUGHTING_PRE_DEFINED_CURVE_FONT('continuous');
#16540 = OVER_RIDING_STYLED_ITEM('overriding color',(#16541),#12744,
  #15754);
#16541 = PRESENTATION_STYLE_ASSIGNMENT((#16542,#16547));
#16542 = SURFACE_STYLE_USAGE(.BOTH.,#16543);
#16543 = SURFACE_SIDE_STYLE('',(#16544));
#16544 = SURFACE_STYLE_FILL_AREA(#16545);
#16545 = FILL_AREA_STYLE('',(#16546));
#16546 = FILL_AREA_STYLE_COLOUR('',#16249);
#16547 = CURVE_STYLE('',#16548,POSITIVE_LENGTH_MEASURE(0.1),#16249);
#16548 = DRAUGHTING_PRE_DEFINED_CURVE_FONT('continuous');
#16549 = OVER_RIDING_STYLED_ITEM('overriding color',(#16550),#12761,
  #15754);
#16550 = PRESENTATION_STYLE_ASSIGNMENT((#16551,#16556));
#16551 = SURFACE_STYLE_USAGE(.BOTH.,#16552);
#16552 = SURFACE_SIDE_STYLE('',(#16553));
#16553 = SURFACE_STYLE_FILL_AREA(#16554);
#16554 = FILL_AREA_STYLE('',(#16555));
#16555 = FILL_AREA_STYLE_COLOUR('',#16249);
#16556 = CURVE_STYLE('',#16557,POSITIVE_LENGTH_MEASURE(0.1),#16249);
#16557 = DRAUGHTING_PRE_DEFINED_CURVE_FONT('continuous');
#16558 = OVER_RIDING_STYLED_ITEM('overriding color',(#16559),#12778,
  #15754);
#16559 = PRESENTATION_STYLE_ASSIGNMENT((#16560,#16565));
#16560 = SURFACE_STYLE_USAGE(.BOTH.,#16561);
#16561 = SURFACE_SIDE_STYLE('',(#16562));
#16562 = SURFACE_STYLE_FILL_AREA(#16563);
#16563 = FILL_AREA_STYLE('',(#16564));
#16564 = FILL_AREA_STYLE_COLOUR('',#16249);
#16565 = CURVE_STYLE('',#16566,POSITIVE_LENGTH_MEASURE(0.1),#16249);
#16566 = DRAUGHTING_PRE_DEFINED_CURVE_FONT('continuous');
#16567 = OVER_RIDING_STYLED_ITEM('overriding color',(#16568),#12790,
  #15754);
#16568 = PRESENTATION_STYLE_ASSIGNMENT((#16569,#16574));
#16569 = SURFACE_STYLE_USAGE(.BOTH.,#16570);
#16570 = SURFACE_SIDE_STYLE('',(#16571));
#16571 = SURFACE_STYLE_FILL_AREA(#16572);
#16572 = FILL_AREA_STYLE('',(#16573));
#16573 = FILL_AREA_STYLE_COLOUR('',#16249);
#16574 = CURVE_STYLE('',#16575,POSITIVE_LENGTH_MEASURE(0.1),#16249);
#16575 = DRAUGHTING_PRE_DEFINED_CURVE_FONT('continuous');
#16576 = OVER_RIDING_STYLED_ITEM('overriding color',(#16577),#12821,
  #15754);
#16577 = PRESENTATION_STYLE_ASSIGNMENT((#16578,#16583));
#16578 = SURFACE_STYLE_USAGE(.BOTH.,#16579);
#16579 = SURFACE_SIDE_STYLE('',(#16580));
#16580 = SURFACE_STYLE_FILL_AREA(#16581);
#16581 = FILL_AREA_STYLE('',(#16582));
#16582 = FILL_AREA_STYLE_COLOUR('',#16249);
#16583 = CURVE_STYLE('',#16584,POSITIVE_LENGTH_MEASURE(0.1),#16249);
#16584 = DRAUGHTING_PRE_DEFINED_CURVE_FONT('continuous');
#16585 = OVER_RIDING_STYLED_ITEM('overriding color',(#16586),#12861,
  #15754);
#16586 = PRESENTATION_STYLE_ASSIGNMENT((#16587,#16592));
#16587 = SURFACE_STYLE_USAGE(.BOTH.,#16588);
#16588 = SURFACE_SIDE_STYLE('',(#16589));
#16589 = SURFACE_STYLE_FILL_AREA(#16590);
#16590 = FILL_AREA_STYLE('',(#16591));
#16591 = FILL_AREA_STYLE_COLOUR('',#16249);
#16592 = CURVE_STYLE('',#16593,POSITIVE_LENGTH_MEASURE(0.1),#16249);
#16593 = DRAUGHTING_PRE_DEFINED_CURVE_FONT('continuous');
#16594 = OVER_RIDING_STYLED_ITEM('overriding color',(#16595),#12892,
  #15754);
#16595 = PRESENTATION_STYLE_ASSIGNMENT((#16596,#16601));
#16596 = SURFACE_STYLE_USAGE(.BOTH.,#16597);
#16597 = SURFACE_SIDE_STYLE('',(#16598));
#16598 = SURFACE_STYLE_FILL_AREA(#16599);
#16599 = FILL_AREA_STYLE('',(#16600));
#16600 = FILL_AREA_STYLE_COLOUR('',#16249);
#16601 = CURVE_STYLE('',#16602,POSITIVE_LENGTH_MEASURE(0.1),#16249);
#16602 = DRAUGHTING_PRE_DEFINED_CURVE_FONT('continuous');
#16603 = OVER_RIDING_STYLED_ITEM('overriding color',(#16604),#12909,
  #15754);
#16604 = PRESENTATION_STYLE_ASSIGNMENT((#16605,#16610));
#16605 = SURFACE_STYLE_USAGE(.BOTH.,#16606);
#16606 = SURFACE_SIDE_STYLE('',(#16607));
#16607 = SURFACE_STYLE_FILL_AREA(#16608);
#16608 = FILL_AREA_STYLE('',(#16609));
#16609 = FILL_AREA_STYLE_COLOUR('',#16249);
#16610 = CURVE_STYLE('',#16611,POSITIVE_LENGTH_MEASURE(0.1),#16249);
#16611 = DRAUGHTING_PRE_DEFINED_CURVE_FONT('continuous');
#16612 = OVER_RIDING_STYLED_ITEM('overriding color',(#16613),#12926,
  #15754);
#16613 = PRESENTATION_STYLE_ASSIGNMENT((#16614,#16619));
#16614 = SURFACE_STYLE_USAGE(.BOTH.,#16615);
#16615 = SURFACE_SIDE_STYLE('',(#16616));
#16616 = SURFACE_STYLE_FILL_AREA(#16617);
#16617 = FILL_AREA_STYLE('',(#16618));
#16618 = FILL_AREA_STYLE_COLOUR('',#16249);
#16619 = CURVE_STYLE('',#16620,POSITIVE_LENGTH_MEASURE(0.1),#16249);
#16620 = DRAUGHTING_PRE_DEFINED_CURVE_FONT('continuous');
#16621 = OVER_RIDING_STYLED_ITEM('overriding color',(#16622),#12948,
  #15754);
#16622 = PRESENTATION_STYLE_ASSIGNMENT((#16623,#16628));
#16623 = SURFACE_STYLE_USAGE(.BOTH.,#16624);
#16624 = SURFACE_SIDE_STYLE('',(#16625));
#16625 = SURFACE_STYLE_FILL_AREA(#16626);
#16626 = FILL_AREA_STYLE('',(#16627));
#16627 = FILL_AREA_STYLE_COLOUR('',#16249);
#16628 = CURVE_STYLE('',#16629,POSITIVE_LENGTH_MEASURE(0.1),#16249);
#16629 = DRAUGHTING_PRE_DEFINED_CURVE_FONT('continuous');
#16630 = OVER_RIDING_STYLED_ITEM('overriding color',(#16631),#12965,
  #15754);
#16631 = PRESENTATION_STYLE_ASSIGNMENT((#16632,#16637));
#16632 = SURFACE_STYLE_USAGE(.BOTH.,#16633);
#16633 = SURFACE_SIDE_STYLE('',(#16634));
#16634 = SURFACE_STYLE_FILL_AREA(#16635);
#16635 = FILL_AREA_STYLE('',(#16636));
#16636 = FILL_AREA_STYLE_COLOUR('',#16249);
#16637 = CURVE_STYLE('',#16638,POSITIVE_LENGTH_MEASURE(0.1),#16249);
#16638 = DRAUGHTING_PRE_DEFINED_CURVE_FONT('continuous');
#16639 = OVER_RIDING_STYLED_ITEM('overriding color',(#16640),#12982,
  #15754);
#16640 = PRESENTATION_STYLE_ASSIGNMENT((#16641,#16646));
#16641 = SURFACE_STYLE_USAGE(.BOTH.,#16642);
#16642 = SURFACE_SIDE_STYLE('',(#16643));
#16643 = SURFACE_STYLE_FILL_AREA(#16644);
#16644 = FILL_AREA_STYLE('',(#16645));
#16645 = FILL_AREA_STYLE_COLOUR('',#16249);
#16646 = CURVE_STYLE('',#16647,POSITIVE_LENGTH_MEASURE(0.1),#16249);
#16647 = DRAUGHTING_PRE_DEFINED_CURVE_FONT('continuous');
#16648 = OVER_RIDING_STYLED_ITEM('overriding color',(#16649),#12994,
  #15754);
#16649 = PRESENTATION_STYLE_ASSIGNMENT((#16650,#16655));
#16650 = SURFACE_STYLE_USAGE(.BOTH.,#16651);
#16651 = SURFACE_SIDE_STYLE('',(#16652));
#16652 = SURFACE_STYLE_FILL_AREA(#16653);
#16653 = FILL_AREA_STYLE('',(#16654));
#16654 = FILL_AREA_STYLE_COLOUR('',#16249);
#16655 = CURVE_STYLE('',#16656,POSITIVE_LENGTH_MEASURE(0.1),#16249);
#16656 = DRAUGHTING_PRE_DEFINED_CURVE_FONT('continuous');
#16657 = OVER_RIDING_STYLED_ITEM('overriding color',(#16658),#13025,
  #15754);
#16658 = PRESENTATION_STYLE_ASSIGNMENT((#16659,#16664));
#16659 = SURFACE_STYLE_USAGE(.BOTH.,#16660);
#16660 = SURFACE_SIDE_STYLE('',(#16661));
#16661 = SURFACE_STYLE_FILL_AREA(#16662);
#16662 = FILL_AREA_STYLE('',(#16663));
#16663 = FILL_AREA_STYLE_COLOUR('',#16249);
#16664 = CURVE_STYLE('',#16665,POSITIVE_LENGTH_MEASURE(0.1),#16249);
#16665 = DRAUGHTING_PRE_DEFINED_CURVE_FONT('continuous');
#16666 = OVER_RIDING_STYLED_ITEM('overriding color',(#16667),#13065,
  #15754);
#16667 = PRESENTATION_STYLE_ASSIGNMENT((#16668,#16673));
#16668 = SURFACE_STYLE_USAGE(.BOTH.,#16669);
#16669 = SURFACE_SIDE_STYLE('',(#16670));
#16670 = SURFACE_STYLE_FILL_AREA(#16671);
#16671 = FILL_AREA_STYLE('',(#16672));
#16672 = FILL_AREA_STYLE_COLOUR('',#16249);
#16673 = CURVE_STYLE('',#16674,POSITIVE_LENGTH_MEASURE(0.1),#16249);
#16674 = DRAUGHTING_PRE_DEFINED_CURVE_FONT('continuous');
#16675 = OVER_RIDING_STYLED_ITEM('overriding color',(#16676),#13096,
  #15754);
#16676 = PRESENTATION_STYLE_ASSIGNMENT((#16677,#16682));
#16677 = SURFACE_STYLE_USAGE(.BOTH.,#16678);
#16678 = SURFACE_SIDE_STYLE('',(#16679));
#16679 = SURFACE_STYLE_FILL_AREA(#16680);
#16680 = FILL_AREA_STYLE('',(#16681));
#16681 = FILL_AREA_STYLE_COLOUR('',#16249);
#16682 = CURVE_STYLE('',#16683,POSITIVE_LENGTH_MEASURE(0.1),#16249);
#16683 = DRAUGHTING_PRE_DEFINED_CURVE_FONT('continuous');
#16684 = OVER_RIDING_STYLED_ITEM('overriding color',(#16685),#13113,
  #15754);
#16685 = PRESENTATION_STYLE_ASSIGNMENT((#16686,#16691));
#16686 = SURFACE_STYLE_USAGE(.BOTH.,#16687);
#16687 = SURFACE_SIDE_STYLE('',(#16688));
#16688 = SURFACE_STYLE_FILL_AREA(#16689);
#16689 = FILL_AREA_STYLE('',(#16690));
#16690 = FILL_AREA_STYLE_COLOUR('',#16249);
#16691 = CURVE_STYLE('',#16692,POSITIVE_LENGTH_MEASURE(0.1),#16249);
#16692 = DRAUGHTING_PRE_DEFINED_CURVE_FONT('continuous');
#16693 = OVER_RIDING_STYLED_ITEM('overriding color',(#16694),#13130,
  #15754);
#16694 = PRESENTATION_STYLE_ASSIGNMENT((#16695,#16700));
#16695 = SURFACE_STYLE_USAGE(.BOTH.,#16696);
#16696 = SURFACE_SIDE_STYLE('',(#16697));
#16697 = SURFACE_STYLE_FILL_AREA(#16698);
#16698 = FILL_AREA_STYLE('',(#16699));
#16699 = FILL_AREA_STYLE_COLOUR('',#16249);
#16700 = CURVE_STYLE('',#16701,POSITIVE_LENGTH_MEASURE(0.1),#16249);
#16701 = DRAUGHTING_PRE_DEFINED_CURVE_FONT('continuous');
#16702 = OVER_RIDING_STYLED_ITEM('overriding color',(#16703),#13161,
  #15754);
#16703 = PRESENTATION_STYLE_ASSIGNMENT((#16704,#16709));
#16704 = SURFACE_STYLE_USAGE(.BOTH.,#16705);
#16705 = SURFACE_SIDE_STYLE('',(#16706));
#16706 = SURFACE_STYLE_FILL_AREA(#16707);
#16707 = FILL_AREA_STYLE('',(#16708));
#16708 = FILL_AREA_STYLE_COLOUR('',#16249);
#16709 = CURVE_STYLE('',#16710,POSITIVE_LENGTH_MEASURE(0.1),#16249);
#16710 = DRAUGHTING_PRE_DEFINED_CURVE_FONT('continuous');
#16711 = OVER_RIDING_STYLED_ITEM('overriding color',(#16712),#13201,
  #15754);
#16712 = PRESENTATION_STYLE_ASSIGNMENT((#16713,#16718));
#16713 = SURFACE_STYLE_USAGE(.BOTH.,#16714);
#16714 = SURFACE_SIDE_STYLE('',(#16715));
#16715 = SURFACE_STYLE_FILL_AREA(#16716);
#16716 = FILL_AREA_STYLE('',(#16717));
#16717 = FILL_AREA_STYLE_COLOUR('',#16249);
#16718 = CURVE_STYLE('',#16719,POSITIVE_LENGTH_MEASURE(0.1),#16249);
#16719 = DRAUGHTING_PRE_DEFINED_CURVE_FONT('continuous');
#16720 = OVER_RIDING_STYLED_ITEM('overriding color',(#16721),#13232,
  #15754);
#16721 = PRESENTATION_STYLE_ASSIGNMENT((#16722,#16727));
#16722 = SURFACE_STYLE_USAGE(.BOTH.,#16723);
#16723 = SURFACE_SIDE_STYLE('',(#16724));
#16724 = SURFACE_STYLE_FILL_AREA(#16725);
#16725 = FILL_AREA_STYLE('',(#16726));
#16726 = FILL_AREA_STYLE_COLOUR('',#16249);
#16727 = CURVE_STYLE('',#16728,POSITIVE_LENGTH_MEASURE(0.1),#16249);
#16728 = DRAUGHTING_PRE_DEFINED_CURVE_FONT('continuous');
#16729 = OVER_RIDING_STYLED_ITEM('overriding color',(#16730),#13249,
  #15754);
#16730 = PRESENTATION_STYLE_ASSIGNMENT((#16731,#16736));
#16731 = SURFACE_STYLE_USAGE(.BOTH.,#16732);
#16732 = SURFACE_SIDE_STYLE('',(#16733));
#16733 = SURFACE_STYLE_FILL_AREA(#16734);
#16734 = FILL_AREA_STYLE('',(#16735));
#16735 = FILL_AREA_STYLE_COLOUR('',#16249);
#16736 = CURVE_STYLE('',#16737,POSITIVE_LENGTH_MEASURE(0.1),#16249);
#16737 = DRAUGHTING_PRE_DEFINED_CURVE_FONT('continuous');
#16738 = OVER_RIDING_STYLED_ITEM('overriding color',(#16739),#13266,
  #15754);
#16739 = PRESENTATION_STYLE_ASSIGNMENT((#16740,#16745));
#16740 = SURFACE_STYLE_USAGE(.BOTH.,#16741);
#16741 = SURFACE_SIDE_STYLE('',(#16742));
#16742 = SURFACE_STYLE_FILL_AREA(#16743);
#16743 = FILL_AREA_STYLE('',(#16744));
#16744 = FILL_AREA_STYLE_COLOUR('',#16249);
#16745 = CURVE_STYLE('',#16746,POSITIVE_LENGTH_MEASURE(0.1),#16249);
#16746 = DRAUGHTING_PRE_DEFINED_CURVE_FONT('continuous');
#16747 = OVER_RIDING_STYLED_ITEM('overriding color',(#16748),#13297,
  #15754);
#16748 = PRESENTATION_STYLE_ASSIGNMENT((#16749,#16754));
#16749 = SURFACE_STYLE_USAGE(.BOTH.,#16750);
#16750 = SURFACE_SIDE_STYLE('',(#16751));
#16751 = SURFACE_STYLE_FILL_AREA(#16752);
#16752 = FILL_AREA_STYLE('',(#16753));
#16753 = FILL_AREA_STYLE_COLOUR('',#16249);
#16754 = CURVE_STYLE('',#16755,POSITIVE_LENGTH_MEASURE(0.1),#16249);
#16755 = DRAUGHTING_PRE_DEFINED_CURVE_FONT('continuous');
#16756 = OVER_RIDING_STYLED_ITEM('overriding color',(#16757),#13337,
  #15754);
#16757 = PRESENTATION_STYLE_ASSIGNMENT((#16758,#16763));
#16758 = SURFACE_STYLE_USAGE(.BOTH.,#16759);
#16759 = SURFACE_SIDE_STYLE('',(#16760));
#16760 = SURFACE_STYLE_FILL_AREA(#16761);
#16761 = FILL_AREA_STYLE('',(#16762));
#16762 = FILL_AREA_STYLE_COLOUR('',#16249);
#16763 = CURVE_STYLE('',#16764,POSITIVE_LENGTH_MEASURE(0.1),#16249);
#16764 = DRAUGHTING_PRE_DEFINED_CURVE_FONT('continuous');
#16765 = OVER_RIDING_STYLED_ITEM('overriding color',(#16766),#13368,
  #15754);
#16766 = PRESENTATION_STYLE_ASSIGNMENT((#16767,#16772));
#16767 = SURFACE_STYLE_USAGE(.BOTH.,#16768);
#16768 = SURFACE_SIDE_STYLE('',(#16769));
#16769 = SURFACE_STYLE_FILL_AREA(#16770);
#16770 = FILL_AREA_STYLE('',(#16771));
#16771 = FILL_AREA_STYLE_COLOUR('',#16249);
#16772 = CURVE_STYLE('',#16773,POSITIVE_LENGTH_MEASURE(0.1),#16249);
#16773 = DRAUGHTING_PRE_DEFINED_CURVE_FONT('continuous');
#16774 = OVER_RIDING_STYLED_ITEM('overriding color',(#16775),#13385,
  #15754);
#16775 = PRESENTATION_STYLE_ASSIGNMENT((#16776,#16781));
#16776 = SURFACE_STYLE_USAGE(.BOTH.,#16777);
#16777 = SURFACE_SIDE_STYLE('',(#16778));
#16778 = SURFACE_STYLE_FILL_AREA(#16779);
#16779 = FILL_AREA_STYLE('',(#16780));
#16780 = FILL_AREA_STYLE_COLOUR('',#16249);
#16781 = CURVE_STYLE('',#16782,POSITIVE_LENGTH_MEASURE(0.1),#16249);
#16782 = DRAUGHTING_PRE_DEFINED_CURVE_FONT('continuous');
#16783 = OVER_RIDING_STYLED_ITEM('overriding color',(#16784),#13402,
  #15754);
#16784 = PRESENTATION_STYLE_ASSIGNMENT((#16785,#16790));
#16785 = SURFACE_STYLE_USAGE(.BOTH.,#16786);
#16786 = SURFACE_SIDE_STYLE('',(#16787));
#16787 = SURFACE_STYLE_FILL_AREA(#16788);
#16788 = FILL_AREA_STYLE('',(#16789));
#16789 = FILL_AREA_STYLE_COLOUR('',#16249);
#16790 = CURVE_STYLE('',#16791,POSITIVE_LENGTH_MEASURE(0.1),#16249);
#16791 = DRAUGHTING_PRE_DEFINED_CURVE_FONT('continuous');
#16792 = OVER_RIDING_STYLED_ITEM('overriding color',(#16793),#13424,
  #15754);
#16793 = PRESENTATION_STYLE_ASSIGNMENT((#16794,#16799));
#16794 = SURFACE_STYLE_USAGE(.BOTH.,#16795);
#16795 = SURFACE_SIDE_STYLE('',(#16796));
#16796 = SURFACE_STYLE_FILL_AREA(#16797);
#16797 = FILL_AREA_STYLE('',(#16798));
#16798 = FILL_AREA_STYLE_COLOUR('',#16249);
#16799 = CURVE_STYLE('',#16800,POSITIVE_LENGTH_MEASURE(0.1),#16249);
#16800 = DRAUGHTING_PRE_DEFINED_CURVE_FONT('continuous');
#16801 = OVER_RIDING_STYLED_ITEM('overriding color',(#16802),#13441,
  #15754);
#16802 = PRESENTATION_STYLE_ASSIGNMENT((#16803,#16808));
#16803 = SURFACE_STYLE_USAGE(.BOTH.,#16804);
#16804 = SURFACE_SIDE_STYLE('',(#16805));
#16805 = SURFACE_STYLE_FILL_AREA(#16806);
#16806 = FILL_AREA_STYLE('',(#16807));
#16807 = FILL_AREA_STYLE_COLOUR('',#16249);
#16808 = CURVE_STYLE('',#16809,POSITIVE_LENGTH_MEASURE(0.1),#16249);
#16809 = DRAUGHTING_PRE_DEFINED_CURVE_FONT('continuous');
#16810 = OVER_RIDING_STYLED_ITEM('overriding color',(#16811),#13458,
  #15754);
#16811 = PRESENTATION_STYLE_ASSIGNMENT((#16812,#16817));
#16812 = SURFACE_STYLE_USAGE(.BOTH.,#16813);
#16813 = SURFACE_SIDE_STYLE('',(#16814));
#16814 = SURFACE_STYLE_FILL_AREA(#16815);
#16815 = FILL_AREA_STYLE('',(#16816));
#16816 = FILL_AREA_STYLE_COLOUR('',#16249);
#16817 = CURVE_STYLE('',#16818,POSITIVE_LENGTH_MEASURE(0.1),#16249);
#16818 = DRAUGHTING_PRE_DEFINED_CURVE_FONT('continuous');
#16819 = OVER_RIDING_STYLED_ITEM('overriding color',(#16820),#13470,
  #15754);
#16820 = PRESENTATION_STYLE_ASSIGNMENT((#16821,#16826));
#16821 = SURFACE_STYLE_USAGE(.BOTH.,#16822);
#16822 = SURFACE_SIDE_STYLE('',(#16823));
#16823 = SURFACE_STYLE_FILL_AREA(#16824);
#16824 = FILL_AREA_STYLE('',(#16825));
#16825 = FILL_AREA_STYLE_COLOUR('',#16249);
#16826 = CURVE_STYLE('',#16827,POSITIVE_LENGTH_MEASURE(0.1),#16249);
#16827 = DRAUGHTING_PRE_DEFINED_CURVE_FONT('continuous');
#16828 = OVER_RIDING_STYLED_ITEM('overriding color',(#16829),#13492,
  #15754);
#16829 = PRESENTATION_STYLE_ASSIGNMENT((#16830,#16835));
#16830 = SURFACE_STYLE_USAGE(.BOTH.,#16831);
#16831 = SURFACE_SIDE_STYLE('',(#16832));
#16832 = SURFACE_STYLE_FILL_AREA(#16833);
#16833 = FILL_AREA_STYLE('',(#16834));
#16834 = FILL_AREA_STYLE_COLOUR('',#16249);
#16835 = CURVE_STYLE('',#16836,POSITIVE_LENGTH_MEASURE(0.1),#16249);
#16836 = DRAUGHTING_PRE_DEFINED_CURVE_FONT('continuous');
#16837 = OVER_RIDING_STYLED_ITEM('overriding color',(#16838),#13509,
  #15754);
#16838 = PRESENTATION_STYLE_ASSIGNMENT((#16839,#16844));
#16839 = SURFACE_STYLE_USAGE(.BOTH.,#16840);
#16840 = SURFACE_SIDE_STYLE('',(#16841));
#16841 = SURFACE_STYLE_FILL_AREA(#16842);
#16842 = FILL_AREA_STYLE('',(#16843));
#16843 = FILL_AREA_STYLE_COLOUR('',#16249);
#16844 = CURVE_STYLE('',#16845,POSITIVE_LENGTH_MEASURE(0.1),#16249);
#16845 = DRAUGHTING_PRE_DEFINED_CURVE_FONT('continuous');
#16846 = OVER_RIDING_STYLED_ITEM('overriding color',(#16847),#13526,
  #15754);
#16847 = PRESENTATION_STYLE_ASSIGNMENT((#16848,#16853));
#16848 = SURFACE_STYLE_USAGE(.BOTH.,#16849);
#16849 = SURFACE_SIDE_STYLE('',(#16850));
#16850 = SURFACE_STYLE_FILL_AREA(#16851);
#16851 = FILL_AREA_STYLE('',(#16852));
#16852 = FILL_AREA_STYLE_COLOUR('',#16249);
#16853 = CURVE_STYLE('',#16854,POSITIVE_LENGTH_MEASURE(0.1),#16249);
#16854 = DRAUGHTING_PRE_DEFINED_CURVE_FONT('continuous');
#16855 = OVER_RIDING_STYLED_ITEM('overriding color',(#16856),#13538,
  #15754);
#16856 = PRESENTATION_STYLE_ASSIGNMENT((#16857,#16862));
#16857 = SURFACE_STYLE_USAGE(.BOTH.,#16858);
#16858 = SURFACE_SIDE_STYLE('',(#16859));
#16859 = SURFACE_STYLE_FILL_AREA(#16860);
#16860 = FILL_AREA_STYLE('',(#16861));
#16861 = FILL_AREA_STYLE_COLOUR('',#16249);
#16862 = CURVE_STYLE('',#16863,POSITIVE_LENGTH_MEASURE(0.1),#16249);
#16863 = DRAUGHTING_PRE_DEFINED_CURVE_FONT('continuous');
#16864 = OVER_RIDING_STYLED_ITEM('overriding color',(#16865),#13560,
  #15754);
#16865 = PRESENTATION_STYLE_ASSIGNMENT((#16866,#16871));
#16866 = SURFACE_STYLE_USAGE(.BOTH.,#16867);
#16867 = SURFACE_SIDE_STYLE('',(#16868));
#16868 = SURFACE_STYLE_FILL_AREA(#16869);
#16869 = FILL_AREA_STYLE('',(#16870));
#16870 = FILL_AREA_STYLE_COLOUR('',#16249);
#16871 = CURVE_STYLE('',#16872,POSITIVE_LENGTH_MEASURE(0.1),#16249);
#16872 = DRAUGHTING_PRE_DEFINED_CURVE_FONT('continuous');
#16873 = OVER_RIDING_STYLED_ITEM('overriding color',(#16874),#13577,
  #15754);
#16874 = PRESENTATION_STYLE_ASSIGNMENT((#16875,#16880));
#16875 = SURFACE_STYLE_USAGE(.BOTH.,#16876);
#16876 = SURFACE_SIDE_STYLE('',(#16877));
#16877 = SURFACE_STYLE_FILL_AREA(#16878);
#16878 = FILL_AREA_STYLE('',(#16879));
#16879 = FILL_AREA_STYLE_COLOUR('',#16249);
#16880 = CURVE_STYLE('',#16881,POSITIVE_LENGTH_MEASURE(0.1),#16249);
#16881 = DRAUGHTING_PRE_DEFINED_CURVE_FONT('continuous');
#16882 = OVER_RIDING_STYLED_ITEM('overriding color',(#16883),#13594,
  #15754);
#16883 = PRESENTATION_STYLE_ASSIGNMENT((#16884,#16889));
#16884 = SURFACE_STYLE_USAGE(.BOTH.,#16885);
#16885 = SURFACE_SIDE_STYLE('',(#16886));
#16886 = SURFACE_STYLE_FILL_AREA(#16887);
#16887 = FILL_AREA_STYLE('',(#16888));
#16888 = FILL_AREA_STYLE_COLOUR('',#16249);
#16889 = CURVE_STYLE('',#16890,POSITIVE_LENGTH_MEASURE(0.1),#16249);
#16890 = DRAUGHTING_PRE_DEFINED_CURVE_FONT('continuous');
#16891 = OVER_RIDING_STYLED_ITEM('overriding color',(#16892),#13606,
  #15754);
#16892 = PRESENTATION_STYLE_ASSIGNMENT((#16893,#16899));
#16893 = SURFACE_STYLE_USAGE(.BOTH.,#16894);
#16894 = SURFACE_SIDE_STYLE('',(#16895));
#16895 = SURFACE_STYLE_FILL_AREA(#16896);
#16896 = FILL_AREA_STYLE('',(#16897));
#16897 = FILL_AREA_STYLE_COLOUR('',#16898);
#16898 = DRAUGHTING_PRE_DEFINED_COLOUR('black');
#16899 = CURVE_STYLE('',#16900,POSITIVE_LENGTH_MEASURE(0.1),#16898);
#16900 = DRAUGHTING_PRE_DEFINED_CURVE_FONT('continuous');
#16901 = OVER_RIDING_STYLED_ITEM('overriding color',(#16902),#13630,
  #15754);
#16902 = PRESENTATION_STYLE_ASSIGNMENT((#16903,#16908));
#16903 = SURFACE_STYLE_USAGE(.BOTH.,#16904);
#16904 = SURFACE_SIDE_STYLE('',(#16905));
#16905 = SURFACE_STYLE_FILL_AREA(#16906);
#16906 = FILL_AREA_STYLE('',(#16907));
#16907 = FILL_AREA_STYLE_COLOUR('',#16898);
#16908 = CURVE_STYLE('',#16909,POSITIVE_LENGTH_MEASURE(0.1),#16898);
#16909 = DRAUGHTING_PRE_DEFINED_CURVE_FONT('continuous');
#16910 = OVER_RIDING_STYLED_ITEM('overriding color',(#16911),#13654,
  #15754);
#16911 = PRESENTATION_STYLE_ASSIGNMENT((#16912,#16917));
#16912 = SURFACE_STYLE_USAGE(.BOTH.,#16913);
#16913 = SURFACE_SIDE_STYLE('',(#16914));
#16914 = SURFACE_STYLE_FILL_AREA(#16915);
#16915 = FILL_AREA_STYLE('',(#16916));
#16916 = FILL_AREA_STYLE_COLOUR('',#16898);
#16917 = CURVE_STYLE('',#16918,POSITIVE_LENGTH_MEASURE(0.1),#16898);
#16918 = DRAUGHTING_PRE_DEFINED_CURVE_FONT('continuous');
#16919 = OVER_RIDING_STYLED_ITEM('overriding color',(#16920),#13678,
  #15754);
#16920 = PRESENTATION_STYLE_ASSIGNMENT((#16921,#16926));
#16921 = SURFACE_STYLE_USAGE(.BOTH.,#16922);
#16922 = SURFACE_SIDE_STYLE('',(#16923));
#16923 = SURFACE_STYLE_FILL_AREA(#16924);
#16924 = FILL_AREA_STYLE('',(#16925));
#16925 = FILL_AREA_STYLE_COLOUR('',#16898);
#16926 = CURVE_STYLE('',#16927,POSITIVE_LENGTH_MEASURE(0.1),#16898);
#16927 = DRAUGHTING_PRE_DEFINED_CURVE_FONT('continuous');
#16928 = OVER_RIDING_STYLED_ITEM('overriding color',(#16929),#13702,
  #15754);
#16929 = PRESENTATION_STYLE_ASSIGNMENT((#16930,#16935));
#16930 = SURFACE_STYLE_USAGE(.BOTH.,#16931);
#16931 = SURFACE_SIDE_STYLE('',(#16932));
#16932 = SURFACE_STYLE_FILL_AREA(#16933);
#16933 = FILL_AREA_STYLE('',(#16934));
#16934 = FILL_AREA_STYLE_COLOUR('',#16898);
#16935 = CURVE_STYLE('',#16936,POSITIVE_LENGTH_MEASURE(0.1),#16898);
#16936 = DRAUGHTING_PRE_DEFINED_CURVE_FONT('continuous');
#16937 = OVER_RIDING_STYLED_ITEM('overriding color',(#16938),#13719,
  #15754);
#16938 = PRESENTATION_STYLE_ASSIGNMENT((#16939,#16944));
#16939 = SURFACE_STYLE_USAGE(.BOTH.,#16940);
#16940 = SURFACE_SIDE_STYLE('',(#16941));
#16941 = SURFACE_STYLE_FILL_AREA(#16942);
#16942 = FILL_AREA_STYLE('',(#16943));
#16943 = FILL_AREA_STYLE_COLOUR('',#16898);
#16944 = CURVE_STYLE('',#16945,POSITIVE_LENGTH_MEASURE(0.1),#16898);
#16945 = DRAUGHTING_PRE_DEFINED_CURVE_FONT('continuous');
#16946 = OVER_RIDING_STYLED_ITEM('overriding color',(#16947),#13733,
  #15754);
#16947 = PRESENTATION_STYLE_ASSIGNMENT((#16948,#16953));
#16948 = SURFACE_STYLE_USAGE(.BOTH.,#16949);
#16949 = SURFACE_SIDE_STYLE('',(#16950));
#16950 = SURFACE_STYLE_FILL_AREA(#16951);
#16951 = FILL_AREA_STYLE('',(#16952));
#16952 = FILL_AREA_STYLE_COLOUR('',#16898);
#16953 = CURVE_STYLE('',#16954,POSITIVE_LENGTH_MEASURE(0.1),#16898);
#16954 = DRAUGHTING_PRE_DEFINED_CURVE_FONT('continuous');
#16955 = OVER_RIDING_STYLED_ITEM('overriding color',(#16956),#13774,
  #15754);
#16956 = PRESENTATION_STYLE_ASSIGNMENT((#16957,#16962));
#16957 = SURFACE_STYLE_USAGE(.BOTH.,#16958);
#16958 = SURFACE_SIDE_STYLE('',(#16959));
#16959 = SURFACE_STYLE_FILL_AREA(#16960);
#16960 = FILL_AREA_STYLE('',(#16961));
#16961 = FILL_AREA_STYLE_COLOUR('',#16898);
#16962 = CURVE_STYLE('',#16963,POSITIVE_LENGTH_MEASURE(0.1),#16898);
#16963 = DRAUGHTING_PRE_DEFINED_CURVE_FONT('continuous');
#16964 = OVER_RIDING_STYLED_ITEM('overriding color',(#16965),#13842,
  #15754);
#16965 = PRESENTATION_STYLE_ASSIGNMENT((#16966,#16971));
#16966 = SURFACE_STYLE_USAGE(.BOTH.,#16967);
#16967 = SURFACE_SIDE_STYLE('',(#16968));
#16968 = SURFACE_STYLE_FILL_AREA(#16969);
#16969 = FILL_AREA_STYLE('',(#16970));
#16970 = FILL_AREA_STYLE_COLOUR('',#16898);
#16971 = CURVE_STYLE('',#16972,POSITIVE_LENGTH_MEASURE(0.1),#16898);
#16972 = DRAUGHTING_PRE_DEFINED_CURVE_FONT('continuous');
#16973 = OVER_RIDING_STYLED_ITEM('overriding color',(#16974),#13987,
  #15754);
#16974 = PRESENTATION_STYLE_ASSIGNMENT((#16975,#16980));
#16975 = SURFACE_STYLE_USAGE(.BOTH.,#16976);
#16976 = SURFACE_SIDE_STYLE('',(#16977));
#16977 = SURFACE_STYLE_FILL_AREA(#16978);
#16978 = FILL_AREA_STYLE('',(#16979));
#16979 = FILL_AREA_STYLE_COLOUR('',#16898);
#16980 = CURVE_STYLE('',#16981,POSITIVE_LENGTH_MEASURE(0.1),#16898);
#16981 = DRAUGHTING_PRE_DEFINED_CURVE_FONT('continuous');
#16982 = OVER_RIDING_STYLED_ITEM('overriding color',(#16983),#14004,
  #15754);
#16983 = PRESENTATION_STYLE_ASSIGNMENT((#16984,#16989));
#16984 = SURFACE_STYLE_USAGE(.BOTH.,#16985);
#16985 = SURFACE_SIDE_STYLE('',(#16986));
#16986 = SURFACE_STYLE_FILL_AREA(#16987);
#16987 = FILL_AREA_STYLE('',(#16988));
#16988 = FILL_AREA_STYLE_COLOUR('',#16898);
#16989 = CURVE_STYLE('',#16990,POSITIVE_LENGTH_MEASURE(0.1),#16898);
#16990 = DRAUGHTING_PRE_DEFINED_CURVE_FONT('continuous');
#16991 = OVER_RIDING_STYLED_ITEM('overriding color',(#16992),#14055,
  #15754);
#16992 = PRESENTATION_STYLE_ASSIGNMENT((#16993,#16998));
#16993 = SURFACE_STYLE_USAGE(.BOTH.,#16994);
#16994 = SURFACE_SIDE_STYLE('',(#16995));
#16995 = SURFACE_STYLE_FILL_AREA(#16996);
#16996 = FILL_AREA_STYLE('',(#16997));
#16997 = FILL_AREA_STYLE_COLOUR('',#16898);
#16998 = CURVE_STYLE('',#16999,POSITIVE_LENGTH_MEASURE(0.1),#16898);
#16999 = DRAUGHTING_PRE_DEFINED_CURVE_FONT('continuous');
#17000 = OVER_RIDING_STYLED_ITEM('overriding color',(#17001),#14090,
  #15754);
#17001 = PRESENTATION_STYLE_ASSIGNMENT((#17002,#17007));
#17002 = SURFACE_STYLE_USAGE(.BOTH.,#17003);
#17003 = SURFACE_SIDE_STYLE('',(#17004));
#17004 = SURFACE_STYLE_FILL_AREA(#17005);
#17005 = FILL_AREA_STYLE('',(#17006));
#17006 = FILL_AREA_STYLE_COLOUR('',#16898);
#17007 = CURVE_STYLE('',#17008,POSITIVE_LENGTH_MEASURE(0.1),#16898);
#17008 = DRAUGHTING_PRE_DEFINED_CURVE_FONT('continuous');
#17009 = OVER_RIDING_STYLED_ITEM('overriding color',(#17010),#14107,
  #15754);
#17010 = PRESENTATION_STYLE_ASSIGNMENT((#17011,#17016));
#17011 = SURFACE_STYLE_USAGE(.BOTH.,#17012);
#17012 = SURFACE_SIDE_STYLE('',(#17013));
#17013 = SURFACE_STYLE_FILL_AREA(#17014);
#17014 = FILL_AREA_STYLE('',(#17015));
#17015 = FILL_AREA_STYLE_COLOUR('',#16898);
#17016 = CURVE_STYLE('',#17017,POSITIVE_LENGTH_MEASURE(0.1),#16898);
#17017 = DRAUGHTING_PRE_DEFINED_CURVE_FONT('continuous');
#17018 = OVER_RIDING_STYLED_ITEM('overriding color',(#17019),#14142,
  #15754);
#17019 = PRESENTATION_STYLE_ASSIGNMENT((#17020,#17025));
#17020 = SURFACE_STYLE_USAGE(.BOTH.,#17021);
#17021 = SURFACE_SIDE_STYLE('',(#17022));
#17022 = SURFACE_STYLE_FILL_AREA(#17023);
#17023 = FILL_AREA_STYLE('',(#17024));
#17024 = FILL_AREA_STYLE_COLOUR('',#16898);
#17025 = CURVE_STYLE('',#17026,POSITIVE_LENGTH_MEASURE(0.1),#16898);
#17026 = DRAUGHTING_PRE_DEFINED_CURVE_FONT('continuous');
#17027 = OVER_RIDING_STYLED_ITEM('overriding color',(#17028),#14193,
  #15754);
#17028 = PRESENTATION_STYLE_ASSIGNMENT((#17029,#17034));
#17029 = SURFACE_STYLE_USAGE(.BOTH.,#17030);
#17030 = SURFACE_SIDE_STYLE('',(#17031));
#17031 = SURFACE_STYLE_FILL_AREA(#17032);
#17032 = FILL_AREA_STYLE('',(#17033));
#17033 = FILL_AREA_STYLE_COLOUR('',#16898);
#17034 = CURVE_STYLE('',#17035,POSITIVE_LENGTH_MEASURE(0.1),#16898);
#17035 = DRAUGHTING_PRE_DEFINED_CURVE_FONT('continuous');
#17036 = OVER_RIDING_STYLED_ITEM('overriding color',(#17037),#14244,
  #15754);
#17037 = PRESENTATION_STYLE_ASSIGNMENT((#17038,#17043));
#17038 = SURFACE_STYLE_USAGE(.BOTH.,#17039);
#17039 = SURFACE_SIDE_STYLE('',(#17040));
#17040 = SURFACE_STYLE_FILL_AREA(#17041);
#17041 = FILL_AREA_STYLE('',(#17042));
#17042 = FILL_AREA_STYLE_COLOUR('',#16898);
#17043 = CURVE_STYLE('',#17044,POSITIVE_LENGTH_MEASURE(0.1),#16898);
#17044 = DRAUGHTING_PRE_DEFINED_CURVE_FONT('continuous');
#17045 = OVER_RIDING_STYLED_ITEM('overriding color',(#17046),#14274,
  #15754);
#17046 = PRESENTATION_STYLE_ASSIGNMENT((#17047,#17052));
#17047 = SURFACE_STYLE_USAGE(.BOTH.,#17048);
#17048 = SURFACE_SIDE_STYLE('',(#17049));
#17049 = SURFACE_STYLE_FILL_AREA(#17050);
#17050 = FILL_AREA_STYLE('',(#17051));
#17051 = FILL_AREA_STYLE_COLOUR('',#16898);
#17052 = CURVE_STYLE('',#17053,POSITIVE_LENGTH_MEASURE(0.1),#16898);
#17053 = DRAUGHTING_PRE_DEFINED_CURVE_FONT('continuous');
#17054 = OVER_RIDING_STYLED_ITEM('overriding color',(#17055),#14298,
  #15754);
#17055 = PRESENTATION_STYLE_ASSIGNMENT((#17056,#17061));
#17056 = SURFACE_STYLE_USAGE(.BOTH.,#17057);
#17057 = SURFACE_SIDE_STYLE('',(#17058));
#17058 = SURFACE_STYLE_FILL_AREA(#17059);
#17059 = FILL_AREA_STYLE('',(#17060));
#17060 = FILL_AREA_STYLE_COLOUR('',#16898);
#17061 = CURVE_STYLE('',#17062,POSITIVE_LENGTH_MEASURE(0.1),#16898);
#17062 = DRAUGHTING_PRE_DEFINED_CURVE_FONT('continuous');
#17063 = OVER_RIDING_STYLED_ITEM('overriding color',(#17064),#14322,
  #15754);
#17064 = PRESENTATION_STYLE_ASSIGNMENT((#17065,#17070));
#17065 = SURFACE_STYLE_USAGE(.BOTH.,#17066);
#17066 = SURFACE_SIDE_STYLE('',(#17067));
#17067 = SURFACE_STYLE_FILL_AREA(#17068);
#17068 = FILL_AREA_STYLE('',(#17069));
#17069 = FILL_AREA_STYLE_COLOUR('',#16898);
#17070 = CURVE_STYLE('',#17071,POSITIVE_LENGTH_MEASURE(0.1),#16898);
#17071 = DRAUGHTING_PRE_DEFINED_CURVE_FONT('continuous');
#17072 = OVER_RIDING_STYLED_ITEM('overriding color',(#17073),#14346,
  #15754);
#17073 = PRESENTATION_STYLE_ASSIGNMENT((#17074,#17079));
#17074 = SURFACE_STYLE_USAGE(.BOTH.,#17075);
#17075 = SURFACE_SIDE_STYLE('',(#17076));
#17076 = SURFACE_STYLE_FILL_AREA(#17077);
#17077 = FILL_AREA_STYLE('',(#17078));
#17078 = FILL_AREA_STYLE_COLOUR('',#16898);
#17079 = CURVE_STYLE('',#17080,POSITIVE_LENGTH_MEASURE(0.1),#16898);
#17080 = DRAUGHTING_PRE_DEFINED_CURVE_FONT('continuous');
#17081 = OVER_RIDING_STYLED_ITEM('overriding color',(#17082),#14370,
  #15754);
#17082 = PRESENTATION_STYLE_ASSIGNMENT((#17083,#17088));
#17083 = SURFACE_STYLE_USAGE(.BOTH.,#17084);
#17084 = SURFACE_SIDE_STYLE('',(#17085));
#17085 = SURFACE_STYLE_FILL_AREA(#17086);
#17086 = FILL_AREA_STYLE('',(#17087));
#17087 = FILL_AREA_STYLE_COLOUR('',#16898);
#17088 = CURVE_STYLE('',#17089,POSITIVE_LENGTH_MEASURE(0.1),#16898);
#17089 = DRAUGHTING_PRE_DEFINED_CURVE_FONT('continuous');
#17090 = OVER_RIDING_STYLED_ITEM('overriding color',(#17091),#14394,
  #15754);
#17091 = PRESENTATION_STYLE_ASSIGNMENT((#17092,#17097));
#17092 = SURFACE_STYLE_USAGE(.BOTH.,#17093);
#17093 = SURFACE_SIDE_STYLE('',(#17094));
#17094 = SURFACE_STYLE_FILL_AREA(#17095);
#17095 = FILL_AREA_STYLE('',(#17096));
#17096 = FILL_AREA_STYLE_COLOUR('',#16898);
#17097 = CURVE_STYLE('',#17098,POSITIVE_LENGTH_MEASURE(0.1),#16898);
#17098 = DRAUGHTING_PRE_DEFINED_CURVE_FONT('continuous');
#17099 = OVER_RIDING_STYLED_ITEM('overriding color',(#17100),#14418,
  #15754);
#17100 = PRESENTATION_STYLE_ASSIGNMENT((#17101,#17106));
#17101 = SURFACE_STYLE_USAGE(.BOTH.,#17102);
#17102 = SURFACE_SIDE_STYLE('',(#17103));
#17103 = SURFACE_STYLE_FILL_AREA(#17104);
#17104 = FILL_AREA_STYLE('',(#17105));
#17105 = FILL_AREA_STYLE_COLOUR('',#16898);
#17106 = CURVE_STYLE('',#17107,POSITIVE_LENGTH_MEASURE(0.1),#16898);
#17107 = DRAUGHTING_PRE_DEFINED_CURVE_FONT('continuous');
#17108 = OVER_RIDING_STYLED_ITEM('overriding color',(#17109),#14442,
  #15754);
#17109 = PRESENTATION_STYLE_ASSIGNMENT((#17110,#17115));
#17110 = SURFACE_STYLE_USAGE(.BOTH.,#17111);
#17111 = SURFACE_SIDE_STYLE('',(#17112));
#17112 = SURFACE_STYLE_FILL_AREA(#17113);
#17113 = FILL_AREA_STYLE('',(#17114));
#17114 = FILL_AREA_STYLE_COLOUR('',#16898);
#17115 = CURVE_STYLE('',#17116,POSITIVE_LENGTH_MEASURE(0.1),#16898);
#17116 = DRAUGHTING_PRE_DEFINED_CURVE_FONT('continuous');
#17117 = OVER_RIDING_STYLED_ITEM('overriding color',(#17118),#14466,
  #15754);
#17118 = PRESENTATION_STYLE_ASSIGNMENT((#17119,#17124));
#17119 = SURFACE_STYLE_USAGE(.BOTH.,#17120);
#17120 = SURFACE_SIDE_STYLE('',(#17121));
#17121 = SURFACE_STYLE_FILL_AREA(#17122);
#17122 = FILL_AREA_STYLE('',(#17123));
#17123 = FILL_AREA_STYLE_COLOUR('',#16898);
#17124 = CURVE_STYLE('',#17125,POSITIVE_LENGTH_MEASURE(0.1),#16898);
#17125 = DRAUGHTING_PRE_DEFINED_CURVE_FONT('continuous');
#17126 = OVER_RIDING_STYLED_ITEM('overriding color',(#17127),#14490,
  #15754);
#17127 = PRESENTATION_STYLE_ASSIGNMENT((#17128,#17133));
#17128 = SURFACE_STYLE_USAGE(.BOTH.,#17129);
#17129 = SURFACE_SIDE_STYLE('',(#17130));
#17130 = SURFACE_STYLE_FILL_AREA(#17131);
#17131 = FILL_AREA_STYLE('',(#17132));
#17132 = FILL_AREA_STYLE_COLOUR('',#16898);
#17133 = CURVE_STYLE('',#17134,POSITIVE_LENGTH_MEASURE(0.1),#16898);
#17134 = DRAUGHTING_PRE_DEFINED_CURVE_FONT('continuous');
#17135 = OVER_RIDING_STYLED_ITEM('overriding color',(#17136),#14514,
  #15754);
#17136 = PRESENTATION_STYLE_ASSIGNMENT((#17137,#17142));
#17137 = SURFACE_STYLE_USAGE(.BOTH.,#17138);
#17138 = SURFACE_SIDE_STYLE('',(#17139));
#17139 = SURFACE_STYLE_FILL_AREA(#17140);
#17140 = FILL_AREA_STYLE('',(#17141));
#17141 = FILL_AREA_STYLE_COLOUR('',#16898);
#17142 = CURVE_STYLE('',#17143,POSITIVE_LENGTH_MEASURE(0.1),#16898);
#17143 = DRAUGHTING_PRE_DEFINED_CURVE_FONT('continuous');
#17144 = OVER_RIDING_STYLED_ITEM('overriding color',(#17145),#14531,
  #15754);
#17145 = PRESENTATION_STYLE_ASSIGNMENT((#17146,#17151));
#17146 = SURFACE_STYLE_USAGE(.BOTH.,#17147);
#17147 = SURFACE_SIDE_STYLE('',(#17148));
#17148 = SURFACE_STYLE_FILL_AREA(#17149);
#17149 = FILL_AREA_STYLE('',(#17150));
#17150 = FILL_AREA_STYLE_COLOUR('',#16898);
#17151 = CURVE_STYLE('',#17152,POSITIVE_LENGTH_MEASURE(0.1),#16898);
#17152 = DRAUGHTING_PRE_DEFINED_CURVE_FONT('continuous');
#17153 = OVER_RIDING_STYLED_ITEM('overriding color',(#17154),#14551,
  #15754);
#17154 = PRESENTATION_STYLE_ASSIGNMENT((#17155,#17160));
#17155 = SURFACE_STYLE_USAGE(.BOTH.,#17156);
#17156 = SURFACE_SIDE_STYLE('',(#17157));
#17157 = SURFACE_STYLE_FILL_AREA(#17158);
#17158 = FILL_AREA_STYLE('',(#17159));
#17159 = FILL_AREA_STYLE_COLOUR('',#16898);
#17160 = CURVE_STYLE('',#17161,POSITIVE_LENGTH_MEASURE(0.1),#16898);
#17161 = DRAUGHTING_PRE_DEFINED_CURVE_FONT('continuous');
#17162 = OVER_RIDING_STYLED_ITEM('overriding color',(#17163),#14575,
  #15754);
#17163 = PRESENTATION_STYLE_ASSIGNMENT((#17164,#17169));
#17164 = SURFACE_STYLE_USAGE(.BOTH.,#17165);
#17165 = SURFACE_SIDE_STYLE('',(#17166));
#17166 = SURFACE_STYLE_FILL_AREA(#17167);
#17167 = FILL_AREA_STYLE('',(#17168));
#17168 = FILL_AREA_STYLE_COLOUR('',#16898);
#17169 = CURVE_STYLE('',#17170,POSITIVE_LENGTH_MEASURE(0.1),#16898);
#17170 = DRAUGHTING_PRE_DEFINED_CURVE_FONT('continuous');
#17171 = OVER_RIDING_STYLED_ITEM('overriding color',(#17172),#14599,
  #15754);
#17172 = PRESENTATION_STYLE_ASSIGNMENT((#17173,#17178));
#17173 = SURFACE_STYLE_USAGE(.BOTH.,#17174);
#17174 = SURFACE_SIDE_STYLE('',(#17175));
#17175 = SURFACE_STYLE_FILL_AREA(#17176);
#17176 = FILL_AREA_STYLE('',(#17177));
#17177 = FILL_AREA_STYLE_COLOUR('',#16898);
#17178 = CURVE_STYLE('',#17179,POSITIVE_LENGTH_MEASURE(0.1),#16898);
#17179 = DRAUGHTING_PRE_DEFINED_CURVE_FONT('continuous');
#17180 = OVER_RIDING_STYLED_ITEM('overriding color',(#17181),#14673,
  #15754);
#17181 = PRESENTATION_STYLE_ASSIGNMENT((#17182,#17187));
#17182 = SURFACE_STYLE_USAGE(.BOTH.,#17183);
#17183 = SURFACE_SIDE_STYLE('',(#17184));
#17184 = SURFACE_STYLE_FILL_AREA(#17185);
#17185 = FILL_AREA_STYLE('',(#17186));
#17186 = FILL_AREA_STYLE_COLOUR('',#16898);
#17187 = CURVE_STYLE('',#17188,POSITIVE_LENGTH_MEASURE(0.1),#16898);
#17188 = DRAUGHTING_PRE_DEFINED_CURVE_FONT('continuous');
#17189 = OVER_RIDING_STYLED_ITEM('overriding color',(#17190),#14740,
  #15754);
#17190 = PRESENTATION_STYLE_ASSIGNMENT((#17191,#17196));
#17191 = SURFACE_STYLE_USAGE(.BOTH.,#17192);
#17192 = SURFACE_SIDE_STYLE('',(#17193));
#17193 = SURFACE_STYLE_FILL_AREA(#17194);
#17194 = FILL_AREA_STYLE('',(#17195));
#17195 = FILL_AREA_STYLE_COLOUR('',#16898);
#17196 = CURVE_STYLE('',#17197,POSITIVE_LENGTH_MEASURE(0.1),#16898);
#17197 = DRAUGHTING_PRE_DEFINED_CURVE_FONT('continuous');
#17198 = OVER_RIDING_STYLED_ITEM('overriding color',(#17199),#14827,
  #15754);
#17199 = PRESENTATION_STYLE_ASSIGNMENT((#17200,#17205));
#17200 = SURFACE_STYLE_USAGE(.BOTH.,#17201);
#17201 = SURFACE_SIDE_STYLE('',(#17202));
#17202 = SURFACE_STYLE_FILL_AREA(#17203);
#17203 = FILL_AREA_STYLE('',(#17204));
#17204 = FILL_AREA_STYLE_COLOUR('',#16898);
#17205 = CURVE_STYLE('',#17206,POSITIVE_LENGTH_MEASURE(0.1),#16898);
#17206 = DRAUGHTING_PRE_DEFINED_CURVE_FONT('continuous');
#17207 = OVER_RIDING_STYLED_ITEM('overriding color',(#17208),#14858,
  #15754);
#17208 = PRESENTATION_STYLE_ASSIGNMENT((#17209,#17214));
#17209 = SURFACE_STYLE_USAGE(.BOTH.,#17210);
#17210 = SURFACE_SIDE_STYLE('',(#17211));
#17211 = SURFACE_STYLE_FILL_AREA(#17212);
#17212 = FILL_AREA_STYLE('',(#17213));
#17213 = FILL_AREA_STYLE_COLOUR('',#16898);
#17214 = CURVE_STYLE('',#17215,POSITIVE_LENGTH_MEASURE(0.1),#16898);
#17215 = DRAUGHTING_PRE_DEFINED_CURVE_FONT('continuous');
#17216 = OVER_RIDING_STYLED_ITEM('overriding color',(#17217),#14932,
  #15754);
#17217 = PRESENTATION_STYLE_ASSIGNMENT((#17218,#17223));
#17218 = SURFACE_STYLE_USAGE(.BOTH.,#17219);
#17219 = SURFACE_SIDE_STYLE('',(#17220));
#17220 = SURFACE_STYLE_FILL_AREA(#17221);
#17221 = FILL_AREA_STYLE('',(#17222));
#17222 = FILL_AREA_STYLE_COLOUR('',#16898);
#17223 = CURVE_STYLE('',#17224,POSITIVE_LENGTH_MEASURE(0.1),#16898);
#17224 = DRAUGHTING_PRE_DEFINED_CURVE_FONT('continuous');
#17225 = OVER_RIDING_STYLED_ITEM('overriding color',(#17226),#15006,
  #15754);
#17226 = PRESENTATION_STYLE_ASSIGNMENT((#17227,#17232));
#17227 = SURFACE_STYLE_USAGE(.BOTH.,#17228);
#17228 = SURFACE_SIDE_STYLE('',(#17229));
#17229 = SURFACE_STYLE_FILL_AREA(#17230);
#17230 = FILL_AREA_STYLE('',(#17231));
#17231 = FILL_AREA_STYLE_COLOUR('',#16898);
#17232 = CURVE_STYLE('',#17233,POSITIVE_LENGTH_MEASURE(0.1),#16898);
#17233 = DRAUGHTING_PRE_DEFINED_CURVE_FONT('continuous');
#17234 = OVER_RIDING_STYLED_ITEM('overriding color',(#17235),#15030,
  #15754);
#17235 = PRESENTATION_STYLE_ASSIGNMENT((#17236,#17241));
#17236 = SURFACE_STYLE_USAGE(.BOTH.,#17237);
#17237 = SURFACE_SIDE_STYLE('',(#17238));
#17238 = SURFACE_STYLE_FILL_AREA(#17239);
#17239 = FILL_AREA_STYLE('',(#17240));
#17240 = FILL_AREA_STYLE_COLOUR('',#16898);
#17241 = CURVE_STYLE('',#17242,POSITIVE_LENGTH_MEASURE(0.1),#16898);
#17242 = DRAUGHTING_PRE_DEFINED_CURVE_FONT('continuous');
#17243 = OVER_RIDING_STYLED_ITEM('overriding color',(#17244),#15047,
  #15754);
#17244 = PRESENTATION_STYLE_ASSIGNMENT((#17245,#17250));
#17245 = SURFACE_STYLE_USAGE(.BOTH.,#17246);
#17246 = SURFACE_SIDE_STYLE('',(#17247));
#17247 = SURFACE_STYLE_FILL_AREA(#17248);
#17248 = FILL_AREA_STYLE('',(#17249));
#17249 = FILL_AREA_STYLE_COLOUR('',#16898);
#17250 = CURVE_STYLE('',#17251,POSITIVE_LENGTH_MEASURE(0.1),#16898);
#17251 = DRAUGHTING_PRE_DEFINED_CURVE_FONT('continuous');
#17252 = OVER_RIDING_STYLED_ITEM('overriding color',(#17253),#15071,
  #15754);
#17253 = PRESENTATION_STYLE_ASSIGNMENT((#17254,#17259));
#17254 = SURFACE_STYLE_USAGE(.BOTH.,#17255);
#17255 = SURFACE_SIDE_STYLE('',(#17256));
#17256 = SURFACE_STYLE_FILL_AREA(#17257);
#17257 = FILL_AREA_STYLE('',(#17258));
#17258 = FILL_AREA_STYLE_COLOUR('',#16898);
#17259 = CURVE_STYLE('',#17260,POSITIVE_LENGTH_MEASURE(0.1),#16898);
#17260 = DRAUGHTING_PRE_DEFINED_CURVE_FONT('continuous');
#17261 = OVER_RIDING_STYLED_ITEM('overriding color',(#17262),#15095,
  #15754);
#17262 = PRESENTATION_STYLE_ASSIGNMENT((#17263,#17268));
#17263 = SURFACE_STYLE_USAGE(.BOTH.,#17264);
#17264 = SURFACE_SIDE_STYLE('',(#17265));
#17265 = SURFACE_STYLE_FILL_AREA(#17266);
#17266 = FILL_AREA_STYLE('',(#17267));
#17267 = FILL_AREA_STYLE_COLOUR('',#16898);
#17268 = CURVE_STYLE('',#17269,POSITIVE_LENGTH_MEASURE(0.1),#16898);
#17269 = DRAUGHTING_PRE_DEFINED_CURVE_FONT('continuous');
#17270 = OVER_RIDING_STYLED_ITEM('overriding color',(#17271),#15119,
  #15754);
#17271 = PRESENTATION_STYLE_ASSIGNMENT((#17272,#17277));
#17272 = SURFACE_STYLE_USAGE(.BOTH.,#17273);
#17273 = SURFACE_SIDE_STYLE('',(#17274));
#17274 = SURFACE_STYLE_FILL_AREA(#17275);
#17275 = FILL_AREA_STYLE('',(#17276));
#17276 = FILL_AREA_STYLE_COLOUR('',#16898);
#17277 = CURVE_STYLE('',#17278,POSITIVE_LENGTH_MEASURE(0.1),#16898);
#17278 = DRAUGHTING_PRE_DEFINED_CURVE_FONT('continuous');
#17279 = OVER_RIDING_STYLED_ITEM('overriding color',(#17280),#15136,
  #15754);
#17280 = PRESENTATION_STYLE_ASSIGNMENT((#17281,#17286));
#17281 = SURFACE_STYLE_USAGE(.BOTH.,#17282);
#17282 = SURFACE_SIDE_STYLE('',(#17283));
#17283 = SURFACE_STYLE_FILL_AREA(#17284);
#17284 = FILL_AREA_STYLE('',(#17285));
#17285 = FILL_AREA_STYLE_COLOUR('',#16898);
#17286 = CURVE_STYLE('',#17287,POSITIVE_LENGTH_MEASURE(0.1),#16898);
#17287 = DRAUGHTING_PRE_DEFINED_CURVE_FONT('continuous');
#17288 = OVER_RIDING_STYLED_ITEM('overriding color',(#17289),#15160,
  #15754);
#17289 = PRESENTATION_STYLE_ASSIGNMENT((#17290,#17295));
#17290 = SURFACE_STYLE_USAGE(.BOTH.,#17291);
#17291 = SURFACE_SIDE_STYLE('',(#17292));
#17292 = SURFACE_STYLE_FILL_AREA(#17293);
#17293 = FILL_AREA_STYLE('',(#17294));
#17294 = FILL_AREA_STYLE_COLOUR('',#16898);
#17295 = CURVE_STYLE('',#17296,POSITIVE_LENGTH_MEASURE(0.1),#16898);
#17296 = DRAUGHTING_PRE_DEFINED_CURVE_FONT('continuous');
#17297 = OVER_RIDING_STYLED_ITEM('overriding color',(#17298),#15177,
  #15754);
#17298 = PRESENTATION_STYLE_ASSIGNMENT((#17299,#17304));
#17299 = SURFACE_STYLE_USAGE(.BOTH.,#17300);
#17300 = SURFACE_SIDE_STYLE('',(#17301));
#17301 = SURFACE_STYLE_FILL_AREA(#17302);
#17302 = FILL_AREA_STYLE('',(#17303));
#17303 = FILL_AREA_STYLE_COLOUR('',#16898);
#17304 = CURVE_STYLE('',#17305,POSITIVE_LENGTH_MEASURE(0.1),#16898);
#17305 = DRAUGHTING_PRE_DEFINED_CURVE_FONT('continuous');
#17306 = OVER_RIDING_STYLED_ITEM('overriding color',(#17307),#15251,
  #15754);
#17307 = PRESENTATION_STYLE_ASSIGNMENT((#17308,#17313));
#17308 = SURFACE_STYLE_USAGE(.BOTH.,#17309);
#17309 = SURFACE_SIDE_STYLE('',(#17310));
#17310 = SURFACE_STYLE_FILL_AREA(#17311);
#17311 = FILL_AREA_STYLE('',(#17312));
#17312 = FILL_AREA_STYLE_COLOUR('',#16898);
#17313 = CURVE_STYLE('',#17314,POSITIVE_LENGTH_MEASURE(0.1),#16898);
#17314 = DRAUGHTING_PRE_DEFINED_CURVE_FONT('continuous');
#17315 = OVER_RIDING_STYLED_ITEM('overriding color',(#17316),#15282,
  #15754);
#17316 = PRESENTATION_STYLE_ASSIGNMENT((#17317,#17322));
#17317 = SURFACE_STYLE_USAGE(.BOTH.,#17318);
#17318 = SURFACE_SIDE_STYLE('',(#17319));
#17319 = SURFACE_STYLE_FILL_AREA(#17320);
#17320 = FILL_AREA_STYLE('',(#17321));
#17321 = FILL_AREA_STYLE_COLOUR('',#16898);
#17322 = CURVE_STYLE('',#17323,POSITIVE_LENGTH_MEASURE(0.1),#16898);
#17323 = DRAUGHTING_PRE_DEFINED_CURVE_FONT('continuous');
#17324 = OVER_RIDING_STYLED_ITEM('overriding color',(#17325),#15306,
  #15754);
#17325 = PRESENTATION_STYLE_ASSIGNMENT((#17326,#17331));
#17326 = SURFACE_STYLE_USAGE(.BOTH.,#17327);
#17327 = SURFACE_SIDE_STYLE('',(#17328));
#17328 = SURFACE_STYLE_FILL_AREA(#17329);
#17329 = FILL_AREA_STYLE('',(#17330));
#17330 = FILL_AREA_STYLE_COLOUR('',#16898);
#17331 = CURVE_STYLE('',#17332,POSITIVE_LENGTH_MEASURE(0.1),#16898);
#17332 = DRAUGHTING_PRE_DEFINED_CURVE_FONT('continuous');
#17333 = OVER_RIDING_STYLED_ITEM('overriding color',(#17334),#15344,
  #15754);
#17334 = PRESENTATION_STYLE_ASSIGNMENT((#17335,#17340));
#17335 = SURFACE_STYLE_USAGE(.BOTH.,#17336);
#17336 = SURFACE_SIDE_STYLE('',(#17337));
#17337 = SURFACE_STYLE_FILL_AREA(#17338);
#17338 = FILL_AREA_STYLE('',(#17339));
#17339 = FILL_AREA_STYLE_COLOUR('',#16898);
#17340 = CURVE_STYLE('',#17341,POSITIVE_LENGTH_MEASURE(0.1),#16898);
#17341 = DRAUGHTING_PRE_DEFINED_CURVE_FONT('continuous');
#17342 = OVER_RIDING_STYLED_ITEM('overriding color',(#17343),#15368,
  #15754);
#17343 = PRESENTATION_STYLE_ASSIGNMENT((#17344,#17349));
#17344 = SURFACE_STYLE_USAGE(.BOTH.,#17345);
#17345 = SURFACE_SIDE_STYLE('',(#17346));
#17346 = SURFACE_STYLE_FILL_AREA(#17347);
#17347 = FILL_AREA_STYLE('',(#17348));
#17348 = FILL_AREA_STYLE_COLOUR('',#16898);
#17349 = CURVE_STYLE('',#17350,POSITIVE_LENGTH_MEASURE(0.1),#16898);
#17350 = DRAUGHTING_PRE_DEFINED_CURVE_FONT('continuous');
#17351 = OVER_RIDING_STYLED_ITEM('overriding color',(#17352),#15406,
  #15754);
#17352 = PRESENTATION_STYLE_ASSIGNMENT((#17353,#17358));
#17353 = SURFACE_STYLE_USAGE(.BOTH.,#17354);
#17354 = SURFACE_SIDE_STYLE('',(#17355));
#17355 = SURFACE_STYLE_FILL_AREA(#17356);
#17356 = FILL_AREA_STYLE('',(#17357));
#17357 = FILL_AREA_STYLE_COLOUR('',#16898);
#17358 = CURVE_STYLE('',#17359,POSITIVE_LENGTH_MEASURE(0.1),#16898);
#17359 = DRAUGHTING_PRE_DEFINED_CURVE_FONT('continuous');
#17360 = OVER_RIDING_STYLED_ITEM('overriding color',(#17361),#15423,
  #15754);
#17361 = PRESENTATION_STYLE_ASSIGNMENT((#17362,#17367));
#17362 = SURFACE_STYLE_USAGE(.BOTH.,#17363);
#17363 = SURFACE_SIDE_STYLE('',(#17364));
#17364 = SURFACE_STYLE_FILL_AREA(#17365);
#17365 = FILL_AREA_STYLE('',(#17366));
#17366 = FILL_AREA_STYLE_COLOUR('',#15771);
#17367 = CURVE_STYLE('',#17368,POSITIVE_LENGTH_MEASURE(0.1),#15771);
#17368 = DRAUGHTING_PRE_DEFINED_CURVE_FONT('continuous');
#17369 = OVER_RIDING_STYLED_ITEM('overriding color',(#17370),#15436,
  #15754);
#17370 = PRESENTATION_STYLE_ASSIGNMENT((#17371,#17376));
#17371 = SURFACE_STYLE_USAGE(.BOTH.,#17372);
#17372 = SURFACE_SIDE_STYLE('',(#17373));
#17373 = SURFACE_STYLE_FILL_AREA(#17374);
#17374 = FILL_AREA_STYLE('',(#17375));
#17375 = FILL_AREA_STYLE_COLOUR('',#15771);
#17376 = CURVE_STYLE('',#17377,POSITIVE_LENGTH_MEASURE(0.1),#15771);
#17377 = DRAUGHTING_PRE_DEFINED_CURVE_FONT('continuous');
#17378 = OVER_RIDING_STYLED_ITEM('overriding color',(#17379),#15450,
  #15754);
#17379 = PRESENTATION_STYLE_ASSIGNMENT((#17380,#17385));
#17380 = SURFACE_STYLE_USAGE(.BOTH.,#17381);
#17381 = SURFACE_SIDE_STYLE('',(#17382));
#17382 = SURFACE_STYLE_FILL_AREA(#17383);
#17383 = FILL_AREA_STYLE('',(#17384));
#17384 = FILL_AREA_STYLE_COLOUR('',#15771);
#17385 = CURVE_STYLE('',#17386,POSITIVE_LENGTH_MEASURE(0.1),#15771);
#17386 = DRAUGHTING_PRE_DEFINED_CURVE_FONT('continuous');
#17387 = OVER_RIDING_STYLED_ITEM('overriding color',(#17388),#15467,
  #15754);
#17388 = PRESENTATION_STYLE_ASSIGNMENT((#17389,#17394));
#17389 = SURFACE_STYLE_USAGE(.BOTH.,#17390);
#17390 = SURFACE_SIDE_STYLE('',(#17391));
#17391 = SURFACE_STYLE_FILL_AREA(#17392);
#17392 = FILL_AREA_STYLE('',(#17393));
#17393 = FILL_AREA_STYLE_COLOUR('',#15771);
#17394 = CURVE_STYLE('',#17395,POSITIVE_LENGTH_MEASURE(0.1),#15771);
#17395 = DRAUGHTING_PRE_DEFINED_CURVE_FONT('continuous');
#17396 = OVER_RIDING_STYLED_ITEM('overriding color',(#17397),#15484,
  #15754);
#17397 = PRESENTATION_STYLE_ASSIGNMENT((#17398,#17403));
#17398 = SURFACE_STYLE_USAGE(.BOTH.,#17399);
#17399 = SURFACE_SIDE_STYLE('',(#17400));
#17400 = SURFACE_STYLE_FILL_AREA(#17401);
#17401 = FILL_AREA_STYLE('',(#17402));
#17402 = FILL_AREA_STYLE_COLOUR('',#15771);
#17403 = CURVE_STYLE('',#17404,POSITIVE_LENGTH_MEASURE(0.1),#15771);
#17404 = DRAUGHTING_PRE_DEFINED_CURVE_FONT('continuous');
#17405 = OVER_RIDING_STYLED_ITEM('overriding color',(#17406),#15501,
  #15754);
#17406 = PRESENTATION_STYLE_ASSIGNMENT((#17407,#17412));
#17407 = SURFACE_STYLE_USAGE(.BOTH.,#17408);
#17408 = SURFACE_SIDE_STYLE('',(#17409));
#17409 = SURFACE_STYLE_FILL_AREA(#17410);
#17410 = FILL_AREA_STYLE('',(#17411));
#17411 = FILL_AREA_STYLE_COLOUR('',#15771);
#17412 = CURVE_STYLE('',#17413,POSITIVE_LENGTH_MEASURE(0.1),#15771);
#17413 = DRAUGHTING_PRE_DEFINED_CURVE_FONT('continuous');
#17414 = OVER_RIDING_STYLED_ITEM('overriding color',(#17415),#15518,
  #15754);
#17415 = PRESENTATION_STYLE_ASSIGNMENT((#17416,#17421));
#17416 = SURFACE_STYLE_USAGE(.BOTH.,#17417);
#17417 = SURFACE_SIDE_STYLE('',(#17418));
#17418 = SURFACE_STYLE_FILL_AREA(#17419);
#17419 = FILL_AREA_STYLE('',(#17420));
#17420 = FILL_AREA_STYLE_COLOUR('',#15771);
#17421 = CURVE_STYLE('',#17422,POSITIVE_LENGTH_MEASURE(0.1),#15771);
#17422 = DRAUGHTING_PRE_DEFINED_CURVE_FONT('continuous');
#17423 = OVER_RIDING_STYLED_ITEM('overriding color',(#17424),#15530,
  #15754);
#17424 = PRESENTATION_STYLE_ASSIGNMENT((#17425,#17430));
#17425 = SURFACE_STYLE_USAGE(.BOTH.,#17426);
#17426 = SURFACE_SIDE_STYLE('',(#17427));
#17427 = SURFACE_STYLE_FILL_AREA(#17428);
#17428 = FILL_AREA_STYLE('',(#17429));
#17429 = FILL_AREA_STYLE_COLOUR('',#15771);
#17430 = CURVE_STYLE('',#17431,POSITIVE_LENGTH_MEASURE(0.1),#15771);
#17431 = DRAUGHTING_PRE_DEFINED_CURVE_FONT('continuous');
#17432 = MECHANICAL_DESIGN_GEOMETRIC_PRESENTATION_REPRESENTATION('',(
    #17433,#17443,#17451,#17458,#17465,#17472,#17479,#17486,#17493,
    #17500,#17507,#17514,#17521,#17528,#17535,#17542,#17549,#17556,
    #17563,#17570,#17577,#17584,#17591,#17598,#17605,#17612,#17619,
    #17626,#17633,#17640,#17647,#17654,#17661,#17668,#17675,#17682,
    #17689,#17696,#17703,#17710,#17717,#17724,#17731,#17738,#17745,
    #17752,#17759,#17766,#17773,#17780,#17787,#17794,#17801,#17808,
    #17815,#17822,#17829,#17836,#17843,#17850,#17857,#17864,#17871,
    #17878,#17885,#17892,#17899,#17906,#17913,#17920,#17927,#17934,
    #17941,#17948,#17955,#17962,#17969,#17976,#17983,#17990,#17997,
    #18004,#18013,#18020,#18027,#18034,#18041,#18048,#18055,#18062,
    #18069,#18076,#18083,#18090,#18097,#18104,#18111,#18118,#18125,
    #18132,#18139,#18146,#18153,#18160,#18167,#18174,#18181,#18188,
    #18195,#18202,#18209,#18216,#18223,#18230,#18237,#18244,#18251,
    #18258,#18265,#18272,#18279,#18286,#18293,#18300,#18307,#18314,
    #18321,#18328,#18335,#18342,#18349,#18356,#18363,#18370,#18377,
    #18384,#18391,#18398,#18405,#18412,#18419,#18426,#18433,#18440,
    #18447,#18454,#18461,#18468,#18475,#18482,#18489,#18496,#18503,
    #18510,#18517,#18524,#18531,#18538,#18545,#18552,#18559,#18566,
    #18573,#18580,#18587,#18594,#18601,#18608,#18615,#18622,#18629,
    #18636,#18643,#18650,#18657,#18664,#18671,#18678,#18685,#18692,
    #18699,#18706,#18713,#18720,#18727,#18734,#18741,#18748,#18755,
    #18762,#18769,#18776,#18783,#18790,#18797,#18804,#18811,#18818,
    #18825,#18832,#18839,#18846,#18853,#18860,#18867,#18874,#18881,
    #18888,#18895,#18902,#18909,#18916,#18923,#18930,#18937,#18944,
    #18951,#18958,#18965,#18972,#18979,#18986,#18993,#19000,#19007,
    #19014,#19021,#19028,#19035,#19042,#19049,#19056,#19063,#19070,
    #19077,#19084,#19091,#19098,#19105,#19112,#19119,#19126,#19133,
    #19140,#19147,#19154,#19161,#19168,#19175,#19182),#9197);
#17433 = STYLED_ITEM('color',(#17434),#73);
#17434 = PRESENTATION_STYLE_ASSIGNMENT((#17435,#17441));
#17435 = SURFACE_STYLE_USAGE(.BOTH.,#17436);
#17436 = SURFACE_SIDE_STYLE('',(#17437));
#17437 = SURFACE_STYLE_FILL_AREA(#17438);
#17438 = FILL_AREA_STYLE('',(#17439));
#17439 = FILL_AREA_STYLE_COLOUR('',#17440);
#17440 = COLOUR_RGB('',0.,0.377508427907,0.578582128266);
#17441 = CURVE_STYLE('',#17442,POSITIVE_LENGTH_MEASURE(0.1),#17440);
#17442 = DRAUGHTING_PRE_DEFINED_CURVE_FONT('continuous');
#17443 = OVER_RIDING_STYLED_ITEM('overriding color',(#17444),#75,#17433
  );
#17444 = PRESENTATION_STYLE_ASSIGNMENT((#17445));
#17445 = SURFACE_STYLE_USAGE(.BOTH.,#17446);
#17446 = SURFACE_SIDE_STYLE('',(#17447));
#17447 = SURFACE_STYLE_FILL_AREA(#17448);
#17448 = FILL_AREA_STYLE('',(#17449));
#17449 = FILL_AREA_STYLE_COLOUR('',#17450);
#17450 = COLOUR_RGB('',0.937179583391,0.9357410338,0.649182888601);
#17451 = OVER_RIDING_STYLED_ITEM('overriding color',(#17452),#115,#17433
  );
#17452 = PRESENTATION_STYLE_ASSIGNMENT((#17453));
#17453 = SURFACE_STYLE_USAGE(.BOTH.,#17454);
#17454 = SURFACE_SIDE_STYLE('',(#17455));
#17455 = SURFACE_STYLE_FILL_AREA(#17456);
#17456 = FILL_AREA_STYLE('',(#17457));
#17457 = FILL_AREA_STYLE_COLOUR('',#17450);
#17458 = OVER_RIDING_STYLED_ITEM('overriding color',(#17459),#146,#17433
  );
#17459 = PRESENTATION_STYLE_ASSIGNMENT((#17460));
#17460 = SURFACE_STYLE_USAGE(.BOTH.,#17461);
#17461 = SURFACE_SIDE_STYLE('',(#17462));
#17462 = SURFACE_STYLE_FILL_AREA(#17463);
#17463 = FILL_AREA_STYLE('',(#17464));
#17464 = FILL_AREA_STYLE_COLOUR('',#17450);
#17465 = OVER_RIDING_STYLED_ITEM('overriding color',(#17466),#177,#17433
  );
#17466 = PRESENTATION_STYLE_ASSIGNMENT((#17467));
#17467 = SURFACE_STYLE_USAGE(.BOTH.,#17468);
#17468 = SURFACE_SIDE_STYLE('',(#17469));
#17469 = SURFACE_STYLE_FILL_AREA(#17470);
#17470 = FILL_AREA_STYLE('',(#17471));
#17471 = FILL_AREA_STYLE_COLOUR('',#17450);
#17472 = OVER_RIDING_STYLED_ITEM('overriding color',(#17473),#199,#17433
  );
#17473 = PRESENTATION_STYLE_ASSIGNMENT((#17474));
#17474 = SURFACE_STYLE_USAGE(.BOTH.,#17475);
#17475 = SURFACE_SIDE_STYLE('',(#17476));
#17476 = SURFACE_STYLE_FILL_AREA(#17477);
#17477 = FILL_AREA_STYLE('',(#17478));
#17478 = FILL_AREA_STYLE_COLOUR('',#17450);
#17479 = OVER_RIDING_STYLED_ITEM('overriding color',(#17480),#241,#17433
  );
#17480 = PRESENTATION_STYLE_ASSIGNMENT((#17481));
#17481 = SURFACE_STYLE_USAGE(.BOTH.,#17482);
#17482 = SURFACE_SIDE_STYLE('',(#17483));
#17483 = SURFACE_STYLE_FILL_AREA(#17484);
#17484 = FILL_AREA_STYLE('',(#17485));
#17485 = FILL_AREA_STYLE_COLOUR('',#17450);
#17486 = OVER_RIDING_STYLED_ITEM('overriding color',(#17487),#265,#17433
  );
#17487 = PRESENTATION_STYLE_ASSIGNMENT((#17488));
#17488 = SURFACE_STYLE_USAGE(.BOTH.,#17489);
#17489 = SURFACE_SIDE_STYLE('',(#17490));
#17490 = SURFACE_STYLE_FILL_AREA(#17491);
#17491 = FILL_AREA_STYLE('',(#17492));
#17492 = FILL_AREA_STYLE_COLOUR('',#17450);
#17493 = OVER_RIDING_STYLED_ITEM('overriding color',(#17494),#307,#17433
  );
#17494 = PRESENTATION_STYLE_ASSIGNMENT((#17495));
#17495 = SURFACE_STYLE_USAGE(.BOTH.,#17496);
#17496 = SURFACE_SIDE_STYLE('',(#17497));
#17497 = SURFACE_STYLE_FILL_AREA(#17498);
#17498 = FILL_AREA_STYLE('',(#17499));
#17499 = FILL_AREA_STYLE_COLOUR('',#17450);
#17500 = OVER_RIDING_STYLED_ITEM('overriding color',(#17501),#331,#17433
  );
#17501 = PRESENTATION_STYLE_ASSIGNMENT((#17502));
#17502 = SURFACE_STYLE_USAGE(.BOTH.,#17503);
#17503 = SURFACE_SIDE_STYLE('',(#17504));
#17504 = SURFACE_STYLE_FILL_AREA(#17505);
#17505 = FILL_AREA_STYLE('',(#17506));
#17506 = FILL_AREA_STYLE_COLOUR('',#17450);
#17507 = OVER_RIDING_STYLED_ITEM('overriding color',(#17508),#373,#17433
  );
#17508 = PRESENTATION_STYLE_ASSIGNMENT((#17509));
#17509 = SURFACE_STYLE_USAGE(.BOTH.,#17510);
#17510 = SURFACE_SIDE_STYLE('',(#17511));
#17511 = SURFACE_STYLE_FILL_AREA(#17512);
#17512 = FILL_AREA_STYLE('',(#17513));
#17513 = FILL_AREA_STYLE_COLOUR('',#17450);
#17514 = OVER_RIDING_STYLED_ITEM('overriding color',(#17515),#397,#17433
  );
#17515 = PRESENTATION_STYLE_ASSIGNMENT((#17516));
#17516 = SURFACE_STYLE_USAGE(.BOTH.,#17517);
#17517 = SURFACE_SIDE_STYLE('',(#17518));
#17518 = SURFACE_STYLE_FILL_AREA(#17519);
#17519 = FILL_AREA_STYLE('',(#17520));
#17520 = FILL_AREA_STYLE_COLOUR('',#17450);
#17521 = OVER_RIDING_STYLED_ITEM('overriding color',(#17522),#439,#17433
  );
#17522 = PRESENTATION_STYLE_ASSIGNMENT((#17523));
#17523 = SURFACE_STYLE_USAGE(.BOTH.,#17524);
#17524 = SURFACE_SIDE_STYLE('',(#17525));
#17525 = SURFACE_STYLE_FILL_AREA(#17526);
#17526 = FILL_AREA_STYLE('',(#17527));
#17527 = FILL_AREA_STYLE_COLOUR('',#17450);
#17528 = OVER_RIDING_STYLED_ITEM('overriding color',(#17529),#463,#17433
  );
#17529 = PRESENTATION_STYLE_ASSIGNMENT((#17530));
#17530 = SURFACE_STYLE_USAGE(.BOTH.,#17531);
#17531 = SURFACE_SIDE_STYLE('',(#17532));
#17532 = SURFACE_STYLE_FILL_AREA(#17533);
#17533 = FILL_AREA_STYLE('',(#17534));
#17534 = FILL_AREA_STYLE_COLOUR('',#17450);
#17535 = OVER_RIDING_STYLED_ITEM('overriding color',(#17536),#505,#17433
  );
#17536 = PRESENTATION_STYLE_ASSIGNMENT((#17537));
#17537 = SURFACE_STYLE_USAGE(.BOTH.,#17538);
#17538 = SURFACE_SIDE_STYLE('',(#17539));
#17539 = SURFACE_STYLE_FILL_AREA(#17540);
#17540 = FILL_AREA_STYLE('',(#17541));
#17541 = FILL_AREA_STYLE_COLOUR('',#17450);
#17542 = OVER_RIDING_STYLED_ITEM('overriding color',(#17543),#529,#17433
  );
#17543 = PRESENTATION_STYLE_ASSIGNMENT((#17544));
#17544 = SURFACE_STYLE_USAGE(.BOTH.,#17545);
#17545 = SURFACE_SIDE_STYLE('',(#17546));
#17546 = SURFACE_STYLE_FILL_AREA(#17547);
#17547 = FILL_AREA_STYLE('',(#17548));
#17548 = FILL_AREA_STYLE_COLOUR('',#17450);
#17549 = OVER_RIDING_STYLED_ITEM('overriding color',(#17550),#571,#17433
  );
#17550 = PRESENTATION_STYLE_ASSIGNMENT((#17551));
#17551 = SURFACE_STYLE_USAGE(.BOTH.,#17552);
#17552 = SURFACE_SIDE_STYLE('',(#17553));
#17553 = SURFACE_STYLE_FILL_AREA(#17554);
#17554 = FILL_AREA_STYLE('',(#17555));
#17555 = FILL_AREA_STYLE_COLOUR('',#17450);
#17556 = OVER_RIDING_STYLED_ITEM('overriding color',(#17557),#595,#17433
  );
#17557 = PRESENTATION_STYLE_ASSIGNMENT((#17558));
#17558 = SURFACE_STYLE_USAGE(.BOTH.,#17559);
#17559 = SURFACE_SIDE_STYLE('',(#17560));
#17560 = SURFACE_STYLE_FILL_AREA(#17561);
#17561 = FILL_AREA_STYLE('',(#17562));
#17562 = FILL_AREA_STYLE_COLOUR('',#17450);
#17563 = OVER_RIDING_STYLED_ITEM('overriding color',(#17564),#637,#17433
  );
#17564 = PRESENTATION_STYLE_ASSIGNMENT((#17565));
#17565 = SURFACE_STYLE_USAGE(.BOTH.,#17566);
#17566 = SURFACE_SIDE_STYLE('',(#17567));
#17567 = SURFACE_STYLE_FILL_AREA(#17568);
#17568 = FILL_AREA_STYLE('',(#17569));
#17569 = FILL_AREA_STYLE_COLOUR('',#17450);
#17570 = OVER_RIDING_STYLED_ITEM('overriding color',(#17571),#661,#17433
  );
#17571 = PRESENTATION_STYLE_ASSIGNMENT((#17572));
#17572 = SURFACE_STYLE_USAGE(.BOTH.,#17573);
#17573 = SURFACE_SIDE_STYLE('',(#17574));
#17574 = SURFACE_STYLE_FILL_AREA(#17575);
#17575 = FILL_AREA_STYLE('',(#17576));
#17576 = FILL_AREA_STYLE_COLOUR('',#17450);
#17577 = OVER_RIDING_STYLED_ITEM('overriding color',(#17578),#703,#17433
  );
#17578 = PRESENTATION_STYLE_ASSIGNMENT((#17579));
#17579 = SURFACE_STYLE_USAGE(.BOTH.,#17580);
#17580 = SURFACE_SIDE_STYLE('',(#17581));
#17581 = SURFACE_STYLE_FILL_AREA(#17582);
#17582 = FILL_AREA_STYLE('',(#17583));
#17583 = FILL_AREA_STYLE_COLOUR('',#17450);
#17584 = OVER_RIDING_STYLED_ITEM('overriding color',(#17585),#727,#17433
  );
#17585 = PRESENTATION_STYLE_ASSIGNMENT((#17586));
#17586 = SURFACE_STYLE_USAGE(.BOTH.,#17587);
#17587 = SURFACE_SIDE_STYLE('',(#17588));
#17588 = SURFACE_STYLE_FILL_AREA(#17589);
#17589 = FILL_AREA_STYLE('',(#17590));
#17590 = FILL_AREA_STYLE_COLOUR('',#17450);
#17591 = OVER_RIDING_STYLED_ITEM('overriding color',(#17592),#769,#17433
  );
#17592 = PRESENTATION_STYLE_ASSIGNMENT((#17593));
#17593 = SURFACE_STYLE_USAGE(.BOTH.,#17594);
#17594 = SURFACE_SIDE_STYLE('',(#17595));
#17595 = SURFACE_STYLE_FILL_AREA(#17596);
#17596 = FILL_AREA_STYLE('',(#17597));
#17597 = FILL_AREA_STYLE_COLOUR('',#17450);
#17598 = OVER_RIDING_STYLED_ITEM('overriding color',(#17599),#793,#17433
  );
#17599 = PRESENTATION_STYLE_ASSIGNMENT((#17600));
#17600 = SURFACE_STYLE_USAGE(.BOTH.,#17601);
#17601 = SURFACE_SIDE_STYLE('',(#17602));
#17602 = SURFACE_STYLE_FILL_AREA(#17603);
#17603 = FILL_AREA_STYLE('',(#17604));
#17604 = FILL_AREA_STYLE_COLOUR('',#17450);
#17605 = OVER_RIDING_STYLED_ITEM('overriding color',(#17606),#835,#17433
  );
#17606 = PRESENTATION_STYLE_ASSIGNMENT((#17607));
#17607 = SURFACE_STYLE_USAGE(.BOTH.,#17608);
#17608 = SURFACE_SIDE_STYLE('',(#17609));
#17609 = SURFACE_STYLE_FILL_AREA(#17610);
#17610 = FILL_AREA_STYLE('',(#17611));
#17611 = FILL_AREA_STYLE_COLOUR('',#17450);
#17612 = OVER_RIDING_STYLED_ITEM('overriding color',(#17613),#859,#17433
  );
#17613 = PRESENTATION_STYLE_ASSIGNMENT((#17614));
#17614 = SURFACE_STYLE_USAGE(.BOTH.,#17615);
#17615 = SURFACE_SIDE_STYLE('',(#17616));
#17616 = SURFACE_STYLE_FILL_AREA(#17617);
#17617 = FILL_AREA_STYLE('',(#17618));
#17618 = FILL_AREA_STYLE_COLOUR('',#17450);
#17619 = OVER_RIDING_STYLED_ITEM('overriding color',(#17620),#901,#17433
  );
#17620 = PRESENTATION_STYLE_ASSIGNMENT((#17621));
#17621 = SURFACE_STYLE_USAGE(.BOTH.,#17622);
#17622 = SURFACE_SIDE_STYLE('',(#17623));
#17623 = SURFACE_STYLE_FILL_AREA(#17624);
#17624 = FILL_AREA_STYLE('',(#17625));
#17625 = FILL_AREA_STYLE_COLOUR('',#17450);
#17626 = OVER_RIDING_STYLED_ITEM('overriding color',(#17627),#925,#17433
  );
#17627 = PRESENTATION_STYLE_ASSIGNMENT((#17628));
#17628 = SURFACE_STYLE_USAGE(.BOTH.,#17629);
#17629 = SURFACE_SIDE_STYLE('',(#17630));
#17630 = SURFACE_STYLE_FILL_AREA(#17631);
#17631 = FILL_AREA_STYLE('',(#17632));
#17632 = FILL_AREA_STYLE_COLOUR('',#17450);
#17633 = OVER_RIDING_STYLED_ITEM('overriding color',(#17634),#967,#17433
  );
#17634 = PRESENTATION_STYLE_ASSIGNMENT((#17635));
#17635 = SURFACE_STYLE_USAGE(.BOTH.,#17636);
#17636 = SURFACE_SIDE_STYLE('',(#17637));
#17637 = SURFACE_STYLE_FILL_AREA(#17638);
#17638 = FILL_AREA_STYLE('',(#17639));
#17639 = FILL_AREA_STYLE_COLOUR('',#17450);
#17640 = OVER_RIDING_STYLED_ITEM('overriding color',(#17641),#991,#17433
  );
#17641 = PRESENTATION_STYLE_ASSIGNMENT((#17642));
#17642 = SURFACE_STYLE_USAGE(.BOTH.,#17643);
#17643 = SURFACE_SIDE_STYLE('',(#17644));
#17644 = SURFACE_STYLE_FILL_AREA(#17645);
#17645 = FILL_AREA_STYLE('',(#17646));
#17646 = FILL_AREA_STYLE_COLOUR('',#17450);
#17647 = OVER_RIDING_STYLED_ITEM('overriding color',(#17648),#1033,
  #17433);
#17648 = PRESENTATION_STYLE_ASSIGNMENT((#17649));
#17649 = SURFACE_STYLE_USAGE(.BOTH.,#17650);
#17650 = SURFACE_SIDE_STYLE('',(#17651));
#17651 = SURFACE_STYLE_FILL_AREA(#17652);
#17652 = FILL_AREA_STYLE('',(#17653));
#17653 = FILL_AREA_STYLE_COLOUR('',#17450);
#17654 = OVER_RIDING_STYLED_ITEM('overriding color',(#17655),#1057,
  #17433);
#17655 = PRESENTATION_STYLE_ASSIGNMENT((#17656));
#17656 = SURFACE_STYLE_USAGE(.BOTH.,#17657);
#17657 = SURFACE_SIDE_STYLE('',(#17658));
#17658 = SURFACE_STYLE_FILL_AREA(#17659);
#17659 = FILL_AREA_STYLE('',(#17660));
#17660 = FILL_AREA_STYLE_COLOUR('',#17450);
#17661 = OVER_RIDING_STYLED_ITEM('overriding color',(#17662),#1099,
  #17433);
#17662 = PRESENTATION_STYLE_ASSIGNMENT((#17663));
#17663 = SURFACE_STYLE_USAGE(.BOTH.,#17664);
#17664 = SURFACE_SIDE_STYLE('',(#17665));
#17665 = SURFACE_STYLE_FILL_AREA(#17666);
#17666 = FILL_AREA_STYLE('',(#17667));
#17667 = FILL_AREA_STYLE_COLOUR('',#17450);
#17668 = OVER_RIDING_STYLED_ITEM('overriding color',(#17669),#1123,
  #17433);
#17669 = PRESENTATION_STYLE_ASSIGNMENT((#17670));
#17670 = SURFACE_STYLE_USAGE(.BOTH.,#17671);
#17671 = SURFACE_SIDE_STYLE('',(#17672));
#17672 = SURFACE_STYLE_FILL_AREA(#17673);
#17673 = FILL_AREA_STYLE('',(#17674));
#17674 = FILL_AREA_STYLE_COLOUR('',#17450);
#17675 = OVER_RIDING_STYLED_ITEM('overriding color',(#17676),#1165,
  #17433);
#17676 = PRESENTATION_STYLE_ASSIGNMENT((#17677));
#17677 = SURFACE_STYLE_USAGE(.BOTH.,#17678);
#17678 = SURFACE_SIDE_STYLE('',(#17679));
#17679 = SURFACE_STYLE_FILL_AREA(#17680);
#17680 = FILL_AREA_STYLE('',(#17681));
#17681 = FILL_AREA_STYLE_COLOUR('',#17450);
#17682 = OVER_RIDING_STYLED_ITEM('overriding color',(#17683),#1189,
  #17433);
#17683 = PRESENTATION_STYLE_ASSIGNMENT((#17684));
#17684 = SURFACE_STYLE_USAGE(.BOTH.,#17685);
#17685 = SURFACE_SIDE_STYLE('',(#17686));
#17686 = SURFACE_STYLE_FILL_AREA(#17687);
#17687 = FILL_AREA_STYLE('',(#17688));
#17688 = FILL_AREA_STYLE_COLOUR('',#17450);
#17689 = OVER_RIDING_STYLED_ITEM('overriding color',(#17690),#1229,
  #17433);
#17690 = PRESENTATION_STYLE_ASSIGNMENT((#17691));
#17691 = SURFACE_STYLE_USAGE(.BOTH.,#17692);
#17692 = SURFACE_SIDE_STYLE('',(#17693));
#17693 = SURFACE_STYLE_FILL_AREA(#17694);
#17694 = FILL_AREA_STYLE('',(#17695));
#17695 = FILL_AREA_STYLE_COLOUR('',#17450);
#17696 = OVER_RIDING_STYLED_ITEM('overriding color',(#17697),#1260,
  #17433);
#17697 = PRESENTATION_STYLE_ASSIGNMENT((#17698));
#17698 = SURFACE_STYLE_USAGE(.BOTH.,#17699);
#17699 = SURFACE_SIDE_STYLE('',(#17700));
#17700 = SURFACE_STYLE_FILL_AREA(#17701);
#17701 = FILL_AREA_STYLE('',(#17702));
#17702 = FILL_AREA_STYLE_COLOUR('',#17450);
#17703 = OVER_RIDING_STYLED_ITEM('overriding color',(#17704),#1291,
  #17433);
#17704 = PRESENTATION_STYLE_ASSIGNMENT((#17705));
#17705 = SURFACE_STYLE_USAGE(.BOTH.,#17706);
#17706 = SURFACE_SIDE_STYLE('',(#17707));
#17707 = SURFACE_STYLE_FILL_AREA(#17708);
#17708 = FILL_AREA_STYLE('',(#17709));
#17709 = FILL_AREA_STYLE_COLOUR('',#17450);
#17710 = OVER_RIDING_STYLED_ITEM('overriding color',(#17711),#1322,
  #17433);
#17711 = PRESENTATION_STYLE_ASSIGNMENT((#17712));
#17712 = SURFACE_STYLE_USAGE(.BOTH.,#17713);
#17713 = SURFACE_SIDE_STYLE('',(#17714));
#17714 = SURFACE_STYLE_FILL_AREA(#17715);
#17715 = FILL_AREA_STYLE('',(#17716));
#17716 = FILL_AREA_STYLE_COLOUR('',#17450);
#17717 = OVER_RIDING_STYLED_ITEM('overriding color',(#17718),#1353,
  #17433);
#17718 = PRESENTATION_STYLE_ASSIGNMENT((#17719));
#17719 = SURFACE_STYLE_USAGE(.BOTH.,#17720);
#17720 = SURFACE_SIDE_STYLE('',(#17721));
#17721 = SURFACE_STYLE_FILL_AREA(#17722);
#17722 = FILL_AREA_STYLE('',(#17723));
#17723 = FILL_AREA_STYLE_COLOUR('',#17450);
#17724 = OVER_RIDING_STYLED_ITEM('overriding color',(#17725),#1386,
  #17433);
#17725 = PRESENTATION_STYLE_ASSIGNMENT((#17726));
#17726 = SURFACE_STYLE_USAGE(.BOTH.,#17727);
#17727 = SURFACE_SIDE_STYLE('',(#17728));
#17728 = SURFACE_STYLE_FILL_AREA(#17729);
#17729 = FILL_AREA_STYLE('',(#17730));
#17730 = FILL_AREA_STYLE_COLOUR('',#17450);
#17731 = OVER_RIDING_STYLED_ITEM('overriding color',(#17732),#1417,
  #17433);
#17732 = PRESENTATION_STYLE_ASSIGNMENT((#17733));
#17733 = SURFACE_STYLE_USAGE(.BOTH.,#17734);
#17734 = SURFACE_SIDE_STYLE('',(#17735));
#17735 = SURFACE_STYLE_FILL_AREA(#17736);
#17736 = FILL_AREA_STYLE('',(#17737));
#17737 = FILL_AREA_STYLE_COLOUR('',#17450);
#17738 = OVER_RIDING_STYLED_ITEM('overriding color',(#17739),#1450,
  #17433);
#17739 = PRESENTATION_STYLE_ASSIGNMENT((#17740));
#17740 = SURFACE_STYLE_USAGE(.BOTH.,#17741);
#17741 = SURFACE_SIDE_STYLE('',(#17742));
#17742 = SURFACE_STYLE_FILL_AREA(#17743);
#17743 = FILL_AREA_STYLE('',(#17744));
#17744 = FILL_AREA_STYLE_COLOUR('',#17450);
#17745 = OVER_RIDING_STYLED_ITEM('overriding color',(#17746),#1481,
  #17433);
#17746 = PRESENTATION_STYLE_ASSIGNMENT((#17747));
#17747 = SURFACE_STYLE_USAGE(.BOTH.,#17748);
#17748 = SURFACE_SIDE_STYLE('',(#17749));
#17749 = SURFACE_STYLE_FILL_AREA(#17750);
#17750 = FILL_AREA_STYLE('',(#17751));
#17751 = FILL_AREA_STYLE_COLOUR('',#17450);
#17752 = OVER_RIDING_STYLED_ITEM('overriding color',(#17753),#1514,
  #17433);
#17753 = PRESENTATION_STYLE_ASSIGNMENT((#17754));
#17754 = SURFACE_STYLE_USAGE(.BOTH.,#17755);
#17755 = SURFACE_SIDE_STYLE('',(#17756));
#17756 = SURFACE_STYLE_FILL_AREA(#17757);
#17757 = FILL_AREA_STYLE('',(#17758));
#17758 = FILL_AREA_STYLE_COLOUR('',#17450);
#17759 = OVER_RIDING_STYLED_ITEM('overriding color',(#17760),#1545,
  #17433);
#17760 = PRESENTATION_STYLE_ASSIGNMENT((#17761));
#17761 = SURFACE_STYLE_USAGE(.BOTH.,#17762);
#17762 = SURFACE_SIDE_STYLE('',(#17763));
#17763 = SURFACE_STYLE_FILL_AREA(#17764);
#17764 = FILL_AREA_STYLE('',(#17765));
#17765 = FILL_AREA_STYLE_COLOUR('',#17450);
#17766 = OVER_RIDING_STYLED_ITEM('overriding color',(#17767),#1569,
  #17433);
#17767 = PRESENTATION_STYLE_ASSIGNMENT((#17768));
#17768 = SURFACE_STYLE_USAGE(.BOTH.,#17769);
#17769 = SURFACE_SIDE_STYLE('',(#17770));
#17770 = SURFACE_STYLE_FILL_AREA(#17771);
#17771 = FILL_AREA_STYLE('',(#17772));
#17772 = FILL_AREA_STYLE_COLOUR('',#17450);
#17773 = OVER_RIDING_STYLED_ITEM('overriding color',(#17774),#1611,
  #17433);
#17774 = PRESENTATION_STYLE_ASSIGNMENT((#17775));
#17775 = SURFACE_STYLE_USAGE(.BOTH.,#17776);
#17776 = SURFACE_SIDE_STYLE('',(#17777));
#17777 = SURFACE_STYLE_FILL_AREA(#17778);
#17778 = FILL_AREA_STYLE('',(#17779));
#17779 = FILL_AREA_STYLE_COLOUR('',#17450);
#17780 = OVER_RIDING_STYLED_ITEM('overriding color',(#17781),#1635,
  #17433);
#17781 = PRESENTATION_STYLE_ASSIGNMENT((#17782));
#17782 = SURFACE_STYLE_USAGE(.BOTH.,#17783);
#17783 = SURFACE_SIDE_STYLE('',(#17784));
#17784 = SURFACE_STYLE_FILL_AREA(#17785);
#17785 = FILL_AREA_STYLE('',(#17786));
#17786 = FILL_AREA_STYLE_COLOUR('',#17450);
#17787 = OVER_RIDING_STYLED_ITEM('overriding color',(#17788),#1677,
  #17433);
#17788 = PRESENTATION_STYLE_ASSIGNMENT((#17789));
#17789 = SURFACE_STYLE_USAGE(.BOTH.,#17790);
#17790 = SURFACE_SIDE_STYLE('',(#17791));
#17791 = SURFACE_STYLE_FILL_AREA(#17792);
#17792 = FILL_AREA_STYLE('',(#17793));
#17793 = FILL_AREA_STYLE_COLOUR('',#17450);
#17794 = OVER_RIDING_STYLED_ITEM('overriding color',(#17795),#1701,
  #17433);
#17795 = PRESENTATION_STYLE_ASSIGNMENT((#17796));
#17796 = SURFACE_STYLE_USAGE(.BOTH.,#17797);
#17797 = SURFACE_SIDE_STYLE('',(#17798));
#17798 = SURFACE_STYLE_FILL_AREA(#17799);
#17799 = FILL_AREA_STYLE('',(#17800));
#17800 = FILL_AREA_STYLE_COLOUR('',#17450);
#17801 = OVER_RIDING_STYLED_ITEM('overriding color',(#17802),#1743,
  #17433);
#17802 = PRESENTATION_STYLE_ASSIGNMENT((#17803));
#17803 = SURFACE_STYLE_USAGE(.BOTH.,#17804);
#17804 = SURFACE_SIDE_STYLE('',(#17805));
#17805 = SURFACE_STYLE_FILL_AREA(#17806);
#17806 = FILL_AREA_STYLE('',(#17807));
#17807 = FILL_AREA_STYLE_COLOUR('',#17450);
#17808 = OVER_RIDING_STYLED_ITEM('overriding color',(#17809),#1767,
  #17433);
#17809 = PRESENTATION_STYLE_ASSIGNMENT((#17810));
#17810 = SURFACE_STYLE_USAGE(.BOTH.,#17811);
#17811 = SURFACE_SIDE_STYLE('',(#17812));
#17812 = SURFACE_STYLE_FILL_AREA(#17813);
#17813 = FILL_AREA_STYLE('',(#17814));
#17814 = FILL_AREA_STYLE_COLOUR('',#17450);
#17815 = OVER_RIDING_STYLED_ITEM('overriding color',(#17816),#1809,
  #17433);
#17816 = PRESENTATION_STYLE_ASSIGNMENT((#17817));
#17817 = SURFACE_STYLE_USAGE(.BOTH.,#17818);
#17818 = SURFACE_SIDE_STYLE('',(#17819));
#17819 = SURFACE_STYLE_FILL_AREA(#17820);
#17820 = FILL_AREA_STYLE('',(#17821));
#17821 = FILL_AREA_STYLE_COLOUR('',#17450);
#17822 = OVER_RIDING_STYLED_ITEM('overriding color',(#17823),#1833,
  #17433);
#17823 = PRESENTATION_STYLE_ASSIGNMENT((#17824));
#17824 = SURFACE_STYLE_USAGE(.BOTH.,#17825);
#17825 = SURFACE_SIDE_STYLE('',(#17826));
#17826 = SURFACE_STYLE_FILL_AREA(#17827);
#17827 = FILL_AREA_STYLE('',(#17828));
#17828 = FILL_AREA_STYLE_COLOUR('',#17450);
#17829 = OVER_RIDING_STYLED_ITEM('overriding color',(#17830),#1875,
  #17433);
#17830 = PRESENTATION_STYLE_ASSIGNMENT((#17831));
#17831 = SURFACE_STYLE_USAGE(.BOTH.,#17832);
#17832 = SURFACE_SIDE_STYLE('',(#17833));
#17833 = SURFACE_STYLE_FILL_AREA(#17834);
#17834 = FILL_AREA_STYLE('',(#17835));
#17835 = FILL_AREA_STYLE_COLOUR('',#17450);
#17836 = OVER_RIDING_STYLED_ITEM('overriding color',(#17837),#1899,
  #17433);
#17837 = PRESENTATION_STYLE_ASSIGNMENT((#17838));
#17838 = SURFACE_STYLE_USAGE(.BOTH.,#17839);
#17839 = SURFACE_SIDE_STYLE('',(#17840));
#17840 = SURFACE_STYLE_FILL_AREA(#17841);
#17841 = FILL_AREA_STYLE('',(#17842));
#17842 = FILL_AREA_STYLE_COLOUR('',#17450);
#17843 = OVER_RIDING_STYLED_ITEM('overriding color',(#17844),#1941,
  #17433);
#17844 = PRESENTATION_STYLE_ASSIGNMENT((#17845));
#17845 = SURFACE_STYLE_USAGE(.BOTH.,#17846);
#17846 = SURFACE_SIDE_STYLE('',(#17847));
#17847 = SURFACE_STYLE_FILL_AREA(#17848);
#17848 = FILL_AREA_STYLE('',(#17849));
#17849 = FILL_AREA_STYLE_COLOUR('',#17450);
#17850 = OVER_RIDING_STYLED_ITEM('overriding color',(#17851),#1965,
  #17433);
#17851 = PRESENTATION_STYLE_ASSIGNMENT((#17852));
#17852 = SURFACE_STYLE_USAGE(.BOTH.,#17853);
#17853 = SURFACE_SIDE_STYLE('',(#17854));
#17854 = SURFACE_STYLE_FILL_AREA(#17855);
#17855 = FILL_AREA_STYLE('',(#17856));
#17856 = FILL_AREA_STYLE_COLOUR('',#17450);
#17857 = OVER_RIDING_STYLED_ITEM('overriding color',(#17858),#2007,
  #17433);
#17858 = PRESENTATION_STYLE_ASSIGNMENT((#17859));
#17859 = SURFACE_STYLE_USAGE(.BOTH.,#17860);
#17860 = SURFACE_SIDE_STYLE('',(#17861));
#17861 = SURFACE_STYLE_FILL_AREA(#17862);
#17862 = FILL_AREA_STYLE('',(#17863));
#17863 = FILL_AREA_STYLE_COLOUR('',#17450);
#17864 = OVER_RIDING_STYLED_ITEM('overriding color',(#17865),#2031,
  #17433);
#17865 = PRESENTATION_STYLE_ASSIGNMENT((#17866));
#17866 = SURFACE_STYLE_USAGE(.BOTH.,#17867);
#17867 = SURFACE_SIDE_STYLE('',(#17868));
#17868 = SURFACE_STYLE_FILL_AREA(#17869);
#17869 = FILL_AREA_STYLE('',(#17870));
#17870 = FILL_AREA_STYLE_COLOUR('',#17450);
#17871 = OVER_RIDING_STYLED_ITEM('overriding color',(#17872),#2073,
  #17433);
#17872 = PRESENTATION_STYLE_ASSIGNMENT((#17873));
#17873 = SURFACE_STYLE_USAGE(.BOTH.,#17874);
#17874 = SURFACE_SIDE_STYLE('',(#17875));
#17875 = SURFACE_STYLE_FILL_AREA(#17876);
#17876 = FILL_AREA_STYLE('',(#17877));
#17877 = FILL_AREA_STYLE_COLOUR('',#17450);
#17878 = OVER_RIDING_STYLED_ITEM('overriding color',(#17879),#2097,
  #17433);
#17879 = PRESENTATION_STYLE_ASSIGNMENT((#17880));
#17880 = SURFACE_STYLE_USAGE(.BOTH.,#17881);
#17881 = SURFACE_SIDE_STYLE('',(#17882));
#17882 = SURFACE_STYLE_FILL_AREA(#17883);
#17883 = FILL_AREA_STYLE('',(#17884));
#17884 = FILL_AREA_STYLE_COLOUR('',#17450);
#17885 = OVER_RIDING_STYLED_ITEM('overriding color',(#17886),#2139,
  #17433);
#17886 = PRESENTATION_STYLE_ASSIGNMENT((#17887));
#17887 = SURFACE_STYLE_USAGE(.BOTH.,#17888);
#17888 = SURFACE_SIDE_STYLE('',(#17889));
#17889 = SURFACE_STYLE_FILL_AREA(#17890);
#17890 = FILL_AREA_STYLE('',(#17891));
#17891 = FILL_AREA_STYLE_COLOUR('',#17450);
#17892 = OVER_RIDING_STYLED_ITEM('overriding color',(#17893),#2163,
  #17433);
#17893 = PRESENTATION_STYLE_ASSIGNMENT((#17894));
#17894 = SURFACE_STYLE_USAGE(.BOTH.,#17895);
#17895 = SURFACE_SIDE_STYLE('',(#17896));
#17896 = SURFACE_STYLE_FILL_AREA(#17897);
#17897 = FILL_AREA_STYLE('',(#17898));
#17898 = FILL_AREA_STYLE_COLOUR('',#17450);
#17899 = OVER_RIDING_STYLED_ITEM('overriding color',(#17900),#2205,
  #17433);
#17900 = PRESENTATION_STYLE_ASSIGNMENT((#17901));
#17901 = SURFACE_STYLE_USAGE(.BOTH.,#17902);
#17902 = SURFACE_SIDE_STYLE('',(#17903));
#17903 = SURFACE_STYLE_FILL_AREA(#17904);
#17904 = FILL_AREA_STYLE('',(#17905));
#17905 = FILL_AREA_STYLE_COLOUR('',#17450);
#17906 = OVER_RIDING_STYLED_ITEM('overriding color',(#17907),#2229,
  #17433);
#17907 = PRESENTATION_STYLE_ASSIGNMENT((#17908));
#17908 = SURFACE_STYLE_USAGE(.BOTH.,#17909);
#17909 = SURFACE_SIDE_STYLE('',(#17910));
#17910 = SURFACE_STYLE_FILL_AREA(#17911);
#17911 = FILL_AREA_STYLE('',(#17912));
#17912 = FILL_AREA_STYLE_COLOUR('',#17450);
#17913 = OVER_RIDING_STYLED_ITEM('overriding color',(#17914),#2271,
  #17433);
#17914 = PRESENTATION_STYLE_ASSIGNMENT((#17915));
#17915 = SURFACE_STYLE_USAGE(.BOTH.,#17916);
#17916 = SURFACE_SIDE_STYLE('',(#17917));
#17917 = SURFACE_STYLE_FILL_AREA(#17918);
#17918 = FILL_AREA_STYLE('',(#17919));
#17919 = FILL_AREA_STYLE_COLOUR('',#17450);
#17920 = OVER_RIDING_STYLED_ITEM('overriding color',(#17921),#2295,
  #17433);
#17921 = PRESENTATION_STYLE_ASSIGNMENT((#17922));
#17922 = SURFACE_STYLE_USAGE(.BOTH.,#17923);
#17923 = SURFACE_SIDE_STYLE('',(#17924));
#17924 = SURFACE_STYLE_FILL_AREA(#17925);
#17925 = FILL_AREA_STYLE('',(#17926));
#17926 = FILL_AREA_STYLE_COLOUR('',#17450);
#17927 = OVER_RIDING_STYLED_ITEM('overriding color',(#17928),#2337,
  #17433);
#17928 = PRESENTATION_STYLE_ASSIGNMENT((#17929));
#17929 = SURFACE_STYLE_USAGE(.BOTH.,#17930);
#17930 = SURFACE_SIDE_STYLE('',(#17931));
#17931 = SURFACE_STYLE_FILL_AREA(#17932);
#17932 = FILL_AREA_STYLE('',(#17933));
#17933 = FILL_AREA_STYLE_COLOUR('',#17450);
#17934 = OVER_RIDING_STYLED_ITEM('overriding color',(#17935),#2361,
  #17433);
#17935 = PRESENTATION_STYLE_ASSIGNMENT((#17936));
#17936 = SURFACE_STYLE_USAGE(.BOTH.,#17937);
#17937 = SURFACE_SIDE_STYLE('',(#17938));
#17938 = SURFACE_STYLE_FILL_AREA(#17939);
#17939 = FILL_AREA_STYLE('',(#17940));
#17940 = FILL_AREA_STYLE_COLOUR('',#17450);
#17941 = OVER_RIDING_STYLED_ITEM('overriding color',(#17942),#2403,
  #17433);
#17942 = PRESENTATION_STYLE_ASSIGNMENT((#17943));
#17943 = SURFACE_STYLE_USAGE(.BOTH.,#17944);
#17944 = SURFACE_SIDE_STYLE('',(#17945));
#17945 = SURFACE_STYLE_FILL_AREA(#17946);
#17946 = FILL_AREA_STYLE('',(#17947));
#17947 = FILL_AREA_STYLE_COLOUR('',#17450);
#17948 = OVER_RIDING_STYLED_ITEM('overriding color',(#17949),#2427,
  #17433);
#17949 = PRESENTATION_STYLE_ASSIGNMENT((#17950));
#17950 = SURFACE_STYLE_USAGE(.BOTH.,#17951);
#17951 = SURFACE_SIDE_STYLE('',(#17952));
#17952 = SURFACE_STYLE_FILL_AREA(#17953);
#17953 = FILL_AREA_STYLE('',(#17954));
#17954 = FILL_AREA_STYLE_COLOUR('',#17450);
#17955 = OVER_RIDING_STYLED_ITEM('overriding color',(#17956),#2469,
  #17433);
#17956 = PRESENTATION_STYLE_ASSIGNMENT((#17957));
#17957 = SURFACE_STYLE_USAGE(.BOTH.,#17958);
#17958 = SURFACE_SIDE_STYLE('',(#17959));
#17959 = SURFACE_STYLE_FILL_AREA(#17960);
#17960 = FILL_AREA_STYLE('',(#17961));
#17961 = FILL_AREA_STYLE_COLOUR('',#17450);
#17962 = OVER_RIDING_STYLED_ITEM('overriding color',(#17963),#2493,
  #17433);
#17963 = PRESENTATION_STYLE_ASSIGNMENT((#17964));
#17964 = SURFACE_STYLE_USAGE(.BOTH.,#17965);
#17965 = SURFACE_SIDE_STYLE('',(#17966));
#17966 = SURFACE_STYLE_FILL_AREA(#17967);
#17967 = FILL_AREA_STYLE('',(#17968));
#17968 = FILL_AREA_STYLE_COLOUR('',#17450);
#17969 = OVER_RIDING_STYLED_ITEM('overriding color',(#17970),#2535,
  #17433);
#17970 = PRESENTATION_STYLE_ASSIGNMENT((#17971));
#17971 = SURFACE_STYLE_USAGE(.BOTH.,#17972);
#17972 = SURFACE_SIDE_STYLE('',(#17973));
#17973 = SURFACE_STYLE_FILL_AREA(#17974);
#17974 = FILL_AREA_STYLE('',(#17975));
#17975 = FILL_AREA_STYLE_COLOUR('',#17450);
#17976 = OVER_RIDING_STYLED_ITEM('overriding color',(#17977),#2559,
  #17433);
#17977 = PRESENTATION_STYLE_ASSIGNMENT((#17978));
#17978 = SURFACE_STYLE_USAGE(.BOTH.,#17979);
#17979 = SURFACE_SIDE_STYLE('',(#17980));
#17980 = SURFACE_STYLE_FILL_AREA(#17981);
#17981 = FILL_AREA_STYLE('',(#17982));
#17982 = FILL_AREA_STYLE_COLOUR('',#17450);
#17983 = OVER_RIDING_STYLED_ITEM('overriding color',(#17984),#2601,
  #17433);
#17984 = PRESENTATION_STYLE_ASSIGNMENT((#17985));
#17985 = SURFACE_STYLE_USAGE(.BOTH.,#17986);
#17986 = SURFACE_SIDE_STYLE('',(#17987));
#17987 = SURFACE_STYLE_FILL_AREA(#17988);
#17988 = FILL_AREA_STYLE('',(#17989));
#17989 = FILL_AREA_STYLE_COLOUR('',#17450);
#17990 = OVER_RIDING_STYLED_ITEM('overriding color',(#17991),#2625,
  #17433);
#17991 = PRESENTATION_STYLE_ASSIGNMENT((#17992));
#17992 = SURFACE_STYLE_USAGE(.BOTH.,#17993);
#17993 = SURFACE_SIDE_STYLE('',(#17994));
#17994 = SURFACE_STYLE_FILL_AREA(#17995);
#17995 = FILL_AREA_STYLE('',(#17996));
#17996 = FILL_AREA_STYLE_COLOUR('',#17450);
#17997 = OVER_RIDING_STYLED_ITEM('overriding color',(#17998),#2667,
  #17433);
#17998 = PRESENTATION_STYLE_ASSIGNMENT((#17999));
#17999 = SURFACE_STYLE_USAGE(.BOTH.,#18000);
#18000 = SURFACE_SIDE_STYLE('',(#18001));
#18001 = SURFACE_STYLE_FILL_AREA(#18002);
#18002 = FILL_AREA_STYLE('',(#18003));
#18003 = FILL_AREA_STYLE_COLOUR('',#17450);
#18004 = STYLED_ITEM('color',(#18005),#2999);
#18005 = PRESENTATION_STYLE_ASSIGNMENT((#18006,#18011));
#18006 = SURFACE_STYLE_USAGE(.BOTH.,#18007);
#18007 = SURFACE_SIDE_STYLE('',(#18008));
#18008 = SURFACE_STYLE_FILL_AREA(#18009);
#18009 = FILL_AREA_STYLE('',(#18010));
#18010 = FILL_AREA_STYLE_COLOUR('',#17440);
#18011 = CURVE_STYLE('',#18012,POSITIVE_LENGTH_MEASURE(0.1),#17440);
#18012 = DRAUGHTING_PRE_DEFINED_CURVE_FONT('continuous');
#18013 = OVER_RIDING_STYLED_ITEM('overriding color',(#18014),#3001,
  #18004);
#18014 = PRESENTATION_STYLE_ASSIGNMENT((#18015));
#18015 = SURFACE_STYLE_USAGE(.BOTH.,#18016);
#18016 = SURFACE_SIDE_STYLE('',(#18017));
#18017 = SURFACE_STYLE_FILL_AREA(#18018);
#18018 = FILL_AREA_STYLE('',(#18019));
#18019 = FILL_AREA_STYLE_COLOUR('',#17450);
#18020 = OVER_RIDING_STYLED_ITEM('overriding color',(#18021),#3041,
  #18004);
#18021 = PRESENTATION_STYLE_ASSIGNMENT((#18022));
#18022 = SURFACE_STYLE_USAGE(.BOTH.,#18023);
#18023 = SURFACE_SIDE_STYLE('',(#18024));
#18024 = SURFACE_STYLE_FILL_AREA(#18025);
#18025 = FILL_AREA_STYLE('',(#18026));
#18026 = FILL_AREA_STYLE_COLOUR('',#17450);
#18027 = OVER_RIDING_STYLED_ITEM('overriding color',(#18028),#3072,
  #18004);
#18028 = PRESENTATION_STYLE_ASSIGNMENT((#18029));
#18029 = SURFACE_STYLE_USAGE(.BOTH.,#18030);
#18030 = SURFACE_SIDE_STYLE('',(#18031));
#18031 = SURFACE_STYLE_FILL_AREA(#18032);
#18032 = FILL_AREA_STYLE('',(#18033));
#18033 = FILL_AREA_STYLE_COLOUR('',#17450);
#18034 = OVER_RIDING_STYLED_ITEM('overriding color',(#18035),#3105,
  #18004);
#18035 = PRESENTATION_STYLE_ASSIGNMENT((#18036));
#18036 = SURFACE_STYLE_USAGE(.BOTH.,#18037);
#18037 = SURFACE_SIDE_STYLE('',(#18038));
#18038 = SURFACE_STYLE_FILL_AREA(#18039);
#18039 = FILL_AREA_STYLE('',(#18040));
#18040 = FILL_AREA_STYLE_COLOUR('',#17450);
#18041 = OVER_RIDING_STYLED_ITEM('overriding color',(#18042),#3136,
  #18004);
#18042 = PRESENTATION_STYLE_ASSIGNMENT((#18043));
#18043 = SURFACE_STYLE_USAGE(.BOTH.,#18044);
#18044 = SURFACE_SIDE_STYLE('',(#18045));
#18045 = SURFACE_STYLE_FILL_AREA(#18046);
#18046 = FILL_AREA_STYLE('',(#18047));
#18047 = FILL_AREA_STYLE_COLOUR('',#17450);
#18048 = OVER_RIDING_STYLED_ITEM('overriding color',(#18049),#3167,
  #18004);
#18049 = PRESENTATION_STYLE_ASSIGNMENT((#18050));
#18050 = SURFACE_STYLE_USAGE(.BOTH.,#18051);
#18051 = SURFACE_SIDE_STYLE('',(#18052));
#18052 = SURFACE_STYLE_FILL_AREA(#18053);
#18053 = FILL_AREA_STYLE('',(#18054));
#18054 = FILL_AREA_STYLE_COLOUR('',#17450);
#18055 = OVER_RIDING_STYLED_ITEM('overriding color',(#18056),#3198,
  #18004);
#18056 = PRESENTATION_STYLE_ASSIGNMENT((#18057));
#18057 = SURFACE_STYLE_USAGE(.BOTH.,#18058);
#18058 = SURFACE_SIDE_STYLE('',(#18059));
#18059 = SURFACE_STYLE_FILL_AREA(#18060);
#18060 = FILL_AREA_STYLE('',(#18061));
#18061 = FILL_AREA_STYLE_COLOUR('',#17450);
#18062 = OVER_RIDING_STYLED_ITEM('overriding color',(#18063),#3229,
  #18004);
#18063 = PRESENTATION_STYLE_ASSIGNMENT((#18064));
#18064 = SURFACE_STYLE_USAGE(.BOTH.,#18065);
#18065 = SURFACE_SIDE_STYLE('',(#18066));
#18066 = SURFACE_STYLE_FILL_AREA(#18067);
#18067 = FILL_AREA_STYLE('',(#18068));
#18068 = FILL_AREA_STYLE_COLOUR('',#17450);
#18069 = OVER_RIDING_STYLED_ITEM('overriding color',(#18070),#3260,
  #18004);
#18070 = PRESENTATION_STYLE_ASSIGNMENT((#18071));
#18071 = SURFACE_STYLE_USAGE(.BOTH.,#18072);
#18072 = SURFACE_SIDE_STYLE('',(#18073));
#18073 = SURFACE_STYLE_FILL_AREA(#18074);
#18074 = FILL_AREA_STYLE('',(#18075));
#18075 = FILL_AREA_STYLE_COLOUR('',#17450);
#18076 = OVER_RIDING_STYLED_ITEM('overriding color',(#18077),#3293,
  #18004);
#18077 = PRESENTATION_STYLE_ASSIGNMENT((#18078));
#18078 = SURFACE_STYLE_USAGE(.BOTH.,#18079);
#18079 = SURFACE_SIDE_STYLE('',(#18080));
#18080 = SURFACE_STYLE_FILL_AREA(#18081);
#18081 = FILL_AREA_STYLE('',(#18082));
#18082 = FILL_AREA_STYLE_COLOUR('',#17450);
#18083 = OVER_RIDING_STYLED_ITEM('overriding color',(#18084),#3315,
  #18004);
#18084 = PRESENTATION_STYLE_ASSIGNMENT((#18085));
#18085 = SURFACE_STYLE_USAGE(.BOTH.,#18086);
#18086 = SURFACE_SIDE_STYLE('',(#18087));
#18087 = SURFACE_STYLE_FILL_AREA(#18088);
#18088 = FILL_AREA_STYLE('',(#18089));
#18089 = FILL_AREA_STYLE_COLOUR('',#17450);
#18090 = OVER_RIDING_STYLED_ITEM('overriding color',(#18091),#3357,
  #18004);
#18091 = PRESENTATION_STYLE_ASSIGNMENT((#18092));
#18092 = SURFACE_STYLE_USAGE(.BOTH.,#18093);
#18093 = SURFACE_SIDE_STYLE('',(#18094));
#18094 = SURFACE_STYLE_FILL_AREA(#18095);
#18095 = FILL_AREA_STYLE('',(#18096));
#18096 = FILL_AREA_STYLE_COLOUR('',#17450);
#18097 = OVER_RIDING_STYLED_ITEM('overriding color',(#18098),#3381,
  #18004);
#18098 = PRESENTATION_STYLE_ASSIGNMENT((#18099));
#18099 = SURFACE_STYLE_USAGE(.BOTH.,#18100);
#18100 = SURFACE_SIDE_STYLE('',(#18101));
#18101 = SURFACE_STYLE_FILL_AREA(#18102);
#18102 = FILL_AREA_STYLE('',(#18103));
#18103 = FILL_AREA_STYLE_COLOUR('',#17450);
#18104 = OVER_RIDING_STYLED_ITEM('overriding color',(#18105),#3423,
  #18004);
#18105 = PRESENTATION_STYLE_ASSIGNMENT((#18106));
#18106 = SURFACE_STYLE_USAGE(.BOTH.,#18107);
#18107 = SURFACE_SIDE_STYLE('',(#18108));
#18108 = SURFACE_STYLE_FILL_AREA(#18109);
#18109 = FILL_AREA_STYLE('',(#18110));
#18110 = FILL_AREA_STYLE_COLOUR('',#17450);
#18111 = OVER_RIDING_STYLED_ITEM('overriding color',(#18112),#3447,
  #18004);
#18112 = PRESENTATION_STYLE_ASSIGNMENT((#18113));
#18113 = SURFACE_STYLE_USAGE(.BOTH.,#18114);
#18114 = SURFACE_SIDE_STYLE('',(#18115));
#18115 = SURFACE_STYLE_FILL_AREA(#18116);
#18116 = FILL_AREA_STYLE('',(#18117));
#18117 = FILL_AREA_STYLE_COLOUR('',#17450);
#18118 = OVER_RIDING_STYLED_ITEM('overriding color',(#18119),#3489,
  #18004);
#18119 = PRESENTATION_STYLE_ASSIGNMENT((#18120));
#18120 = SURFACE_STYLE_USAGE(.BOTH.,#18121);
#18121 = SURFACE_SIDE_STYLE('',(#18122));
#18122 = SURFACE_STYLE_FILL_AREA(#18123);
#18123 = FILL_AREA_STYLE('',(#18124));
#18124 = FILL_AREA_STYLE_COLOUR('',#17450);
#18125 = OVER_RIDING_STYLED_ITEM('overriding color',(#18126),#3513,
  #18004);
#18126 = PRESENTATION_STYLE_ASSIGNMENT((#18127));
#18127 = SURFACE_STYLE_USAGE(.BOTH.,#18128);
#18128 = SURFACE_SIDE_STYLE('',(#18129));
#18129 = SURFACE_STYLE_FILL_AREA(#18130);
#18130 = FILL_AREA_STYLE('',(#18131));
#18131 = FILL_AREA_STYLE_COLOUR('',#17450);
#18132 = OVER_RIDING_STYLED_ITEM('overriding color',(#18133),#3555,
  #18004);
#18133 = PRESENTATION_STYLE_ASSIGNMENT((#18134));
#18134 = SURFACE_STYLE_USAGE(.BOTH.,#18135);
#18135 = SURFACE_SIDE_STYLE('',(#18136));
#18136 = SURFACE_STYLE_FILL_AREA(#18137);
#18137 = FILL_AREA_STYLE('',(#18138));
#18138 = FILL_AREA_STYLE_COLOUR('',#17450);
#18139 = OVER_RIDING_STYLED_ITEM('overriding color',(#18140),#3579,
  #18004);
#18140 = PRESENTATION_STYLE_ASSIGNMENT((#18141));
#18141 = SURFACE_STYLE_USAGE(.BOTH.,#18142);
#18142 = SURFACE_SIDE_STYLE('',(#18143));
#18143 = SURFACE_STYLE_FILL_AREA(#18144);
#18144 = FILL_AREA_STYLE('',(#18145));
#18145 = FILL_AREA_STYLE_COLOUR('',#17450);
#18146 = OVER_RIDING_STYLED_ITEM('overriding color',(#18147),#3621,
  #18004);
#18147 = PRESENTATION_STYLE_ASSIGNMENT((#18148));
#18148 = SURFACE_STYLE_USAGE(.BOTH.,#18149);
#18149 = SURFACE_SIDE_STYLE('',(#18150));
#18150 = SURFACE_STYLE_FILL_AREA(#18151);
#18151 = FILL_AREA_STYLE('',(#18152));
#18152 = FILL_AREA_STYLE_COLOUR('',#17450);
#18153 = OVER_RIDING_STYLED_ITEM('overriding color',(#18154),#3645,
  #18004);
#18154 = PRESENTATION_STYLE_ASSIGNMENT((#18155));
#18155 = SURFACE_STYLE_USAGE(.BOTH.,#18156);
#18156 = SURFACE_SIDE_STYLE('',(#18157));
#18157 = SURFACE_STYLE_FILL_AREA(#18158);
#18158 = FILL_AREA_STYLE('',(#18159));
#18159 = FILL_AREA_STYLE_COLOUR('',#17450);
#18160 = OVER_RIDING_STYLED_ITEM('overriding color',(#18161),#3687,
  #18004);
#18161 = PRESENTATION_STYLE_ASSIGNMENT((#18162));
#18162 = SURFACE_STYLE_USAGE(.BOTH.,#18163);
#18163 = SURFACE_SIDE_STYLE('',(#18164));
#18164 = SURFACE_STYLE_FILL_AREA(#18165);
#18165 = FILL_AREA_STYLE('',(#18166));
#18166 = FILL_AREA_STYLE_COLOUR('',#17450);
#18167 = OVER_RIDING_STYLED_ITEM('overriding color',(#18168),#3711,
  #18004);
#18168 = PRESENTATION_STYLE_ASSIGNMENT((#18169));
#18169 = SURFACE_STYLE_USAGE(.BOTH.,#18170);
#18170 = SURFACE_SIDE_STYLE('',(#18171));
#18171 = SURFACE_STYLE_FILL_AREA(#18172);
#18172 = FILL_AREA_STYLE('',(#18173));
#18173 = FILL_AREA_STYLE_COLOUR('',#17450);
#18174 = OVER_RIDING_STYLED_ITEM('overriding color',(#18175),#3753,
  #18004);
#18175 = PRESENTATION_STYLE_ASSIGNMENT((#18176));
#18176 = SURFACE_STYLE_USAGE(.BOTH.,#18177);
#18177 = SURFACE_SIDE_STYLE('',(#18178));
#18178 = SURFACE_STYLE_FILL_AREA(#18179);
#18179 = FILL_AREA_STYLE('',(#18180));
#18180 = FILL_AREA_STYLE_COLOUR('',#17450);
#18181 = OVER_RIDING_STYLED_ITEM('overriding color',(#18182),#3777,
  #18004);
#18182 = PRESENTATION_STYLE_ASSIGNMENT((#18183));
#18183 = SURFACE_STYLE_USAGE(.BOTH.,#18184);
#18184 = SURFACE_SIDE_STYLE('',(#18185));
#18185 = SURFACE_STYLE_FILL_AREA(#18186);
#18186 = FILL_AREA_STYLE('',(#18187));
#18187 = FILL_AREA_STYLE_COLOUR('',#17450);
#18188 = OVER_RIDING_STYLED_ITEM('overriding color',(#18189),#3819,
  #18004);
#18189 = PRESENTATION_STYLE_ASSIGNMENT((#18190));
#18190 = SURFACE_STYLE_USAGE(.BOTH.,#18191);
#18191 = SURFACE_SIDE_STYLE('',(#18192));
#18192 = SURFACE_STYLE_FILL_AREA(#18193);
#18193 = FILL_AREA_STYLE('',(#18194));
#18194 = FILL_AREA_STYLE_COLOUR('',#17450);
#18195 = OVER_RIDING_STYLED_ITEM('overriding color',(#18196),#3843,
  #18004);
#18196 = PRESENTATION_STYLE_ASSIGNMENT((#18197));
#18197 = SURFACE_STYLE_USAGE(.BOTH.,#18198);
#18198 = SURFACE_SIDE_STYLE('',(#18199));
#18199 = SURFACE_STYLE_FILL_AREA(#18200);
#18200 = FILL_AREA_STYLE('',(#18201));
#18201 = FILL_AREA_STYLE_COLOUR('',#17450);
#18202 = OVER_RIDING_STYLED_ITEM('overriding color',(#18203),#3885,
  #18004);
#18203 = PRESENTATION_STYLE_ASSIGNMENT((#18204));
#18204 = SURFACE_STYLE_USAGE(.BOTH.,#18205);
#18205 = SURFACE_SIDE_STYLE('',(#18206));
#18206 = SURFACE_STYLE_FILL_AREA(#18207);
#18207 = FILL_AREA_STYLE('',(#18208));
#18208 = FILL_AREA_STYLE_COLOUR('',#17450);
#18209 = OVER_RIDING_STYLED_ITEM('overriding color',(#18210),#3909,
  #18004);
#18210 = PRESENTATION_STYLE_ASSIGNMENT((#18211));
#18211 = SURFACE_STYLE_USAGE(.BOTH.,#18212);
#18212 = SURFACE_SIDE_STYLE('',(#18213));
#18213 = SURFACE_STYLE_FILL_AREA(#18214);
#18214 = FILL_AREA_STYLE('',(#18215));
#18215 = FILL_AREA_STYLE_COLOUR('',#17450);
#18216 = OVER_RIDING_STYLED_ITEM('overriding color',(#18217),#3951,
  #18004);
#18217 = PRESENTATION_STYLE_ASSIGNMENT((#18218));
#18218 = SURFACE_STYLE_USAGE(.BOTH.,#18219);
#18219 = SURFACE_SIDE_STYLE('',(#18220));
#18220 = SURFACE_STYLE_FILL_AREA(#18221);
#18221 = FILL_AREA_STYLE('',(#18222));
#18222 = FILL_AREA_STYLE_COLOUR('',#17450);
#18223 = OVER_RIDING_STYLED_ITEM('overriding color',(#18224),#3975,
  #18004);
#18224 = PRESENTATION_STYLE_ASSIGNMENT((#18225));
#18225 = SURFACE_STYLE_USAGE(.BOTH.,#18226);
#18226 = SURFACE_SIDE_STYLE('',(#18227));
#18227 = SURFACE_STYLE_FILL_AREA(#18228);
#18228 = FILL_AREA_STYLE('',(#18229));
#18229 = FILL_AREA_STYLE_COLOUR('',#17450);
#18230 = OVER_RIDING_STYLED_ITEM('overriding color',(#18231),#4017,
  #18004);
#18231 = PRESENTATION_STYLE_ASSIGNMENT((#18232));
#18232 = SURFACE_STYLE_USAGE(.BOTH.,#18233);
#18233 = SURFACE_SIDE_STYLE('',(#18234));
#18234 = SURFACE_STYLE_FILL_AREA(#18235);
#18235 = FILL_AREA_STYLE('',(#18236));
#18236 = FILL_AREA_STYLE_COLOUR('',#17450);
#18237 = OVER_RIDING_STYLED_ITEM('overriding color',(#18238),#4041,
  #18004);
#18238 = PRESENTATION_STYLE_ASSIGNMENT((#18239));
#18239 = SURFACE_STYLE_USAGE(.BOTH.,#18240);
#18240 = SURFACE_SIDE_STYLE('',(#18241));
#18241 = SURFACE_STYLE_FILL_AREA(#18242);
#18242 = FILL_AREA_STYLE('',(#18243));
#18243 = FILL_AREA_STYLE_COLOUR('',#17450);
#18244 = OVER_RIDING_STYLED_ITEM('overriding color',(#18245),#4083,
  #18004);
#18245 = PRESENTATION_STYLE_ASSIGNMENT((#18246));
#18246 = SURFACE_STYLE_USAGE(.BOTH.,#18247);
#18247 = SURFACE_SIDE_STYLE('',(#18248));
#18248 = SURFACE_STYLE_FILL_AREA(#18249);
#18249 = FILL_AREA_STYLE('',(#18250));
#18250 = FILL_AREA_STYLE_COLOUR('',#17450);
#18251 = OVER_RIDING_STYLED_ITEM('overriding color',(#18252),#4107,
  #18004);
#18252 = PRESENTATION_STYLE_ASSIGNMENT((#18253));
#18253 = SURFACE_STYLE_USAGE(.BOTH.,#18254);
#18254 = SURFACE_SIDE_STYLE('',(#18255));
#18255 = SURFACE_STYLE_FILL_AREA(#18256);
#18256 = FILL_AREA_STYLE('',(#18257));
#18257 = FILL_AREA_STYLE_COLOUR('',#17450);
#18258 = OVER_RIDING_STYLED_ITEM('overriding color',(#18259),#4149,
  #18004);
#18259 = PRESENTATION_STYLE_ASSIGNMENT((#18260));
#18260 = SURFACE_STYLE_USAGE(.BOTH.,#18261);
#18261 = SURFACE_SIDE_STYLE('',(#18262));
#18262 = SURFACE_STYLE_FILL_AREA(#18263);
#18263 = FILL_AREA_STYLE('',(#18264));
#18264 = FILL_AREA_STYLE_COLOUR('',#17450);
#18265 = OVER_RIDING_STYLED_ITEM('overriding color',(#18266),#4173,
  #18004);
#18266 = PRESENTATION_STYLE_ASSIGNMENT((#18267));
#18267 = SURFACE_STYLE_USAGE(.BOTH.,#18268);
#18268 = SURFACE_SIDE_STYLE('',(#18269));
#18269 = SURFACE_STYLE_FILL_AREA(#18270);
#18270 = FILL_AREA_STYLE('',(#18271));
#18271 = FILL_AREA_STYLE_COLOUR('',#17450);
#18272 = OVER_RIDING_STYLED_ITEM('overriding color',(#18273),#4215,
  #18004);
#18273 = PRESENTATION_STYLE_ASSIGNMENT((#18274));
#18274 = SURFACE_STYLE_USAGE(.BOTH.,#18275);
#18275 = SURFACE_SIDE_STYLE('',(#18276));
#18276 = SURFACE_STYLE_FILL_AREA(#18277);
#18277 = FILL_AREA_STYLE('',(#18278));
#18278 = FILL_AREA_STYLE_COLOUR('',#17450);
#18279 = OVER_RIDING_STYLED_ITEM('overriding color',(#18280),#4239,
  #18004);
#18280 = PRESENTATION_STYLE_ASSIGNMENT((#18281));
#18281 = SURFACE_STYLE_USAGE(.BOTH.,#18282);
#18282 = SURFACE_SIDE_STYLE('',(#18283));
#18283 = SURFACE_STYLE_FILL_AREA(#18284);
#18284 = FILL_AREA_STYLE('',(#18285));
#18285 = FILL_AREA_STYLE_COLOUR('',#17450);
#18286 = OVER_RIDING_STYLED_ITEM('overriding color',(#18287),#4281,
  #18004);
#18287 = PRESENTATION_STYLE_ASSIGNMENT((#18288));
#18288 = SURFACE_STYLE_USAGE(.BOTH.,#18289);
#18289 = SURFACE_SIDE_STYLE('',(#18290));
#18290 = SURFACE_STYLE_FILL_AREA(#18291);
#18291 = FILL_AREA_STYLE('',(#18292));
#18292 = FILL_AREA_STYLE_COLOUR('',#17450);
#18293 = OVER_RIDING_STYLED_ITEM('overriding color',(#18294),#4305,
  #18004);
#18294 = PRESENTATION_STYLE_ASSIGNMENT((#18295));
#18295 = SURFACE_STYLE_USAGE(.BOTH.,#18296);
#18296 = SURFACE_SIDE_STYLE('',(#18297));
#18297 = SURFACE_STYLE_FILL_AREA(#18298);
#18298 = FILL_AREA_STYLE('',(#18299));
#18299 = FILL_AREA_STYLE_COLOUR('',#17450);
#18300 = OVER_RIDING_STYLED_ITEM('overriding color',(#18301),#4347,
  #18004);
#18301 = PRESENTATION_STYLE_ASSIGNMENT((#18302));
#18302 = SURFACE_STYLE_USAGE(.BOTH.,#18303);
#18303 = SURFACE_SIDE_STYLE('',(#18304));
#18304 = SURFACE_STYLE_FILL_AREA(#18305);
#18305 = FILL_AREA_STYLE('',(#18306));
#18306 = FILL_AREA_STYLE_COLOUR('',#17450);
#18307 = OVER_RIDING_STYLED_ITEM('overriding color',(#18308),#4371,
  #18004);
#18308 = PRESENTATION_STYLE_ASSIGNMENT((#18309));
#18309 = SURFACE_STYLE_USAGE(.BOTH.,#18310);
#18310 = SURFACE_SIDE_STYLE('',(#18311));
#18311 = SURFACE_STYLE_FILL_AREA(#18312);
#18312 = FILL_AREA_STYLE('',(#18313));
#18313 = FILL_AREA_STYLE_COLOUR('',#17450);
#18314 = OVER_RIDING_STYLED_ITEM('overriding color',(#18315),#4413,
  #18004);
#18315 = PRESENTATION_STYLE_ASSIGNMENT((#18316));
#18316 = SURFACE_STYLE_USAGE(.BOTH.,#18317);
#18317 = SURFACE_SIDE_STYLE('',(#18318));
#18318 = SURFACE_STYLE_FILL_AREA(#18319);
#18319 = FILL_AREA_STYLE('',(#18320));
#18320 = FILL_AREA_STYLE_COLOUR('',#17450);
#18321 = OVER_RIDING_STYLED_ITEM('overriding color',(#18322),#4437,
  #18004);
#18322 = PRESENTATION_STYLE_ASSIGNMENT((#18323));
#18323 = SURFACE_STYLE_USAGE(.BOTH.,#18324);
#18324 = SURFACE_SIDE_STYLE('',(#18325));
#18325 = SURFACE_STYLE_FILL_AREA(#18326);
#18326 = FILL_AREA_STYLE('',(#18327));
#18327 = FILL_AREA_STYLE_COLOUR('',#17450);
#18328 = OVER_RIDING_STYLED_ITEM('overriding color',(#18329),#4479,
  #18004);
#18329 = PRESENTATION_STYLE_ASSIGNMENT((#18330));
#18330 = SURFACE_STYLE_USAGE(.BOTH.,#18331);
#18331 = SURFACE_SIDE_STYLE('',(#18332));
#18332 = SURFACE_STYLE_FILL_AREA(#18333);
#18333 = FILL_AREA_STYLE('',(#18334));
#18334 = FILL_AREA_STYLE_COLOUR('',#17450);
#18335 = OVER_RIDING_STYLED_ITEM('overriding color',(#18336),#4503,
  #18004);
#18336 = PRESENTATION_STYLE_ASSIGNMENT((#18337));
#18337 = SURFACE_STYLE_USAGE(.BOTH.,#18338);
#18338 = SURFACE_SIDE_STYLE('',(#18339));
#18339 = SURFACE_STYLE_FILL_AREA(#18340);
#18340 = FILL_AREA_STYLE('',(#18341));
#18341 = FILL_AREA_STYLE_COLOUR('',#17450);
#18342 = OVER_RIDING_STYLED_ITEM('overriding color',(#18343),#4545,
  #18004);
#18343 = PRESENTATION_STYLE_ASSIGNMENT((#18344));
#18344 = SURFACE_STYLE_USAGE(.BOTH.,#18345);
#18345 = SURFACE_SIDE_STYLE('',(#18346));
#18346 = SURFACE_STYLE_FILL_AREA(#18347);
#18347 = FILL_AREA_STYLE('',(#18348));
#18348 = FILL_AREA_STYLE_COLOUR('',#17450);
#18349 = OVER_RIDING_STYLED_ITEM('overriding color',(#18350),#4569,
  #18004);
#18350 = PRESENTATION_STYLE_ASSIGNMENT((#18351));
#18351 = SURFACE_STYLE_USAGE(.BOTH.,#18352);
#18352 = SURFACE_SIDE_STYLE('',(#18353));
#18353 = SURFACE_STYLE_FILL_AREA(#18354);
#18354 = FILL_AREA_STYLE('',(#18355));
#18355 = FILL_AREA_STYLE_COLOUR('',#17450);
#18356 = OVER_RIDING_STYLED_ITEM('overriding color',(#18357),#4611,
  #18004);
#18357 = PRESENTATION_STYLE_ASSIGNMENT((#18358));
#18358 = SURFACE_STYLE_USAGE(.BOTH.,#18359);
#18359 = SURFACE_SIDE_STYLE('',(#18360));
#18360 = SURFACE_STYLE_FILL_AREA(#18361);
#18361 = FILL_AREA_STYLE('',(#18362));
#18362 = FILL_AREA_STYLE_COLOUR('',#17450);
#18363 = OVER_RIDING_STYLED_ITEM('overriding color',(#18364),#4635,
  #18004);
#18364 = PRESENTATION_STYLE_ASSIGNMENT((#18365));
#18365 = SURFACE_STYLE_USAGE(.BOTH.,#18366);
#18366 = SURFACE_SIDE_STYLE('',(#18367));
#18367 = SURFACE_STYLE_FILL_AREA(#18368);
#18368 = FILL_AREA_STYLE('',(#18369));
#18369 = FILL_AREA_STYLE_COLOUR('',#17450);
#18370 = OVER_RIDING_STYLED_ITEM('overriding color',(#18371),#4677,
  #18004);
#18371 = PRESENTATION_STYLE_ASSIGNMENT((#18372));
#18372 = SURFACE_STYLE_USAGE(.BOTH.,#18373);
#18373 = SURFACE_SIDE_STYLE('',(#18374));
#18374 = SURFACE_STYLE_FILL_AREA(#18375);
#18375 = FILL_AREA_STYLE('',(#18376));
#18376 = FILL_AREA_STYLE_COLOUR('',#17450);
#18377 = OVER_RIDING_STYLED_ITEM('overriding color',(#18378),#4701,
  #18004);
#18378 = PRESENTATION_STYLE_ASSIGNMENT((#18379));
#18379 = SURFACE_STYLE_USAGE(.BOTH.,#18380);
#18380 = SURFACE_SIDE_STYLE('',(#18381));
#18381 = SURFACE_STYLE_FILL_AREA(#18382);
#18382 = FILL_AREA_STYLE('',(#18383));
#18383 = FILL_AREA_STYLE_COLOUR('',#17450);
#18384 = OVER_RIDING_STYLED_ITEM('overriding color',(#18385),#4743,
  #18004);
#18385 = PRESENTATION_STYLE_ASSIGNMENT((#18386));
#18386 = SURFACE_STYLE_USAGE(.BOTH.,#18387);
#18387 = SURFACE_SIDE_STYLE('',(#18388));
#18388 = SURFACE_STYLE_FILL_AREA(#18389);
#18389 = FILL_AREA_STYLE('',(#18390));
#18390 = FILL_AREA_STYLE_COLOUR('',#17450);
#18391 = OVER_RIDING_STYLED_ITEM('overriding color',(#18392),#4767,
  #18004);
#18392 = PRESENTATION_STYLE_ASSIGNMENT((#18393));
#18393 = SURFACE_STYLE_USAGE(.BOTH.,#18394);
#18394 = SURFACE_SIDE_STYLE('',(#18395));
#18395 = SURFACE_STYLE_FILL_AREA(#18396);
#18396 = FILL_AREA_STYLE('',(#18397));
#18397 = FILL_AREA_STYLE_COLOUR('',#17450);
#18398 = OVER_RIDING_STYLED_ITEM('overriding color',(#18399),#4809,
  #18004);
#18399 = PRESENTATION_STYLE_ASSIGNMENT((#18400));
#18400 = SURFACE_STYLE_USAGE(.BOTH.,#18401);
#18401 = SURFACE_SIDE_STYLE('',(#18402));
#18402 = SURFACE_STYLE_FILL_AREA(#18403);
#18403 = FILL_AREA_STYLE('',(#18404));
#18404 = FILL_AREA_STYLE_COLOUR('',#17450);
#18405 = OVER_RIDING_STYLED_ITEM('overriding color',(#18406),#4833,
  #18004);
#18406 = PRESENTATION_STYLE_ASSIGNMENT((#18407));
#18407 = SURFACE_STYLE_USAGE(.BOTH.,#18408);
#18408 = SURFACE_SIDE_STYLE('',(#18409));
#18409 = SURFACE_STYLE_FILL_AREA(#18410);
#18410 = FILL_AREA_STYLE('',(#18411));
#18411 = FILL_AREA_STYLE_COLOUR('',#17450);
#18412 = OVER_RIDING_STYLED_ITEM('overriding color',(#18413),#4875,
  #18004);
#18413 = PRESENTATION_STYLE_ASSIGNMENT((#18414));
#18414 = SURFACE_STYLE_USAGE(.BOTH.,#18415);
#18415 = SURFACE_SIDE_STYLE('',(#18416));
#18416 = SURFACE_STYLE_FILL_AREA(#18417);
#18417 = FILL_AREA_STYLE('',(#18418));
#18418 = FILL_AREA_STYLE_COLOUR('',#17450);
#18419 = OVER_RIDING_STYLED_ITEM('overriding color',(#18420),#4899,
  #18004);
#18420 = PRESENTATION_STYLE_ASSIGNMENT((#18421));
#18421 = SURFACE_STYLE_USAGE(.BOTH.,#18422);
#18422 = SURFACE_SIDE_STYLE('',(#18423));
#18423 = SURFACE_STYLE_FILL_AREA(#18424);
#18424 = FILL_AREA_STYLE('',(#18425));
#18425 = FILL_AREA_STYLE_COLOUR('',#17450);
#18426 = OVER_RIDING_STYLED_ITEM('overriding color',(#18427),#4941,
  #18004);
#18427 = PRESENTATION_STYLE_ASSIGNMENT((#18428));
#18428 = SURFACE_STYLE_USAGE(.BOTH.,#18429);
#18429 = SURFACE_SIDE_STYLE('',(#18430));
#18430 = SURFACE_STYLE_FILL_AREA(#18431);
#18431 = FILL_AREA_STYLE('',(#18432));
#18432 = FILL_AREA_STYLE_COLOUR('',#17450);
#18433 = OVER_RIDING_STYLED_ITEM('overriding color',(#18434),#4965,
  #18004);
#18434 = PRESENTATION_STYLE_ASSIGNMENT((#18435));
#18435 = SURFACE_STYLE_USAGE(.BOTH.,#18436);
#18436 = SURFACE_SIDE_STYLE('',(#18437));
#18437 = SURFACE_STYLE_FILL_AREA(#18438);
#18438 = FILL_AREA_STYLE('',(#18439));
#18439 = FILL_AREA_STYLE_COLOUR('',#17450);
#18440 = OVER_RIDING_STYLED_ITEM('overriding color',(#18441),#5007,
  #18004);
#18441 = PRESENTATION_STYLE_ASSIGNMENT((#18442));
#18442 = SURFACE_STYLE_USAGE(.BOTH.,#18443);
#18443 = SURFACE_SIDE_STYLE('',(#18444));
#18444 = SURFACE_STYLE_FILL_AREA(#18445);
#18445 = FILL_AREA_STYLE('',(#18446));
#18446 = FILL_AREA_STYLE_COLOUR('',#17450);
#18447 = OVER_RIDING_STYLED_ITEM('overriding color',(#18448),#5031,
  #18004);
#18448 = PRESENTATION_STYLE_ASSIGNMENT((#18449));
#18449 = SURFACE_STYLE_USAGE(.BOTH.,#18450);
#18450 = SURFACE_SIDE_STYLE('',(#18451));
#18451 = SURFACE_STYLE_FILL_AREA(#18452);
#18452 = FILL_AREA_STYLE('',(#18453));
#18453 = FILL_AREA_STYLE_COLOUR('',#17450);
#18454 = OVER_RIDING_STYLED_ITEM('overriding color',(#18455),#5073,
  #18004);
#18455 = PRESENTATION_STYLE_ASSIGNMENT((#18456));
#18456 = SURFACE_STYLE_USAGE(.BOTH.,#18457);
#18457 = SURFACE_SIDE_STYLE('',(#18458));
#18458 = SURFACE_STYLE_FILL_AREA(#18459);
#18459 = FILL_AREA_STYLE('',(#18460));
#18460 = FILL_AREA_STYLE_COLOUR('',#17450);
#18461 = OVER_RIDING_STYLED_ITEM('overriding color',(#18462),#5097,
  #18004);
#18462 = PRESENTATION_STYLE_ASSIGNMENT((#18463));
#18463 = SURFACE_STYLE_USAGE(.BOTH.,#18464);
#18464 = SURFACE_SIDE_STYLE('',(#18465));
#18465 = SURFACE_STYLE_FILL_AREA(#18466);
#18466 = FILL_AREA_STYLE('',(#18467));
#18467 = FILL_AREA_STYLE_COLOUR('',#17450);
#18468 = OVER_RIDING_STYLED_ITEM('overriding color',(#18469),#5139,
  #18004);
#18469 = PRESENTATION_STYLE_ASSIGNMENT((#18470));
#18470 = SURFACE_STYLE_USAGE(.BOTH.,#18471);
#18471 = SURFACE_SIDE_STYLE('',(#18472));
#18472 = SURFACE_STYLE_FILL_AREA(#18473);
#18473 = FILL_AREA_STYLE('',(#18474));
#18474 = FILL_AREA_STYLE_COLOUR('',#17450);
#18475 = OVER_RIDING_STYLED_ITEM('overriding color',(#18476),#5163,
  #18004);
#18476 = PRESENTATION_STYLE_ASSIGNMENT((#18477));
#18477 = SURFACE_STYLE_USAGE(.BOTH.,#18478);
#18478 = SURFACE_SIDE_STYLE('',(#18479));
#18479 = SURFACE_STYLE_FILL_AREA(#18480);
#18480 = FILL_AREA_STYLE('',(#18481));
#18481 = FILL_AREA_STYLE_COLOUR('',#17450);
#18482 = OVER_RIDING_STYLED_ITEM('overriding color',(#18483),#5205,
  #18004);
#18483 = PRESENTATION_STYLE_ASSIGNMENT((#18484));
#18484 = SURFACE_STYLE_USAGE(.BOTH.,#18485);
#18485 = SURFACE_SIDE_STYLE('',(#18486));
#18486 = SURFACE_STYLE_FILL_AREA(#18487);
#18487 = FILL_AREA_STYLE('',(#18488));
#18488 = FILL_AREA_STYLE_COLOUR('',#17450);
#18489 = OVER_RIDING_STYLED_ITEM('overriding color',(#18490),#5229,
  #18004);
#18490 = PRESENTATION_STYLE_ASSIGNMENT((#18491));
#18491 = SURFACE_STYLE_USAGE(.BOTH.,#18492);
#18492 = SURFACE_SIDE_STYLE('',(#18493));
#18493 = SURFACE_STYLE_FILL_AREA(#18494);
#18494 = FILL_AREA_STYLE('',(#18495));
#18495 = FILL_AREA_STYLE_COLOUR('',#17450);
#18496 = OVER_RIDING_STYLED_ITEM('overriding color',(#18497),#5271,
  #18004);
#18497 = PRESENTATION_STYLE_ASSIGNMENT((#18498));
#18498 = SURFACE_STYLE_USAGE(.BOTH.,#18499);
#18499 = SURFACE_SIDE_STYLE('',(#18500));
#18500 = SURFACE_STYLE_FILL_AREA(#18501);
#18501 = FILL_AREA_STYLE('',(#18502));
#18502 = FILL_AREA_STYLE_COLOUR('',#17450);
#18503 = OVER_RIDING_STYLED_ITEM('overriding color',(#18504),#5295,
  #18004);
#18504 = PRESENTATION_STYLE_ASSIGNMENT((#18505));
#18505 = SURFACE_STYLE_USAGE(.BOTH.,#18506);
#18506 = SURFACE_SIDE_STYLE('',(#18507));
#18507 = SURFACE_STYLE_FILL_AREA(#18508);
#18508 = FILL_AREA_STYLE('',(#18509));
#18509 = FILL_AREA_STYLE_COLOUR('',#17450);
#18510 = OVER_RIDING_STYLED_ITEM('overriding color',(#18511),#5337,
  #18004);
#18511 = PRESENTATION_STYLE_ASSIGNMENT((#18512));
#18512 = SURFACE_STYLE_USAGE(.BOTH.,#18513);
#18513 = SURFACE_SIDE_STYLE('',(#18514));
#18514 = SURFACE_STYLE_FILL_AREA(#18515);
#18515 = FILL_AREA_STYLE('',(#18516));
#18516 = FILL_AREA_STYLE_COLOUR('',#17450);
#18517 = OVER_RIDING_STYLED_ITEM('overriding color',(#18518),#5361,
  #18004);
#18518 = PRESENTATION_STYLE_ASSIGNMENT((#18519));
#18519 = SURFACE_STYLE_USAGE(.BOTH.,#18520);
#18520 = SURFACE_SIDE_STYLE('',(#18521));
#18521 = SURFACE_STYLE_FILL_AREA(#18522);
#18522 = FILL_AREA_STYLE('',(#18523));
#18523 = FILL_AREA_STYLE_COLOUR('',#17450);
#18524 = OVER_RIDING_STYLED_ITEM('overriding color',(#18525),#5403,
  #18004);
#18525 = PRESENTATION_STYLE_ASSIGNMENT((#18526));
#18526 = SURFACE_STYLE_USAGE(.BOTH.,#18527);
#18527 = SURFACE_SIDE_STYLE('',(#18528));
#18528 = SURFACE_STYLE_FILL_AREA(#18529);
#18529 = FILL_AREA_STYLE('',(#18530));
#18530 = FILL_AREA_STYLE_COLOUR('',#17450);
#18531 = OVER_RIDING_STYLED_ITEM('overriding color',(#18532),#5427,
  #18004);
#18532 = PRESENTATION_STYLE_ASSIGNMENT((#18533));
#18533 = SURFACE_STYLE_USAGE(.BOTH.,#18534);
#18534 = SURFACE_SIDE_STYLE('',(#18535));
#18535 = SURFACE_STYLE_FILL_AREA(#18536);
#18536 = FILL_AREA_STYLE('',(#18537));
#18537 = FILL_AREA_STYLE_COLOUR('',#17450);
#18538 = OVER_RIDING_STYLED_ITEM('overriding color',(#18539),#5469,
  #18004);
#18539 = PRESENTATION_STYLE_ASSIGNMENT((#18540));
#18540 = SURFACE_STYLE_USAGE(.BOTH.,#18541);
#18541 = SURFACE_SIDE_STYLE('',(#18542));
#18542 = SURFACE_STYLE_FILL_AREA(#18543);
#18543 = FILL_AREA_STYLE('',(#18544));
#18544 = FILL_AREA_STYLE_COLOUR('',#17450);
#18545 = OVER_RIDING_STYLED_ITEM('overriding color',(#18546),#5493,
  #18004);
#18546 = PRESENTATION_STYLE_ASSIGNMENT((#18547));
#18547 = SURFACE_STYLE_USAGE(.BOTH.,#18548);
#18548 = SURFACE_SIDE_STYLE('',(#18549));
#18549 = SURFACE_STYLE_FILL_AREA(#18550);
#18550 = FILL_AREA_STYLE('',(#18551));
#18551 = FILL_AREA_STYLE_COLOUR('',#17450);
#18552 = OVER_RIDING_STYLED_ITEM('overriding color',(#18553),#5535,
  #18004);
#18553 = PRESENTATION_STYLE_ASSIGNMENT((#18554));
#18554 = SURFACE_STYLE_USAGE(.BOTH.,#18555);
#18555 = SURFACE_SIDE_STYLE('',(#18556));
#18556 = SURFACE_STYLE_FILL_AREA(#18557);
#18557 = FILL_AREA_STYLE('',(#18558));
#18558 = FILL_AREA_STYLE_COLOUR('',#17450);
#18559 = OVER_RIDING_STYLED_ITEM('overriding color',(#18560),#5559,
  #18004);
#18560 = PRESENTATION_STYLE_ASSIGNMENT((#18561));
#18561 = SURFACE_STYLE_USAGE(.BOTH.,#18562);
#18562 = SURFACE_SIDE_STYLE('',(#18563));
#18563 = SURFACE_STYLE_FILL_AREA(#18564);
#18564 = FILL_AREA_STYLE('',(#18565));
#18565 = FILL_AREA_STYLE_COLOUR('',#17450);
#18566 = OVER_RIDING_STYLED_ITEM('overriding color',(#18567),#5601,
  #18004);
#18567 = PRESENTATION_STYLE_ASSIGNMENT((#18568));
#18568 = SURFACE_STYLE_USAGE(.BOTH.,#18569);
#18569 = SURFACE_SIDE_STYLE('',(#18570));
#18570 = SURFACE_STYLE_FILL_AREA(#18571);
#18571 = FILL_AREA_STYLE('',(#18572));
#18572 = FILL_AREA_STYLE_COLOUR('',#17450);
#18573 = OVER_RIDING_STYLED_ITEM('overriding color',(#18574),#5625,
  #18004);
#18574 = PRESENTATION_STYLE_ASSIGNMENT((#18575));
#18575 = SURFACE_STYLE_USAGE(.BOTH.,#18576);
#18576 = SURFACE_SIDE_STYLE('',(#18577));
#18577 = SURFACE_STYLE_FILL_AREA(#18578);
#18578 = FILL_AREA_STYLE('',(#18579));
#18579 = FILL_AREA_STYLE_COLOUR('',#17450);
#18580 = OVER_RIDING_STYLED_ITEM('overriding color',(#18581),#5667,
  #18004);
#18581 = PRESENTATION_STYLE_ASSIGNMENT((#18582));
#18582 = SURFACE_STYLE_USAGE(.BOTH.,#18583);
#18583 = SURFACE_SIDE_STYLE('',(#18584));
#18584 = SURFACE_STYLE_FILL_AREA(#18585);
#18585 = FILL_AREA_STYLE('',(#18586));
#18586 = FILL_AREA_STYLE_COLOUR('',#17450);
#18587 = OVER_RIDING_STYLED_ITEM('overriding color',(#18588),#5691,
  #18004);
#18588 = PRESENTATION_STYLE_ASSIGNMENT((#18589));
#18589 = SURFACE_STYLE_USAGE(.BOTH.,#18590);
#18590 = SURFACE_SIDE_STYLE('',(#18591));
#18591 = SURFACE_STYLE_FILL_AREA(#18592);
#18592 = FILL_AREA_STYLE('',(#18593));
#18593 = FILL_AREA_STYLE_COLOUR('',#17450);
#18594 = OVER_RIDING_STYLED_ITEM('overriding color',(#18595),#5733,
  #18004);
#18595 = PRESENTATION_STYLE_ASSIGNMENT((#18596));
#18596 = SURFACE_STYLE_USAGE(.BOTH.,#18597);
#18597 = SURFACE_SIDE_STYLE('',(#18598));
#18598 = SURFACE_STYLE_FILL_AREA(#18599);
#18599 = FILL_AREA_STYLE('',(#18600));
#18600 = FILL_AREA_STYLE_COLOUR('',#17450);
#18601 = OVER_RIDING_STYLED_ITEM('overriding color',(#18602),#5757,
  #18004);
#18602 = PRESENTATION_STYLE_ASSIGNMENT((#18603));
#18603 = SURFACE_STYLE_USAGE(.BOTH.,#18604);
#18604 = SURFACE_SIDE_STYLE('',(#18605));
#18605 = SURFACE_STYLE_FILL_AREA(#18606);
#18606 = FILL_AREA_STYLE('',(#18607));
#18607 = FILL_AREA_STYLE_COLOUR('',#17450);
#18608 = OVER_RIDING_STYLED_ITEM('overriding color',(#18609),#5799,
  #18004);
#18609 = PRESENTATION_STYLE_ASSIGNMENT((#18610));
#18610 = SURFACE_STYLE_USAGE(.BOTH.,#18611);
#18611 = SURFACE_SIDE_STYLE('',(#18612));
#18612 = SURFACE_STYLE_FILL_AREA(#18613);
#18613 = FILL_AREA_STYLE('',(#18614));
#18614 = FILL_AREA_STYLE_COLOUR('',#17450);
#18615 = OVER_RIDING_STYLED_ITEM('overriding color',(#18616),#5823,
  #18004);
#18616 = PRESENTATION_STYLE_ASSIGNMENT((#18617));
#18617 = SURFACE_STYLE_USAGE(.BOTH.,#18618);
#18618 = SURFACE_SIDE_STYLE('',(#18619));
#18619 = SURFACE_STYLE_FILL_AREA(#18620);
#18620 = FILL_AREA_STYLE('',(#18621));
#18621 = FILL_AREA_STYLE_COLOUR('',#17450);
#18622 = OVER_RIDING_STYLED_ITEM('overriding color',(#18623),#5865,
  #18004);
#18623 = PRESENTATION_STYLE_ASSIGNMENT((#18624));
#18624 = SURFACE_STYLE_USAGE(.BOTH.,#18625);
#18625 = SURFACE_SIDE_STYLE('',(#18626));
#18626 = SURFACE_STYLE_FILL_AREA(#18627);
#18627 = FILL_AREA_STYLE('',(#18628));
#18628 = FILL_AREA_STYLE_COLOUR('',#17450);
#18629 = OVER_RIDING_STYLED_ITEM('overriding color',(#18630),#5889,
  #18004);
#18630 = PRESENTATION_STYLE_ASSIGNMENT((#18631));
#18631 = SURFACE_STYLE_USAGE(.BOTH.,#18632);
#18632 = SURFACE_SIDE_STYLE('',(#18633));
#18633 = SURFACE_STYLE_FILL_AREA(#18634);
#18634 = FILL_AREA_STYLE('',(#18635));
#18635 = FILL_AREA_STYLE_COLOUR('',#17450);
#18636 = OVER_RIDING_STYLED_ITEM('overriding color',(#18637),#5931,
  #18004);
#18637 = PRESENTATION_STYLE_ASSIGNMENT((#18638));
#18638 = SURFACE_STYLE_USAGE(.BOTH.,#18639);
#18639 = SURFACE_SIDE_STYLE('',(#18640));
#18640 = SURFACE_STYLE_FILL_AREA(#18641);
#18641 = FILL_AREA_STYLE('',(#18642));
#18642 = FILL_AREA_STYLE_COLOUR('',#17450);
#18643 = OVER_RIDING_STYLED_ITEM('overriding color',(#18644),#5955,
  #18004);
#18644 = PRESENTATION_STYLE_ASSIGNMENT((#18645));
#18645 = SURFACE_STYLE_USAGE(.BOTH.,#18646);
#18646 = SURFACE_SIDE_STYLE('',(#18647));
#18647 = SURFACE_STYLE_FILL_AREA(#18648);
#18648 = FILL_AREA_STYLE('',(#18649));
#18649 = FILL_AREA_STYLE_COLOUR('',#17450);
#18650 = OVER_RIDING_STYLED_ITEM('overriding color',(#18651),#5997,
  #18004);
#18651 = PRESENTATION_STYLE_ASSIGNMENT((#18652));
#18652 = SURFACE_STYLE_USAGE(.BOTH.,#18653);
#18653 = SURFACE_SIDE_STYLE('',(#18654));
#18654 = SURFACE_STYLE_FILL_AREA(#18655);
#18655 = FILL_AREA_STYLE('',(#18656));
#18656 = FILL_AREA_STYLE_COLOUR('',#17450);
#18657 = OVER_RIDING_STYLED_ITEM('overriding color',(#18658),#6021,
  #18004);
#18658 = PRESENTATION_STYLE_ASSIGNMENT((#18659));
#18659 = SURFACE_STYLE_USAGE(.BOTH.,#18660);
#18660 = SURFACE_SIDE_STYLE('',(#18661));
#18661 = SURFACE_STYLE_FILL_AREA(#18662);
#18662 = FILL_AREA_STYLE('',(#18663));
#18663 = FILL_AREA_STYLE_COLOUR('',#17450);
#18664 = OVER_RIDING_STYLED_ITEM('overriding color',(#18665),#6063,
  #18004);
#18665 = PRESENTATION_STYLE_ASSIGNMENT((#18666));
#18666 = SURFACE_STYLE_USAGE(.BOTH.,#18667);
#18667 = SURFACE_SIDE_STYLE('',(#18668));
#18668 = SURFACE_STYLE_FILL_AREA(#18669);
#18669 = FILL_AREA_STYLE('',(#18670));
#18670 = FILL_AREA_STYLE_COLOUR('',#17450);
#18671 = OVER_RIDING_STYLED_ITEM('overriding color',(#18672),#6087,
  #18004);
#18672 = PRESENTATION_STYLE_ASSIGNMENT((#18673));
#18673 = SURFACE_STYLE_USAGE(.BOTH.,#18674);
#18674 = SURFACE_SIDE_STYLE('',(#18675));
#18675 = SURFACE_STYLE_FILL_AREA(#18676);
#18676 = FILL_AREA_STYLE('',(#18677));
#18677 = FILL_AREA_STYLE_COLOUR('',#17450);
#18678 = OVER_RIDING_STYLED_ITEM('overriding color',(#18679),#6129,
  #18004);
#18679 = PRESENTATION_STYLE_ASSIGNMENT((#18680));
#18680 = SURFACE_STYLE_USAGE(.BOTH.,#18681);
#18681 = SURFACE_SIDE_STYLE('',(#18682));
#18682 = SURFACE_STYLE_FILL_AREA(#18683);
#18683 = FILL_AREA_STYLE('',(#18684));
#18684 = FILL_AREA_STYLE_COLOUR('',#17450);
#18685 = OVER_RIDING_STYLED_ITEM('overriding color',(#18686),#6153,
  #18004);
#18686 = PRESENTATION_STYLE_ASSIGNMENT((#18687));
#18687 = SURFACE_STYLE_USAGE(.BOTH.,#18688);
#18688 = SURFACE_SIDE_STYLE('',(#18689));
#18689 = SURFACE_STYLE_FILL_AREA(#18690);
#18690 = FILL_AREA_STYLE('',(#18691));
#18691 = FILL_AREA_STYLE_COLOUR('',#17450);
#18692 = OVER_RIDING_STYLED_ITEM('overriding color',(#18693),#6195,
  #18004);
#18693 = PRESENTATION_STYLE_ASSIGNMENT((#18694));
#18694 = SURFACE_STYLE_USAGE(.BOTH.,#18695);
#18695 = SURFACE_SIDE_STYLE('',(#18696));
#18696 = SURFACE_STYLE_FILL_AREA(#18697);
#18697 = FILL_AREA_STYLE('',(#18698));
#18698 = FILL_AREA_STYLE_COLOUR('',#17450);
#18699 = OVER_RIDING_STYLED_ITEM('overriding color',(#18700),#6219,
  #18004);
#18700 = PRESENTATION_STYLE_ASSIGNMENT((#18701));
#18701 = SURFACE_STYLE_USAGE(.BOTH.,#18702);
#18702 = SURFACE_SIDE_STYLE('',(#18703));
#18703 = SURFACE_STYLE_FILL_AREA(#18704);
#18704 = FILL_AREA_STYLE('',(#18705));
#18705 = FILL_AREA_STYLE_COLOUR('',#17450);
#18706 = OVER_RIDING_STYLED_ITEM('overriding color',(#18707),#6261,
  #18004);
#18707 = PRESENTATION_STYLE_ASSIGNMENT((#18708));
#18708 = SURFACE_STYLE_USAGE(.BOTH.,#18709);
#18709 = SURFACE_SIDE_STYLE('',(#18710));
#18710 = SURFACE_STYLE_FILL_AREA(#18711);
#18711 = FILL_AREA_STYLE('',(#18712));
#18712 = FILL_AREA_STYLE_COLOUR('',#17450);
#18713 = OVER_RIDING_STYLED_ITEM('overriding color',(#18714),#6285,
  #18004);
#18714 = PRESENTATION_STYLE_ASSIGNMENT((#18715));
#18715 = SURFACE_STYLE_USAGE(.BOTH.,#18716);
#18716 = SURFACE_SIDE_STYLE('',(#18717));
#18717 = SURFACE_STYLE_FILL_AREA(#18718);
#18718 = FILL_AREA_STYLE('',(#18719));
#18719 = FILL_AREA_STYLE_COLOUR('',#17450);
#18720 = OVER_RIDING_STYLED_ITEM('overriding color',(#18721),#6327,
  #18004);
#18721 = PRESENTATION_STYLE_ASSIGNMENT((#18722));
#18722 = SURFACE_STYLE_USAGE(.BOTH.,#18723);
#18723 = SURFACE_SIDE_STYLE('',(#18724));
#18724 = SURFACE_STYLE_FILL_AREA(#18725);
#18725 = FILL_AREA_STYLE('',(#18726));
#18726 = FILL_AREA_STYLE_COLOUR('',#17450);
#18727 = OVER_RIDING_STYLED_ITEM('overriding color',(#18728),#6351,
  #18004);
#18728 = PRESENTATION_STYLE_ASSIGNMENT((#18729));
#18729 = SURFACE_STYLE_USAGE(.BOTH.,#18730);
#18730 = SURFACE_SIDE_STYLE('',(#18731));
#18731 = SURFACE_STYLE_FILL_AREA(#18732);
#18732 = FILL_AREA_STYLE('',(#18733));
#18733 = FILL_AREA_STYLE_COLOUR('',#17450);
#18734 = OVER_RIDING_STYLED_ITEM('overriding color',(#18735),#6393,
  #18004);
#18735 = PRESENTATION_STYLE_ASSIGNMENT((#18736));
#18736 = SURFACE_STYLE_USAGE(.BOTH.,#18737);
#18737 = SURFACE_SIDE_STYLE('',(#18738));
#18738 = SURFACE_STYLE_FILL_AREA(#18739);
#18739 = FILL_AREA_STYLE('',(#18740));
#18740 = FILL_AREA_STYLE_COLOUR('',#17450);
#18741 = OVER_RIDING_STYLED_ITEM('overriding color',(#18742),#6417,
  #18004);
#18742 = PRESENTATION_STYLE_ASSIGNMENT((#18743));
#18743 = SURFACE_STYLE_USAGE(.BOTH.,#18744);
#18744 = SURFACE_SIDE_STYLE('',(#18745));
#18745 = SURFACE_STYLE_FILL_AREA(#18746);
#18746 = FILL_AREA_STYLE('',(#18747));
#18747 = FILL_AREA_STYLE_COLOUR('',#17450);
#18748 = OVER_RIDING_STYLED_ITEM('overriding color',(#18749),#6459,
  #18004);
#18749 = PRESENTATION_STYLE_ASSIGNMENT((#18750));
#18750 = SURFACE_STYLE_USAGE(.BOTH.,#18751);
#18751 = SURFACE_SIDE_STYLE('',(#18752));
#18752 = SURFACE_STYLE_FILL_AREA(#18753);
#18753 = FILL_AREA_STYLE('',(#18754));
#18754 = FILL_AREA_STYLE_COLOUR('',#17450);
#18755 = OVER_RIDING_STYLED_ITEM('overriding color',(#18756),#6483,
  #18004);
#18756 = PRESENTATION_STYLE_ASSIGNMENT((#18757));
#18757 = SURFACE_STYLE_USAGE(.BOTH.,#18758);
#18758 = SURFACE_SIDE_STYLE('',(#18759));
#18759 = SURFACE_STYLE_FILL_AREA(#18760);
#18760 = FILL_AREA_STYLE('',(#18761));
#18761 = FILL_AREA_STYLE_COLOUR('',#17450);
#18762 = OVER_RIDING_STYLED_ITEM('overriding color',(#18763),#6525,
  #18004);
#18763 = PRESENTATION_STYLE_ASSIGNMENT((#18764));
#18764 = SURFACE_STYLE_USAGE(.BOTH.,#18765);
#18765 = SURFACE_SIDE_STYLE('',(#18766));
#18766 = SURFACE_STYLE_FILL_AREA(#18767);
#18767 = FILL_AREA_STYLE('',(#18768));
#18768 = FILL_AREA_STYLE_COLOUR('',#17450);
#18769 = OVER_RIDING_STYLED_ITEM('overriding color',(#18770),#6549,
  #18004);
#18770 = PRESENTATION_STYLE_ASSIGNMENT((#18771));
#18771 = SURFACE_STYLE_USAGE(.BOTH.,#18772);
#18772 = SURFACE_SIDE_STYLE('',(#18773));
#18773 = SURFACE_STYLE_FILL_AREA(#18774);
#18774 = FILL_AREA_STYLE('',(#18775));
#18775 = FILL_AREA_STYLE_COLOUR('',#17450);
#18776 = OVER_RIDING_STYLED_ITEM('overriding color',(#18777),#6591,
  #18004);
#18777 = PRESENTATION_STYLE_ASSIGNMENT((#18778));
#18778 = SURFACE_STYLE_USAGE(.BOTH.,#18779);
#18779 = SURFACE_SIDE_STYLE('',(#18780));
#18780 = SURFACE_STYLE_FILL_AREA(#18781);
#18781 = FILL_AREA_STYLE('',(#18782));
#18782 = FILL_AREA_STYLE_COLOUR('',#17450);
#18783 = OVER_RIDING_STYLED_ITEM('overriding color',(#18784),#6615,
  #18004);
#18784 = PRESENTATION_STYLE_ASSIGNMENT((#18785));
#18785 = SURFACE_STYLE_USAGE(.BOTH.,#18786);
#18786 = SURFACE_SIDE_STYLE('',(#18787));
#18787 = SURFACE_STYLE_FILL_AREA(#18788);
#18788 = FILL_AREA_STYLE('',(#18789));
#18789 = FILL_AREA_STYLE_COLOUR('',#17450);
#18790 = OVER_RIDING_STYLED_ITEM('overriding color',(#18791),#6657,
  #18004);
#18791 = PRESENTATION_STYLE_ASSIGNMENT((#18792));
#18792 = SURFACE_STYLE_USAGE(.BOTH.,#18793);
#18793 = SURFACE_SIDE_STYLE('',(#18794));
#18794 = SURFACE_STYLE_FILL_AREA(#18795);
#18795 = FILL_AREA_STYLE('',(#18796));
#18796 = FILL_AREA_STYLE_COLOUR('',#17450);
#18797 = OVER_RIDING_STYLED_ITEM('overriding color',(#18798),#6681,
  #18004);
#18798 = PRESENTATION_STYLE_ASSIGNMENT((#18799));
#18799 = SURFACE_STYLE_USAGE(.BOTH.,#18800);
#18800 = SURFACE_SIDE_STYLE('',(#18801));
#18801 = SURFACE_STYLE_FILL_AREA(#18802);
#18802 = FILL_AREA_STYLE('',(#18803));
#18803 = FILL_AREA_STYLE_COLOUR('',#17450);
#18804 = OVER_RIDING_STYLED_ITEM('overriding color',(#18805),#6723,
  #18004);
#18805 = PRESENTATION_STYLE_ASSIGNMENT((#18806));
#18806 = SURFACE_STYLE_USAGE(.BOTH.,#18807);
#18807 = SURFACE_SIDE_STYLE('',(#18808));
#18808 = SURFACE_STYLE_FILL_AREA(#18809);
#18809 = FILL_AREA_STYLE('',(#18810));
#18810 = FILL_AREA_STYLE_COLOUR('',#17450);
#18811 = OVER_RIDING_STYLED_ITEM('overriding color',(#18812),#6747,
  #18004);
#18812 = PRESENTATION_STYLE_ASSIGNMENT((#18813));
#18813 = SURFACE_STYLE_USAGE(.BOTH.,#18814);
#18814 = SURFACE_SIDE_STYLE('',(#18815));
#18815 = SURFACE_STYLE_FILL_AREA(#18816);
#18816 = FILL_AREA_STYLE('',(#18817));
#18817 = FILL_AREA_STYLE_COLOUR('',#17450);
#18818 = OVER_RIDING_STYLED_ITEM('overriding color',(#18819),#6789,
  #18004);
#18819 = PRESENTATION_STYLE_ASSIGNMENT((#18820));
#18820 = SURFACE_STYLE_USAGE(.BOTH.,#18821);
#18821 = SURFACE_SIDE_STYLE('',(#18822));
#18822 = SURFACE_STYLE_FILL_AREA(#18823);
#18823 = FILL_AREA_STYLE('',(#18824));
#18824 = FILL_AREA_STYLE_COLOUR('',#17450);
#18825 = OVER_RIDING_STYLED_ITEM('overriding color',(#18826),#6813,
  #18004);
#18826 = PRESENTATION_STYLE_ASSIGNMENT((#18827));
#18827 = SURFACE_STYLE_USAGE(.BOTH.,#18828);
#18828 = SURFACE_SIDE_STYLE('',(#18829));
#18829 = SURFACE_STYLE_FILL_AREA(#18830);
#18830 = FILL_AREA_STYLE('',(#18831));
#18831 = FILL_AREA_STYLE_COLOUR('',#17450);
#18832 = OVER_RIDING_STYLED_ITEM('overriding color',(#18833),#6855,
  #18004);
#18833 = PRESENTATION_STYLE_ASSIGNMENT((#18834));
#18834 = SURFACE_STYLE_USAGE(.BOTH.,#18835);
#18835 = SURFACE_SIDE_STYLE('',(#18836));
#18836 = SURFACE_STYLE_FILL_AREA(#18837);
#18837 = FILL_AREA_STYLE('',(#18838));
#18838 = FILL_AREA_STYLE_COLOUR('',#17450);
#18839 = OVER_RIDING_STYLED_ITEM('overriding color',(#18840),#6879,
  #18004);
#18840 = PRESENTATION_STYLE_ASSIGNMENT((#18841));
#18841 = SURFACE_STYLE_USAGE(.BOTH.,#18842);
#18842 = SURFACE_SIDE_STYLE('',(#18843));
#18843 = SURFACE_STYLE_FILL_AREA(#18844);
#18844 = FILL_AREA_STYLE('',(#18845));
#18845 = FILL_AREA_STYLE_COLOUR('',#17450);
#18846 = OVER_RIDING_STYLED_ITEM('overriding color',(#18847),#6921,
  #18004);
#18847 = PRESENTATION_STYLE_ASSIGNMENT((#18848));
#18848 = SURFACE_STYLE_USAGE(.BOTH.,#18849);
#18849 = SURFACE_SIDE_STYLE('',(#18850));
#18850 = SURFACE_STYLE_FILL_AREA(#18851);
#18851 = FILL_AREA_STYLE('',(#18852));
#18852 = FILL_AREA_STYLE_COLOUR('',#17450);
#18853 = OVER_RIDING_STYLED_ITEM('overriding color',(#18854),#6945,
  #18004);
#18854 = PRESENTATION_STYLE_ASSIGNMENT((#18855));
#18855 = SURFACE_STYLE_USAGE(.BOTH.,#18856);
#18856 = SURFACE_SIDE_STYLE('',(#18857));
#18857 = SURFACE_STYLE_FILL_AREA(#18858);
#18858 = FILL_AREA_STYLE('',(#18859));
#18859 = FILL_AREA_STYLE_COLOUR('',#17450);
#18860 = OVER_RIDING_STYLED_ITEM('overriding color',(#18861),#6987,
  #18004);
#18861 = PRESENTATION_STYLE_ASSIGNMENT((#18862));
#18862 = SURFACE_STYLE_USAGE(.BOTH.,#18863);
#18863 = SURFACE_SIDE_STYLE('',(#18864));
#18864 = SURFACE_STYLE_FILL_AREA(#18865);
#18865 = FILL_AREA_STYLE('',(#18866));
#18866 = FILL_AREA_STYLE_COLOUR('',#17450);
#18867 = OVER_RIDING_STYLED_ITEM('overriding color',(#18868),#7011,
  #18004);
#18868 = PRESENTATION_STYLE_ASSIGNMENT((#18869));
#18869 = SURFACE_STYLE_USAGE(.BOTH.,#18870);
#18870 = SURFACE_SIDE_STYLE('',(#18871));
#18871 = SURFACE_STYLE_FILL_AREA(#18872);
#18872 = FILL_AREA_STYLE('',(#18873));
#18873 = FILL_AREA_STYLE_COLOUR('',#17450);
#18874 = OVER_RIDING_STYLED_ITEM('overriding color',(#18875),#7053,
  #18004);
#18875 = PRESENTATION_STYLE_ASSIGNMENT((#18876));
#18876 = SURFACE_STYLE_USAGE(.BOTH.,#18877);
#18877 = SURFACE_SIDE_STYLE('',(#18878));
#18878 = SURFACE_STYLE_FILL_AREA(#18879);
#18879 = FILL_AREA_STYLE('',(#18880));
#18880 = FILL_AREA_STYLE_COLOUR('',#17450);
#18881 = OVER_RIDING_STYLED_ITEM('overriding color',(#18882),#7077,
  #18004);
#18882 = PRESENTATION_STYLE_ASSIGNMENT((#18883));
#18883 = SURFACE_STYLE_USAGE(.BOTH.,#18884);
#18884 = SURFACE_SIDE_STYLE('',(#18885));
#18885 = SURFACE_STYLE_FILL_AREA(#18886);
#18886 = FILL_AREA_STYLE('',(#18887));
#18887 = FILL_AREA_STYLE_COLOUR('',#17450);
#18888 = OVER_RIDING_STYLED_ITEM('overriding color',(#18889),#7119,
  #18004);
#18889 = PRESENTATION_STYLE_ASSIGNMENT((#18890));
#18890 = SURFACE_STYLE_USAGE(.BOTH.,#18891);
#18891 = SURFACE_SIDE_STYLE('',(#18892));
#18892 = SURFACE_STYLE_FILL_AREA(#18893);
#18893 = FILL_AREA_STYLE('',(#18894));
#18894 = FILL_AREA_STYLE_COLOUR('',#17450);
#18895 = OVER_RIDING_STYLED_ITEM('overriding color',(#18896),#7143,
  #18004);
#18896 = PRESENTATION_STYLE_ASSIGNMENT((#18897));
#18897 = SURFACE_STYLE_USAGE(.BOTH.,#18898);
#18898 = SURFACE_SIDE_STYLE('',(#18899));
#18899 = SURFACE_STYLE_FILL_AREA(#18900);
#18900 = FILL_AREA_STYLE('',(#18901));
#18901 = FILL_AREA_STYLE_COLOUR('',#17450);
#18902 = OVER_RIDING_STYLED_ITEM('overriding color',(#18903),#7185,
  #18004);
#18903 = PRESENTATION_STYLE_ASSIGNMENT((#18904));
#18904 = SURFACE_STYLE_USAGE(.BOTH.,#18905);
#18905 = SURFACE_SIDE_STYLE('',(#18906));
#18906 = SURFACE_STYLE_FILL_AREA(#18907);
#18907 = FILL_AREA_STYLE('',(#18908));
#18908 = FILL_AREA_STYLE_COLOUR('',#17450);
#18909 = OVER_RIDING_STYLED_ITEM('overriding color',(#18910),#7209,
  #18004);
#18910 = PRESENTATION_STYLE_ASSIGNMENT((#18911));
#18911 = SURFACE_STYLE_USAGE(.BOTH.,#18912);
#18912 = SURFACE_SIDE_STYLE('',(#18913));
#18913 = SURFACE_STYLE_FILL_AREA(#18914);
#18914 = FILL_AREA_STYLE('',(#18915));
#18915 = FILL_AREA_STYLE_COLOUR('',#17450);
#18916 = OVER_RIDING_STYLED_ITEM('overriding color',(#18917),#7251,
  #18004);
#18917 = PRESENTATION_STYLE_ASSIGNMENT((#18918));
#18918 = SURFACE_STYLE_USAGE(.BOTH.,#18919);
#18919 = SURFACE_SIDE_STYLE('',(#18920));
#18920 = SURFACE_STYLE_FILL_AREA(#18921);
#18921 = FILL_AREA_STYLE('',(#18922));
#18922 = FILL_AREA_STYLE_COLOUR('',#17450);
#18923 = OVER_RIDING_STYLED_ITEM('overriding color',(#18924),#7275,
  #18004);
#18924 = PRESENTATION_STYLE_ASSIGNMENT((#18925));
#18925 = SURFACE_STYLE_USAGE(.BOTH.,#18926);
#18926 = SURFACE_SIDE_STYLE('',(#18927));
#18927 = SURFACE_STYLE_FILL_AREA(#18928);
#18928 = FILL_AREA_STYLE('',(#18929));
#18929 = FILL_AREA_STYLE_COLOUR('',#17450);
#18930 = OVER_RIDING_STYLED_ITEM('overriding color',(#18931),#7317,
  #18004);
#18931 = PRESENTATION_STYLE_ASSIGNMENT((#18932));
#18932 = SURFACE_STYLE_USAGE(.BOTH.,#18933);
#18933 = SURFACE_SIDE_STYLE('',(#18934));
#18934 = SURFACE_STYLE_FILL_AREA(#18935);
#18935 = FILL_AREA_STYLE('',(#18936));
#18936 = FILL_AREA_STYLE_COLOUR('',#17450);
#18937 = OVER_RIDING_STYLED_ITEM('overriding color',(#18938),#7341,
  #18004);
#18938 = PRESENTATION_STYLE_ASSIGNMENT((#18939));
#18939 = SURFACE_STYLE_USAGE(.BOTH.,#18940);
#18940 = SURFACE_SIDE_STYLE('',(#18941));
#18941 = SURFACE_STYLE_FILL_AREA(#18942);
#18942 = FILL_AREA_STYLE('',(#18943));
#18943 = FILL_AREA_STYLE_COLOUR('',#17450);
#18944 = OVER_RIDING_STYLED_ITEM('overriding color',(#18945),#7383,
  #18004);
#18945 = PRESENTATION_STYLE_ASSIGNMENT((#18946));
#18946 = SURFACE_STYLE_USAGE(.BOTH.,#18947);
#18947 = SURFACE_SIDE_STYLE('',(#18948));
#18948 = SURFACE_STYLE_FILL_AREA(#18949);
#18949 = FILL_AREA_STYLE('',(#18950));
#18950 = FILL_AREA_STYLE_COLOUR('',#17450);
#18951 = OVER_RIDING_STYLED_ITEM('overriding color',(#18952),#7407,
  #18004);
#18952 = PRESENTATION_STYLE_ASSIGNMENT((#18953));
#18953 = SURFACE_STYLE_USAGE(.BOTH.,#18954);
#18954 = SURFACE_SIDE_STYLE('',(#18955));
#18955 = SURFACE_STYLE_FILL_AREA(#18956);
#18956 = FILL_AREA_STYLE('',(#18957));
#18957 = FILL_AREA_STYLE_COLOUR('',#17450);
#18958 = OVER_RIDING_STYLED_ITEM('overriding color',(#18959),#7449,
  #18004);
#18959 = PRESENTATION_STYLE_ASSIGNMENT((#18960));
#18960 = SURFACE_STYLE_USAGE(.BOTH.,#18961);
#18961 = SURFACE_SIDE_STYLE('',(#18962));
#18962 = SURFACE_STYLE_FILL_AREA(#18963);
#18963 = FILL_AREA_STYLE('',(#18964));
#18964 = FILL_AREA_STYLE_COLOUR('',#17450);
#18965 = OVER_RIDING_STYLED_ITEM('overriding color',(#18966),#7473,
  #18004);
#18966 = PRESENTATION_STYLE_ASSIGNMENT((#18967));
#18967 = SURFACE_STYLE_USAGE(.BOTH.,#18968);
#18968 = SURFACE_SIDE_STYLE('',(#18969));
#18969 = SURFACE_STYLE_FILL_AREA(#18970);
#18970 = FILL_AREA_STYLE('',(#18971));
#18971 = FILL_AREA_STYLE_COLOUR('',#17450);
#18972 = OVER_RIDING_STYLED_ITEM('overriding color',(#18973),#7515,
  #18004);
#18973 = PRESENTATION_STYLE_ASSIGNMENT((#18974));
#18974 = SURFACE_STYLE_USAGE(.BOTH.,#18975);
#18975 = SURFACE_SIDE_STYLE('',(#18976));
#18976 = SURFACE_STYLE_FILL_AREA(#18977);
#18977 = FILL_AREA_STYLE('',(#18978));
#18978 = FILL_AREA_STYLE_COLOUR('',#17450);
#18979 = OVER_RIDING_STYLED_ITEM('overriding color',(#18980),#7539,
  #18004);
#18980 = PRESENTATION_STYLE_ASSIGNMENT((#18981));
#18981 = SURFACE_STYLE_USAGE(.BOTH.,#18982);
#18982 = SURFACE_SIDE_STYLE('',(#18983));
#18983 = SURFACE_STYLE_FILL_AREA(#18984);
#18984 = FILL_AREA_STYLE('',(#18985));
#18985 = FILL_AREA_STYLE_COLOUR('',#17450);
#18986 = OVER_RIDING_STYLED_ITEM('overriding color',(#18987),#7581,
  #18004);
#18987 = PRESENTATION_STYLE_ASSIGNMENT((#18988));
#18988 = SURFACE_STYLE_USAGE(.BOTH.,#18989);
#18989 = SURFACE_SIDE_STYLE('',(#18990));
#18990 = SURFACE_STYLE_FILL_AREA(#18991);
#18991 = FILL_AREA_STYLE('',(#18992));
#18992 = FILL_AREA_STYLE_COLOUR('',#17450);
#18993 = OVER_RIDING_STYLED_ITEM('overriding color',(#18994),#7605,
  #18004);
#18994 = PRESENTATION_STYLE_ASSIGNMENT((#18995));
#18995 = SURFACE_STYLE_USAGE(.BOTH.,#18996);
#18996 = SURFACE_SIDE_STYLE('',(#18997));
#18997 = SURFACE_STYLE_FILL_AREA(#18998);
#18998 = FILL_AREA_STYLE('',(#18999));
#18999 = FILL_AREA_STYLE_COLOUR('',#17450);
#19000 = OVER_RIDING_STYLED_ITEM('overriding color',(#19001),#7647,
  #18004);
#19001 = PRESENTATION_STYLE_ASSIGNMENT((#19002));
#19002 = SURFACE_STYLE_USAGE(.BOTH.,#19003);
#19003 = SURFACE_SIDE_STYLE('',(#19004));
#19004 = SURFACE_STYLE_FILL_AREA(#19005);
#19005 = FILL_AREA_STYLE('',(#19006));
#19006 = FILL_AREA_STYLE_COLOUR('',#17450);
#19007 = OVER_RIDING_STYLED_ITEM('overriding color',(#19008),#7671,
  #18004);
#19008 = PRESENTATION_STYLE_ASSIGNMENT((#19009));
#19009 = SURFACE_STYLE_USAGE(.BOTH.,#19010);
#19010 = SURFACE_SIDE_STYLE('',(#19011));
#19011 = SURFACE_STYLE_FILL_AREA(#19012);
#19012 = FILL_AREA_STYLE('',(#19013));
#19013 = FILL_AREA_STYLE_COLOUR('',#17450);
#19014 = OVER_RIDING_STYLED_ITEM('overriding color',(#19015),#7713,
  #18004);
#19015 = PRESENTATION_STYLE_ASSIGNMENT((#19016));
#19016 = SURFACE_STYLE_USAGE(.BOTH.,#19017);
#19017 = SURFACE_SIDE_STYLE('',(#19018));
#19018 = SURFACE_STYLE_FILL_AREA(#19019);
#19019 = FILL_AREA_STYLE('',(#19020));
#19020 = FILL_AREA_STYLE_COLOUR('',#17450);
#19021 = OVER_RIDING_STYLED_ITEM('overriding color',(#19022),#7737,
  #18004);
#19022 = PRESENTATION_STYLE_ASSIGNMENT((#19023));
#19023 = SURFACE_STYLE_USAGE(.BOTH.,#19024);
#19024 = SURFACE_SIDE_STYLE('',(#19025));
#19025 = SURFACE_STYLE_FILL_AREA(#19026);
#19026 = FILL_AREA_STYLE('',(#19027));
#19027 = FILL_AREA_STYLE_COLOUR('',#17450);
#19028 = OVER_RIDING_STYLED_ITEM('overriding color',(#19029),#7779,
  #18004);
#19029 = PRESENTATION_STYLE_ASSIGNMENT((#19030));
#19030 = SURFACE_STYLE_USAGE(.BOTH.,#19031);
#19031 = SURFACE_SIDE_STYLE('',(#19032));
#19032 = SURFACE_STYLE_FILL_AREA(#19033);
#19033 = FILL_AREA_STYLE('',(#19034));
#19034 = FILL_AREA_STYLE_COLOUR('',#17450);
#19035 = OVER_RIDING_STYLED_ITEM('overriding color',(#19036),#7803,
  #18004);
#19036 = PRESENTATION_STYLE_ASSIGNMENT((#19037));
#19037 = SURFACE_STYLE_USAGE(.BOTH.,#19038);
#19038 = SURFACE_SIDE_STYLE('',(#19039));
#19039 = SURFACE_STYLE_FILL_AREA(#19040);
#19040 = FILL_AREA_STYLE('',(#19041));
#19041 = FILL_AREA_STYLE_COLOUR('',#17450);
#19042 = OVER_RIDING_STYLED_ITEM('overriding color',(#19043),#7845,
  #18004);
#19043 = PRESENTATION_STYLE_ASSIGNMENT((#19044));
#19044 = SURFACE_STYLE_USAGE(.BOTH.,#19045);
#19045 = SURFACE_SIDE_STYLE('',(#19046));
#19046 = SURFACE_STYLE_FILL_AREA(#19047);
#19047 = FILL_AREA_STYLE('',(#19048));
#19048 = FILL_AREA_STYLE_COLOUR('',#17450);
#19049 = OVER_RIDING_STYLED_ITEM('overriding color',(#19050),#7869,
  #18004);
#19050 = PRESENTATION_STYLE_ASSIGNMENT((#19051));
#19051 = SURFACE_STYLE_USAGE(.BOTH.,#19052);
#19052 = SURFACE_SIDE_STYLE('',(#19053));
#19053 = SURFACE_STYLE_FILL_AREA(#19054);
#19054 = FILL_AREA_STYLE('',(#19055));
#19055 = FILL_AREA_STYLE_COLOUR('',#17450);
#19056 = OVER_RIDING_STYLED_ITEM('overriding color',(#19057),#7911,
  #18004);
#19057 = PRESENTATION_STYLE_ASSIGNMENT((#19058));
#19058 = SURFACE_STYLE_USAGE(.BOTH.,#19059);
#19059 = SURFACE_SIDE_STYLE('',(#19060));
#19060 = SURFACE_STYLE_FILL_AREA(#19061);
#19061 = FILL_AREA_STYLE('',(#19062));
#19062 = FILL_AREA_STYLE_COLOUR('',#17450);
#19063 = OVER_RIDING_STYLED_ITEM('overriding color',(#19064),#7935,
  #18004);
#19064 = PRESENTATION_STYLE_ASSIGNMENT((#19065));
#19065 = SURFACE_STYLE_USAGE(.BOTH.,#19066);
#19066 = SURFACE_SIDE_STYLE('',(#19067));
#19067 = SURFACE_STYLE_FILL_AREA(#19068);
#19068 = FILL_AREA_STYLE('',(#19069));
#19069 = FILL_AREA_STYLE_COLOUR('',#17450);
#19070 = OVER_RIDING_STYLED_ITEM('overriding color',(#19071),#7977,
  #18004);
#19071 = PRESENTATION_STYLE_ASSIGNMENT((#19072));
#19072 = SURFACE_STYLE_USAGE(.BOTH.,#19073);
#19073 = SURFACE_SIDE_STYLE('',(#19074));
#19074 = SURFACE_STYLE_FILL_AREA(#19075);
#19075 = FILL_AREA_STYLE('',(#19076));
#19076 = FILL_AREA_STYLE_COLOUR('',#17450);
#19077 = OVER_RIDING_STYLED_ITEM('overriding color',(#19078),#8001,
  #18004);
#19078 = PRESENTATION_STYLE_ASSIGNMENT((#19079));
#19079 = SURFACE_STYLE_USAGE(.BOTH.,#19080);
#19080 = SURFACE_SIDE_STYLE('',(#19081));
#19081 = SURFACE_STYLE_FILL_AREA(#19082);
#19082 = FILL_AREA_STYLE('',(#19083));
#19083 = FILL_AREA_STYLE_COLOUR('',#17450);
#19084 = OVER_RIDING_STYLED_ITEM('overriding color',(#19085),#8043,
  #18004);
#19085 = PRESENTATION_STYLE_ASSIGNMENT((#19086));
#19086 = SURFACE_STYLE_USAGE(.BOTH.,#19087);
#19087 = SURFACE_SIDE_STYLE('',(#19088));
#19088 = SURFACE_STYLE_FILL_AREA(#19089);
#19089 = FILL_AREA_STYLE('',(#19090));
#19090 = FILL_AREA_STYLE_COLOUR('',#17450);
#19091 = OVER_RIDING_STYLED_ITEM('overriding color',(#19092),#8067,
  #18004);
#19092 = PRESENTATION_STYLE_ASSIGNMENT((#19093));
#19093 = SURFACE_STYLE_USAGE(.BOTH.,#19094);
#19094 = SURFACE_SIDE_STYLE('',(#19095));
#19095 = SURFACE_STYLE_FILL_AREA(#19096);
#19096 = FILL_AREA_STYLE('',(#19097));
#19097 = FILL_AREA_STYLE_COLOUR('',#17450);
#19098 = OVER_RIDING_STYLED_ITEM('overriding color',(#19099),#8109,
  #18004);
#19099 = PRESENTATION_STYLE_ASSIGNMENT((#19100));
#19100 = SURFACE_STYLE_USAGE(.BOTH.,#19101);
#19101 = SURFACE_SIDE_STYLE('',(#19102));
#19102 = SURFACE_STYLE_FILL_AREA(#19103);
#19103 = FILL_AREA_STYLE('',(#19104));
#19104 = FILL_AREA_STYLE_COLOUR('',#17450);
#19105 = OVER_RIDING_STYLED_ITEM('overriding color',(#19106),#8133,
  #18004);
#19106 = PRESENTATION_STYLE_ASSIGNMENT((#19107));
#19107 = SURFACE_STYLE_USAGE(.BOTH.,#19108);
#19108 = SURFACE_SIDE_STYLE('',(#19109));
#19109 = SURFACE_STYLE_FILL_AREA(#19110);
#19110 = FILL_AREA_STYLE('',(#19111));
#19111 = FILL_AREA_STYLE_COLOUR('',#17450);
#19112 = OVER_RIDING_STYLED_ITEM('overriding color',(#19113),#8175,
  #18004);
#19113 = PRESENTATION_STYLE_ASSIGNMENT((#19114));
#19114 = SURFACE_STYLE_USAGE(.BOTH.,#19115);
#19115 = SURFACE_SIDE_STYLE('',(#19116));
#19116 = SURFACE_STYLE_FILL_AREA(#19117);
#19117 = FILL_AREA_STYLE('',(#19118));
#19118 = FILL_AREA_STYLE_COLOUR('',#17450);
#19119 = OVER_RIDING_STYLED_ITEM('overriding color',(#19120),#8199,
  #18004);
#19120 = PRESENTATION_STYLE_ASSIGNMENT((#19121));
#19121 = SURFACE_STYLE_USAGE(.BOTH.,#19122);
#19122 = SURFACE_SIDE_STYLE('',(#19123));
#19123 = SURFACE_STYLE_FILL_AREA(#19124);
#19124 = FILL_AREA_STYLE('',(#19125));
#19125 = FILL_AREA_STYLE_COLOUR('',#17450);
#19126 = OVER_RIDING_STYLED_ITEM('overriding color',(#19127),#8241,
  #18004);
#19127 = PRESENTATION_STYLE_ASSIGNMENT((#19128));
#19128 = SURFACE_STYLE_USAGE(.BOTH.,#19129);
#19129 = SURFACE_SIDE_STYLE('',(#19130));
#19130 = SURFACE_STYLE_FILL_AREA(#19131);
#19131 = FILL_AREA_STYLE('',(#19132));
#19132 = FILL_AREA_STYLE_COLOUR('',#17450);
#19133 = OVER_RIDING_STYLED_ITEM('overriding color',(#19134),#8265,
  #18004);
#19134 = PRESENTATION_STYLE_ASSIGNMENT((#19135));
#19135 = SURFACE_STYLE_USAGE(.BOTH.,#19136);
#19136 = SURFACE_SIDE_STYLE('',(#19137));
#19137 = SURFACE_STYLE_FILL_AREA(#19138);
#19138 = FILL_AREA_STYLE('',(#19139));
#19139 = FILL_AREA_STYLE_COLOUR('',#17450);
#19140 = OVER_RIDING_STYLED_ITEM('overriding color',(#19141),#8307,
  #18004);
#19141 = PRESENTATION_STYLE_ASSIGNMENT((#19142));
#19142 = SURFACE_STYLE_USAGE(.BOTH.,#19143);
#19143 = SURFACE_SIDE_STYLE('',(#19144));
#19144 = SURFACE_STYLE_FILL_AREA(#19145);
#19145 = FILL_AREA_STYLE('',(#19146));
#19146 = FILL_AREA_STYLE_COLOUR('',#17450);
#19147 = OVER_RIDING_STYLED_ITEM('overriding color',(#19148),#8331,
  #18004);
#19148 = PRESENTATION_STYLE_ASSIGNMENT((#19149));
#19149 = SURFACE_STYLE_USAGE(.BOTH.,#19150);
#19150 = SURFACE_SIDE_STYLE('',(#19151));
#19151 = SURFACE_STYLE_FILL_AREA(#19152);
#19152 = FILL_AREA_STYLE('',(#19153));
#19153 = FILL_AREA_STYLE_COLOUR('',#17450);
#19154 = OVER_RIDING_STYLED_ITEM('overriding color',(#19155),#8373,
  #18004);
#19155 = PRESENTATION_STYLE_ASSIGNMENT((#19156));
#19156 = SURFACE_STYLE_USAGE(.BOTH.,#19157);
#19157 = SURFACE_SIDE_STYLE('',(#19158));
#19158 = SURFACE_STYLE_FILL_AREA(#19159);
#19159 = FILL_AREA_STYLE('',(#19160));
#19160 = FILL_AREA_STYLE_COLOUR('',#17450);
#19161 = OVER_RIDING_STYLED_ITEM('overriding color',(#19162),#8397,
  #18004);
#19162 = PRESENTATION_STYLE_ASSIGNMENT((#19163));
#19163 = SURFACE_STYLE_USAGE(.BOTH.,#19164);
#19164 = SURFACE_SIDE_STYLE('',(#19165));
#19165 = SURFACE_STYLE_FILL_AREA(#19166);
#19166 = FILL_AREA_STYLE('',(#19167));
#19167 = FILL_AREA_STYLE_COLOUR('',#17450);
#19168 = OVER_RIDING_STYLED_ITEM('overriding color',(#19169),#8439,
  #18004);
#19169 = PRESENTATION_STYLE_ASSIGNMENT((#19170));
#19170 = SURFACE_STYLE_USAGE(.BOTH.,#19171);
#19171 = SURFACE_SIDE_STYLE('',(#19172));
#19172 = SURFACE_STYLE_FILL_AREA(#19173);
#19173 = FILL_AREA_STYLE('',(#19174));
#19174 = FILL_AREA_STYLE_COLOUR('',#17450);
#19175 = OVER_RIDING_STYLED_ITEM('overriding color',(#19176),#8463,
  #18004);
#19176 = PRESENTATION_STYLE_ASSIGNMENT((#19177));
#19177 = SURFACE_STYLE_USAGE(.BOTH.,#19178);
#19178 = SURFACE_SIDE_STYLE('',(#19179));
#19179 = SURFACE_STYLE_FILL_AREA(#19180);
#19180 = FILL_AREA_STYLE('',(#19181));
#19181 = FILL_AREA_STYLE_COLOUR('',#17450);
#19182 = OVER_RIDING_STYLED_ITEM('overriding color',(#19183),#8505,
  #18004);
#19183 = PRESENTATION_STYLE_ASSIGNMENT((#19184));
#19184 = SURFACE_STYLE_USAGE(.BOTH.,#19185);
#19185 = SURFACE_SIDE_STYLE('',(#19186));
#19186 = SURFACE_STYLE_FILL_AREA(#19187);
#19187 = FILL_AREA_STYLE('',(#19188));
#19188 = FILL_AREA_STYLE_COLOUR('',#17450);
ENDSEC;
END-ISO-10303-21;
