[0.000000] (-) TimerEvent: {}
[0.000413] (sentinel_publisher) JobQueued: {'identifier': 'sentinel_publisher', 'dependencies': OrderedDict()}
[0.000446] (serial) JobQueued: {'identifier': 'serial', 'dependencies': OrderedDict()}
[0.000464] (diffdrive_arduino) JobQueued: {'identifier': 'diffdrive_arduino', 'dependencies': OrderedDict({'serial': '/home/kiki/sentinel_ws/install/serial'})}
[0.000492] (serial) JobStarted: {'identifier': 'serial'}
[0.004544] (sentinel_publisher) JobStarted: {'identifier': 'sentinel_publisher'}
[0.006606] (serial) JobProgress: {'identifier': 'serial', 'progress': 'cmake'}
[0.006865] (serial) Command: {'cmd': ['/usr/bin/cmake', '/home/kiki/sentinel_ws/src/serial', '-DAMENT_CMAKE_SYMLINK_INSTALL=1', '-DCMAKE_INSTALL_PREFIX=/home/kiki/sentinel_ws/install/serial'], 'cwd': '/home/kiki/sentinel_ws/build/serial', 'env': OrderedDict({'LESSOPEN': '| /usr/bin/lesspipe %s', 'GZ_SIM_RESOURCE_PATH': '/opt/ros/jazzy/share', 'LANGUAGE': 'en_US', 'USER': 'kiki', 'GZ_CONFIG_PATH': '/opt/ros/jazzy/opt/gz_sim_vendor/share/gz:/opt/ros/jazzy/opt/sdformat_vendor/share/gz:/opt/ros/jazzy/opt/gz_gui_vendor/share/gz:/opt/ros/jazzy/opt/gz_transport_vendor/share/gz:/opt/ros/jazzy/opt/gz_rendering_vendor/share/gz:/opt/ros/jazzy/opt/gz_plugin_vendor/share/gz:/opt/ros/jazzy/opt/gz_fuel_tools_vendor/share/gz:/opt/ros/jazzy/opt/gz_msgs_vendor/share/gz:/opt/ros/jazzy/opt/gz_common_vendor/share/gz', 'XDG_SESSION_TYPE': 'x11', 'GIT_ASKPASS': '/usr/share/code/resources/app/extensions/git/dist/askpass.sh', 'CLUTTER_DISABLE_MIPMAPPED_TEXT': '1', 'SHLVL': '2', 'LD_LIBRARY_PATH': '/opt/ros/jazzy/opt/gz_sim_vendor/lib:/opt/ros/jazzy/opt/gz_sensors_vendor/lib:/opt/ros/jazzy/opt/gz_physics_vendor/lib:/opt/ros/jazzy/opt/sdformat_vendor/lib:/opt/ros/jazzy/opt/rviz_ogre_vendor/lib:/opt/ros/jazzy/lib/x86_64-linux-gnu:/opt/ros/jazzy/opt/gz_gui_vendor/lib:/opt/ros/jazzy/opt/gz_transport_vendor/lib:/opt/ros/jazzy/opt/gz_rendering_vendor/lib:/opt/ros/jazzy/opt/gz_plugin_vendor/lib:/opt/ros/jazzy/opt/gz_fuel_tools_vendor/lib:/opt/ros/jazzy/opt/gz_msgs_vendor/lib:/opt/ros/jazzy/opt/gz_common_vendor/lib:/opt/ros/jazzy/opt/gz_math_vendor/lib:/opt/ros/jazzy/opt/gz_utils_vendor/lib:/opt/ros/jazzy/opt/gz_tools_vendor/lib:/opt/ros/jazzy/opt/gz_ogre_next_vendor/lib:/opt/ros/jazzy/opt/gz_dartsim_vendor/lib:/opt/ros/jazzy/opt/gz_cmake_vendor/lib:/opt/ros/jazzy/lib', 'HOME': '/home/kiki', 'CHROME_DESKTOP': 'code.desktop', 'OLDPWD': '/home/kiki/sentinel_ws/src', 'TERM_PROGRAM_VERSION': '1.107.1', 'DESKTOP_SESSION': 'ubuntu', 'ROS_PYTHON_VERSION': '3', 'GNOME_SHELL_SESSION_MODE': 'ubuntu', 'GTK_MODULES': 'gail:atk-bridge', 'XDG_SEAT_PATH': '/org/freedesktop/DisplayManager/Seat0', 'VSCODE_GIT_ASKPASS_MAIN': '/usr/share/code/resources/app/extensions/git/dist/askpass-main.js', 'VSCODE_GIT_ASKPASS_NODE': '/usr/share/code/code', 'SYSTEMD_EXEC_PID': '2376', 'VSCODE_PYTHON_AUTOACTIVATE_GUARD': '1', 'GSM_SKIP_SSH_AGENT_WORKAROUND': 'true', 'DBUS_SESSION_BUS_ADDRESS': 'unix:path=/run/user/1000/bus', 'COLORTERM': 'truecolor', 'DEBUGINFOD_URLS': 'https://debuginfod.ubuntu.com', 'ROS_DISTRO': 'jazzy', 'LOGNAME': 'kiki', '_': '/usr/bin/colcon', 'ROS_VERSION': '2', 'MEMORY_PRESSURE_WATCH': '/sys/fs/cgroup/user.slice/user-1000.slice/user@1000.service/session.slice/org.gnome.Shell@x11.service/memory.pressure', 'CLAUDE_CODE_SSE_PORT': '22714', 'XDG_SESSION_CLASS': 'user', 'TERM': 'xterm-256color', 'GNOME_DESKTOP_SESSION_ID': 'this-is-deprecated', 'FC_FONTATIONS': '1', 'PATH': '/home/kiki/.config/Code/User/globalStorage/github.copilot-chat/debugCommand:/home/kiki/.config/Code/User/globalStorage/github.copilot-chat/copilotCli:/opt/ros/jazzy/opt/gz_msgs_vendor/bin:/opt/ros/jazzy/opt/gz_tools_vendor/bin:/opt/ros/jazzy/opt/gz_ogre_next_vendor/bin:/opt/ros/jazzy/bin:/home/kiki/.local/bin:/usr/local/sbin:/usr/local/bin:/usr/sbin:/usr/bin:/sbin:/bin:/usr/games:/usr/local/games:/snap/bin', 'SESSION_MANAGER': 'local/kiki-Legion-5-15IRX10:@/tmp/.ICE-unix/2316,unix/kiki-Legion-5-15IRX10:/tmp/.ICE-unix/2316', 'GDM_LANG': 'en_US', 'XDG_SESSION_PATH': '/org/freedesktop/DisplayManager/Session0', 'XDG_MENU_PREFIX': 'gnome-', 'GNOME_TERMINAL_SCREEN': '/org/gnome/Terminal/screen/baeb7fd1_d83d_4b74_a636_0cdf0e2ee410', 'XDG_RUNTIME_DIR': '/run/user/1000', 'GDK_BACKEND': 'x11', 'DISPLAY': ':0', 'LANG': 'en_US.UTF-8', 'XDG_CURRENT_DESKTOP': 'ubuntu:GNOME', 'XMODIFIERS': '@im=ibus', 'XDG_SESSION_DESKTOP': 'ubuntu', 'XAUTHORITY': '/home/kiki/.Xauthority', 'LS_COLORS': 'rs=0:di=01;34:ln=01;36:mh=00:pi=40;33:so=01;35:do=01;35:bd=40;33;01:cd=40;33;01:or=40;31;01:mi=00:su=37;41:sg=30;43:ca=00:tw=30;42:ow=34;42:st=37;44:ex=01;32:*.tar=01;31:*.tgz=01;31:*.arc=01;31:*.arj=01;31:*.taz=01;31:*.lha=01;31:*.lz4=01;31:*.lzh=01;31:*.lzma=01;31:*.tlz=01;31:*.txz=01;31:*.tzo=01;31:*.t7z=01;31:*.zip=01;31:*.z=01;31:*.dz=01;31:*.gz=01;31:*.lrz=01;31:*.lz=01;31:*.lzo=01;31:*.xz=01;31:*.zst=01;31:*.tzst=01;31:*.bz2=01;31:*.bz=01;31:*.tbz=01;31:*.tbz2=01;31:*.tz=01;31:*.deb=01;31:*.rpm=01;31:*.jar=01;31:*.war=01;31:*.ear=01;31:*.sar=01;31:*.rar=01;31:*.alz=01;31:*.ace=01;31:*.zoo=01;31:*.cpio=01;31:*.7z=01;31:*.rz=01;31:*.cab=01;31:*.wim=01;31:*.swm=01;31:*.dwm=01;31:*.esd=01;31:*.avif=01;35:*.jpg=01;35:*.jpeg=01;35:*.mjpg=01;35:*.mjpeg=01;35:*.gif=01;35:*.bmp=01;35:*.pbm=01;35:*.pgm=01;35:*.ppm=01;35:*.tga=01;35:*.xbm=01;35:*.xpm=01;35:*.tif=01;35:*.tiff=01;35:*.png=01;35:*.svg=01;35:*.svgz=01;35:*.mng=01;35:*.pcx=01;35:*.mov=01;35:*.mpg=01;35:*.mpeg=01;35:*.m2v=01;35:*.mkv=01;35:*.webm=01;35:*.webp=01;35:*.ogm=01;35:*.mp4=01;35:*.m4v=01;35:*.mp4v=01;35:*.vob=01;35:*.qt=01;35:*.nuv=01;35:*.wmv=01;35:*.asf=01;35:*.rm=01;35:*.rmvb=01;35:*.flc=01;35:*.avi=01;35:*.fli=01;35:*.flv=01;35:*.gl=01;35:*.dl=01;35:*.xcf=01;35:*.xwd=01;35:*.yuv=01;35:*.cgm=01;35:*.emf=01;35:*.ogv=01;35:*.ogx=01;35:*.aac=00;36:*.au=00;36:*.flac=00;36:*.m4a=00;36:*.mid=00;36:*.midi=00;36:*.mka=00;36:*.mp3=00;36:*.mpc=00;36:*.ogg=00;36:*.ra=00;36:*.wav=00;36:*.oga=00;36:*.opus=00;36:*.spx=00;36:*.xspf=00;36:*~=00;90:*#=00;90:*.bak=00;90:*.crdownload=00;90:*.dpkg-dist=00;90:*.dpkg-new=00;90:*.dpkg-old=00;90:*.dpkg-tmp=00;90:*.old=00;90:*.orig=00;90:*.part=00;90:*.rej=00;90:*.rpmnew=00;90:*.rpmorig=00;90:*.rpmsave=00;90:*.swp=00;90:*.tmp=00;90:*.ucf-dist=00;90:*.ucf-new=00;90:*.ucf-old=00;90:', 'VSCODE_GIT_IPC_HANDLE': '/run/user/1000/vscode-git-dce2dde1a1.sock', 'GNOME_TERMINAL_SERVICE': ':1.121', 'TERM_PROGRAM': 'vscode', 'SSH_AUTH_SOCK': '/run/user/1000/keyring/ssh', 'ROS_DOMAIN_ID': '7', 'XDG_GREETER_DATA_DIR': '/var/lib/lightdm-data/kiki', 'AMENT_PREFIX_PATH': '/opt/ros/jazzy', 'SHELL': '/bin/bash', 'QT_ACCESSIBILITY': '1', 'GDMSESSION': 'ubuntu', 'LESSCLOSE': '/usr/bin/lesspipe %s %s', 'GPG_AGENT_INFO': '/run/user/1000/gnupg/S.gpg-agent:0:1', 'ROS_AUTOMATIC_DISCOVERY_RANGE': 'SUBNET', 'VSCODE_GIT_ASKPASS_EXTRA_ARGS': '', 'QT_IM_MODULE': 'ibus', 'PWD': '/home/kiki/sentinel_ws/build/serial', 'LC_ALL': 'en_US.UTF-8', 'XDG_CONFIG_DIRS': '/etc/xdg/xdg-ubuntu:/etc/xdg', 'XDG_DATA_DIRS': '/usr/share/ubuntu:/usr/share/gnome:/usr/local/share:/usr/share:/var/lib/snapd/desktop', 'PYTHONPATH': '/opt/ros/jazzy/lib/python3.12/site-packages', 'COLCON': '1', 'MEMORY_PRESSURE_WRITE': 'c29tZSAyMDAwMDAgMjAwMDAwMAA=', 'VTE_VERSION': '7600', 'CMAKE_PREFIX_PATH': '/opt/ros/jazzy/opt/gz_sim_vendor:/opt/ros/jazzy/opt/gz_sensors_vendor:/opt/ros/jazzy/opt/gz_physics_vendor:/opt/ros/jazzy/opt/sdformat_vendor:/opt/ros/jazzy/opt/gz_gui_vendor:/opt/ros/jazzy/opt/gz_transport_vendor:/opt/ros/jazzy/opt/gz_rendering_vendor:/opt/ros/jazzy/opt/gz_plugin_vendor:/opt/ros/jazzy/opt/gz_fuel_tools_vendor:/opt/ros/jazzy/opt/gz_msgs_vendor:/opt/ros/jazzy/opt/gz_common_vendor:/opt/ros/jazzy/opt/gz_math_vendor:/opt/ros/jazzy/opt/gz_utils_vendor:/opt/ros/jazzy/opt/gz_tools_vendor:/opt/ros/jazzy/opt/gz_ogre_next_vendor:/opt/ros/jazzy/opt/gz_dartsim_vendor:/opt/ros/jazzy/opt/gz_cmake_vendor:/opt/ros/jazzy'}), 'shell': False}
[0.009074] (sentinel_publisher) JobProgress: {'identifier': 'sentinel_publisher', 'progress': 'cmake'}
[0.009410] (sentinel_publisher) Command: {'cmd': ['/usr/bin/cmake', '/home/kiki/sentinel_ws/src/sentinel_publisher', '-DAMENT_CMAKE_SYMLINK_INSTALL=1', '-DCMAKE_INSTALL_PREFIX=/home/kiki/sentinel_ws/install/sentinel_publisher'], 'cwd': '/home/kiki/sentinel_ws/build/sentinel_publisher', 'env': OrderedDict({'LESSOPEN': '| /usr/bin/lesspipe %s', 'GZ_SIM_RESOURCE_PATH': '/opt/ros/jazzy/share', 'LANGUAGE': 'en_US', 'USER': 'kiki', 'GZ_CONFIG_PATH': '/opt/ros/jazzy/opt/gz_sim_vendor/share/gz:/opt/ros/jazzy/opt/sdformat_vendor/share/gz:/opt/ros/jazzy/opt/gz_gui_vendor/share/gz:/opt/ros/jazzy/opt/gz_transport_vendor/share/gz:/opt/ros/jazzy/opt/gz_rendering_vendor/share/gz:/opt/ros/jazzy/opt/gz_plugin_vendor/share/gz:/opt/ros/jazzy/opt/gz_fuel_tools_vendor/share/gz:/opt/ros/jazzy/opt/gz_msgs_vendor/share/gz:/opt/ros/jazzy/opt/gz_common_vendor/share/gz', 'XDG_SESSION_TYPE': 'x11', 'GIT_ASKPASS': '/usr/share/code/resources/app/extensions/git/dist/askpass.sh', 'CLUTTER_DISABLE_MIPMAPPED_TEXT': '1', 'SHLVL': '2', 'LD_LIBRARY_PATH': '/opt/ros/jazzy/opt/gz_sim_vendor/lib:/opt/ros/jazzy/opt/gz_sensors_vendor/lib:/opt/ros/jazzy/opt/gz_physics_vendor/lib:/opt/ros/jazzy/opt/sdformat_vendor/lib:/opt/ros/jazzy/opt/rviz_ogre_vendor/lib:/opt/ros/jazzy/lib/x86_64-linux-gnu:/opt/ros/jazzy/opt/gz_gui_vendor/lib:/opt/ros/jazzy/opt/gz_transport_vendor/lib:/opt/ros/jazzy/opt/gz_rendering_vendor/lib:/opt/ros/jazzy/opt/gz_plugin_vendor/lib:/opt/ros/jazzy/opt/gz_fuel_tools_vendor/lib:/opt/ros/jazzy/opt/gz_msgs_vendor/lib:/opt/ros/jazzy/opt/gz_common_vendor/lib:/opt/ros/jazzy/opt/gz_math_vendor/lib:/opt/ros/jazzy/opt/gz_utils_vendor/lib:/opt/ros/jazzy/opt/gz_tools_vendor/lib:/opt/ros/jazzy/opt/gz_ogre_next_vendor/lib:/opt/ros/jazzy/opt/gz_dartsim_vendor/lib:/opt/ros/jazzy/opt/gz_cmake_vendor/lib:/opt/ros/jazzy/lib', 'HOME': '/home/kiki', 'CHROME_DESKTOP': 'code.desktop', 'OLDPWD': '/home/kiki/sentinel_ws/src', 'TERM_PROGRAM_VERSION': '1.107.1', 'DESKTOP_SESSION': 'ubuntu', 'ROS_PYTHON_VERSION': '3', 'GNOME_SHELL_SESSION_MODE': 'ubuntu', 'GTK_MODULES': 'gail:atk-bridge', 'XDG_SEAT_PATH': '/org/freedesktop/DisplayManager/Seat0', 'VSCODE_GIT_ASKPASS_MAIN': '/usr/share/code/resources/app/extensions/git/dist/askpass-main.js', 'VSCODE_GIT_ASKPASS_NODE': '/usr/share/code/code', 'SYSTEMD_EXEC_PID': '2376', 'VSCODE_PYTHON_AUTOACTIVATE_GUARD': '1', 'GSM_SKIP_SSH_AGENT_WORKAROUND': 'true', 'DBUS_SESSION_BUS_ADDRESS': 'unix:path=/run/user/1000/bus', 'COLORTERM': 'truecolor', 'DEBUGINFOD_URLS': 'https://debuginfod.ubuntu.com', 'ROS_DISTRO': 'jazzy', 'LOGNAME': 'kiki', '_': '/usr/bin/colcon', 'ROS_VERSION': '2', 'MEMORY_PRESSURE_WATCH': '/sys/fs/cgroup/user.slice/user-1000.slice/user@1000.service/session.slice/org.gnome.Shell@x11.service/memory.pressure', 'CLAUDE_CODE_SSE_PORT': '22714', 'XDG_SESSION_CLASS': 'user', 'TERM': 'xterm-256color', 'GNOME_DESKTOP_SESSION_ID': 'this-is-deprecated', 'FC_FONTATIONS': '1', 'PATH': '/home/kiki/.config/Code/User/globalStorage/github.copilot-chat/debugCommand:/home/kiki/.config/Code/User/globalStorage/github.copilot-chat/copilotCli:/opt/ros/jazzy/opt/gz_msgs_vendor/bin:/opt/ros/jazzy/opt/gz_tools_vendor/bin:/opt/ros/jazzy/opt/gz_ogre_next_vendor/bin:/opt/ros/jazzy/bin:/home/kiki/.local/bin:/usr/local/sbin:/usr/local/bin:/usr/sbin:/usr/bin:/sbin:/bin:/usr/games:/usr/local/games:/snap/bin', 'SESSION_MANAGER': 'local/kiki-Legion-5-15IRX10:@/tmp/.ICE-unix/2316,unix/kiki-Legion-5-15IRX10:/tmp/.ICE-unix/2316', 'GDM_LANG': 'en_US', 'XDG_SESSION_PATH': '/org/freedesktop/DisplayManager/Session0', 'XDG_MENU_PREFIX': 'gnome-', 'GNOME_TERMINAL_SCREEN': '/org/gnome/Terminal/screen/baeb7fd1_d83d_4b74_a636_0cdf0e2ee410', 'XDG_RUNTIME_DIR': '/run/user/1000', 'GDK_BACKEND': 'x11', 'DISPLAY': ':0', 'LANG': 'en_US.UTF-8', 'XDG_CURRENT_DESKTOP': 'ubuntu:GNOME', 'XMODIFIERS': '@im=ibus', 'XDG_SESSION_DESKTOP': 'ubuntu', 'XAUTHORITY': '/home/kiki/.Xauthority', 'LS_COLORS': 'rs=0:di=01;34:ln=01;36:mh=00:pi=40;33:so=01;35:do=01;35:bd=40;33;01:cd=40;33;01:or=40;31;01:mi=00:su=37;41:sg=30;43:ca=00:tw=30;42:ow=34;42:st=37;44:ex=01;32:*.tar=01;31:*.tgz=01;31:*.arc=01;31:*.arj=01;31:*.taz=01;31:*.lha=01;31:*.lz4=01;31:*.lzh=01;31:*.lzma=01;31:*.tlz=01;31:*.txz=01;31:*.tzo=01;31:*.t7z=01;31:*.zip=01;31:*.z=01;31:*.dz=01;31:*.gz=01;31:*.lrz=01;31:*.lz=01;31:*.lzo=01;31:*.xz=01;31:*.zst=01;31:*.tzst=01;31:*.bz2=01;31:*.bz=01;31:*.tbz=01;31:*.tbz2=01;31:*.tz=01;31:*.deb=01;31:*.rpm=01;31:*.jar=01;31:*.war=01;31:*.ear=01;31:*.sar=01;31:*.rar=01;31:*.alz=01;31:*.ace=01;31:*.zoo=01;31:*.cpio=01;31:*.7z=01;31:*.rz=01;31:*.cab=01;31:*.wim=01;31:*.swm=01;31:*.dwm=01;31:*.esd=01;31:*.avif=01;35:*.jpg=01;35:*.jpeg=01;35:*.mjpg=01;35:*.mjpeg=01;35:*.gif=01;35:*.bmp=01;35:*.pbm=01;35:*.pgm=01;35:*.ppm=01;35:*.tga=01;35:*.xbm=01;35:*.xpm=01;35:*.tif=01;35:*.tiff=01;35:*.png=01;35:*.svg=01;35:*.svgz=01;35:*.mng=01;35:*.pcx=01;35:*.mov=01;35:*.mpg=01;35:*.mpeg=01;35:*.m2v=01;35:*.mkv=01;35:*.webm=01;35:*.webp=01;35:*.ogm=01;35:*.mp4=01;35:*.m4v=01;35:*.mp4v=01;35:*.vob=01;35:*.qt=01;35:*.nuv=01;35:*.wmv=01;35:*.asf=01;35:*.rm=01;35:*.rmvb=01;35:*.flc=01;35:*.avi=01;35:*.fli=01;35:*.flv=01;35:*.gl=01;35:*.dl=01;35:*.xcf=01;35:*.xwd=01;35:*.yuv=01;35:*.cgm=01;35:*.emf=01;35:*.ogv=01;35:*.ogx=01;35:*.aac=00;36:*.au=00;36:*.flac=00;36:*.m4a=00;36:*.mid=00;36:*.midi=00;36:*.mka=00;36:*.mp3=00;36:*.mpc=00;36:*.ogg=00;36:*.ra=00;36:*.wav=00;36:*.oga=00;36:*.opus=00;36:*.spx=00;36:*.xspf=00;36:*~=00;90:*#=00;90:*.bak=00;90:*.crdownload=00;90:*.dpkg-dist=00;90:*.dpkg-new=00;90:*.dpkg-old=00;90:*.dpkg-tmp=00;90:*.old=00;90:*.orig=00;90:*.part=00;90:*.rej=00;90:*.rpmnew=00;90:*.rpmorig=00;90:*.rpmsave=00;90:*.swp=00;90:*.tmp=00;90:*.ucf-dist=00;90:*.ucf-new=00;90:*.ucf-old=00;90:', 'VSCODE_GIT_IPC_HANDLE': '/run/user/1000/vscode-git-dce2dde1a1.sock', 'GNOME_TERMINAL_SERVICE': ':1.121', 'TERM_PROGRAM': 'vscode', 'SSH_AUTH_SOCK': '/run/user/1000/keyring/ssh', 'ROS_DOMAIN_ID': '7', 'XDG_GREETER_DATA_DIR': '/var/lib/lightdm-data/kiki', 'AMENT_PREFIX_PATH': '/opt/ros/jazzy', 'SHELL': '/bin/bash', 'QT_ACCESSIBILITY': '1', 'GDMSESSION': 'ubuntu', 'LESSCLOSE': '/usr/bin/lesspipe %s %s', 'GPG_AGENT_INFO': '/run/user/1000/gnupg/S.gpg-agent:0:1', 'ROS_AUTOMATIC_DISCOVERY_RANGE': 'SUBNET', 'VSCODE_GIT_ASKPASS_EXTRA_ARGS': '', 'QT_IM_MODULE': 'ibus', 'PWD': '/home/kiki/sentinel_ws/build/sentinel_publisher', 'LC_ALL': 'en_US.UTF-8', 'XDG_CONFIG_DIRS': '/etc/xdg/xdg-ubuntu:/etc/xdg', 'XDG_DATA_DIRS': '/usr/share/ubuntu:/usr/share/gnome:/usr/local/share:/usr/share:/var/lib/snapd/desktop', 'PYTHONPATH': '/opt/ros/jazzy/lib/python3.12/site-packages', 'COLCON': '1', 'MEMORY_PRESSURE_WRITE': 'c29tZSAyMDAwMDAgMjAwMDAwMAA=', 'VTE_VERSION': '7600', 'CMAKE_PREFIX_PATH': '/opt/ros/jazzy/opt/gz_sim_vendor:/opt/ros/jazzy/opt/gz_sensors_vendor:/opt/ros/jazzy/opt/gz_physics_vendor:/opt/ros/jazzy/opt/sdformat_vendor:/opt/ros/jazzy/opt/gz_gui_vendor:/opt/ros/jazzy/opt/gz_transport_vendor:/opt/ros/jazzy/opt/gz_rendering_vendor:/opt/ros/jazzy/opt/gz_plugin_vendor:/opt/ros/jazzy/opt/gz_fuel_tools_vendor:/opt/ros/jazzy/opt/gz_msgs_vendor:/opt/ros/jazzy/opt/gz_common_vendor:/opt/ros/jazzy/opt/gz_math_vendor:/opt/ros/jazzy/opt/gz_utils_vendor:/opt/ros/jazzy/opt/gz_tools_vendor:/opt/ros/jazzy/opt/gz_ogre_next_vendor:/opt/ros/jazzy/opt/gz_dartsim_vendor:/opt/ros/jazzy/opt/gz_cmake_vendor:/opt/ros/jazzy'}), 'shell': False}
[0.077162] (sentinel_publisher) StdoutLine: {'line': b'-- The C compiler identification is GNU 13.3.0\n'}
[0.077499] (serial) StdoutLine: {'line': b'-- The C compiler identification is GNU 13.3.0\n'}
[0.099942] (-) TimerEvent: {}
[0.137993] (sentinel_publisher) StdoutLine: {'line': b'-- The CXX compiler identification is GNU 13.3.0\n'}
[0.139771] (serial) StdoutLine: {'line': b'-- The CXX compiler identification is GNU 13.3.0\n'}
[0.152447] (sentinel_publisher) StdoutLine: {'line': b'-- Detecting C compiler ABI info\n'}
[0.152622] (serial) StdoutLine: {'line': b'-- Detecting C compiler ABI info\n'}
[0.200084] (-) TimerEvent: {}
[0.222014] (sentinel_publisher) StdoutLine: {'line': b'-- Detecting C compiler ABI info - done\n'}
[0.227411] (sentinel_publisher) StdoutLine: {'line': b'-- Check for working C compiler: /usr/bin/cc - skipped\n'}
[0.228371] (sentinel_publisher) StdoutLine: {'line': b'-- Detecting C compile features\n'}
[0.228682] (sentinel_publisher) StdoutLine: {'line': b'-- Detecting C compile features - done\n'}
[0.229923] (serial) StdoutLine: {'line': b'-- Detecting C compiler ABI info - done\n'}
[0.235500] (serial) StdoutLine: {'line': b'-- Check for working C compiler: /usr/bin/cc - skipped\n'}
[0.235699] (serial) StdoutLine: {'line': b'-- Detecting C compile features\n'}
[0.235794] (serial) StdoutLine: {'line': b'-- Detecting C compile features - done\n'}
[0.237675] (sentinel_publisher) StdoutLine: {'line': b'-- Detecting CXX compiler ABI info\n'}
[0.242748] (serial) StdoutLine: {'line': b'-- Detecting CXX compiler ABI info\n'}
[0.300177] (-) TimerEvent: {}
[0.314247] (sentinel_publisher) StdoutLine: {'line': b'-- Detecting CXX compiler ABI info - done\n'}
[0.314490] (serial) StdoutLine: {'line': b'-- Detecting CXX compiler ABI info - done\n'}
[0.323226] (serial) StdoutLine: {'line': b'-- Check for working CXX compiler: /usr/bin/c++ - skipped\n'}
[0.323495] (serial) StdoutLine: {'line': b'-- Detecting CXX compile features\n'}
[0.323747] (serial) StdoutLine: {'line': b'-- Detecting CXX compile features - done\n'}
[0.324229] (sentinel_publisher) StdoutLine: {'line': b'-- Check for working CXX compiler: /usr/bin/c++ - skipped\n'}
[0.324522] (sentinel_publisher) StdoutLine: {'line': b'-- Detecting CXX compile features\n'}
[0.324769] (sentinel_publisher) StdoutLine: {'line': b'-- Detecting CXX compile features - done\n'}
[0.330339] (sentinel_publisher) StdoutLine: {'line': b'-- Found ament_cmake: 2.5.4 (/opt/ros/jazzy/share/ament_cmake/cmake)\n'}
[0.330467] (serial) StdoutLine: {'line': b'-- Found ament_cmake: 2.5.4 (/opt/ros/jazzy/share/ament_cmake/cmake)\n'}
[0.400319] (-) TimerEvent: {}
[0.428049] (serial) StdoutLine: {'line': b'-- Found Python3: /usr/bin/python3 (found version "3.12.3") found components: Interpreter \n'}
[0.436938] (sentinel_publisher) StdoutLine: {'line': b'-- Found Python3: /usr/bin/python3 (found version "3.12.3") found components: Interpreter \n'}
[0.476389] (serial) StdoutLine: {'line': b'-- Override CMake install command with custom implementation using symlinks instead of copying resources\n'}
[0.480868] (sentinel_publisher) StdoutLine: {'line': b'-- Override CMake install command with custom implementation using symlinks instead of copying resources\n'}
[0.500410] (-) TimerEvent: {}
[0.508250] (sentinel_publisher) StdoutLine: {'line': b'-- Found rclcpp: 28.1.13 (/opt/ros/jazzy/share/rclcpp/cmake)\n'}
[0.511750] (serial) StdoutLine: {'line': b'-- Found ament_cmake_gtest: 2.5.4 (/opt/ros/jazzy/share/ament_cmake_gtest/cmake)\n'}
[0.522361] (serial) StdoutLine: {'line': b'-- Found Boost: /usr/lib/x86_64-linux-gnu/cmake/Boost-1.83.0/BoostConfig.cmake (found version "1.83.0")  \n'}
[0.525366] (serial) StdoutLine: {'line': b"-- Found gtest sources under '/opt/ros/jazzy/src/gtest_vendor': C++ tests using 'Google Test' will be built\n"}
[0.526820] (serial) StdoutLine: {'line': b'-- Performing Test CMAKE_HAVE_LIBC_PTHREAD\n'}
[0.544910] (sentinel_publisher) StdoutLine: {'line': b'-- Found rosidl_generator_c: 4.6.6 (/opt/ros/jazzy/share/rosidl_generator_c/cmake)\n'}
[0.555207] (sentinel_publisher) StdoutLine: {'line': b'-- Found rosidl_generator_cpp: 4.6.6 (/opt/ros/jazzy/share/rosidl_generator_cpp/cmake)\n'}
[0.568499] (sentinel_publisher) StdoutLine: {'line': b'-- Using all available rosidl_typesupport_c: rosidl_typesupport_fastrtps_c;rosidl_typesupport_introspection_c\n'}
[0.582230] (sentinel_publisher) StdoutLine: {'line': b'-- Using all available rosidl_typesupport_cpp: rosidl_typesupport_fastrtps_cpp;rosidl_typesupport_introspection_cpp\n'}
[0.598208] (serial) StdoutLine: {'line': b'-- Performing Test CMAKE_HAVE_LIBC_PTHREAD - Success\n'}
[0.599069] (serial) StdoutLine: {'line': b'-- Found Threads: TRUE  \n'}
[0.600479] (-) TimerEvent: {}
[0.638805] (sentinel_publisher) StdoutLine: {'line': b'-- Found rmw_implementation_cmake: 7.3.2 (/opt/ros/jazzy/share/rmw_implementation_cmake/cmake)\n'}
[0.641575] (sentinel_publisher) StdoutLine: {'line': b'-- Found rmw_fastrtps_cpp: 8.4.3 (/opt/ros/jazzy/share/rmw_fastrtps_cpp/cmake)\n'}
[0.659226] (serial) StdoutLine: {'line': b'-- Configuring done (0.6s)\n'}
[0.664843] (serial) StdoutLine: {'line': b'-- Generating done (0.0s)\n'}
[0.666514] (serial) StdoutLine: {'line': b'-- Build files have been written to: /home/kiki/sentinel_ws/build/serial\n'}
[0.669978] (serial) CommandEnded: {'returncode': 0}
[0.670262] (serial) JobProgress: {'identifier': 'serial', 'progress': 'build'}
[0.670502] (serial) Command: {'cmd': ['/usr/bin/cmake', '--build', '/home/kiki/sentinel_ws/build/serial', '--', '-j20', '-l20'], 'cwd': '/home/kiki/sentinel_ws/build/serial', 'env': OrderedDict({'LESSOPEN': '| /usr/bin/lesspipe %s', 'GZ_SIM_RESOURCE_PATH': '/opt/ros/jazzy/share', 'LANGUAGE': 'en_US', 'USER': 'kiki', 'GZ_CONFIG_PATH': '/opt/ros/jazzy/opt/gz_sim_vendor/share/gz:/opt/ros/jazzy/opt/sdformat_vendor/share/gz:/opt/ros/jazzy/opt/gz_gui_vendor/share/gz:/opt/ros/jazzy/opt/gz_transport_vendor/share/gz:/opt/ros/jazzy/opt/gz_rendering_vendor/share/gz:/opt/ros/jazzy/opt/gz_plugin_vendor/share/gz:/opt/ros/jazzy/opt/gz_fuel_tools_vendor/share/gz:/opt/ros/jazzy/opt/gz_msgs_vendor/share/gz:/opt/ros/jazzy/opt/gz_common_vendor/share/gz', 'XDG_SESSION_TYPE': 'x11', 'GIT_ASKPASS': '/usr/share/code/resources/app/extensions/git/dist/askpass.sh', 'CLUTTER_DISABLE_MIPMAPPED_TEXT': '1', 'SHLVL': '2', 'LD_LIBRARY_PATH': '/opt/ros/jazzy/opt/gz_sim_vendor/lib:/opt/ros/jazzy/opt/gz_sensors_vendor/lib:/opt/ros/jazzy/opt/gz_physics_vendor/lib:/opt/ros/jazzy/opt/sdformat_vendor/lib:/opt/ros/jazzy/opt/rviz_ogre_vendor/lib:/opt/ros/jazzy/lib/x86_64-linux-gnu:/opt/ros/jazzy/opt/gz_gui_vendor/lib:/opt/ros/jazzy/opt/gz_transport_vendor/lib:/opt/ros/jazzy/opt/gz_rendering_vendor/lib:/opt/ros/jazzy/opt/gz_plugin_vendor/lib:/opt/ros/jazzy/opt/gz_fuel_tools_vendor/lib:/opt/ros/jazzy/opt/gz_msgs_vendor/lib:/opt/ros/jazzy/opt/gz_common_vendor/lib:/opt/ros/jazzy/opt/gz_math_vendor/lib:/opt/ros/jazzy/opt/gz_utils_vendor/lib:/opt/ros/jazzy/opt/gz_tools_vendor/lib:/opt/ros/jazzy/opt/gz_ogre_next_vendor/lib:/opt/ros/jazzy/opt/gz_dartsim_vendor/lib:/opt/ros/jazzy/opt/gz_cmake_vendor/lib:/opt/ros/jazzy/lib', 'HOME': '/home/kiki', 'CHROME_DESKTOP': 'code.desktop', 'OLDPWD': '/home/kiki/sentinel_ws/src', 'TERM_PROGRAM_VERSION': '1.107.1', 'DESKTOP_SESSION': 'ubuntu', 'ROS_PYTHON_VERSION': '3', 'GNOME_SHELL_SESSION_MODE': 'ubuntu', 'GTK_MODULES': 'gail:atk-bridge', 'XDG_SEAT_PATH': '/org/freedesktop/DisplayManager/Seat0', 'VSCODE_GIT_ASKPASS_MAIN': '/usr/share/code/resources/app/extensions/git/dist/askpass-main.js', 'VSCODE_GIT_ASKPASS_NODE': '/usr/share/code/code', 'SYSTEMD_EXEC_PID': '2376', 'VSCODE_PYTHON_AUTOACTIVATE_GUARD': '1', 'GSM_SKIP_SSH_AGENT_WORKAROUND': 'true', 'DBUS_SESSION_BUS_ADDRESS': 'unix:path=/run/user/1000/bus', 'COLORTERM': 'truecolor', 'DEBUGINFOD_URLS': 'https://debuginfod.ubuntu.com', 'ROS_DISTRO': 'jazzy', 'LOGNAME': 'kiki', '_': '/usr/bin/colcon', 'ROS_VERSION': '2', 'MEMORY_PRESSURE_WATCH': '/sys/fs/cgroup/user.slice/user-1000.slice/user@1000.service/session.slice/org.gnome.Shell@x11.service/memory.pressure', 'CLAUDE_CODE_SSE_PORT': '22714', 'XDG_SESSION_CLASS': 'user', 'TERM': 'xterm-256color', 'GNOME_DESKTOP_SESSION_ID': 'this-is-deprecated', 'FC_FONTATIONS': '1', 'PATH': '/home/kiki/.config/Code/User/globalStorage/github.copilot-chat/debugCommand:/home/kiki/.config/Code/User/globalStorage/github.copilot-chat/copilotCli:/opt/ros/jazzy/opt/gz_msgs_vendor/bin:/opt/ros/jazzy/opt/gz_tools_vendor/bin:/opt/ros/jazzy/opt/gz_ogre_next_vendor/bin:/opt/ros/jazzy/bin:/home/kiki/.local/bin:/usr/local/sbin:/usr/local/bin:/usr/sbin:/usr/bin:/sbin:/bin:/usr/games:/usr/local/games:/snap/bin', 'SESSION_MANAGER': 'local/kiki-Legion-5-15IRX10:@/tmp/.ICE-unix/2316,unix/kiki-Legion-5-15IRX10:/tmp/.ICE-unix/2316', 'GDM_LANG': 'en_US', 'XDG_SESSION_PATH': '/org/freedesktop/DisplayManager/Session0', 'XDG_MENU_PREFIX': 'gnome-', 'GNOME_TERMINAL_SCREEN': '/org/gnome/Terminal/screen/baeb7fd1_d83d_4b74_a636_0cdf0e2ee410', 'XDG_RUNTIME_DIR': '/run/user/1000', 'GDK_BACKEND': 'x11', 'DISPLAY': ':0', 'LANG': 'en_US.UTF-8', 'XDG_CURRENT_DESKTOP': 'ubuntu:GNOME', 'XMODIFIERS': '@im=ibus', 'XDG_SESSION_DESKTOP': 'ubuntu', 'XAUTHORITY': '/home/kiki/.Xauthority', 'LS_COLORS': 'rs=0:di=01;34:ln=01;36:mh=00:pi=40;33:so=01;35:do=01;35:bd=40;33;01:cd=40;33;01:or=40;31;01:mi=00:su=37;41:sg=30;43:ca=00:tw=30;42:ow=34;42:st=37;44:ex=01;32:*.tar=01;31:*.tgz=01;31:*.arc=01;31:*.arj=01;31:*.taz=01;31:*.lha=01;31:*.lz4=01;31:*.lzh=01;31:*.lzma=01;31:*.tlz=01;31:*.txz=01;31:*.tzo=01;31:*.t7z=01;31:*.zip=01;31:*.z=01;31:*.dz=01;31:*.gz=01;31:*.lrz=01;31:*.lz=01;31:*.lzo=01;31:*.xz=01;31:*.zst=01;31:*.tzst=01;31:*.bz2=01;31:*.bz=01;31:*.tbz=01;31:*.tbz2=01;31:*.tz=01;31:*.deb=01;31:*.rpm=01;31:*.jar=01;31:*.war=01;31:*.ear=01;31:*.sar=01;31:*.rar=01;31:*.alz=01;31:*.ace=01;31:*.zoo=01;31:*.cpio=01;31:*.7z=01;31:*.rz=01;31:*.cab=01;31:*.wim=01;31:*.swm=01;31:*.dwm=01;31:*.esd=01;31:*.avif=01;35:*.jpg=01;35:*.jpeg=01;35:*.mjpg=01;35:*.mjpeg=01;35:*.gif=01;35:*.bmp=01;35:*.pbm=01;35:*.pgm=01;35:*.ppm=01;35:*.tga=01;35:*.xbm=01;35:*.xpm=01;35:*.tif=01;35:*.tiff=01;35:*.png=01;35:*.svg=01;35:*.svgz=01;35:*.mng=01;35:*.pcx=01;35:*.mov=01;35:*.mpg=01;35:*.mpeg=01;35:*.m2v=01;35:*.mkv=01;35:*.webm=01;35:*.webp=01;35:*.ogm=01;35:*.mp4=01;35:*.m4v=01;35:*.mp4v=01;35:*.vob=01;35:*.qt=01;35:*.nuv=01;35:*.wmv=01;35:*.asf=01;35:*.rm=01;35:*.rmvb=01;35:*.flc=01;35:*.avi=01;35:*.fli=01;35:*.flv=01;35:*.gl=01;35:*.dl=01;35:*.xcf=01;35:*.xwd=01;35:*.yuv=01;35:*.cgm=01;35:*.emf=01;35:*.ogv=01;35:*.ogx=01;35:*.aac=00;36:*.au=00;36:*.flac=00;36:*.m4a=00;36:*.mid=00;36:*.midi=00;36:*.mka=00;36:*.mp3=00;36:*.mpc=00;36:*.ogg=00;36:*.ra=00;36:*.wav=00;36:*.oga=00;36:*.opus=00;36:*.spx=00;36:*.xspf=00;36:*~=00;90:*#=00;90:*.bak=00;90:*.crdownload=00;90:*.dpkg-dist=00;90:*.dpkg-new=00;90:*.dpkg-old=00;90:*.dpkg-tmp=00;90:*.old=00;90:*.orig=00;90:*.part=00;90:*.rej=00;90:*.rpmnew=00;90:*.rpmorig=00;90:*.rpmsave=00;90:*.swp=00;90:*.tmp=00;90:*.ucf-dist=00;90:*.ucf-new=00;90:*.ucf-old=00;90:', 'VSCODE_GIT_IPC_HANDLE': '/run/user/1000/vscode-git-dce2dde1a1.sock', 'GNOME_TERMINAL_SERVICE': ':1.121', 'TERM_PROGRAM': 'vscode', 'SSH_AUTH_SOCK': '/run/user/1000/keyring/ssh', 'ROS_DOMAIN_ID': '7', 'XDG_GREETER_DATA_DIR': '/var/lib/lightdm-data/kiki', 'AMENT_PREFIX_PATH': '/opt/ros/jazzy', 'SHELL': '/bin/bash', 'QT_ACCESSIBILITY': '1', 'GDMSESSION': 'ubuntu', 'LESSCLOSE': '/usr/bin/lesspipe %s %s', 'GPG_AGENT_INFO': '/run/user/1000/gnupg/S.gpg-agent:0:1', 'ROS_AUTOMATIC_DISCOVERY_RANGE': 'SUBNET', 'VSCODE_GIT_ASKPASS_EXTRA_ARGS': '', 'QT_IM_MODULE': 'ibus', 'PWD': '/home/kiki/sentinel_ws/build/serial', 'LC_ALL': 'en_US.UTF-8', 'XDG_CONFIG_DIRS': '/etc/xdg/xdg-ubuntu:/etc/xdg', 'XDG_DATA_DIRS': '/usr/share/ubuntu:/usr/share/gnome:/usr/local/share:/usr/share:/var/lib/snapd/desktop', 'PYTHONPATH': '/opt/ros/jazzy/lib/python3.12/site-packages', 'COLCON': '1', 'MEMORY_PRESSURE_WRITE': 'c29tZSAyMDAwMDAgMjAwMDAwMAA=', 'VTE_VERSION': '7600', 'CMAKE_PREFIX_PATH': '/opt/ros/jazzy/opt/gz_sim_vendor:/opt/ros/jazzy/opt/gz_sensors_vendor:/opt/ros/jazzy/opt/gz_physics_vendor:/opt/ros/jazzy/opt/sdformat_vendor:/opt/ros/jazzy/opt/gz_gui_vendor:/opt/ros/jazzy/opt/gz_transport_vendor:/opt/ros/jazzy/opt/gz_rendering_vendor:/opt/ros/jazzy/opt/gz_plugin_vendor:/opt/ros/jazzy/opt/gz_fuel_tools_vendor:/opt/ros/jazzy/opt/gz_msgs_vendor:/opt/ros/jazzy/opt/gz_common_vendor:/opt/ros/jazzy/opt/gz_math_vendor:/opt/ros/jazzy/opt/gz_utils_vendor:/opt/ros/jazzy/opt/gz_tools_vendor:/opt/ros/jazzy/opt/gz_ogre_next_vendor:/opt/ros/jazzy/opt/gz_dartsim_vendor:/opt/ros/jazzy/opt/gz_cmake_vendor:/opt/ros/jazzy'}), 'shell': False}
[0.700593] (-) TimerEvent: {}
[0.707425] (serial) StdoutLine: {'line': b'[ 14%] \x1b[32mBuilding CXX object CMakeFiles/serial.dir/src/serial.cc.o\x1b[0m\n'}
[0.707581] (serial) StdoutLine: {'line': b'[ 14%] \x1b[32mBuilding CXX object CMakeFiles/serial.dir/src/impl/unix.cc.o\x1b[0m\n'}
[0.708022] (serial) StdoutLine: {'line': b'[ 21%] \x1b[32mBuilding CXX object gtest/CMakeFiles/gtest_main.dir/src/gtest_main.cc.o\x1b[0m\n'}
[0.710157] (serial) StdoutLine: {'line': b'[ 28%] \x1b[32mBuilding CXX object CMakeFiles/serial.dir/src/impl/list_ports/list_ports_linux.cc.o\x1b[0m\n'}
[0.710312] (serial) StdoutLine: {'line': b'[ 35%] \x1b[32mBuilding CXX object gtest/CMakeFiles/gtest.dir/src/gtest-all.cc.o\x1b[0m\n'}
[0.714836] (sentinel_publisher) StdoutLine: {'line': b'-- Found OpenSSL: /usr/lib/x86_64-linux-gnu/libcrypto.so (found version "3.0.13")  \n'}
[0.734410] (sentinel_publisher) StdoutLine: {'line': b'-- Found FastRTPS: /opt/ros/jazzy/include (Required is at least version "2.13") \n'}
[0.754437] (sentinel_publisher) StdoutLine: {'line': b"-- Using RMW implementation 'rmw_fastrtps_cpp' as default\n"}
[0.800722] (-) TimerEvent: {}
[0.816737] (sentinel_publisher) StdoutLine: {'line': b'-- Found rclcpp_action: 28.1.13 (/opt/ros/jazzy/share/rclcpp_action/cmake)\n'}
[0.856447] (sentinel_publisher) StdoutLine: {'line': b'-- Found geometry_msgs: 5.3.6 (/opt/ros/jazzy/share/geometry_msgs/cmake)\n'}
[0.885865] (sentinel_publisher) StdoutLine: {'line': b'-- Found nav2_msgs: 1.3.10 (/opt/ros/jazzy/share/nav2_msgs/cmake)\n'}
[0.900823] (-) TimerEvent: {}
[0.996084] (serial) StdoutLine: {'line': b'[ 42%] \x1b[32m\x1b[1mLinking CXX static library libserial.a\x1b[0m\n'}
[1.001024] (-) TimerEvent: {}
[1.002234] (sentinel_publisher) StdoutLine: {'line': b'-- Found PostgreSQL: /usr/lib/x86_64-linux-gnu/libpq.so (found version "16.13")  \n'}
[1.006099] (sentinel_publisher) StdoutLine: {'line': b'-- Found nlohmann_json: /usr/share/cmake/nlohmann_json/nlohmann_jsonConfig.cmake (found version "3.11.3") \n'}
[1.008455] (sentinel_publisher) StdoutLine: {'line': b'-- Found sensor_msgs: 5.3.6 (/opt/ros/jazzy/share/sensor_msgs/cmake)\n'}
[1.026940] (sentinel_publisher) StdoutLine: {'line': b'-- Found lifecycle_msgs: 2.0.3 (/opt/ros/jazzy/share/lifecycle_msgs/cmake)\n'}
[1.040947] (sentinel_publisher) StdoutLine: {'line': b'-- Found ros_gz_sim: 1.0.16 (/opt/ros/jazzy/share/ros_gz_sim/cmake)\n'}
[1.052135] (serial) StdoutLine: {'line': b'[ 42%] Built target serial\n'}
[1.069462] (serial) StdoutLine: {'line': b'[ 50%] \x1b[32mBuilding CXX object CMakeFiles/serial_example.dir/examples/serial_example.cc.o\x1b[0m\n'}
[1.101186] (-) TimerEvent: {}
[1.110954] (sentinel_publisher) StdoutLine: {'line': b'-- Found ros_gz_bridge: 1.0.16 (/opt/ros/jazzy/share/ros_gz_bridge/cmake)\n'}
[1.127580] (sentinel_publisher) StdoutLine: {'line': b'-- Looking for gz-msgs10 -- found version 10.3.2\n'}
[1.133818] (sentinel_publisher) StdoutLine: {'line': b'-- Searching for dependencies of gz-msgs10\n'}
[1.201308] (-) TimerEvent: {}
[1.202067] (serial) StdoutLine: {'line': b'[ 57%] \x1b[32m\x1b[1mLinking CXX static library libgtest_main.a\x1b[0m\n'}
[1.234533] (sentinel_publisher) StdoutLine: {'line': b'-- Found Protobuf: /usr/lib/x86_64-linux-gnu/libprotobuf.so (found version "3.21.12") \n'}
[1.236455] (sentinel_publisher) StdoutLine: {'line': b'-- Looking for gz-utils2 -- found version 2.2.1\n'}
[1.236631] (sentinel_publisher) StdoutLine: {'line': b'-- Searching for dependencies of gz-utils2\n'}
[1.238350] (sentinel_publisher) StdoutLine: {'line': b'-- Looking for gz-math7 -- found version 7.5.2\n'}
[1.238470] (sentinel_publisher) StdoutLine: {'line': b'-- Searching for dependencies of gz-math7\n'}
[1.238600] (sentinel_publisher) StdoutLine: {'line': b'-- Looking for gz-utils2 -- found version 2.2.1\n'}
[1.243426] (sentinel_publisher) StdoutLine: {'line': b"-- Checking for module 'tinyxml2'\n"}
[1.252529] (serial) StdoutLine: {'line': b'[ 57%] Built target gtest_main\n'}
[1.254965] (sentinel_publisher) StdoutLine: {'line': b'--   Found tinyxml2, version 10.0.0\n'}
[1.257913] (serial) StdoutLine: {'line': b'[ 64%] \x1b[32m\x1b[1mLinking CXX executable serial_example\x1b[0m\n'}
[1.288330] (sentinel_publisher) StdoutLine: {'line': b'-- Looking for gz-transport13 -- found version 13.5.0\n'}
[1.288488] (sentinel_publisher) StdoutLine: {'line': b'-- Searching for dependencies of gz-transport13\n'}
[1.301389] (-) TimerEvent: {}
[1.309893] (sentinel_publisher) StdoutLine: {'line': b'-- Config-file not installed for ZeroMQ -- checking for pkg-config\n'}
[1.310439] (serial) StdoutLine: {'line': b'[ 64%] Built target serial_example\n'}
[1.313401] (sentinel_publisher) StdoutLine: {'line': b"-- Checking for module 'libzmq >= 4'\n"}
[1.326074] (sentinel_publisher) StdoutLine: {'line': b'--   Found libzmq, version 4.3.5\n'}
[1.360431] (sentinel_publisher) StdoutLine: {'line': b'-- Found ZeroMQ: TRUE (Required is at least version "4") \n'}
[1.366274] (sentinel_publisher) StdoutLine: {'line': b"-- Checking for module 'uuid'\n"}
[1.377851] (sentinel_publisher) StdoutLine: {'line': b'--   Found uuid, version 2.39.3\n'}
[1.401491] (-) TimerEvent: {}
[1.404775] (sentinel_publisher) StdoutLine: {'line': b'-- Found UUID: TRUE  \n'}
[1.404952] (sentinel_publisher) StdoutLine: {'line': b'-- Looking for gz-utils2 -- found version 2.2.1\n'}
[1.405052] (sentinel_publisher) StdoutLine: {'line': b'-- Searching for dependencies of gz-utils2\n'}
[1.405130] (sentinel_publisher) StdoutLine: {'line': b'-- Searching for <gz-utils2> component [cli]\n'}
[1.406981] (sentinel_publisher) StdoutLine: {'line': b'-- Looking for gz-utils2-cli -- found version 2.2.1\n'}
[1.407145] (sentinel_publisher) StdoutLine: {'line': b'-- Searching for dependencies of gz-utils2-cli\n'}
[1.407754] (sentinel_publisher) StdoutLine: {'line': b'-- Looking for gz-msgs10 -- found version 10.3.2\n'}
[1.496521] (sentinel_publisher) StdoutLine: {'line': b'-- Found ament_lint_auto: 0.17.3 (/opt/ros/jazzy/share/ament_lint_auto/cmake)\n'}
[1.501603] (-) TimerEvent: {}
[1.567252] (sentinel_publisher) StdoutLine: {'line': b"-- Added test 'cppcheck' to perform static code analysis on C / C++ code\n"}
[1.567436] (sentinel_publisher) StdoutLine: {'line': b'-- Configured cppcheck include dirs: /home/kiki/sentinel_ws/src/sentinel_publisher/include\n'}
[1.567506] (sentinel_publisher) StdoutLine: {'line': b'-- Configured cppcheck exclude dirs and/or files: \n'}
[1.567947] (sentinel_publisher) StdoutLine: {'line': b"-- Added test 'flake8' to check Python code syntax and style conventions\n"}
[1.568114] (sentinel_publisher) StdoutLine: {'line': b"-- Configured 'flake8' exclude dirs and/or files: \n"}
[1.568603] (sentinel_publisher) StdoutLine: {'line': b"-- Added test 'lint_cmake' to check CMake code style\n"}
[1.569203] (sentinel_publisher) StdoutLine: {'line': b"-- Added test 'pep257' to check Python code against some of the docstring style conventions in PEP 257\n"}
[1.570104] (sentinel_publisher) StdoutLine: {'line': b"-- Added test 'uncrustify' to check C / C++ code style\n"}
[1.570272] (sentinel_publisher) StdoutLine: {'line': b'-- Configured uncrustify additional arguments: \n'}
[1.570622] (sentinel_publisher) StdoutLine: {'line': b"-- Added test 'xmllint' to check XML markup files\n"}
[1.571826] (sentinel_publisher) StdoutLine: {'line': b'-- Configuring done (1.6s)\n'}
[1.578203] (sentinel_publisher) StdoutLine: {'line': b'-- Generating done (0.0s)\n'}
[1.580431] (sentinel_publisher) StdoutLine: {'line': b'-- Build files have been written to: /home/kiki/sentinel_ws/build/sentinel_publisher\n'}
[1.589129] (sentinel_publisher) CommandEnded: {'returncode': 0}
[1.589768] (sentinel_publisher) JobProgress: {'identifier': 'sentinel_publisher', 'progress': 'build'}
[1.589794] (sentinel_publisher) Command: {'cmd': ['/usr/bin/cmake', '--build', '/home/kiki/sentinel_ws/build/sentinel_publisher', '--', '-j20', '-l20'], 'cwd': '/home/kiki/sentinel_ws/build/sentinel_publisher', 'env': OrderedDict({'LESSOPEN': '| /usr/bin/lesspipe %s', 'GZ_SIM_RESOURCE_PATH': '/opt/ros/jazzy/share', 'LANGUAGE': 'en_US', 'USER': 'kiki', 'GZ_CONFIG_PATH': '/opt/ros/jazzy/opt/gz_sim_vendor/share/gz:/opt/ros/jazzy/opt/sdformat_vendor/share/gz:/opt/ros/jazzy/opt/gz_gui_vendor/share/gz:/opt/ros/jazzy/opt/gz_transport_vendor/share/gz:/opt/ros/jazzy/opt/gz_rendering_vendor/share/gz:/opt/ros/jazzy/opt/gz_plugin_vendor/share/gz:/opt/ros/jazzy/opt/gz_fuel_tools_vendor/share/gz:/opt/ros/jazzy/opt/gz_msgs_vendor/share/gz:/opt/ros/jazzy/opt/gz_common_vendor/share/gz', 'XDG_SESSION_TYPE': 'x11', 'GIT_ASKPASS': '/usr/share/code/resources/app/extensions/git/dist/askpass.sh', 'CLUTTER_DISABLE_MIPMAPPED_TEXT': '1', 'SHLVL': '2', 'LD_LIBRARY_PATH': '/opt/ros/jazzy/opt/gz_sim_vendor/lib:/opt/ros/jazzy/opt/gz_sensors_vendor/lib:/opt/ros/jazzy/opt/gz_physics_vendor/lib:/opt/ros/jazzy/opt/sdformat_vendor/lib:/opt/ros/jazzy/opt/rviz_ogre_vendor/lib:/opt/ros/jazzy/lib/x86_64-linux-gnu:/opt/ros/jazzy/opt/gz_gui_vendor/lib:/opt/ros/jazzy/opt/gz_transport_vendor/lib:/opt/ros/jazzy/opt/gz_rendering_vendor/lib:/opt/ros/jazzy/opt/gz_plugin_vendor/lib:/opt/ros/jazzy/opt/gz_fuel_tools_vendor/lib:/opt/ros/jazzy/opt/gz_msgs_vendor/lib:/opt/ros/jazzy/opt/gz_common_vendor/lib:/opt/ros/jazzy/opt/gz_math_vendor/lib:/opt/ros/jazzy/opt/gz_utils_vendor/lib:/opt/ros/jazzy/opt/gz_tools_vendor/lib:/opt/ros/jazzy/opt/gz_ogre_next_vendor/lib:/opt/ros/jazzy/opt/gz_dartsim_vendor/lib:/opt/ros/jazzy/opt/gz_cmake_vendor/lib:/opt/ros/jazzy/lib', 'HOME': '/home/kiki', 'CHROME_DESKTOP': 'code.desktop', 'OLDPWD': '/home/kiki/sentinel_ws/src', 'TERM_PROGRAM_VERSION': '1.107.1', 'DESKTOP_SESSION': 'ubuntu', 'ROS_PYTHON_VERSION': '3', 'GNOME_SHELL_SESSION_MODE': 'ubuntu', 'GTK_MODULES': 'gail:atk-bridge', 'XDG_SEAT_PATH': '/org/freedesktop/DisplayManager/Seat0', 'VSCODE_GIT_ASKPASS_MAIN': '/usr/share/code/resources/app/extensions/git/dist/askpass-main.js', 'VSCODE_GIT_ASKPASS_NODE': '/usr/share/code/code', 'SYSTEMD_EXEC_PID': '2376', 'VSCODE_PYTHON_AUTOACTIVATE_GUARD': '1', 'GSM_SKIP_SSH_AGENT_WORKAROUND': 'true', 'DBUS_SESSION_BUS_ADDRESS': 'unix:path=/run/user/1000/bus', 'COLORTERM': 'truecolor', 'DEBUGINFOD_URLS': 'https://debuginfod.ubuntu.com', 'ROS_DISTRO': 'jazzy', 'LOGNAME': 'kiki', '_': '/usr/bin/colcon', 'ROS_VERSION': '2', 'MEMORY_PRESSURE_WATCH': '/sys/fs/cgroup/user.slice/user-1000.slice/user@1000.service/session.slice/org.gnome.Shell@x11.service/memory.pressure', 'CLAUDE_CODE_SSE_PORT': '22714', 'XDG_SESSION_CLASS': 'user', 'TERM': 'xterm-256color', 'GNOME_DESKTOP_SESSION_ID': 'this-is-deprecated', 'FC_FONTATIONS': '1', 'PATH': '/home/kiki/.config/Code/User/globalStorage/github.copilot-chat/debugCommand:/home/kiki/.config/Code/User/globalStorage/github.copilot-chat/copilotCli:/opt/ros/jazzy/opt/gz_msgs_vendor/bin:/opt/ros/jazzy/opt/gz_tools_vendor/bin:/opt/ros/jazzy/opt/gz_ogre_next_vendor/bin:/opt/ros/jazzy/bin:/home/kiki/.local/bin:/usr/local/sbin:/usr/local/bin:/usr/sbin:/usr/bin:/sbin:/bin:/usr/games:/usr/local/games:/snap/bin', 'SESSION_MANAGER': 'local/kiki-Legion-5-15IRX10:@/tmp/.ICE-unix/2316,unix/kiki-Legion-5-15IRX10:/tmp/.ICE-unix/2316', 'GDM_LANG': 'en_US', 'XDG_SESSION_PATH': '/org/freedesktop/DisplayManager/Session0', 'XDG_MENU_PREFIX': 'gnome-', 'GNOME_TERMINAL_SCREEN': '/org/gnome/Terminal/screen/baeb7fd1_d83d_4b74_a636_0cdf0e2ee410', 'XDG_RUNTIME_DIR': '/run/user/1000', 'GDK_BACKEND': 'x11', 'DISPLAY': ':0', 'LANG': 'en_US.UTF-8', 'XDG_CURRENT_DESKTOP': 'ubuntu:GNOME', 'XMODIFIERS': '@im=ibus', 'XDG_SESSION_DESKTOP': 'ubuntu', 'XAUTHORITY': '/home/kiki/.Xauthority', 'LS_COLORS': 'rs=0:di=01;34:ln=01;36:mh=00:pi=40;33:so=01;35:do=01;35:bd=40;33;01:cd=40;33;01:or=40;31;01:mi=00:su=37;41:sg=30;43:ca=00:tw=30;42:ow=34;42:st=37;44:ex=01;32:*.tar=01;31:*.tgz=01;31:*.arc=01;31:*.arj=01;31:*.taz=01;31:*.lha=01;31:*.lz4=01;31:*.lzh=01;31:*.lzma=01;31:*.tlz=01;31:*.txz=01;31:*.tzo=01;31:*.t7z=01;31:*.zip=01;31:*.z=01;31:*.dz=01;31:*.gz=01;31:*.lrz=01;31:*.lz=01;31:*.lzo=01;31:*.xz=01;31:*.zst=01;31:*.tzst=01;31:*.bz2=01;31:*.bz=01;31:*.tbz=01;31:*.tbz2=01;31:*.tz=01;31:*.deb=01;31:*.rpm=01;31:*.jar=01;31:*.war=01;31:*.ear=01;31:*.sar=01;31:*.rar=01;31:*.alz=01;31:*.ace=01;31:*.zoo=01;31:*.cpio=01;31:*.7z=01;31:*.rz=01;31:*.cab=01;31:*.wim=01;31:*.swm=01;31:*.dwm=01;31:*.esd=01;31:*.avif=01;35:*.jpg=01;35:*.jpeg=01;35:*.mjpg=01;35:*.mjpeg=01;35:*.gif=01;35:*.bmp=01;35:*.pbm=01;35:*.pgm=01;35:*.ppm=01;35:*.tga=01;35:*.xbm=01;35:*.xpm=01;35:*.tif=01;35:*.tiff=01;35:*.png=01;35:*.svg=01;35:*.svgz=01;35:*.mng=01;35:*.pcx=01;35:*.mov=01;35:*.mpg=01;35:*.mpeg=01;35:*.m2v=01;35:*.mkv=01;35:*.webm=01;35:*.webp=01;35:*.ogm=01;35:*.mp4=01;35:*.m4v=01;35:*.mp4v=01;35:*.vob=01;35:*.qt=01;35:*.nuv=01;35:*.wmv=01;35:*.asf=01;35:*.rm=01;35:*.rmvb=01;35:*.flc=01;35:*.avi=01;35:*.fli=01;35:*.flv=01;35:*.gl=01;35:*.dl=01;35:*.xcf=01;35:*.xwd=01;35:*.yuv=01;35:*.cgm=01;35:*.emf=01;35:*.ogv=01;35:*.ogx=01;35:*.aac=00;36:*.au=00;36:*.flac=00;36:*.m4a=00;36:*.mid=00;36:*.midi=00;36:*.mka=00;36:*.mp3=00;36:*.mpc=00;36:*.ogg=00;36:*.ra=00;36:*.wav=00;36:*.oga=00;36:*.opus=00;36:*.spx=00;36:*.xspf=00;36:*~=00;90:*#=00;90:*.bak=00;90:*.crdownload=00;90:*.dpkg-dist=00;90:*.dpkg-new=00;90:*.dpkg-old=00;90:*.dpkg-tmp=00;90:*.old=00;90:*.orig=00;90:*.part=00;90:*.rej=00;90:*.rpmnew=00;90:*.rpmorig=00;90:*.rpmsave=00;90:*.swp=00;90:*.tmp=00;90:*.ucf-dist=00;90:*.ucf-new=00;90:*.ucf-old=00;90:', 'VSCODE_GIT_IPC_HANDLE': '/run/user/1000/vscode-git-dce2dde1a1.sock', 'GNOME_TERMINAL_SERVICE': ':1.121', 'TERM_PROGRAM': 'vscode', 'SSH_AUTH_SOCK': '/run/user/1000/keyring/ssh', 'ROS_DOMAIN_ID': '7', 'XDG_GREETER_DATA_DIR': '/var/lib/lightdm-data/kiki', 'AMENT_PREFIX_PATH': '/opt/ros/jazzy', 'SHELL': '/bin/bash', 'QT_ACCESSIBILITY': '1', 'GDMSESSION': 'ubuntu', 'LESSCLOSE': '/usr/bin/lesspipe %s %s', 'GPG_AGENT_INFO': '/run/user/1000/gnupg/S.gpg-agent:0:1', 'ROS_AUTOMATIC_DISCOVERY_RANGE': 'SUBNET', 'VSCODE_GIT_ASKPASS_EXTRA_ARGS': '', 'QT_IM_MODULE': 'ibus', 'PWD': '/home/kiki/sentinel_ws/build/sentinel_publisher', 'LC_ALL': 'en_US.UTF-8', 'XDG_CONFIG_DIRS': '/etc/xdg/xdg-ubuntu:/etc/xdg', 'XDG_DATA_DIRS': '/usr/share/ubuntu:/usr/share/gnome:/usr/local/share:/usr/share:/var/lib/snapd/desktop', 'PYTHONPATH': '/opt/ros/jazzy/lib/python3.12/site-packages', 'COLCON': '1', 'MEMORY_PRESSURE_WRITE': 'c29tZSAyMDAwMDAgMjAwMDAwMAA=', 'VTE_VERSION': '7600', 'CMAKE_PREFIX_PATH': '/opt/ros/jazzy/opt/gz_sim_vendor:/opt/ros/jazzy/opt/gz_sensors_vendor:/opt/ros/jazzy/opt/gz_physics_vendor:/opt/ros/jazzy/opt/sdformat_vendor:/opt/ros/jazzy/opt/gz_gui_vendor:/opt/ros/jazzy/opt/gz_transport_vendor:/opt/ros/jazzy/opt/gz_rendering_vendor:/opt/ros/jazzy/opt/gz_plugin_vendor:/opt/ros/jazzy/opt/gz_fuel_tools_vendor:/opt/ros/jazzy/opt/gz_msgs_vendor:/opt/ros/jazzy/opt/gz_common_vendor:/opt/ros/jazzy/opt/gz_math_vendor:/opt/ros/jazzy/opt/gz_utils_vendor:/opt/ros/jazzy/opt/gz_tools_vendor:/opt/ros/jazzy/opt/gz_ogre_next_vendor:/opt/ros/jazzy/opt/gz_dartsim_vendor:/opt/ros/jazzy/opt/gz_cmake_vendor:/opt/ros/jazzy'}), 'shell': False}
[1.601726] (-) TimerEvent: {}
[1.633456] (sentinel_publisher) StdoutLine: {'line': b'[ 50%] \x1b[32mBuilding CXX object CMakeFiles/twist_to_stamped.dir/src/twist_to_stamped.cpp.o\x1b[0m\n'}
[1.701864] (-) TimerEvent: {}
[1.802138] (-) TimerEvent: {}
[1.902417] (-) TimerEvent: {}
[2.002751] (-) TimerEvent: {}
[2.103025] (-) TimerEvent: {}
[2.203304] (-) TimerEvent: {}
[2.303630] (-) TimerEvent: {}
[2.403943] (-) TimerEvent: {}
[2.504233] (-) TimerEvent: {}
[2.604500] (-) TimerEvent: {}
[2.704771] (-) TimerEvent: {}
[2.805023] (-) TimerEvent: {}
[2.837390] (serial) StdoutLine: {'line': b'[ 71%] \x1b[32m\x1b[1mLinking CXX static library libgtest.a\x1b[0m\n'}
[2.891440] (serial) StdoutLine: {'line': b'[ 71%] Built target gtest\n'}
[2.905162] (-) TimerEvent: {}
[2.910169] (serial) StdoutLine: {'line': b'[ 78%] \x1b[32mBuilding CXX object tests/CMakeFiles/serial-test-timer.dir/unit/unix_timer_tests.cc.o\x1b[0m\n'}
[2.910928] (serial) StdoutLine: {'line': b'[ 85%] \x1b[32mBuilding CXX object tests/CMakeFiles/serial-test.dir/unix_serial_tests.cc.o\x1b[0m\n'}
[3.005299] (-) TimerEvent: {}
[3.105568] (-) TimerEvent: {}
[3.205947] (-) TimerEvent: {}
[3.282015] (serial) StderrLine: {'line': b'In file included from \x1b[01m\x1b[K/usr/include/boost/bind/detail/requires_cxx11.hpp:9\x1b[m\x1b[K,\n'}
[3.282248] (serial) StderrLine: {'line': b'                 from \x1b[01m\x1b[K/usr/include/boost/bind/bind.hpp:24\x1b[m\x1b[K,\n'}
[3.282327] (serial) StderrLine: {'line': b'                 from \x1b[01m\x1b[K/usr/include/boost/bind.hpp:29\x1b[m\x1b[K,\n'}
[3.282391] (serial) StderrLine: {'line': b'                 from \x1b[01m\x1b[K/home/kiki/sentinel_ws/src/serial/tests/unix_serial_tests.cc:23\x1b[m\x1b[K:\n'}
[3.282454] (serial) StderrLine: {'line': b'\x1b[01m\x1b[K/usr/include/boost/bind.hpp:36:1:\x1b[m\x1b[K \x1b[01;36m\x1b[Knote: \x1b[m\x1b[K\xe2\x80\x98\x1b[01m\x1b[K#pragma message: The practice of declaring the Bind placeholders (_1, _2, ...) in the global namespace is deprecated. Please use <boost/bind/bind.hpp> + using namespace boost::placeholders, or define BOOST_BIND_GLOBAL_PLACEHOLDERS to retain the current behavior.\x1b[m\x1b[K\xe2\x80\x99\n'}
[3.282529] (serial) StderrLine: {'line': b'   36 | \x1b[01;36m\x1b[KBOOST_PRAGMA_MESSAGE\x1b[m\x1b[K(\n'}
[3.282591] (serial) StderrLine: {'line': b'      | \x1b[01;36m\x1b[K^~~~~~~~~~~~~~~~~~~~\x1b[m\x1b[K\n'}
[3.306045] (-) TimerEvent: {}
[3.392316] (serial) StdoutLine: {'line': b'[ 92%] \x1b[32m\x1b[1mLinking CXX executable serial-test-timer\x1b[0m\n'}
[3.406173] (-) TimerEvent: {}
[3.437577] (serial) StdoutLine: {'line': b'[100%] \x1b[32m\x1b[1mLinking CXX executable serial-test\x1b[0m\n'}
[3.466176] (serial) StdoutLine: {'line': b'[100%] Built target serial-test-timer\n'}
[3.506291] (-) TimerEvent: {}
[3.514403] (serial) StdoutLine: {'line': b'[100%] Built target serial-test\n'}
[3.523088] (serial) CommandEnded: {'returncode': 0}
[3.523651] (serial) JobProgress: {'identifier': 'serial', 'progress': 'install'}
[3.529362] (serial) Command: {'cmd': ['/usr/bin/cmake', '--install', '/home/kiki/sentinel_ws/build/serial'], 'cwd': '/home/kiki/sentinel_ws/build/serial', 'env': OrderedDict({'LESSOPEN': '| /usr/bin/lesspipe %s', 'GZ_SIM_RESOURCE_PATH': '/opt/ros/jazzy/share', 'LANGUAGE': 'en_US', 'USER': 'kiki', 'GZ_CONFIG_PATH': '/opt/ros/jazzy/opt/gz_sim_vendor/share/gz:/opt/ros/jazzy/opt/sdformat_vendor/share/gz:/opt/ros/jazzy/opt/gz_gui_vendor/share/gz:/opt/ros/jazzy/opt/gz_transport_vendor/share/gz:/opt/ros/jazzy/opt/gz_rendering_vendor/share/gz:/opt/ros/jazzy/opt/gz_plugin_vendor/share/gz:/opt/ros/jazzy/opt/gz_fuel_tools_vendor/share/gz:/opt/ros/jazzy/opt/gz_msgs_vendor/share/gz:/opt/ros/jazzy/opt/gz_common_vendor/share/gz', 'XDG_SESSION_TYPE': 'x11', 'GIT_ASKPASS': '/usr/share/code/resources/app/extensions/git/dist/askpass.sh', 'CLUTTER_DISABLE_MIPMAPPED_TEXT': '1', 'SHLVL': '2', 'LD_LIBRARY_PATH': '/opt/ros/jazzy/opt/gz_sim_vendor/lib:/opt/ros/jazzy/opt/gz_sensors_vendor/lib:/opt/ros/jazzy/opt/gz_physics_vendor/lib:/opt/ros/jazzy/opt/sdformat_vendor/lib:/opt/ros/jazzy/opt/rviz_ogre_vendor/lib:/opt/ros/jazzy/lib/x86_64-linux-gnu:/opt/ros/jazzy/opt/gz_gui_vendor/lib:/opt/ros/jazzy/opt/gz_transport_vendor/lib:/opt/ros/jazzy/opt/gz_rendering_vendor/lib:/opt/ros/jazzy/opt/gz_plugin_vendor/lib:/opt/ros/jazzy/opt/gz_fuel_tools_vendor/lib:/opt/ros/jazzy/opt/gz_msgs_vendor/lib:/opt/ros/jazzy/opt/gz_common_vendor/lib:/opt/ros/jazzy/opt/gz_math_vendor/lib:/opt/ros/jazzy/opt/gz_utils_vendor/lib:/opt/ros/jazzy/opt/gz_tools_vendor/lib:/opt/ros/jazzy/opt/gz_ogre_next_vendor/lib:/opt/ros/jazzy/opt/gz_dartsim_vendor/lib:/opt/ros/jazzy/opt/gz_cmake_vendor/lib:/opt/ros/jazzy/lib', 'HOME': '/home/kiki', 'CHROME_DESKTOP': 'code.desktop', 'OLDPWD': '/home/kiki/sentinel_ws/src', 'TERM_PROGRAM_VERSION': '1.107.1', 'DESKTOP_SESSION': 'ubuntu', 'ROS_PYTHON_VERSION': '3', 'GNOME_SHELL_SESSION_MODE': 'ubuntu', 'GTK_MODULES': 'gail:atk-bridge', 'XDG_SEAT_PATH': '/org/freedesktop/DisplayManager/Seat0', 'VSCODE_GIT_ASKPASS_MAIN': '/usr/share/code/resources/app/extensions/git/dist/askpass-main.js', 'VSCODE_GIT_ASKPASS_NODE': '/usr/share/code/code', 'SYSTEMD_EXEC_PID': '2376', 'VSCODE_PYTHON_AUTOACTIVATE_GUARD': '1', 'GSM_SKIP_SSH_AGENT_WORKAROUND': 'true', 'DBUS_SESSION_BUS_ADDRESS': 'unix:path=/run/user/1000/bus', 'COLORTERM': 'truecolor', 'DEBUGINFOD_URLS': 'https://debuginfod.ubuntu.com', 'ROS_DISTRO': 'jazzy', 'LOGNAME': 'kiki', '_': '/usr/bin/colcon', 'ROS_VERSION': '2', 'MEMORY_PRESSURE_WATCH': '/sys/fs/cgroup/user.slice/user-1000.slice/user@1000.service/session.slice/org.gnome.Shell@x11.service/memory.pressure', 'CLAUDE_CODE_SSE_PORT': '22714', 'XDG_SESSION_CLASS': 'user', 'TERM': 'xterm-256color', 'GNOME_DESKTOP_SESSION_ID': 'this-is-deprecated', 'FC_FONTATIONS': '1', 'PATH': '/home/kiki/.config/Code/User/globalStorage/github.copilot-chat/debugCommand:/home/kiki/.config/Code/User/globalStorage/github.copilot-chat/copilotCli:/opt/ros/jazzy/opt/gz_msgs_vendor/bin:/opt/ros/jazzy/opt/gz_tools_vendor/bin:/opt/ros/jazzy/opt/gz_ogre_next_vendor/bin:/opt/ros/jazzy/bin:/home/kiki/.local/bin:/usr/local/sbin:/usr/local/bin:/usr/sbin:/usr/bin:/sbin:/bin:/usr/games:/usr/local/games:/snap/bin', 'SESSION_MANAGER': 'local/kiki-Legion-5-15IRX10:@/tmp/.ICE-unix/2316,unix/kiki-Legion-5-15IRX10:/tmp/.ICE-unix/2316', 'GDM_LANG': 'en_US', 'XDG_SESSION_PATH': '/org/freedesktop/DisplayManager/Session0', 'XDG_MENU_PREFIX': 'gnome-', 'GNOME_TERMINAL_SCREEN': '/org/gnome/Terminal/screen/baeb7fd1_d83d_4b74_a636_0cdf0e2ee410', 'XDG_RUNTIME_DIR': '/run/user/1000', 'GDK_BACKEND': 'x11', 'DISPLAY': ':0', 'LANG': 'en_US.UTF-8', 'XDG_CURRENT_DESKTOP': 'ubuntu:GNOME', 'XMODIFIERS': '@im=ibus', 'XDG_SESSION_DESKTOP': 'ubuntu', 'XAUTHORITY': '/home/kiki/.Xauthority', 'LS_COLORS': 'rs=0:di=01;34:ln=01;36:mh=00:pi=40;33:so=01;35:do=01;35:bd=40;33;01:cd=40;33;01:or=40;31;01:mi=00:su=37;41:sg=30;43:ca=00:tw=30;42:ow=34;42:st=37;44:ex=01;32:*.tar=01;31:*.tgz=01;31:*.arc=01;31:*.arj=01;31:*.taz=01;31:*.lha=01;31:*.lz4=01;31:*.lzh=01;31:*.lzma=01;31:*.tlz=01;31:*.txz=01;31:*.tzo=01;31:*.t7z=01;31:*.zip=01;31:*.z=01;31:*.dz=01;31:*.gz=01;31:*.lrz=01;31:*.lz=01;31:*.lzo=01;31:*.xz=01;31:*.zst=01;31:*.tzst=01;31:*.bz2=01;31:*.bz=01;31:*.tbz=01;31:*.tbz2=01;31:*.tz=01;31:*.deb=01;31:*.rpm=01;31:*.jar=01;31:*.war=01;31:*.ear=01;31:*.sar=01;31:*.rar=01;31:*.alz=01;31:*.ace=01;31:*.zoo=01;31:*.cpio=01;31:*.7z=01;31:*.rz=01;31:*.cab=01;31:*.wim=01;31:*.swm=01;31:*.dwm=01;31:*.esd=01;31:*.avif=01;35:*.jpg=01;35:*.jpeg=01;35:*.mjpg=01;35:*.mjpeg=01;35:*.gif=01;35:*.bmp=01;35:*.pbm=01;35:*.pgm=01;35:*.ppm=01;35:*.tga=01;35:*.xbm=01;35:*.xpm=01;35:*.tif=01;35:*.tiff=01;35:*.png=01;35:*.svg=01;35:*.svgz=01;35:*.mng=01;35:*.pcx=01;35:*.mov=01;35:*.mpg=01;35:*.mpeg=01;35:*.m2v=01;35:*.mkv=01;35:*.webm=01;35:*.webp=01;35:*.ogm=01;35:*.mp4=01;35:*.m4v=01;35:*.mp4v=01;35:*.vob=01;35:*.qt=01;35:*.nuv=01;35:*.wmv=01;35:*.asf=01;35:*.rm=01;35:*.rmvb=01;35:*.flc=01;35:*.avi=01;35:*.fli=01;35:*.flv=01;35:*.gl=01;35:*.dl=01;35:*.xcf=01;35:*.xwd=01;35:*.yuv=01;35:*.cgm=01;35:*.emf=01;35:*.ogv=01;35:*.ogx=01;35:*.aac=00;36:*.au=00;36:*.flac=00;36:*.m4a=00;36:*.mid=00;36:*.midi=00;36:*.mka=00;36:*.mp3=00;36:*.mpc=00;36:*.ogg=00;36:*.ra=00;36:*.wav=00;36:*.oga=00;36:*.opus=00;36:*.spx=00;36:*.xspf=00;36:*~=00;90:*#=00;90:*.bak=00;90:*.crdownload=00;90:*.dpkg-dist=00;90:*.dpkg-new=00;90:*.dpkg-old=00;90:*.dpkg-tmp=00;90:*.old=00;90:*.orig=00;90:*.part=00;90:*.rej=00;90:*.rpmnew=00;90:*.rpmorig=00;90:*.rpmsave=00;90:*.swp=00;90:*.tmp=00;90:*.ucf-dist=00;90:*.ucf-new=00;90:*.ucf-old=00;90:', 'VSCODE_GIT_IPC_HANDLE': '/run/user/1000/vscode-git-dce2dde1a1.sock', 'GNOME_TERMINAL_SERVICE': ':1.121', 'TERM_PROGRAM': 'vscode', 'SSH_AUTH_SOCK': '/run/user/1000/keyring/ssh', 'ROS_DOMAIN_ID': '7', 'XDG_GREETER_DATA_DIR': '/var/lib/lightdm-data/kiki', 'AMENT_PREFIX_PATH': '/opt/ros/jazzy', 'SHELL': '/bin/bash', 'QT_ACCESSIBILITY': '1', 'GDMSESSION': 'ubuntu', 'LESSCLOSE': '/usr/bin/lesspipe %s %s', 'GPG_AGENT_INFO': '/run/user/1000/gnupg/S.gpg-agent:0:1', 'ROS_AUTOMATIC_DISCOVERY_RANGE': 'SUBNET', 'VSCODE_GIT_ASKPASS_EXTRA_ARGS': '', 'QT_IM_MODULE': 'ibus', 'PWD': '/home/kiki/sentinel_ws/build/serial', 'LC_ALL': 'en_US.UTF-8', 'XDG_CONFIG_DIRS': '/etc/xdg/xdg-ubuntu:/etc/xdg', 'XDG_DATA_DIRS': '/usr/share/ubuntu:/usr/share/gnome:/usr/local/share:/usr/share:/var/lib/snapd/desktop', 'PYTHONPATH': '/opt/ros/jazzy/lib/python3.12/site-packages', 'COLCON': '1', 'MEMORY_PRESSURE_WRITE': 'c29tZSAyMDAwMDAgMjAwMDAwMAA=', 'VTE_VERSION': '7600', 'CMAKE_PREFIX_PATH': '/opt/ros/jazzy/opt/gz_sim_vendor:/opt/ros/jazzy/opt/gz_sensors_vendor:/opt/ros/jazzy/opt/gz_physics_vendor:/opt/ros/jazzy/opt/sdformat_vendor:/opt/ros/jazzy/opt/gz_gui_vendor:/opt/ros/jazzy/opt/gz_transport_vendor:/opt/ros/jazzy/opt/gz_rendering_vendor:/opt/ros/jazzy/opt/gz_plugin_vendor:/opt/ros/jazzy/opt/gz_fuel_tools_vendor:/opt/ros/jazzy/opt/gz_msgs_vendor:/opt/ros/jazzy/opt/gz_common_vendor:/opt/ros/jazzy/opt/gz_math_vendor:/opt/ros/jazzy/opt/gz_utils_vendor:/opt/ros/jazzy/opt/gz_tools_vendor:/opt/ros/jazzy/opt/gz_ogre_next_vendor:/opt/ros/jazzy/opt/gz_dartsim_vendor:/opt/ros/jazzy/opt/gz_cmake_vendor:/opt/ros/jazzy'}), 'shell': False}
[3.536965] (serial) StdoutLine: {'line': b'-- Install configuration: ""\n'}
[3.537392] (serial) StdoutLine: {'line': b'-- Execute custom install script\n'}
[3.537723] (serial) StdoutLine: {'line': b'-- Symlinking: /home/kiki/sentinel_ws/install/serial/lib/libserial.a\n'}
[3.543314] (serial) StdoutLine: {'line': b'-- Symlinking: /home/kiki/sentinel_ws/install/serial/include/serial/serial.h\n'}
[3.548606] (serial) StdoutLine: {'line': b'-- Symlinking: /home/kiki/sentinel_ws/install/serial/include/serial/v8stdint.h\n'}
[3.556709] (serial) StdoutLine: {'line': b'-- Symlinking: /home/kiki/sentinel_ws/install/serial/share/serial/environment/library_path.sh\n'}
[3.562230] (serial) StdoutLine: {'line': b'-- Symlinking: /home/kiki/sentinel_ws/install/serial/share/serial/environment/library_path.dsv\n'}
[3.568102] (serial) StdoutLine: {'line': b'-- Symlinking: /home/kiki/sentinel_ws/install/serial/share/ament_index/resource_index/package_run_dependencies/serial\n'}
[3.576080] (serial) StdoutLine: {'line': b'-- Symlinking: /home/kiki/sentinel_ws/install/serial/share/ament_index/resource_index/parent_prefix_path/serial\n'}
[3.584387] (serial) StdoutLine: {'line': b'-- Symlinking: /home/kiki/sentinel_ws/install/serial/share/serial/environment/ament_prefix_path.sh\n'}
[3.591206] (serial) StdoutLine: {'line': b'-- Symlinking: /home/kiki/sentinel_ws/install/serial/share/serial/environment/ament_prefix_path.dsv\n'}
[3.598885] (serial) StdoutLine: {'line': b'-- Symlinking: /home/kiki/sentinel_ws/install/serial/share/serial/environment/path.sh\n'}
[3.606410] (-) TimerEvent: {}
[3.606657] (serial) StdoutLine: {'line': b'-- Symlinking: /home/kiki/sentinel_ws/install/serial/share/serial/environment/path.dsv\n'}
[3.612391] (serial) StdoutLine: {'line': b'-- Symlinking: /home/kiki/sentinel_ws/install/serial/share/serial/local_setup.bash\n'}
[3.620282] (serial) StdoutLine: {'line': b'-- Symlinking: /home/kiki/sentinel_ws/install/serial/share/serial/local_setup.sh\n'}
[3.627460] (serial) StdoutLine: {'line': b'-- Symlinking: /home/kiki/sentinel_ws/install/serial/share/serial/local_setup.zsh\n'}
[3.635858] (serial) StdoutLine: {'line': b'-- Symlinking: /home/kiki/sentinel_ws/install/serial/share/serial/local_setup.dsv\n'}
[3.641946] (serial) StdoutLine: {'line': b'-- Symlinking: /home/kiki/sentinel_ws/install/serial/share/serial/package.dsv\n'}
[3.648176] (serial) StdoutLine: {'line': b'-- Symlinking: /home/kiki/sentinel_ws/install/serial/share/ament_index/resource_index/packages/serial\n'}
[3.656219] (serial) StdoutLine: {'line': b'-- Symlinking: /home/kiki/sentinel_ws/install/serial/share/serial/cmake/ament_cmake_export_include_directories-extras.cmake\n'}
[3.662194] (serial) StdoutLine: {'line': b'-- Symlinking: /home/kiki/sentinel_ws/install/serial/share/serial/cmake/ament_cmake_export_libraries-extras.cmake\n'}
[3.668245] (serial) StdoutLine: {'line': b'-- Symlinking: /home/kiki/sentinel_ws/install/serial/share/serial/cmake/serialConfig.cmake\n'}
[3.676448] (serial) StdoutLine: {'line': b'-- Symlinking: /home/kiki/sentinel_ws/install/serial/share/serial/cmake/serialConfig-version.cmake\n'}
[3.682503] (serial) StdoutLine: {'line': b'-- Symlinking: /home/kiki/sentinel_ws/install/serial/share/serial/package.xml\n'}
[3.689582] (serial) CommandEnded: {'returncode': 0}
[3.700719] (serial) JobEnded: {'identifier': 'serial', 'rc': 0}
[3.701013] (diffdrive_arduino) JobStarted: {'identifier': 'diffdrive_arduino'}
[3.706146] (diffdrive_arduino) JobProgress: {'identifier': 'diffdrive_arduino', 'progress': 'cmake'}
[3.706328] (diffdrive_arduino) Command: {'cmd': ['/usr/bin/cmake', '/home/kiki/sentinel_ws/src/diffdrive_arduino', '-DAMENT_CMAKE_SYMLINK_INSTALL=1', '-DCMAKE_INSTALL_PREFIX=/home/kiki/sentinel_ws/install/diffdrive_arduino'], 'cwd': '/home/kiki/sentinel_ws/build/diffdrive_arduino', 'env': OrderedDict({'LESSOPEN': '| /usr/bin/lesspipe %s', 'GZ_SIM_RESOURCE_PATH': '/opt/ros/jazzy/share', 'LANGUAGE': 'en_US', 'USER': 'kiki', 'GZ_CONFIG_PATH': '/opt/ros/jazzy/opt/gz_sim_vendor/share/gz:/opt/ros/jazzy/opt/sdformat_vendor/share/gz:/opt/ros/jazzy/opt/gz_gui_vendor/share/gz:/opt/ros/jazzy/opt/gz_transport_vendor/share/gz:/opt/ros/jazzy/opt/gz_rendering_vendor/share/gz:/opt/ros/jazzy/opt/gz_plugin_vendor/share/gz:/opt/ros/jazzy/opt/gz_fuel_tools_vendor/share/gz:/opt/ros/jazzy/opt/gz_msgs_vendor/share/gz:/opt/ros/jazzy/opt/gz_common_vendor/share/gz', 'XDG_SESSION_TYPE': 'x11', 'GIT_ASKPASS': '/usr/share/code/resources/app/extensions/git/dist/askpass.sh', 'CLUTTER_DISABLE_MIPMAPPED_TEXT': '1', 'SHLVL': '2', 'LD_LIBRARY_PATH': '/home/kiki/sentinel_ws/install/serial/lib:/opt/ros/jazzy/opt/gz_sim_vendor/lib:/opt/ros/jazzy/opt/gz_sensors_vendor/lib:/opt/ros/jazzy/opt/gz_physics_vendor/lib:/opt/ros/jazzy/opt/sdformat_vendor/lib:/opt/ros/jazzy/opt/rviz_ogre_vendor/lib:/opt/ros/jazzy/lib/x86_64-linux-gnu:/opt/ros/jazzy/opt/gz_gui_vendor/lib:/opt/ros/jazzy/opt/gz_transport_vendor/lib:/opt/ros/jazzy/opt/gz_rendering_vendor/lib:/opt/ros/jazzy/opt/gz_plugin_vendor/lib:/opt/ros/jazzy/opt/gz_fuel_tools_vendor/lib:/opt/ros/jazzy/opt/gz_msgs_vendor/lib:/opt/ros/jazzy/opt/gz_common_vendor/lib:/opt/ros/jazzy/opt/gz_math_vendor/lib:/opt/ros/jazzy/opt/gz_utils_vendor/lib:/opt/ros/jazzy/opt/gz_tools_vendor/lib:/opt/ros/jazzy/opt/gz_ogre_next_vendor/lib:/opt/ros/jazzy/opt/gz_dartsim_vendor/lib:/opt/ros/jazzy/opt/gz_cmake_vendor/lib:/opt/ros/jazzy/lib', 'HOME': '/home/kiki', 'CHROME_DESKTOP': 'code.desktop', 'OLDPWD': '/home/kiki/sentinel_ws/src', 'TERM_PROGRAM_VERSION': '1.107.1', 'DESKTOP_SESSION': 'ubuntu', 'ROS_PYTHON_VERSION': '3', 'GNOME_SHELL_SESSION_MODE': 'ubuntu', 'GTK_MODULES': 'gail:atk-bridge', 'XDG_SEAT_PATH': '/org/freedesktop/DisplayManager/Seat0', 'VSCODE_GIT_ASKPASS_MAIN': '/usr/share/code/resources/app/extensions/git/dist/askpass-main.js', 'VSCODE_GIT_ASKPASS_NODE': '/usr/share/code/code', 'SYSTEMD_EXEC_PID': '2376', 'VSCODE_PYTHON_AUTOACTIVATE_GUARD': '1', 'GSM_SKIP_SSH_AGENT_WORKAROUND': 'true', 'DBUS_SESSION_BUS_ADDRESS': 'unix:path=/run/user/1000/bus', 'COLORTERM': 'truecolor', 'DEBUGINFOD_URLS': 'https://debuginfod.ubuntu.com', 'ROS_DISTRO': 'jazzy', 'LOGNAME': 'kiki', '_': '/usr/bin/colcon', 'ROS_VERSION': '2', 'MEMORY_PRESSURE_WATCH': '/sys/fs/cgroup/user.slice/user-1000.slice/user@1000.service/session.slice/org.gnome.Shell@x11.service/memory.pressure', 'CLAUDE_CODE_SSE_PORT': '22714', 'XDG_SESSION_CLASS': 'user', 'TERM': 'xterm-256color', 'GNOME_DESKTOP_SESSION_ID': 'this-is-deprecated', 'FC_FONTATIONS': '1', 'PATH': '/home/kiki/.config/Code/User/globalStorage/github.copilot-chat/debugCommand:/home/kiki/.config/Code/User/globalStorage/github.copilot-chat/copilotCli:/opt/ros/jazzy/opt/gz_msgs_vendor/bin:/opt/ros/jazzy/opt/gz_tools_vendor/bin:/opt/ros/jazzy/opt/gz_ogre_next_vendor/bin:/opt/ros/jazzy/bin:/home/kiki/.local/bin:/usr/local/sbin:/usr/local/bin:/usr/sbin:/usr/bin:/sbin:/bin:/usr/games:/usr/local/games:/snap/bin', 'SESSION_MANAGER': 'local/kiki-Legion-5-15IRX10:@/tmp/.ICE-unix/2316,unix/kiki-Legion-5-15IRX10:/tmp/.ICE-unix/2316', 'GDM_LANG': 'en_US', 'XDG_SESSION_PATH': '/org/freedesktop/DisplayManager/Session0', 'XDG_MENU_PREFIX': 'gnome-', 'GNOME_TERMINAL_SCREEN': '/org/gnome/Terminal/screen/baeb7fd1_d83d_4b74_a636_0cdf0e2ee410', 'XDG_RUNTIME_DIR': '/run/user/1000', 'GDK_BACKEND': 'x11', 'DISPLAY': ':0', 'LANG': 'en_US.UTF-8', 'XDG_CURRENT_DESKTOP': 'ubuntu:GNOME', 'XMODIFIERS': '@im=ibus', 'XDG_SESSION_DESKTOP': 'ubuntu', 'XAUTHORITY': '/home/kiki/.Xauthority', 'LS_COLORS': 'rs=0:di=01;34:ln=01;36:mh=00:pi=40;33:so=01;35:do=01;35:bd=40;33;01:cd=40;33;01:or=40;31;01:mi=00:su=37;41:sg=30;43:ca=00:tw=30;42:ow=34;42:st=37;44:ex=01;32:*.tar=01;31:*.tgz=01;31:*.arc=01;31:*.arj=01;31:*.taz=01;31:*.lha=01;31:*.lz4=01;31:*.lzh=01;31:*.lzma=01;31:*.tlz=01;31:*.txz=01;31:*.tzo=01;31:*.t7z=01;31:*.zip=01;31:*.z=01;31:*.dz=01;31:*.gz=01;31:*.lrz=01;31:*.lz=01;31:*.lzo=01;31:*.xz=01;31:*.zst=01;31:*.tzst=01;31:*.bz2=01;31:*.bz=01;31:*.tbz=01;31:*.tbz2=01;31:*.tz=01;31:*.deb=01;31:*.rpm=01;31:*.jar=01;31:*.war=01;31:*.ear=01;31:*.sar=01;31:*.rar=01;31:*.alz=01;31:*.ace=01;31:*.zoo=01;31:*.cpio=01;31:*.7z=01;31:*.rz=01;31:*.cab=01;31:*.wim=01;31:*.swm=01;31:*.dwm=01;31:*.esd=01;31:*.avif=01;35:*.jpg=01;35:*.jpeg=01;35:*.mjpg=01;35:*.mjpeg=01;35:*.gif=01;35:*.bmp=01;35:*.pbm=01;35:*.pgm=01;35:*.ppm=01;35:*.tga=01;35:*.xbm=01;35:*.xpm=01;35:*.tif=01;35:*.tiff=01;35:*.png=01;35:*.svg=01;35:*.svgz=01;35:*.mng=01;35:*.pcx=01;35:*.mov=01;35:*.mpg=01;35:*.mpeg=01;35:*.m2v=01;35:*.mkv=01;35:*.webm=01;35:*.webp=01;35:*.ogm=01;35:*.mp4=01;35:*.m4v=01;35:*.mp4v=01;35:*.vob=01;35:*.qt=01;35:*.nuv=01;35:*.wmv=01;35:*.asf=01;35:*.rm=01;35:*.rmvb=01;35:*.flc=01;35:*.avi=01;35:*.fli=01;35:*.flv=01;35:*.gl=01;35:*.dl=01;35:*.xcf=01;35:*.xwd=01;35:*.yuv=01;35:*.cgm=01;35:*.emf=01;35:*.ogv=01;35:*.ogx=01;35:*.aac=00;36:*.au=00;36:*.flac=00;36:*.m4a=00;36:*.mid=00;36:*.midi=00;36:*.mka=00;36:*.mp3=00;36:*.mpc=00;36:*.ogg=00;36:*.ra=00;36:*.wav=00;36:*.oga=00;36:*.opus=00;36:*.spx=00;36:*.xspf=00;36:*~=00;90:*#=00;90:*.bak=00;90:*.crdownload=00;90:*.dpkg-dist=00;90:*.dpkg-new=00;90:*.dpkg-old=00;90:*.dpkg-tmp=00;90:*.old=00;90:*.orig=00;90:*.part=00;90:*.rej=00;90:*.rpmnew=00;90:*.rpmorig=00;90:*.rpmsave=00;90:*.swp=00;90:*.tmp=00;90:*.ucf-dist=00;90:*.ucf-new=00;90:*.ucf-old=00;90:', 'VSCODE_GIT_IPC_HANDLE': '/run/user/1000/vscode-git-dce2dde1a1.sock', 'GNOME_TERMINAL_SERVICE': ':1.121', 'TERM_PROGRAM': 'vscode', 'SSH_AUTH_SOCK': '/run/user/1000/keyring/ssh', 'ROS_DOMAIN_ID': '7', 'XDG_GREETER_DATA_DIR': '/var/lib/lightdm-data/kiki', 'AMENT_PREFIX_PATH': '/home/kiki/sentinel_ws/install/serial:/opt/ros/jazzy', 'SHELL': '/bin/bash', 'QT_ACCESSIBILITY': '1', 'GDMSESSION': 'ubuntu', 'LESSCLOSE': '/usr/bin/lesspipe %s %s', 'GPG_AGENT_INFO': '/run/user/1000/gnupg/S.gpg-agent:0:1', 'ROS_AUTOMATIC_DISCOVERY_RANGE': 'SUBNET', 'VSCODE_GIT_ASKPASS_EXTRA_ARGS': '', 'QT_IM_MODULE': 'ibus', 'PWD': '/home/kiki/sentinel_ws/build/diffdrive_arduino', 'LC_ALL': 'en_US.UTF-8', 'XDG_CONFIG_DIRS': '/etc/xdg/xdg-ubuntu:/etc/xdg', 'XDG_DATA_DIRS': '/usr/share/ubuntu:/usr/share/gnome:/usr/local/share:/usr/share:/var/lib/snapd/desktop', 'PYTHONPATH': '/opt/ros/jazzy/lib/python3.12/site-packages', 'COLCON': '1', 'MEMORY_PRESSURE_WRITE': 'c29tZSAyMDAwMDAgMjAwMDAwMAA=', 'VTE_VERSION': '7600', 'CMAKE_PREFIX_PATH': '/home/kiki/sentinel_ws/install/serial:/opt/ros/jazzy/opt/gz_sim_vendor:/opt/ros/jazzy/opt/gz_sensors_vendor:/opt/ros/jazzy/opt/gz_physics_vendor:/opt/ros/jazzy/opt/sdformat_vendor:/opt/ros/jazzy/opt/gz_gui_vendor:/opt/ros/jazzy/opt/gz_transport_vendor:/opt/ros/jazzy/opt/gz_rendering_vendor:/opt/ros/jazzy/opt/gz_plugin_vendor:/opt/ros/jazzy/opt/gz_fuel_tools_vendor:/opt/ros/jazzy/opt/gz_msgs_vendor:/opt/ros/jazzy/opt/gz_common_vendor:/opt/ros/jazzy/opt/gz_math_vendor:/opt/ros/jazzy/opt/gz_utils_vendor:/opt/ros/jazzy/opt/gz_tools_vendor:/opt/ros/jazzy/opt/gz_ogre_next_vendor:/opt/ros/jazzy/opt/gz_dartsim_vendor:/opt/ros/jazzy/opt/gz_cmake_vendor:/opt/ros/jazzy'}), 'shell': False}
[3.706809] (-) TimerEvent: {}
[3.747064] (diffdrive_arduino) StdoutLine: {'line': b'-- The C compiler identification is GNU 13.3.0\n'}
[3.782256] (diffdrive_arduino) StdoutLine: {'line': b'-- The CXX compiler identification is GNU 13.3.0\n'}
[3.793849] (diffdrive_arduino) StdoutLine: {'line': b'-- Detecting C compiler ABI info\n'}
[3.806928] (-) TimerEvent: {}
[3.863391] (diffdrive_arduino) StdoutLine: {'line': b'-- Detecting C compiler ABI info - done\n'}
[3.873507] (diffdrive_arduino) StdoutLine: {'line': b'-- Check for working C compiler: /usr/bin/cc - skipped\n'}
[3.873783] (diffdrive_arduino) StdoutLine: {'line': b'-- Detecting C compile features\n'}
[3.874010] (diffdrive_arduino) StdoutLine: {'line': b'-- Detecting C compile features - done\n'}
[3.881903] (diffdrive_arduino) StdoutLine: {'line': b'-- Detecting CXX compiler ABI info\n'}
[3.907072] (-) TimerEvent: {}
[3.961412] (diffdrive_arduino) StdoutLine: {'line': b'-- Detecting CXX compiler ABI info - done\n'}
[3.969782] (diffdrive_arduino) StdoutLine: {'line': b'-- Check for working CXX compiler: /usr/bin/c++ - skipped\n'}
[3.970003] (diffdrive_arduino) StdoutLine: {'line': b'-- Detecting CXX compile features\n'}
[3.970214] (diffdrive_arduino) StdoutLine: {'line': b'-- Detecting CXX compile features - done\n'}
[3.972587] (diffdrive_arduino) StdoutLine: {'line': b'-- Found ament_cmake: 2.5.4 (/opt/ros/jazzy/share/ament_cmake/cmake)\n'}
[4.007211] (-) TimerEvent: {}
[4.074027] (diffdrive_arduino) StdoutLine: {'line': b'-- Found Python3: /usr/bin/python3 (found version "3.12.3") found components: Interpreter \n'}
[4.107317] (-) TimerEvent: {}
[4.117623] (diffdrive_arduino) StdoutLine: {'line': b'-- Override CMake install command with custom implementation using symlinks instead of copying resources\n'}
[4.142759] (diffdrive_arduino) StdoutLine: {'line': b'-- Found serial: 1.2.1 (/home/kiki/sentinel_ws/install/serial/share/serial/cmake)\n'}
[4.146542] (diffdrive_arduino) StdoutLine: {'line': b'-- Found hardware_interface: 4.39.2 (/opt/ros/jazzy/share/hardware_interface/cmake)\n'}
[4.180579] (diffdrive_arduino) StdoutLine: {'line': b'-- Found rosidl_generator_c: 4.6.6 (/opt/ros/jazzy/share/rosidl_generator_c/cmake)\n'}
[4.189911] (diffdrive_arduino) StdoutLine: {'line': b'-- Found rosidl_generator_cpp: 4.6.6 (/opt/ros/jazzy/share/rosidl_generator_cpp/cmake)\n'}
[4.200788] (diffdrive_arduino) StdoutLine: {'line': b'-- Using all available rosidl_typesupport_c: rosidl_typesupport_fastrtps_c;rosidl_typesupport_introspection_c\n'}
[4.207386] (-) TimerEvent: {}
[4.212744] (diffdrive_arduino) StdoutLine: {'line': b'-- Using all available rosidl_typesupport_cpp: rosidl_typesupport_fastrtps_cpp;rosidl_typesupport_introspection_cpp\n'}
[4.307527] (-) TimerEvent: {}
[4.354709] (diffdrive_arduino) StdoutLine: {'line': b'-- Found TinyXML2 via Config file: /usr/lib/x86_64-linux-gnu/cmake/tinyxml2\n'}
[4.385900] (diffdrive_arduino) StdoutLine: {'line': b'-- Found rmw_implementation_cmake: 7.3.2 (/opt/ros/jazzy/share/rmw_implementation_cmake/cmake)\n'}
[4.388063] (diffdrive_arduino) StdoutLine: {'line': b'-- Found rmw_fastrtps_cpp: 8.4.3 (/opt/ros/jazzy/share/rmw_fastrtps_cpp/cmake)\n'}
[4.403994] (diffdrive_arduino) StdoutLine: {'line': b'-- Found TinyXML2 via Config file: /usr/lib/x86_64-linux-gnu/cmake/tinyxml2\n'}
[4.407642] (-) TimerEvent: {}
[4.448796] (diffdrive_arduino) StdoutLine: {'line': b'-- Found OpenSSL: /usr/lib/x86_64-linux-gnu/libcrypto.so (found version "3.0.13")  \n'}
[4.450681] (diffdrive_arduino) StdoutLine: {'line': b'-- Found TinyXML2 via Config file: /usr/lib/x86_64-linux-gnu/cmake/tinyxml2\n'}
[4.462629] (diffdrive_arduino) StdoutLine: {'line': b'-- Found FastRTPS: /opt/ros/jazzy/include (Required is at least version "2.13") \n'}
[4.464420] (diffdrive_arduino) StdoutLine: {'line': b'-- Found TinyXML2 via Config file: /usr/lib/x86_64-linux-gnu/cmake/tinyxml2\n'}
[4.471487] (diffdrive_arduino) StdoutLine: {'line': b'-- Found TinyXML2 via Config file: /usr/lib/x86_64-linux-gnu/cmake/tinyxml2\n'}
[4.479550] (diffdrive_arduino) StdoutLine: {'line': b"-- Using RMW implementation 'rmw_fastrtps_cpp' as default\n"}
[4.507775] (-) TimerEvent: {}
[4.608057] (-) TimerEvent: {}
[4.662850] (diffdrive_arduino) StdoutLine: {'line': b'-- Found controller_manager: 4.39.2 (/opt/ros/jazzy/share/controller_manager/cmake)\n'}
[4.708226] (-) TimerEvent: {}
[4.795031] (diffdrive_arduino) StdoutLine: {'line': b'-- Configuring done (1.1s)\n'}
[4.808322] (-) TimerEvent: {}
[4.819741] (diffdrive_arduino) StdoutLine: {'line': b'-- Generating done (0.0s)\n'}
[4.823757] (diffdrive_arduino) StdoutLine: {'line': b'-- Build files have been written to: /home/kiki/sentinel_ws/build/diffdrive_arduino\n'}
[4.831320] (diffdrive_arduino) CommandEnded: {'returncode': 0}
[4.832004] (diffdrive_arduino) JobProgress: {'identifier': 'diffdrive_arduino', 'progress': 'build'}
[4.832094] (diffdrive_arduino) Command: {'cmd': ['/usr/bin/cmake', '--build', '/home/kiki/sentinel_ws/build/diffdrive_arduino', '--', '-j20', '-l20'], 'cwd': '/home/kiki/sentinel_ws/build/diffdrive_arduino', 'env': OrderedDict({'LESSOPEN': '| /usr/bin/lesspipe %s', 'GZ_SIM_RESOURCE_PATH': '/opt/ros/jazzy/share', 'LANGUAGE': 'en_US', 'USER': 'kiki', 'GZ_CONFIG_PATH': '/opt/ros/jazzy/opt/gz_sim_vendor/share/gz:/opt/ros/jazzy/opt/sdformat_vendor/share/gz:/opt/ros/jazzy/opt/gz_gui_vendor/share/gz:/opt/ros/jazzy/opt/gz_transport_vendor/share/gz:/opt/ros/jazzy/opt/gz_rendering_vendor/share/gz:/opt/ros/jazzy/opt/gz_plugin_vendor/share/gz:/opt/ros/jazzy/opt/gz_fuel_tools_vendor/share/gz:/opt/ros/jazzy/opt/gz_msgs_vendor/share/gz:/opt/ros/jazzy/opt/gz_common_vendor/share/gz', 'XDG_SESSION_TYPE': 'x11', 'GIT_ASKPASS': '/usr/share/code/resources/app/extensions/git/dist/askpass.sh', 'CLUTTER_DISABLE_MIPMAPPED_TEXT': '1', 'SHLVL': '2', 'LD_LIBRARY_PATH': '/home/kiki/sentinel_ws/install/serial/lib:/opt/ros/jazzy/opt/gz_sim_vendor/lib:/opt/ros/jazzy/opt/gz_sensors_vendor/lib:/opt/ros/jazzy/opt/gz_physics_vendor/lib:/opt/ros/jazzy/opt/sdformat_vendor/lib:/opt/ros/jazzy/opt/rviz_ogre_vendor/lib:/opt/ros/jazzy/lib/x86_64-linux-gnu:/opt/ros/jazzy/opt/gz_gui_vendor/lib:/opt/ros/jazzy/opt/gz_transport_vendor/lib:/opt/ros/jazzy/opt/gz_rendering_vendor/lib:/opt/ros/jazzy/opt/gz_plugin_vendor/lib:/opt/ros/jazzy/opt/gz_fuel_tools_vendor/lib:/opt/ros/jazzy/opt/gz_msgs_vendor/lib:/opt/ros/jazzy/opt/gz_common_vendor/lib:/opt/ros/jazzy/opt/gz_math_vendor/lib:/opt/ros/jazzy/opt/gz_utils_vendor/lib:/opt/ros/jazzy/opt/gz_tools_vendor/lib:/opt/ros/jazzy/opt/gz_ogre_next_vendor/lib:/opt/ros/jazzy/opt/gz_dartsim_vendor/lib:/opt/ros/jazzy/opt/gz_cmake_vendor/lib:/opt/ros/jazzy/lib', 'HOME': '/home/kiki', 'CHROME_DESKTOP': 'code.desktop', 'OLDPWD': '/home/kiki/sentinel_ws/src', 'TERM_PROGRAM_VERSION': '1.107.1', 'DESKTOP_SESSION': 'ubuntu', 'ROS_PYTHON_VERSION': '3', 'GNOME_SHELL_SESSION_MODE': 'ubuntu', 'GTK_MODULES': 'gail:atk-bridge', 'XDG_SEAT_PATH': '/org/freedesktop/DisplayManager/Seat0', 'VSCODE_GIT_ASKPASS_MAIN': '/usr/share/code/resources/app/extensions/git/dist/askpass-main.js', 'VSCODE_GIT_ASKPASS_NODE': '/usr/share/code/code', 'SYSTEMD_EXEC_PID': '2376', 'VSCODE_PYTHON_AUTOACTIVATE_GUARD': '1', 'GSM_SKIP_SSH_AGENT_WORKAROUND': 'true', 'DBUS_SESSION_BUS_ADDRESS': 'unix:path=/run/user/1000/bus', 'COLORTERM': 'truecolor', 'DEBUGINFOD_URLS': 'https://debuginfod.ubuntu.com', 'ROS_DISTRO': 'jazzy', 'LOGNAME': 'kiki', '_': '/usr/bin/colcon', 'ROS_VERSION': '2', 'MEMORY_PRESSURE_WATCH': '/sys/fs/cgroup/user.slice/user-1000.slice/user@1000.service/session.slice/org.gnome.Shell@x11.service/memory.pressure', 'CLAUDE_CODE_SSE_PORT': '22714', 'XDG_SESSION_CLASS': 'user', 'TERM': 'xterm-256color', 'GNOME_DESKTOP_SESSION_ID': 'this-is-deprecated', 'FC_FONTATIONS': '1', 'PATH': '/home/kiki/.config/Code/User/globalStorage/github.copilot-chat/debugCommand:/home/kiki/.config/Code/User/globalStorage/github.copilot-chat/copilotCli:/opt/ros/jazzy/opt/gz_msgs_vendor/bin:/opt/ros/jazzy/opt/gz_tools_vendor/bin:/opt/ros/jazzy/opt/gz_ogre_next_vendor/bin:/opt/ros/jazzy/bin:/home/kiki/.local/bin:/usr/local/sbin:/usr/local/bin:/usr/sbin:/usr/bin:/sbin:/bin:/usr/games:/usr/local/games:/snap/bin', 'SESSION_MANAGER': 'local/kiki-Legion-5-15IRX10:@/tmp/.ICE-unix/2316,unix/kiki-Legion-5-15IRX10:/tmp/.ICE-unix/2316', 'GDM_LANG': 'en_US', 'XDG_SESSION_PATH': '/org/freedesktop/DisplayManager/Session0', 'XDG_MENU_PREFIX': 'gnome-', 'GNOME_TERMINAL_SCREEN': '/org/gnome/Terminal/screen/baeb7fd1_d83d_4b74_a636_0cdf0e2ee410', 'XDG_RUNTIME_DIR': '/run/user/1000', 'GDK_BACKEND': 'x11', 'DISPLAY': ':0', 'LANG': 'en_US.UTF-8', 'XDG_CURRENT_DESKTOP': 'ubuntu:GNOME', 'XMODIFIERS': '@im=ibus', 'XDG_SESSION_DESKTOP': 'ubuntu', 'XAUTHORITY': '/home/kiki/.Xauthority', 'LS_COLORS': 'rs=0:di=01;34:ln=01;36:mh=00:pi=40;33:so=01;35:do=01;35:bd=40;33;01:cd=40;33;01:or=40;31;01:mi=00:su=37;41:sg=30;43:ca=00:tw=30;42:ow=34;42:st=37;44:ex=01;32:*.tar=01;31:*.tgz=01;31:*.arc=01;31:*.arj=01;31:*.taz=01;31:*.lha=01;31:*.lz4=01;31:*.lzh=01;31:*.lzma=01;31:*.tlz=01;31:*.txz=01;31:*.tzo=01;31:*.t7z=01;31:*.zip=01;31:*.z=01;31:*.dz=01;31:*.gz=01;31:*.lrz=01;31:*.lz=01;31:*.lzo=01;31:*.xz=01;31:*.zst=01;31:*.tzst=01;31:*.bz2=01;31:*.bz=01;31:*.tbz=01;31:*.tbz2=01;31:*.tz=01;31:*.deb=01;31:*.rpm=01;31:*.jar=01;31:*.war=01;31:*.ear=01;31:*.sar=01;31:*.rar=01;31:*.alz=01;31:*.ace=01;31:*.zoo=01;31:*.cpio=01;31:*.7z=01;31:*.rz=01;31:*.cab=01;31:*.wim=01;31:*.swm=01;31:*.dwm=01;31:*.esd=01;31:*.avif=01;35:*.jpg=01;35:*.jpeg=01;35:*.mjpg=01;35:*.mjpeg=01;35:*.gif=01;35:*.bmp=01;35:*.pbm=01;35:*.pgm=01;35:*.ppm=01;35:*.tga=01;35:*.xbm=01;35:*.xpm=01;35:*.tif=01;35:*.tiff=01;35:*.png=01;35:*.svg=01;35:*.svgz=01;35:*.mng=01;35:*.pcx=01;35:*.mov=01;35:*.mpg=01;35:*.mpeg=01;35:*.m2v=01;35:*.mkv=01;35:*.webm=01;35:*.webp=01;35:*.ogm=01;35:*.mp4=01;35:*.m4v=01;35:*.mp4v=01;35:*.vob=01;35:*.qt=01;35:*.nuv=01;35:*.wmv=01;35:*.asf=01;35:*.rm=01;35:*.rmvb=01;35:*.flc=01;35:*.avi=01;35:*.fli=01;35:*.flv=01;35:*.gl=01;35:*.dl=01;35:*.xcf=01;35:*.xwd=01;35:*.yuv=01;35:*.cgm=01;35:*.emf=01;35:*.ogv=01;35:*.ogx=01;35:*.aac=00;36:*.au=00;36:*.flac=00;36:*.m4a=00;36:*.mid=00;36:*.midi=00;36:*.mka=00;36:*.mp3=00;36:*.mpc=00;36:*.ogg=00;36:*.ra=00;36:*.wav=00;36:*.oga=00;36:*.opus=00;36:*.spx=00;36:*.xspf=00;36:*~=00;90:*#=00;90:*.bak=00;90:*.crdownload=00;90:*.dpkg-dist=00;90:*.dpkg-new=00;90:*.dpkg-old=00;90:*.dpkg-tmp=00;90:*.old=00;90:*.orig=00;90:*.part=00;90:*.rej=00;90:*.rpmnew=00;90:*.rpmorig=00;90:*.rpmsave=00;90:*.swp=00;90:*.tmp=00;90:*.ucf-dist=00;90:*.ucf-new=00;90:*.ucf-old=00;90:', 'VSCODE_GIT_IPC_HANDLE': '/run/user/1000/vscode-git-dce2dde1a1.sock', 'GNOME_TERMINAL_SERVICE': ':1.121', 'TERM_PROGRAM': 'vscode', 'SSH_AUTH_SOCK': '/run/user/1000/keyring/ssh', 'ROS_DOMAIN_ID': '7', 'XDG_GREETER_DATA_DIR': '/var/lib/lightdm-data/kiki', 'AMENT_PREFIX_PATH': '/home/kiki/sentinel_ws/install/serial:/opt/ros/jazzy', 'SHELL': '/bin/bash', 'QT_ACCESSIBILITY': '1', 'GDMSESSION': 'ubuntu', 'LESSCLOSE': '/usr/bin/lesspipe %s %s', 'GPG_AGENT_INFO': '/run/user/1000/gnupg/S.gpg-agent:0:1', 'ROS_AUTOMATIC_DISCOVERY_RANGE': 'SUBNET', 'VSCODE_GIT_ASKPASS_EXTRA_ARGS': '', 'QT_IM_MODULE': 'ibus', 'PWD': '/home/kiki/sentinel_ws/build/diffdrive_arduino', 'LC_ALL': 'en_US.UTF-8', 'XDG_CONFIG_DIRS': '/etc/xdg/xdg-ubuntu:/etc/xdg', 'XDG_DATA_DIRS': '/usr/share/ubuntu:/usr/share/gnome:/usr/local/share:/usr/share:/var/lib/snapd/desktop', 'PYTHONPATH': '/opt/ros/jazzy/lib/python3.12/site-packages', 'COLCON': '1', 'MEMORY_PRESSURE_WRITE': 'c29tZSAyMDAwMDAgMjAwMDAwMAA=', 'VTE_VERSION': '7600', 'CMAKE_PREFIX_PATH': '/home/kiki/sentinel_ws/install/serial:/opt/ros/jazzy/opt/gz_sim_vendor:/opt/ros/jazzy/opt/gz_sensors_vendor:/opt/ros/jazzy/opt/gz_physics_vendor:/opt/ros/jazzy/opt/sdformat_vendor:/opt/ros/jazzy/opt/gz_gui_vendor:/opt/ros/jazzy/opt/gz_transport_vendor:/opt/ros/jazzy/opt/gz_rendering_vendor:/opt/ros/jazzy/opt/gz_plugin_vendor:/opt/ros/jazzy/opt/gz_fuel_tools_vendor:/opt/ros/jazzy/opt/gz_msgs_vendor:/opt/ros/jazzy/opt/gz_common_vendor:/opt/ros/jazzy/opt/gz_math_vendor:/opt/ros/jazzy/opt/gz_utils_vendor:/opt/ros/jazzy/opt/gz_tools_vendor:/opt/ros/jazzy/opt/gz_ogre_next_vendor:/opt/ros/jazzy/opt/gz_dartsim_vendor:/opt/ros/jazzy/opt/gz_cmake_vendor:/opt/ros/jazzy'}), 'shell': False}
[4.871402] (diffdrive_arduino) StdoutLine: {'line': b'[ 14%] \x1b[32mBuilding CXX object CMakeFiles/diffdrive_arduino.dir/src/diffdrive_arduino.cpp.o\x1b[0m\n'}
[4.873005] (diffdrive_arduino) StdoutLine: {'line': b'[ 28%] \x1b[32mBuilding CXX object CMakeFiles/diffdrive_arduino.dir/src/arduino_comms.cpp.o\x1b[0m\n'}
[4.873209] (diffdrive_arduino) StdoutLine: {'line': b'[ 42%] \x1b[32mBuilding CXX object CMakeFiles/diffdrive_arduino.dir/src/wheel.cpp.o\x1b[0m\n'}
[4.873804] (diffdrive_arduino) StdoutLine: {'line': b'[ 71%] \x1b[32mBuilding CXX object CMakeFiles/fake_robot.dir/src/fake_robot.cpp.o\x1b[0m\n'}
[4.873921] (diffdrive_arduino) StdoutLine: {'line': b'[ 71%] \x1b[32mBuilding CXX object CMakeFiles/fake_robot.dir/src/wheel.cpp.o\x1b[0m\n'}
[4.908420] (-) TimerEvent: {}
[5.008670] (-) TimerEvent: {}
[5.108974] (-) TimerEvent: {}
[5.209263] (-) TimerEvent: {}
[5.309530] (-) TimerEvent: {}
[5.409812] (-) TimerEvent: {}
[5.510104] (-) TimerEvent: {}
[5.610368] (-) TimerEvent: {}
[5.710650] (-) TimerEvent: {}
[5.810989] (-) TimerEvent: {}
[5.911292] (-) TimerEvent: {}
[6.011628] (-) TimerEvent: {}
[6.090449] (sentinel_publisher) StdoutLine: {'line': b'[100%] \x1b[32m\x1b[1mLinking CXX executable twist_to_stamped\x1b[0m\n'}
[6.111733] (-) TimerEvent: {}
[6.212041] (-) TimerEvent: {}
[6.291045] (sentinel_publisher) StdoutLine: {'line': b'[100%] Built target twist_to_stamped\n'}
[6.301351] (sentinel_publisher) CommandEnded: {'returncode': 0}
[6.301900] (sentinel_publisher) JobProgress: {'identifier': 'sentinel_publisher', 'progress': 'install'}
[6.302123] (sentinel_publisher) Command: {'cmd': ['/usr/bin/cmake', '--install', '/home/kiki/sentinel_ws/build/sentinel_publisher'], 'cwd': '/home/kiki/sentinel_ws/build/sentinel_publisher', 'env': OrderedDict({'LESSOPEN': '| /usr/bin/lesspipe %s', 'GZ_SIM_RESOURCE_PATH': '/opt/ros/jazzy/share', 'LANGUAGE': 'en_US', 'USER': 'kiki', 'GZ_CONFIG_PATH': '/opt/ros/jazzy/opt/gz_sim_vendor/share/gz:/opt/ros/jazzy/opt/sdformat_vendor/share/gz:/opt/ros/jazzy/opt/gz_gui_vendor/share/gz:/opt/ros/jazzy/opt/gz_transport_vendor/share/gz:/opt/ros/jazzy/opt/gz_rendering_vendor/share/gz:/opt/ros/jazzy/opt/gz_plugin_vendor/share/gz:/opt/ros/jazzy/opt/gz_fuel_tools_vendor/share/gz:/opt/ros/jazzy/opt/gz_msgs_vendor/share/gz:/opt/ros/jazzy/opt/gz_common_vendor/share/gz', 'XDG_SESSION_TYPE': 'x11', 'GIT_ASKPASS': '/usr/share/code/resources/app/extensions/git/dist/askpass.sh', 'CLUTTER_DISABLE_MIPMAPPED_TEXT': '1', 'SHLVL': '2', 'LD_LIBRARY_PATH': '/opt/ros/jazzy/opt/gz_sim_vendor/lib:/opt/ros/jazzy/opt/gz_sensors_vendor/lib:/opt/ros/jazzy/opt/gz_physics_vendor/lib:/opt/ros/jazzy/opt/sdformat_vendor/lib:/opt/ros/jazzy/opt/rviz_ogre_vendor/lib:/opt/ros/jazzy/lib/x86_64-linux-gnu:/opt/ros/jazzy/opt/gz_gui_vendor/lib:/opt/ros/jazzy/opt/gz_transport_vendor/lib:/opt/ros/jazzy/opt/gz_rendering_vendor/lib:/opt/ros/jazzy/opt/gz_plugin_vendor/lib:/opt/ros/jazzy/opt/gz_fuel_tools_vendor/lib:/opt/ros/jazzy/opt/gz_msgs_vendor/lib:/opt/ros/jazzy/opt/gz_common_vendor/lib:/opt/ros/jazzy/opt/gz_math_vendor/lib:/opt/ros/jazzy/opt/gz_utils_vendor/lib:/opt/ros/jazzy/opt/gz_tools_vendor/lib:/opt/ros/jazzy/opt/gz_ogre_next_vendor/lib:/opt/ros/jazzy/opt/gz_dartsim_vendor/lib:/opt/ros/jazzy/opt/gz_cmake_vendor/lib:/opt/ros/jazzy/lib', 'HOME': '/home/kiki', 'CHROME_DESKTOP': 'code.desktop', 'OLDPWD': '/home/kiki/sentinel_ws/src', 'TERM_PROGRAM_VERSION': '1.107.1', 'DESKTOP_SESSION': 'ubuntu', 'ROS_PYTHON_VERSION': '3', 'GNOME_SHELL_SESSION_MODE': 'ubuntu', 'GTK_MODULES': 'gail:atk-bridge', 'XDG_SEAT_PATH': '/org/freedesktop/DisplayManager/Seat0', 'VSCODE_GIT_ASKPASS_MAIN': '/usr/share/code/resources/app/extensions/git/dist/askpass-main.js', 'VSCODE_GIT_ASKPASS_NODE': '/usr/share/code/code', 'SYSTEMD_EXEC_PID': '2376', 'VSCODE_PYTHON_AUTOACTIVATE_GUARD': '1', 'GSM_SKIP_SSH_AGENT_WORKAROUND': 'true', 'DBUS_SESSION_BUS_ADDRESS': 'unix:path=/run/user/1000/bus', 'COLORTERM': 'truecolor', 'DEBUGINFOD_URLS': 'https://debuginfod.ubuntu.com', 'ROS_DISTRO': 'jazzy', 'LOGNAME': 'kiki', '_': '/usr/bin/colcon', 'ROS_VERSION': '2', 'MEMORY_PRESSURE_WATCH': '/sys/fs/cgroup/user.slice/user-1000.slice/user@1000.service/session.slice/org.gnome.Shell@x11.service/memory.pressure', 'CLAUDE_CODE_SSE_PORT': '22714', 'XDG_SESSION_CLASS': 'user', 'TERM': 'xterm-256color', 'GNOME_DESKTOP_SESSION_ID': 'this-is-deprecated', 'FC_FONTATIONS': '1', 'PATH': '/home/kiki/.config/Code/User/globalStorage/github.copilot-chat/debugCommand:/home/kiki/.config/Code/User/globalStorage/github.copilot-chat/copilotCli:/opt/ros/jazzy/opt/gz_msgs_vendor/bin:/opt/ros/jazzy/opt/gz_tools_vendor/bin:/opt/ros/jazzy/opt/gz_ogre_next_vendor/bin:/opt/ros/jazzy/bin:/home/kiki/.local/bin:/usr/local/sbin:/usr/local/bin:/usr/sbin:/usr/bin:/sbin:/bin:/usr/games:/usr/local/games:/snap/bin', 'SESSION_MANAGER': 'local/kiki-Legion-5-15IRX10:@/tmp/.ICE-unix/2316,unix/kiki-Legion-5-15IRX10:/tmp/.ICE-unix/2316', 'GDM_LANG': 'en_US', 'XDG_SESSION_PATH': '/org/freedesktop/DisplayManager/Session0', 'XDG_MENU_PREFIX': 'gnome-', 'GNOME_TERMINAL_SCREEN': '/org/gnome/Terminal/screen/baeb7fd1_d83d_4b74_a636_0cdf0e2ee410', 'XDG_RUNTIME_DIR': '/run/user/1000', 'GDK_BACKEND': 'x11', 'DISPLAY': ':0', 'LANG': 'en_US.UTF-8', 'XDG_CURRENT_DESKTOP': 'ubuntu:GNOME', 'XMODIFIERS': '@im=ibus', 'XDG_SESSION_DESKTOP': 'ubuntu', 'XAUTHORITY': '/home/kiki/.Xauthority', 'LS_COLORS': 'rs=0:di=01;34:ln=01;36:mh=00:pi=40;33:so=01;35:do=01;35:bd=40;33;01:cd=40;33;01:or=40;31;01:mi=00:su=37;41:sg=30;43:ca=00:tw=30;42:ow=34;42:st=37;44:ex=01;32:*.tar=01;31:*.tgz=01;31:*.arc=01;31:*.arj=01;31:*.taz=01;31:*.lha=01;31:*.lz4=01;31:*.lzh=01;31:*.lzma=01;31:*.tlz=01;31:*.txz=01;31:*.tzo=01;31:*.t7z=01;31:*.zip=01;31:*.z=01;31:*.dz=01;31:*.gz=01;31:*.lrz=01;31:*.lz=01;31:*.lzo=01;31:*.xz=01;31:*.zst=01;31:*.tzst=01;31:*.bz2=01;31:*.bz=01;31:*.tbz=01;31:*.tbz2=01;31:*.tz=01;31:*.deb=01;31:*.rpm=01;31:*.jar=01;31:*.war=01;31:*.ear=01;31:*.sar=01;31:*.rar=01;31:*.alz=01;31:*.ace=01;31:*.zoo=01;31:*.cpio=01;31:*.7z=01;31:*.rz=01;31:*.cab=01;31:*.wim=01;31:*.swm=01;31:*.dwm=01;31:*.esd=01;31:*.avif=01;35:*.jpg=01;35:*.jpeg=01;35:*.mjpg=01;35:*.mjpeg=01;35:*.gif=01;35:*.bmp=01;35:*.pbm=01;35:*.pgm=01;35:*.ppm=01;35:*.tga=01;35:*.xbm=01;35:*.xpm=01;35:*.tif=01;35:*.tiff=01;35:*.png=01;35:*.svg=01;35:*.svgz=01;35:*.mng=01;35:*.pcx=01;35:*.mov=01;35:*.mpg=01;35:*.mpeg=01;35:*.m2v=01;35:*.mkv=01;35:*.webm=01;35:*.webp=01;35:*.ogm=01;35:*.mp4=01;35:*.m4v=01;35:*.mp4v=01;35:*.vob=01;35:*.qt=01;35:*.nuv=01;35:*.wmv=01;35:*.asf=01;35:*.rm=01;35:*.rmvb=01;35:*.flc=01;35:*.avi=01;35:*.fli=01;35:*.flv=01;35:*.gl=01;35:*.dl=01;35:*.xcf=01;35:*.xwd=01;35:*.yuv=01;35:*.cgm=01;35:*.emf=01;35:*.ogv=01;35:*.ogx=01;35:*.aac=00;36:*.au=00;36:*.flac=00;36:*.m4a=00;36:*.mid=00;36:*.midi=00;36:*.mka=00;36:*.mp3=00;36:*.mpc=00;36:*.ogg=00;36:*.ra=00;36:*.wav=00;36:*.oga=00;36:*.opus=00;36:*.spx=00;36:*.xspf=00;36:*~=00;90:*#=00;90:*.bak=00;90:*.crdownload=00;90:*.dpkg-dist=00;90:*.dpkg-new=00;90:*.dpkg-old=00;90:*.dpkg-tmp=00;90:*.old=00;90:*.orig=00;90:*.part=00;90:*.rej=00;90:*.rpmnew=00;90:*.rpmorig=00;90:*.rpmsave=00;90:*.swp=00;90:*.tmp=00;90:*.ucf-dist=00;90:*.ucf-new=00;90:*.ucf-old=00;90:', 'VSCODE_GIT_IPC_HANDLE': '/run/user/1000/vscode-git-dce2dde1a1.sock', 'GNOME_TERMINAL_SERVICE': ':1.121', 'TERM_PROGRAM': 'vscode', 'SSH_AUTH_SOCK': '/run/user/1000/keyring/ssh', 'ROS_DOMAIN_ID': '7', 'XDG_GREETER_DATA_DIR': '/var/lib/lightdm-data/kiki', 'AMENT_PREFIX_PATH': '/opt/ros/jazzy', 'SHELL': '/bin/bash', 'QT_ACCESSIBILITY': '1', 'GDMSESSION': 'ubuntu', 'LESSCLOSE': '/usr/bin/lesspipe %s %s', 'GPG_AGENT_INFO': '/run/user/1000/gnupg/S.gpg-agent:0:1', 'ROS_AUTOMATIC_DISCOVERY_RANGE': 'SUBNET', 'VSCODE_GIT_ASKPASS_EXTRA_ARGS': '', 'QT_IM_MODULE': 'ibus', 'PWD': '/home/kiki/sentinel_ws/build/sentinel_publisher', 'LC_ALL': 'en_US.UTF-8', 'XDG_CONFIG_DIRS': '/etc/xdg/xdg-ubuntu:/etc/xdg', 'XDG_DATA_DIRS': '/usr/share/ubuntu:/usr/share/gnome:/usr/local/share:/usr/share:/var/lib/snapd/desktop', 'PYTHONPATH': '/opt/ros/jazzy/lib/python3.12/site-packages', 'COLCON': '1', 'MEMORY_PRESSURE_WRITE': 'c29tZSAyMDAwMDAgMjAwMDAwMAA=', 'VTE_VERSION': '7600', 'CMAKE_PREFIX_PATH': '/opt/ros/jazzy/opt/gz_sim_vendor:/opt/ros/jazzy/opt/gz_sensors_vendor:/opt/ros/jazzy/opt/gz_physics_vendor:/opt/ros/jazzy/opt/sdformat_vendor:/opt/ros/jazzy/opt/gz_gui_vendor:/opt/ros/jazzy/opt/gz_transport_vendor:/opt/ros/jazzy/opt/gz_rendering_vendor:/opt/ros/jazzy/opt/gz_plugin_vendor:/opt/ros/jazzy/opt/gz_fuel_tools_vendor:/opt/ros/jazzy/opt/gz_msgs_vendor:/opt/ros/jazzy/opt/gz_common_vendor:/opt/ros/jazzy/opt/gz_math_vendor:/opt/ros/jazzy/opt/gz_utils_vendor:/opt/ros/jazzy/opt/gz_tools_vendor:/opt/ros/jazzy/opt/gz_ogre_next_vendor:/opt/ros/jazzy/opt/gz_dartsim_vendor:/opt/ros/jazzy/opt/gz_cmake_vendor:/opt/ros/jazzy'}), 'shell': False}
[6.310821] (sentinel_publisher) StdoutLine: {'line': b'-- Install configuration: ""\n'}
[6.311047] (sentinel_publisher) StdoutLine: {'line': b'-- Execute custom install script\n'}
[6.311507] (sentinel_publisher) StdoutLine: {'line': b'-- Symlinking: /home/kiki/sentinel_ws/install/sentinel_publisher/lib/sentinel_publisher/twist_to_stamped\n'}
[6.312153] (-) TimerEvent: {}
[6.321719] (sentinel_publisher) StdoutLine: {'line': b'-- Symlinking: /home/kiki/sentinel_ws/install/sentinel_publisher/share/sentinel_publisher/description/imu.xacro\n'}
[6.328674] (sentinel_publisher) StdoutLine: {'line': b'-- Symlinking: /home/kiki/sentinel_ws/install/sentinel_publisher/share/sentinel_publisher/description/inertial_macros.xacro\n'}
[6.337946] (sentinel_publisher) StdoutLine: {'line': b'-- Symlinking: /home/kiki/sentinel_ws/install/sentinel_publisher/share/sentinel_publisher/description/lidar.xacro\n'}
[6.344132] (sentinel_publisher) StdoutLine: {'line': b'-- Symlinking: /home/kiki/sentinel_ws/install/sentinel_publisher/share/sentinel_publisher/description/robot.urdf.xacro\n'}
[6.353129] (sentinel_publisher) StdoutLine: {'line': b'-- Symlinking: /home/kiki/sentinel_ws/install/sentinel_publisher/share/sentinel_publisher/description/robot_core.xacro\n'}
[6.361435] (sentinel_publisher) StdoutLine: {'line': b'-- Symlinking: /home/kiki/sentinel_ws/install/sentinel_publisher/share/sentinel_publisher/description/ros2_control.xacro\n'}
[6.368006] (sentinel_publisher) StdoutLine: {'line': b'-- Symlinking: /home/kiki/sentinel_ws/install/sentinel_publisher/share/sentinel_publisher/meshes/back_caster.stl\n'}
[6.377081] (sentinel_publisher) StdoutLine: {'line': b'-- Symlinking: /home/kiki/sentinel_ws/install/sentinel_publisher/share/sentinel_publisher/meshes/base.stl\n'}
[6.383487] (sentinel_publisher) StdoutLine: {'line': b'-- Symlinking: /home/kiki/sentinel_ws/install/sentinel_publisher/share/sentinel_publisher/meshes/body_case.stl\n'}
[6.392154] (sentinel_publisher) StdoutLine: {'line': b'-- Symlinking: /home/kiki/sentinel_ws/install/sentinel_publisher/share/sentinel_publisher/meshes/front_caster.stl\n'}
[6.400428] (sentinel_publisher) StdoutLine: {'line': b'-- Symlinking: /home/kiki/sentinel_ws/install/sentinel_publisher/share/sentinel_publisher/meshes/left_wheel.stl\n'}
[6.409740] (sentinel_publisher) StdoutLine: {'line': b'-- Symlinking: /home/kiki/sentinel_ws/install/sentinel_publisher/share/sentinel_publisher/meshes/right_wheel.stl\n'}
[6.412315] (-) TimerEvent: {}
[6.418643] (sentinel_publisher) StdoutLine: {'line': b'-- Symlinking: /home/kiki/sentinel_ws/install/sentinel_publisher/share/sentinel_publisher/meshes/rplidar.stl\n'}
[6.429528] (sentinel_publisher) StdoutLine: {'line': b'-- Symlinking: /home/kiki/sentinel_ws/install/sentinel_publisher/share/sentinel_publisher/launch/launch_sim.launch.py\n'}
[6.439047] (sentinel_publisher) StdoutLine: {'line': b'-- Symlinking: /home/kiki/sentinel_ws/install/sentinel_publisher/share/sentinel_publisher/config/bridge_gazebo.yaml\n'}
[6.449750] (sentinel_publisher) StdoutLine: {'line': b'-- Symlinking: /home/kiki/sentinel_ws/install/sentinel_publisher/share/sentinel_publisher/config/laser_filter.yaml\n'}
[6.460691] (sentinel_publisher) StdoutLine: {'line': b'-- Symlinking: /home/kiki/sentinel_ws/install/sentinel_publisher/share/sentinel_publisher/config/my_controllers.yaml\n'}
[6.467824] (sentinel_publisher) StdoutLine: {'line': b'-- Symlinking: /home/kiki/sentinel_ws/install/sentinel_publisher/share/sentinel_publisher/worlds/industrial-warehouse.sdf\n'}
[6.478469] (sentinel_publisher) StdoutLine: {'line': b'-- Symlinking: /home/kiki/sentinel_ws/install/sentinel_publisher/share/ament_index/resource_index/package_run_dependencies/sentinel_publisher\n'}
[6.486063] (sentinel_publisher) StdoutLine: {'line': b'-- Symlinking: /home/kiki/sentinel_ws/install/sentinel_publisher/share/ament_index/resource_index/parent_prefix_path/sentinel_publisher\n'}
[6.496364] (sentinel_publisher) StdoutLine: {'line': b'-- Symlinking: /home/kiki/sentinel_ws/install/sentinel_publisher/share/sentinel_publisher/environment/ament_prefix_path.sh\n'}
[6.501588] (diffdrive_arduino) StderrLine: {'line': b'\x1b[01m\x1b[K/home/kiki/sentinel_ws/src/diffdrive_arduino/src/fake_robot.cpp:\x1b[m\x1b[K In member function \xe2\x80\x98\x1b[01m\x1b[Kvirtual hardware_interface::CallbackReturn FakeRobot::\x1b[01;32m\x1b[Kon_init\x1b[m\x1b[K(const hardware_interface::HardwareInfo&)\x1b[m\x1b[K\xe2\x80\x99:\n'}
[6.501834] (diffdrive_arduino) StderrLine: {'line': b'\x1b[01m\x1b[K/home/kiki/sentinel_ws/src/diffdrive_arduino/src/fake_robot.cpp:10:51:\x1b[m\x1b[K \x1b[01;35m\x1b[Kwarning: \x1b[m\x1b[K\xe2\x80\x98\x1b[01m\x1b[Kvirtual rclcpp_lifecycle::node_interfaces::LifecycleNodeInterface::CallbackReturn hardware_interface::HardwareComponentInterface::\x1b[01;32m\x1b[Kon_init\x1b[m\x1b[K(const hardware_interface::HardwareInfo&)\x1b[m\x1b[K\xe2\x80\x99 is deprecated: Use on_init(const HardwareComponentInterfaceParams & params) instead. [\x1b[01;35m\x1b[K\x1b]8;;https://gcc.gnu.org/onlinedocs/gcc/Warning-Options.html#index-Wdeprecated-declarations\x07-Wdeprecated-declarations\x1b]8;;\x07\x1b[m\x1b[K]\n'}
[6.501927] (diffdrive_arduino) StderrLine: {'line': b'   10 |   if (\x1b[01;35m\x1b[Khardware_interface::SystemInterface::on_init(info)\x1b[m\x1b[K != CallbackReturn::SUCCESS) {\n'}
[6.501993] (diffdrive_arduino) StderrLine: {'line': b'      |       \x1b[01;35m\x1b[K~~~~~~~~~~~~~~~~~~~~~~~~~~~~~~~~~~~~~~~~~~~~^~~~~~\x1b[m\x1b[K\n'}
[6.502056] (diffdrive_arduino) StderrLine: {'line': b'In file included from \x1b[01m\x1b[K/opt/ros/jazzy/include/hardware_interface/hardware_interface/system_interface.hpp:18\x1b[m\x1b[K,\n'}
[6.502119] (diffdrive_arduino) StderrLine: {'line': b'                 from \x1b[01m\x1b[K/home/kiki/sentinel_ws/src/diffdrive_arduino/include/diffdrive_arduino/fake_robot.h:7\x1b[m\x1b[K,\n'}
[6.502180] (diffdrive_arduino) StderrLine: {'line': b'                 from \x1b[01m\x1b[K/home/kiki/sentinel_ws/src/diffdrive_arduino/src/fake_robot.cpp:1\x1b[m\x1b[K:\n'}
[6.502260] (diffdrive_arduino) StderrLine: {'line': b'\x1b[01m\x1b[K/opt/ros/jazzy/include/hardware_interface/hardware_interface/hardware_component_interface.hpp:235:26:\x1b[m\x1b[K \x1b[01;36m\x1b[Knote: \x1b[m\x1b[Kdeclared here\n'}
[6.502324] (diffdrive_arduino) StderrLine: {'line': b'  235 |   virtual CallbackReturn \x1b[01;36m\x1b[Kon_init\x1b[m\x1b[K(const HardwareInfo & hardware_info)\n'}
[6.502384] (diffdrive_arduino) StderrLine: {'line': b'      |                          \x1b[01;36m\x1b[K^~~~~~~\x1b[m\x1b[K\n'}
[6.504943] (sentinel_publisher) StdoutLine: {'line': b'-- Symlinking: /home/kiki/sentinel_ws/install/sentinel_publisher/share/sentinel_publisher/environment/ament_prefix_path.dsv\n'}
[6.511886] (sentinel_publisher) StdoutLine: {'line': b'-- Symlinking: /home/kiki/sentinel_ws/install/sentinel_publisher/share/sentinel_publisher/environment/path.sh\n'}
[6.512381] (-) TimerEvent: {}
[6.519068] (sentinel_publisher) StdoutLine: {'line': b'-- Symlinking: /home/kiki/sentinel_ws/install/sentinel_publisher/share/sentinel_publisher/environment/path.dsv\n'}
[6.530657] (sentinel_publisher) StdoutLine: {'line': b'-- Symlinking: /home/kiki/sentinel_ws/install/sentinel_publisher/share/sentinel_publisher/local_setup.bash\n'}
[6.540999] (sentinel_publisher) StdoutLine: {'line': b'-- Symlinking: /home/kiki/sentinel_ws/install/sentinel_publisher/share/sentinel_publisher/local_setup.sh\n'}
[6.547526] (sentinel_publisher) StdoutLine: {'line': b'-- Symlinking: /home/kiki/sentinel_ws/install/sentinel_publisher/share/sentinel_publisher/local_setup.zsh\n'}
[6.553683] (sentinel_publisher) StdoutLine: {'line': b'-- Symlinking: /home/kiki/sentinel_ws/install/sentinel_publisher/share/sentinel_publisher/local_setup.dsv\n'}
[6.560180] (sentinel_publisher) StdoutLine: {'line': b'-- Symlinking: /home/kiki/sentinel_ws/install/sentinel_publisher/share/sentinel_publisher/package.dsv\n'}
[6.568379] (sentinel_publisher) StdoutLine: {'line': b'-- Symlinking: /home/kiki/sentinel_ws/install/sentinel_publisher/share/ament_index/resource_index/packages/sentinel_publisher\n'}
[6.574711] (sentinel_publisher) StdoutLine: {'line': b'-- Symlinking: /home/kiki/sentinel_ws/install/sentinel_publisher/share/sentinel_publisher/cmake/sentinel_publisherConfig.cmake\n'}
[6.580944] (sentinel_publisher) StdoutLine: {'line': b'-- Symlinking: /home/kiki/sentinel_ws/install/sentinel_publisher/share/sentinel_publisher/cmake/sentinel_publisherConfig-version.cmake\n'}
[6.581821] (diffdrive_arduino) StderrLine: {'line': b'\x1b[01m\x1b[K/home/kiki/sentinel_ws/src/diffdrive_arduino/src/diffdrive_arduino.cpp:\x1b[m\x1b[K In member function \xe2\x80\x98\x1b[01m\x1b[Kvirtual hardware_interface::CallbackReturn DiffDriveArduino::\x1b[01;32m\x1b[Kon_init\x1b[m\x1b[K(const hardware_interface::HardwareInfo&)\x1b[m\x1b[K\xe2\x80\x99:\n'}
[6.582000] (diffdrive_arduino) StderrLine: {'line': b'\x1b[01m\x1b[K/home/kiki/sentinel_ws/src/diffdrive_arduino/src/diffdrive_arduino.cpp:10:51:\x1b[m\x1b[K \x1b[01;35m\x1b[Kwarning: \x1b[m\x1b[K\xe2\x80\x98\x1b[01m\x1b[Kvirtual rclcpp_lifecycle::node_interfaces::LifecycleNodeInterface::CallbackReturn hardware_interface::HardwareComponentInterface::\x1b[01;32m\x1b[Kon_init\x1b[m\x1b[K(const hardware_interface::HardwareInfo&)\x1b[m\x1b[K\xe2\x80\x99 is deprecated: Use on_init(const HardwareComponentInterfaceParams & params) instead. [\x1b[01;35m\x1b[K\x1b]8;;https://gcc.gnu.org/onlinedocs/gcc/Warning-Options.html#index-Wdeprecated-declarations\x07-Wdeprecated-declarations\x1b]8;;\x07\x1b[m\x1b[K]\n'}
[6.582073] (diffdrive_arduino) StderrLine: {'line': b'   10 |   if (\x1b[01;35m\x1b[Khardware_interface::SystemInterface::on_init(info)\x1b[m\x1b[K != CallbackReturn::SUCCESS) {\n'}
[6.582138] (diffdrive_arduino) StderrLine: {'line': b'      |       \x1b[01;35m\x1b[K~~~~~~~~~~~~~~~~~~~~~~~~~~~~~~~~~~~~~~~~~~~~^~~~~~\x1b[m\x1b[K\n'}
[6.582206] (diffdrive_arduino) StderrLine: {'line': b'In file included from \x1b[01m\x1b[K/opt/ros/jazzy/include/hardware_interface/hardware_interface/system_interface.hpp:18\x1b[m\x1b[K,\n'}
[6.582273] (diffdrive_arduino) StderrLine: {'line': b'                 from \x1b[01m\x1b[K/home/kiki/sentinel_ws/src/diffdrive_arduino/include/diffdrive_arduino/diffdrive_arduino.h:8\x1b[m\x1b[K,\n'}
[6.582335] (diffdrive_arduino) StderrLine: {'line': b'                 from \x1b[01m\x1b[K/home/kiki/sentinel_ws/src/diffdrive_arduino/src/diffdrive_arduino.cpp:1\x1b[m\x1b[K:\n'}
[6.582395] (diffdrive_arduino) StderrLine: {'line': b'\x1b[01m\x1b[K/opt/ros/jazzy/include/hardware_interface/hardware_interface/hardware_component_interface.hpp:235:26:\x1b[m\x1b[K \x1b[01;36m\x1b[Knote: \x1b[m\x1b[Kdeclared here\n'}
[6.582455] (diffdrive_arduino) StderrLine: {'line': b'  235 |   virtual CallbackReturn \x1b[01;36m\x1b[Kon_init\x1b[m\x1b[K(const HardwareInfo & hardware_info)\n'}
[6.582516] (diffdrive_arduino) StderrLine: {'line': b'      |                          \x1b[01;36m\x1b[K^~~~~~~\x1b[m\x1b[K\n'}
[6.589803] (sentinel_publisher) StdoutLine: {'line': b'-- Symlinking: /home/kiki/sentinel_ws/install/sentinel_publisher/share/sentinel_publisher/package.xml\n'}
[6.596954] (sentinel_publisher) CommandEnded: {'returncode': 0}
[6.604344] (sentinel_publisher) JobEnded: {'identifier': 'sentinel_publisher', 'rc': 0}
[6.612471] (-) TimerEvent: {}
[6.712725] (-) TimerEvent: {}
[6.812938] (-) TimerEvent: {}
[6.913150] (-) TimerEvent: {}
[7.013428] (-) TimerEvent: {}
[7.113665] (-) TimerEvent: {}
[7.213903] (-) TimerEvent: {}
[7.314138] (-) TimerEvent: {}
[7.414359] (-) TimerEvent: {}
[7.514585] (-) TimerEvent: {}
[7.614778] (-) TimerEvent: {}
[7.715002] (-) TimerEvent: {}
[7.815207] (-) TimerEvent: {}
[7.915431] (-) TimerEvent: {}
[7.985302] (diffdrive_arduino) StdoutLine: {'line': b'[ 85%] \x1b[32m\x1b[1mLinking CXX shared library libfake_robot.so\x1b[0m\n'}
[8.015547] (-) TimerEvent: {}
[8.101471] (diffdrive_arduino) StdoutLine: {'line': b'[100%] \x1b[32m\x1b[1mLinking CXX shared library libdiffdrive_arduino.so\x1b[0m\n'}
[8.115640] (-) TimerEvent: {}
[8.166025] (diffdrive_arduino) StdoutLine: {'line': b'[100%] Built target fake_robot\n'}
[8.215736] (-) TimerEvent: {}
[8.263840] (diffdrive_arduino) StdoutLine: {'line': b'[100%] Built target diffdrive_arduino\n'}
[8.273745] (diffdrive_arduino) CommandEnded: {'returncode': 0}
[8.274112] (diffdrive_arduino) JobProgress: {'identifier': 'diffdrive_arduino', 'progress': 'install'}
[8.274222] (diffdrive_arduino) Command: {'cmd': ['/usr/bin/cmake', '--install', '/home/kiki/sentinel_ws/build/diffdrive_arduino'], 'cwd': '/home/kiki/sentinel_ws/build/diffdrive_arduino', 'env': OrderedDict({'LESSOPEN': '| /usr/bin/lesspipe %s', 'GZ_SIM_RESOURCE_PATH': '/opt/ros/jazzy/share', 'LANGUAGE': 'en_US', 'USER': 'kiki', 'GZ_CONFIG_PATH': '/opt/ros/jazzy/opt/gz_sim_vendor/share/gz:/opt/ros/jazzy/opt/sdformat_vendor/share/gz:/opt/ros/jazzy/opt/gz_gui_vendor/share/gz:/opt/ros/jazzy/opt/gz_transport_vendor/share/gz:/opt/ros/jazzy/opt/gz_rendering_vendor/share/gz:/opt/ros/jazzy/opt/gz_plugin_vendor/share/gz:/opt/ros/jazzy/opt/gz_fuel_tools_vendor/share/gz:/opt/ros/jazzy/opt/gz_msgs_vendor/share/gz:/opt/ros/jazzy/opt/gz_common_vendor/share/gz', 'XDG_SESSION_TYPE': 'x11', 'GIT_ASKPASS': '/usr/share/code/resources/app/extensions/git/dist/askpass.sh', 'CLUTTER_DISABLE_MIPMAPPED_TEXT': '1', 'SHLVL': '2', 'LD_LIBRARY_PATH': '/home/kiki/sentinel_ws/install/serial/lib:/opt/ros/jazzy/opt/gz_sim_vendor/lib:/opt/ros/jazzy/opt/gz_sensors_vendor/lib:/opt/ros/jazzy/opt/gz_physics_vendor/lib:/opt/ros/jazzy/opt/sdformat_vendor/lib:/opt/ros/jazzy/opt/rviz_ogre_vendor/lib:/opt/ros/jazzy/lib/x86_64-linux-gnu:/opt/ros/jazzy/opt/gz_gui_vendor/lib:/opt/ros/jazzy/opt/gz_transport_vendor/lib:/opt/ros/jazzy/opt/gz_rendering_vendor/lib:/opt/ros/jazzy/opt/gz_plugin_vendor/lib:/opt/ros/jazzy/opt/gz_fuel_tools_vendor/lib:/opt/ros/jazzy/opt/gz_msgs_vendor/lib:/opt/ros/jazzy/opt/gz_common_vendor/lib:/opt/ros/jazzy/opt/gz_math_vendor/lib:/opt/ros/jazzy/opt/gz_utils_vendor/lib:/opt/ros/jazzy/opt/gz_tools_vendor/lib:/opt/ros/jazzy/opt/gz_ogre_next_vendor/lib:/opt/ros/jazzy/opt/gz_dartsim_vendor/lib:/opt/ros/jazzy/opt/gz_cmake_vendor/lib:/opt/ros/jazzy/lib', 'HOME': '/home/kiki', 'CHROME_DESKTOP': 'code.desktop', 'OLDPWD': '/home/kiki/sentinel_ws/src', 'TERM_PROGRAM_VERSION': '1.107.1', 'DESKTOP_SESSION': 'ubuntu', 'ROS_PYTHON_VERSION': '3', 'GNOME_SHELL_SESSION_MODE': 'ubuntu', 'GTK_MODULES': 'gail:atk-bridge', 'XDG_SEAT_PATH': '/org/freedesktop/DisplayManager/Seat0', 'VSCODE_GIT_ASKPASS_MAIN': '/usr/share/code/resources/app/extensions/git/dist/askpass-main.js', 'VSCODE_GIT_ASKPASS_NODE': '/usr/share/code/code', 'SYSTEMD_EXEC_PID': '2376', 'VSCODE_PYTHON_AUTOACTIVATE_GUARD': '1', 'GSM_SKIP_SSH_AGENT_WORKAROUND': 'true', 'DBUS_SESSION_BUS_ADDRESS': 'unix:path=/run/user/1000/bus', 'COLORTERM': 'truecolor', 'DEBUGINFOD_URLS': 'https://debuginfod.ubuntu.com', 'ROS_DISTRO': 'jazzy', 'LOGNAME': 'kiki', '_': '/usr/bin/colcon', 'ROS_VERSION': '2', 'MEMORY_PRESSURE_WATCH': '/sys/fs/cgroup/user.slice/user-1000.slice/user@1000.service/session.slice/org.gnome.Shell@x11.service/memory.pressure', 'CLAUDE_CODE_SSE_PORT': '22714', 'XDG_SESSION_CLASS': 'user', 'TERM': 'xterm-256color', 'GNOME_DESKTOP_SESSION_ID': 'this-is-deprecated', 'FC_FONTATIONS': '1', 'PATH': '/home/kiki/.config/Code/User/globalStorage/github.copilot-chat/debugCommand:/home/kiki/.config/Code/User/globalStorage/github.copilot-chat/copilotCli:/opt/ros/jazzy/opt/gz_msgs_vendor/bin:/opt/ros/jazzy/opt/gz_tools_vendor/bin:/opt/ros/jazzy/opt/gz_ogre_next_vendor/bin:/opt/ros/jazzy/bin:/home/kiki/.local/bin:/usr/local/sbin:/usr/local/bin:/usr/sbin:/usr/bin:/sbin:/bin:/usr/games:/usr/local/games:/snap/bin', 'SESSION_MANAGER': 'local/kiki-Legion-5-15IRX10:@/tmp/.ICE-unix/2316,unix/kiki-Legion-5-15IRX10:/tmp/.ICE-unix/2316', 'GDM_LANG': 'en_US', 'XDG_SESSION_PATH': '/org/freedesktop/DisplayManager/Session0', 'XDG_MENU_PREFIX': 'gnome-', 'GNOME_TERMINAL_SCREEN': '/org/gnome/Terminal/screen/baeb7fd1_d83d_4b74_a636_0cdf0e2ee410', 'XDG_RUNTIME_DIR': '/run/user/1000', 'GDK_BACKEND': 'x11', 'DISPLAY': ':0', 'LANG': 'en_US.UTF-8', 'XDG_CURRENT_DESKTOP': 'ubuntu:GNOME', 'XMODIFIERS': '@im=ibus', 'XDG_SESSION_DESKTOP': 'ubuntu', 'XAUTHORITY': '/home/kiki/.Xauthority', 'LS_COLORS': 'rs=0:di=01;34:ln=01;36:mh=00:pi=40;33:so=01;35:do=01;35:bd=40;33;01:cd=40;33;01:or=40;31;01:mi=00:su=37;41:sg=30;43:ca=00:tw=30;42:ow=34;42:st=37;44:ex=01;32:*.tar=01;31:*.tgz=01;31:*.arc=01;31:*.arj=01;31:*.taz=01;31:*.lha=01;31:*.lz4=01;31:*.lzh=01;31:*.lzma=01;31:*.tlz=01;31:*.txz=01;31:*.tzo=01;31:*.t7z=01;31:*.zip=01;31:*.z=01;31:*.dz=01;31:*.gz=01;31:*.lrz=01;31:*.lz=01;31:*.lzo=01;31:*.xz=01;31:*.zst=01;31:*.tzst=01;31:*.bz2=01;31:*.bz=01;31:*.tbz=01;31:*.tbz2=01;31:*.tz=01;31:*.deb=01;31:*.rpm=01;31:*.jar=01;31:*.war=01;31:*.ear=01;31:*.sar=01;31:*.rar=01;31:*.alz=01;31:*.ace=01;31:*.zoo=01;31:*.cpio=01;31:*.7z=01;31:*.rz=01;31:*.cab=01;31:*.wim=01;31:*.swm=01;31:*.dwm=01;31:*.esd=01;31:*.avif=01;35:*.jpg=01;35:*.jpeg=01;35:*.mjpg=01;35:*.mjpeg=01;35:*.gif=01;35:*.bmp=01;35:*.pbm=01;35:*.pgm=01;35:*.ppm=01;35:*.tga=01;35:*.xbm=01;35:*.xpm=01;35:*.tif=01;35:*.tiff=01;35:*.png=01;35:*.svg=01;35:*.svgz=01;35:*.mng=01;35:*.pcx=01;35:*.mov=01;35:*.mpg=01;35:*.mpeg=01;35:*.m2v=01;35:*.mkv=01;35:*.webm=01;35:*.webp=01;35:*.ogm=01;35:*.mp4=01;35:*.m4v=01;35:*.mp4v=01;35:*.vob=01;35:*.qt=01;35:*.nuv=01;35:*.wmv=01;35:*.asf=01;35:*.rm=01;35:*.rmvb=01;35:*.flc=01;35:*.avi=01;35:*.fli=01;35:*.flv=01;35:*.gl=01;35:*.dl=01;35:*.xcf=01;35:*.xwd=01;35:*.yuv=01;35:*.cgm=01;35:*.emf=01;35:*.ogv=01;35:*.ogx=01;35:*.aac=00;36:*.au=00;36:*.flac=00;36:*.m4a=00;36:*.mid=00;36:*.midi=00;36:*.mka=00;36:*.mp3=00;36:*.mpc=00;36:*.ogg=00;36:*.ra=00;36:*.wav=00;36:*.oga=00;36:*.opus=00;36:*.spx=00;36:*.xspf=00;36:*~=00;90:*#=00;90:*.bak=00;90:*.crdownload=00;90:*.dpkg-dist=00;90:*.dpkg-new=00;90:*.dpkg-old=00;90:*.dpkg-tmp=00;90:*.old=00;90:*.orig=00;90:*.part=00;90:*.rej=00;90:*.rpmnew=00;90:*.rpmorig=00;90:*.rpmsave=00;90:*.swp=00;90:*.tmp=00;90:*.ucf-dist=00;90:*.ucf-new=00;90:*.ucf-old=00;90:', 'VSCODE_GIT_IPC_HANDLE': '/run/user/1000/vscode-git-dce2dde1a1.sock', 'GNOME_TERMINAL_SERVICE': ':1.121', 'TERM_PROGRAM': 'vscode', 'SSH_AUTH_SOCK': '/run/user/1000/keyring/ssh', 'ROS_DOMAIN_ID': '7', 'XDG_GREETER_DATA_DIR': '/var/lib/lightdm-data/kiki', 'AMENT_PREFIX_PATH': '/home/kiki/sentinel_ws/install/serial:/opt/ros/jazzy', 'SHELL': '/bin/bash', 'QT_ACCESSIBILITY': '1', 'GDMSESSION': 'ubuntu', 'LESSCLOSE': '/usr/bin/lesspipe %s %s', 'GPG_AGENT_INFO': '/run/user/1000/gnupg/S.gpg-agent:0:1', 'ROS_AUTOMATIC_DISCOVERY_RANGE': 'SUBNET', 'VSCODE_GIT_ASKPASS_EXTRA_ARGS': '', 'QT_IM_MODULE': 'ibus', 'PWD': '/home/kiki/sentinel_ws/build/diffdrive_arduino', 'LC_ALL': 'en_US.UTF-8', 'XDG_CONFIG_DIRS': '/etc/xdg/xdg-ubuntu:/etc/xdg', 'XDG_DATA_DIRS': '/usr/share/ubuntu:/usr/share/gnome:/usr/local/share:/usr/share:/var/lib/snapd/desktop', 'PYTHONPATH': '/opt/ros/jazzy/lib/python3.12/site-packages', 'COLCON': '1', 'MEMORY_PRESSURE_WRITE': 'c29tZSAyMDAwMDAgMjAwMDAwMAA=', 'VTE_VERSION': '7600', 'CMAKE_PREFIX_PATH': '/home/kiki/sentinel_ws/install/serial:/opt/ros/jazzy/opt/gz_sim_vendor:/opt/ros/jazzy/opt/gz_sensors_vendor:/opt/ros/jazzy/opt/gz_physics_vendor:/opt/ros/jazzy/opt/sdformat_vendor:/opt/ros/jazzy/opt/gz_gui_vendor:/opt/ros/jazzy/opt/gz_transport_vendor:/opt/ros/jazzy/opt/gz_rendering_vendor:/opt/ros/jazzy/opt/gz_plugin_vendor:/opt/ros/jazzy/opt/gz_fuel_tools_vendor:/opt/ros/jazzy/opt/gz_msgs_vendor:/opt/ros/jazzy/opt/gz_common_vendor:/opt/ros/jazzy/opt/gz_math_vendor:/opt/ros/jazzy/opt/gz_utils_vendor:/opt/ros/jazzy/opt/gz_tools_vendor:/opt/ros/jazzy/opt/gz_ogre_next_vendor:/opt/ros/jazzy/opt/gz_dartsim_vendor:/opt/ros/jazzy/opt/gz_cmake_vendor:/opt/ros/jazzy'}), 'shell': False}
[8.279425] (diffdrive_arduino) StdoutLine: {'line': b'-- Install configuration: ""\n'}
[8.279720] (diffdrive_arduino) StdoutLine: {'line': b'-- Execute custom install script\n'}
[8.279919] (diffdrive_arduino) StdoutLine: {'line': b'-- Symlinking: /home/kiki/sentinel_ws/install/diffdrive_arduino/share/diffdrive_arduino//robot_hardware.xml\n'}
[8.287052] (diffdrive_arduino) StdoutLine: {'line': b'-- Symlinking: /home/kiki/sentinel_ws/install/diffdrive_arduino/share/diffdrive_arduino//fake_robot_hardware.xml\n'}
[8.293289] (diffdrive_arduino) StdoutLine: {'line': b'-- Symlinking: /home/kiki/sentinel_ws/install/diffdrive_arduino/lib/libdiffdrive_arduino.so\n'}
[8.303217] (diffdrive_arduino) StdoutLine: {'line': b'-- Symlinking: /home/kiki/sentinel_ws/install/diffdrive_arduino/lib/libfake_robot.so\n'}
[8.309614] (diffdrive_arduino) StdoutLine: {'line': b'-- Symlinking: /home/kiki/sentinel_ws/install/diffdrive_arduino/share/diffdrive_arduino/controllers/robot_controller_example.yaml\n'}
[8.315872] (-) TimerEvent: {}
[8.317958] (diffdrive_arduino) StdoutLine: {'line': b'-- Symlinking: /home/kiki/sentinel_ws/install/diffdrive_arduino/share/diffdrive_arduino/fake_robot.launch.py\n'}
[8.324361] (diffdrive_arduino) StdoutLine: {'line': b'-- Symlinking: /home/kiki/sentinel_ws/install/diffdrive_arduino/share/diffdrive_arduino/test_robot.launch.py\n'}
[8.335555] (diffdrive_arduino) StdoutLine: {'line': b'-- Symlinking: /home/kiki/sentinel_ws/install/diffdrive_arduino/share/diffdrive_arduino/environment/library_path.sh\n'}
[8.342972] (diffdrive_arduino) StdoutLine: {'line': b'-- Symlinking: /home/kiki/sentinel_ws/install/diffdrive_arduino/share/diffdrive_arduino/environment/library_path.dsv\n'}
[8.351254] (diffdrive_arduino) StdoutLine: {'line': b'-- Symlinking: /home/kiki/sentinel_ws/install/diffdrive_arduino/share/ament_index/resource_index/package_run_dependencies/diffdrive_arduino\n'}
[8.359596] (diffdrive_arduino) StdoutLine: {'line': b'-- Symlinking: /home/kiki/sentinel_ws/install/diffdrive_arduino/share/ament_index/resource_index/parent_prefix_path/diffdrive_arduino\n'}
[8.368810] (diffdrive_arduino) StdoutLine: {'line': b'-- Symlinking: /home/kiki/sentinel_ws/install/diffdrive_arduino/share/diffdrive_arduino/environment/ament_prefix_path.sh\n'}
[8.377756] (diffdrive_arduino) StdoutLine: {'line': b'-- Symlinking: /home/kiki/sentinel_ws/install/diffdrive_arduino/share/diffdrive_arduino/environment/ament_prefix_path.dsv\n'}
[8.384403] (diffdrive_arduino) StdoutLine: {'line': b'-- Symlinking: /home/kiki/sentinel_ws/install/diffdrive_arduino/share/diffdrive_arduino/environment/path.sh\n'}
[8.390950] (diffdrive_arduino) StdoutLine: {'line': b'-- Symlinking: /home/kiki/sentinel_ws/install/diffdrive_arduino/share/diffdrive_arduino/environment/path.dsv\n'}
[8.399852] (diffdrive_arduino) StdoutLine: {'line': b'-- Symlinking: /home/kiki/sentinel_ws/install/diffdrive_arduino/share/diffdrive_arduino/local_setup.bash\n'}
[8.408500] (diffdrive_arduino) StdoutLine: {'line': b'-- Symlinking: /home/kiki/sentinel_ws/install/diffdrive_arduino/share/diffdrive_arduino/local_setup.sh\n'}
[8.414103] (diffdrive_arduino) StdoutLine: {'line': b'-- Symlinking: /home/kiki/sentinel_ws/install/diffdrive_arduino/share/diffdrive_arduino/local_setup.zsh\n'}
[8.415986] (-) TimerEvent: {}
[8.424496] (diffdrive_arduino) StdoutLine: {'line': b'-- Symlinking: /home/kiki/sentinel_ws/install/diffdrive_arduino/share/diffdrive_arduino/local_setup.dsv\n'}
[8.430172] (diffdrive_arduino) StdoutLine: {'line': b'-- Symlinking: /home/kiki/sentinel_ws/install/diffdrive_arduino/share/diffdrive_arduino/package.dsv\n'}
[8.439908] (diffdrive_arduino) StdoutLine: {'line': b'-- Symlinking: /home/kiki/sentinel_ws/install/diffdrive_arduino/share/ament_index/resource_index/packages/diffdrive_arduino\n'}
[8.445464] (diffdrive_arduino) StdoutLine: {'line': b'-- Symlinking: /home/kiki/sentinel_ws/install/diffdrive_arduino/share/ament_index/resource_index/hardware_interface__pluginlib__plugin/diffdrive_arduino\n'}
[8.451217] (diffdrive_arduino) StdoutLine: {'line': b'-- Symlinking: /home/kiki/sentinel_ws/install/diffdrive_arduino/share/diffdrive_arduino/cmake/ament_cmake_export_libraries-extras.cmake\n'}
[8.461390] (diffdrive_arduino) StdoutLine: {'line': b'-- Symlinking: /home/kiki/sentinel_ws/install/diffdrive_arduino/share/diffdrive_arduino/cmake/ament_cmake_export_dependencies-extras.cmake\n'}
[8.469518] (diffdrive_arduino) StdoutLine: {'line': b'-- Symlinking: /home/kiki/sentinel_ws/install/diffdrive_arduino/share/diffdrive_arduino/cmake/diffdrive_arduinoConfig.cmake\n'}
[8.476367] (diffdrive_arduino) StdoutLine: {'line': b'-- Symlinking: /home/kiki/sentinel_ws/install/diffdrive_arduino/share/diffdrive_arduino/cmake/diffdrive_arduinoConfig-version.cmake\n'}
[8.482858] (diffdrive_arduino) StdoutLine: {'line': b'-- Symlinking: /home/kiki/sentinel_ws/install/diffdrive_arduino/share/diffdrive_arduino/package.xml\n'}
[8.492506] (diffdrive_arduino) CommandEnded: {'returncode': 0}
[8.500254] (diffdrive_arduino) JobEnded: {'identifier': 'diffdrive_arduino', 'rc': 0}
[8.500676] (-) EventReactorShutdown: {}
